counterparty_id,date,sanctions_signal,media_signal,transaction_signal,kyc_signal,composite_risk_score,deterioration_pattern
CP-SYN-000,2025-05-16,0.0457,0.1862,0.0944,0.3702,0.1392,baseline
CP-SYN-000,2025-05-17,0.0462,0.0802,0.1166,0.2733,0.1028,baseline
CP-SYN-000,2025-05-18,0.0435,0.2093,0.1116,0.4164,0.1545,baseline
CP-SYN-000,2025-05-19,0.0697,0.2088,0.0631,0.1985,0.1225,baseline
CP-SYN-000,2025-05-20,0.0574,0.3049,0.1021,0.2894,0.163,baseline
CP-SYN-000,2025-05-21,0.066,0.0837,0.0844,0.349,0.1165,baseline
CP-SYN-000,2025-05-22,0.0762,0.1807,0.1188,0.3248,0.1482,baseline
CP-SYN-000,2025-05-23,0.0735,0.1109,0.1284,0.1485,0.1051,baseline
CP-SYN-000,2025-05-24,0.0,0.1514,0.0542,0.3876,0.1068,baseline
CP-SYN-000,2025-05-25,0.0699,0.1025,0.1424,0.1998,0.112,baseline
CP-SYN-000,2025-05-26,0.0474,0.1765,0.1057,0.3819,0.1415,baseline
CP-SYN-000,2025-05-27,0.0692,0.228,0.1325,0.3478,0.1633,baseline
CP-SYN-000,2025-05-28,0.0312,0.1426,0.0765,0.3499,0.1159,baseline
CP-SYN-000,2025-05-29,0.0425,0.3869,0.059,0.1901,0.154,baseline
CP-SYN-000,2025-05-30,0.0731,0.3137,0.1253,0.3836,0.1903,baseline
CP-SYN-000,2025-05-31,0.0928,0.1925,0.0289,0.2468,0.128,baseline
CP-SYN-000,2025-06-01,0.0786,0.0845,0.1017,0.3253,0.1217,baseline
CP-SYN-000,2025-06-02,0.0405,0.2579,0.129,0.5321,0.1863,baseline
CP-SYN-000,2025-06-03,0.0686,0.1512,0.0719,0.2168,0.1122,baseline
CP-SYN-000,2025-06-04,0.0786,0.1547,0.0965,0.3749,0.1456,baseline
CP-SYN-000,2025-06-05,0.0283,0.1765,0.0079,0.1918,0.0858,baseline
CP-SYN-000,2025-06-06,0.033,0.2333,0.1597,0.2982,0.1482,baseline
CP-SYN-000,2025-06-07,0.0578,0.2134,0.1542,0.3893,0.1657,baseline
CP-SYN-000,2025-06-08,0.0582,0.1191,0.1452,0.3381,0.1328,baseline
CP-SYN-000,2025-06-09,0.0868,0.1976,0.1977,0.2641,0.1633,baseline
CP-SYN-000,2025-06-10,0.0978,0.2092,0.0742,0.1872,0.1343,baseline
CP-SYN-000,2025-06-11,0.0455,0.3139,0.1408,0.3689,0.1802,baseline
CP-SYN-000,2025-06-12,0.0,0.2569,0.1278,0.245,0.1265,baseline
CP-SYN-000,2025-06-13,0.0312,0.1998,0.1862,0.1945,0.1288,baseline
CP-SYN-000,2025-06-14,0.0372,0.3089,0.0777,0.2636,0.1472,baseline
CP-SYN-000,2025-06-15,0.0529,0.1007,0.111,0.179,0.0954,baseline
CP-SYN-000,2025-06-16,0.0766,0.2003,0.2142,0.3281,0.1727,baseline
CP-SYN-000,2025-06-17,0.091,0.0957,0.0939,0.3323,0.1289,baseline
CP-SYN-000,2025-06-18,0.1024,0.0655,0.1495,0.3591,0.1411,baseline
CP-SYN-000,2025-06-19,0.096,0.257,0.1026,0.2478,0.1603,baseline
CP-SYN-000,2025-06-20,0.0126,0.2156,0.0904,0.502,0.1523,baseline
CP-SYN-000,2025-06-21,0.0317,0.2256,0.0215,0.2605,0.1125,baseline
CP-SYN-000,2025-06-22,0.0578,0.2659,0.1724,0.2956,0.1684,baseline
CP-SYN-000,2025-06-23,0.0165,0.2366,0.1258,0.3492,0.1433,baseline
CP-SYN-000,2025-06-24,0.029,0.2907,0.1044,0.37,0.1606,baseline
CP-SYN-000,2025-06-25,0.0882,0.2487,0.1143,0.5153,0.1976,baseline
CP-SYN-000,2025-06-26,0.0573,0.1763,0.1056,0.4483,0.1554,baseline
CP-SYN-000,2025-06-27,0.0536,0.2416,0.1598,0.2487,0.1511,baseline
CP-SYN-000,2025-06-28,0.0,0.224,0.1115,0.2392,0.1142,baseline
CP-SYN-000,2025-06-29,0.0761,0.2486,0.0503,0.3518,0.1554,baseline
CP-SYN-000,2025-06-30,0.0441,0.0814,0.1226,0.2955,0.1068,baseline
CP-SYN-000,2025-07-01,0.0276,0.2418,0.1244,0.2422,0.1327,baseline
CP-SYN-000,2025-07-02,0.062,0.2812,0.0644,0.3381,0.1587,baseline
CP-SYN-000,2025-07-03,0.0501,0.3813,0.0069,0.3695,0.1722,baseline
CP-SYN-000,2025-07-04,0.0408,0.192,0.1951,0.2991,0.1482,baseline
CP-SYN-000,2025-07-05,0.1172,0.1646,0.1175,0.2509,0.1492,baseline
CP-SYN-000,2025-07-06,0.0293,0.205,0.0859,0.3202,0.1282,baseline
CP-SYN-000,2025-07-07,0.0,0.3602,0.0917,0.4743,0.1795,baseline
CP-SYN-000,2025-07-08,0.0198,0.2234,0.2582,0.213,0.1474,baseline
CP-SYN-000,2025-07-09,0.0051,0.1563,0.1236,0.3693,0.1213,baseline
CP-SYN-000,2025-07-10,0.0887,0.1794,0.0199,0.2565,0.1228,baseline
CP-SYN-000,2025-07-11,0.0872,0.2373,0.0022,0.2965,0.1391,baseline
CP-SYN-000,2025-07-12,0.0919,0.3701,0.1281,0.3309,0.2046,baseline
CP-SYN-000,2025-07-13,0.0128,0.1325,0.1023,0.3503,0.1113,baseline
CP-SYN-000,2025-07-14,0.0674,0.1617,0.0424,0.2222,0.1092,baseline
CP-SYN-000,2025-07-15,0.0153,0.2515,0.0,0.2667,0.109,baseline
CP-SYN-000,2025-07-16,0.0635,0.3218,0.1036,0.4001,0.1866,baseline
CP-SYN-000,2025-07-17,0.038,0.1404,0.0663,0.4527,0.1315,baseline
CP-SYN-000,2025-07-18,0.0798,0.239,0.2665,0.2968,0.1895,baseline
CP-SYN-000,2025-07-19,0.0686,0.2246,0.0889,0.5316,0.1811,baseline
CP-SYN-000,2025-07-20,0.0952,0.088,0.08,0.3428,0.1275,baseline
CP-SYN-000,2025-07-21,0.0735,0.0921,0.0,0.1094,0.0688,baseline
CP-SYN-000,2025-07-22,0.0479,0.1917,0.1173,0.223,0.124,baseline
CP-SYN-000,2025-07-23,0.0133,0.0382,0.1165,0.337,0.0887,baseline
CP-SYN-000,2025-07-24,0.0798,0.2633,0.0905,0.4349,0.1811,baseline
CP-SYN-000,2025-07-25,0.0459,0.1471,0.074,0.2415,0.1062,baseline
CP-SYN-000,2025-07-26,0.0,0.2125,0.1125,0.2638,0.1152,baseline
CP-SYN-000,2025-07-27,0.0286,0.2297,0.1858,0.3038,0.1516,baseline
CP-SYN-000,2025-07-28,0.0348,0.1527,0.0965,0.1735,0.0974,baseline
CP-SYN-000,2025-07-29,0.0462,0.2049,0.1922,0.3943,0.1673,baseline
CP-SYN-000,2025-07-30,0.081,0.143,0.1335,0.1861,0.1228,baseline
CP-SYN-000,2025-07-31,0.0594,0.2335,0.0617,0.4999,0.1694,baseline
CP-SYN-000,2025-08-01,0.067,0.0478,0.1276,0.2593,0.1032,baseline
CP-SYN-000,2025-08-02,0.05,0.2373,0.1195,0.0961,0.1176,baseline
CP-SYN-000,2025-08-03,0.0153,0.2618,0.1651,0.4903,0.1781,baseline
CP-SYN-000,2025-08-04,0.1041,0.0356,0.1385,0.1084,0.0945,baseline
CP-SYN-000,2025-08-05,0.0984,0.2203,0.0429,0.501,0.1782,baseline
CP-SYN-000,2025-08-06,0.0693,0.0487,0.1147,0.2269,0.0969,baseline
CP-SYN-000,2025-08-07,0.0533,0.1628,0.1687,0.1577,0.1194,baseline
CP-SYN-000,2025-08-08,0.0595,0.3451,0.0587,0.3211,0.17,baseline
CP-SYN-000,2025-08-09,0.0561,0.1448,0.1324,0.3097,0.1316,baseline
CP-SYN-000,2025-08-10,0.0217,0.341,0.1396,0.2833,0.1643,baseline
CP-SYN-000,2025-08-11,0.0309,0.1373,0.1615,0.2854,0.1218,baseline
CP-SYN-000,2025-08-12,0.0638,0.1852,0.1308,0.2884,0.1412,baseline
CP-SYN-000,2025-08-13,0.0729,0.1853,0.1415,0.3672,0.1589,baseline
CP-SYN-000,2025-08-14,0.0465,0.1312,0.053,0.2259,0.0959,baseline
CP-SYN-000,2025-08-15,0.0205,0.2693,0.0977,0.457,0.1636,baseline
CP-SYN-000,2025-08-16,0.1184,0.2019,0.0226,0.2619,0.1416,baseline
CP-SYN-000,2025-08-17,0.0477,0.0809,0.0875,0.3287,0.1061,baseline
CP-SYN-000,2025-08-18,0.0362,0.1385,0.0621,0.4787,0.1333,baseline
CP-SYN-000,2025-08-19,0.0452,0.1336,0.0814,0.3954,0.1271,baseline
CP-SYN-000,2025-08-20,0.0295,0.2385,0.1364,0.3749,0.1549,baseline
CP-SYN-000,2025-08-21,0.092,0.156,0.1566,0.2207,0.1402,baseline
CP-SYN-000,2025-08-22,0.0381,0.2957,0.1411,0.3002,0.1624,baseline
CP-SYN-000,2025-08-23,0.0143,0.2449,0.0685,0.2076,0.1118,baseline
CP-SYN-000,2025-08-24,0.0306,0.2197,0.0,0.3361,0.1176,baseline
CP-SYN-000,2025-08-25,0.0552,0.1532,0.1518,0.3611,0.1449,baseline
CP-SYN-000,2025-08-26,0.0318,0.1464,0.1348,0.1484,0.0985,baseline
CP-SYN-000,2025-08-27,0.04,0.1495,0.1035,0.3211,0.1223,baseline
CP-SYN-000,2025-08-28,0.0511,0.2908,0.1114,0.2685,0.1557,baseline
CP-SYN-000,2025-08-29,0.0137,0.2577,0.1264,0.4451,0.162,baseline
CP-SYN-000,2025-08-30,0.0276,0.2021,0.0971,0.2912,0.1247,baseline
CP-SYN-000,2025-08-31,0.0503,0.0628,0.1412,0.3653,0.1189,baseline
CP-SYN-000,2025-09-01,0.0839,0.38,0.0841,0.2964,0.1898,baseline
CP-SYN-000,2025-09-02,0.0503,0.3554,0.0134,0.3486,0.1639,baseline
CP-SYN-000,2025-09-03,0.0059,0.0,0.0,0.1618,0.0266,baseline
CP-SYN-000,2025-09-04,0.0821,0.1305,0.0886,0.1836,0.1107,baseline
CP-SYN-000,2025-09-05,0.0683,0.1118,0.1659,0.2007,0.1186,baseline
CP-SYN-000,2025-09-06,0.0271,0.2098,0.1012,0.4425,0.1499,baseline
CP-SYN-000,2025-09-07,0.0536,0.1034,0.072,0.2427,0.0981,baseline
CP-SYN-000,2025-09-08,0.0718,0.2307,0.094,0.387,0.1632,baseline
CP-SYN-000,2025-09-09,0.0341,0.1891,0.109,0.4528,0.1507,baseline
CP-SYN-000,2025-09-10,0.047,0.1719,0.0477,0.3686,0.1266,baseline
CP-SYN-000,2025-09-11,0.0324,0.2275,0.0049,0.4043,0.1315,baseline
CP-SYN-000,2025-09-12,0.01,0.1378,0.1529,0.1666,0.094,baseline
CP-SYN-000,2025-09-13,0.0476,0.2059,0.0501,0.4343,0.1457,baseline
CP-SYN-000,2025-09-14,0.095,0.0423,0.0276,0.3808,0.1112,baseline
CP-SYN-000,2025-09-15,0.0109,0.1689,0.1065,0.3692,0.1233,baseline
CP-SYN-000,2025-09-16,0.0433,0.2076,0.0612,0.4292,0.1458,baseline
CP-SYN-000,2025-09-17,0.0351,0.2272,0.0744,0.3106,0.1323,baseline
CP-SYN-000,2025-09-18,0.045,0.187,0.0493,0.3796,0.1315,baseline
CP-SYN-000,2025-09-19,0.0924,0.2195,0.1366,0.3838,0.1767,baseline
CP-SYN-000,2025-09-20,0.0778,0.2243,0.1106,0.3864,0.1673,baseline
CP-SYN-000,2025-09-21,0.0521,0.1221,0.1012,0.1112,0.0883,baseline
CP-SYN-000,2025-09-22,0.0498,0.2331,0.1618,0.3151,0.1578,baseline
CP-SYN-000,2025-09-23,0.0778,0.2,0.0488,0.1589,0.1147,baseline
CP-SYN-000,2025-09-24,0.0209,0.0907,0.1317,0.2792,0.0993,baseline
CP-SYN-000,2025-09-25,0.0671,0.2059,0.1522,0.406,0.1697,baseline
CP-SYN-000,2025-09-26,0.0306,0.1781,0.0734,0.1379,0.0921,baseline
CP-SYN-000,2025-09-27,0.0703,0.2951,0.0997,0.2507,0.1594,baseline
CP-SYN-000,2025-09-28,0.0827,0.0124,0.1089,0.3143,0.1051,baseline
CP-SYN-000,2025-09-29,0.0329,0.3113,0.1485,0.2739,0.1618,baseline
CP-SYN-000,2025-09-30,0.0474,0.169,0.0744,0.1692,0.1015,baseline
CP-SYN-000,2025-10-01,0.0914,0.2822,0.1399,0.1906,0.1637,baseline
CP-SYN-000,2025-10-02,0.1124,0.3584,0.1094,0.2096,0.1879,baseline
CP-SYN-000,2025-10-03,0.024,0.2335,0.0543,0.2966,0.1233,baseline
CP-SYN-000,2025-10-04,0.0827,0.0795,0.2003,0.4567,0.1615,baseline
CP-SYN-000,2025-10-05,0.0129,0.0869,0.0858,0.1969,0.0736,baseline
CP-SYN-000,2025-10-06,0.0421,0.0,0.0886,0.4803,0.1066,baseline
CP-SYN-000,2025-10-07,0.0165,0.1782,0.0255,0.3638,0.1108,baseline
CP-SYN-000,2025-10-08,0.0432,0.3553,0.1103,0.2628,0.1676,baseline
CP-SYN-000,2025-10-09,0.0665,0.1595,0.033,0.3302,0.1226,baseline
CP-SYN-000,2025-10-10,0.0448,0.2133,0.1188,0.249,0.1323,baseline
CP-SYN-000,2025-10-11,0.0626,0.339,0.0446,0.4737,0.1898,baseline
CP-SYN-000,2025-10-12,0.0427,0.1387,0.2214,0.3155,0.1434,baseline
CP-SYN-000,2025-10-13,0.0911,0.2654,0.016,0.3121,0.1528,baseline
CP-SYN-000,2025-10-14,0.0342,0.0927,0.0114,0.3102,0.0857,baseline
CP-SYN-000,2025-10-15,0.0677,0.2313,0.0847,0.2201,0.1349,baseline
CP-SYN-000,2025-10-16,0.0204,0.1556,0.0483,0.2797,0.0987,baseline
CP-SYN-000,2025-10-17,0.0493,0.1283,0.0884,0.224,0.1031,baseline
CP-SYN-000,2025-10-18,0.0499,0.2406,0.1089,0.3472,0.154,baseline
CP-SYN-000,2025-10-19,0.0004,0.1697,0.1138,0.3641,0.12,baseline
CP-SYN-000,2025-10-20,0.0021,0.2127,0.1603,0.2821,0.1284,baseline
CP-SYN-000,2025-10-21,0.0472,0.236,0.1124,0.3675,0.1555,baseline
CP-SYN-000,2025-10-22,0.0522,0.2122,0.0609,0.283,0.1285,baseline
CP-SYN-000,2025-10-23,0.0876,0.1837,0.0916,0.2508,0.1369,baseline
CP-SYN-000,2025-10-24,0.0736,0.1316,0.1455,0.2063,0.1224,baseline
CP-SYN-000,2025-10-25,0.0183,0.2165,0.1065,0.3298,0.1322,baseline
CP-SYN-000,2025-10-26,0.0819,0.167,0.1221,0.209,0.1303,baseline
CP-SYN-000,2025-10-27,0.0878,0.2506,0.1268,0.3188,0.1709,baseline
CP-SYN-000,2025-10-28,0.0264,0.1738,0.1251,0.2981,0.1238,baseline
CP-SYN-000,2025-10-29,0.0537,0.0912,0.1091,0.2308,0.1007,baseline
CP-SYN-000,2025-10-30,0.0175,0.1876,0.0072,0.3699,0.1108,baseline
CP-SYN-000,2025-10-31,0.0756,0.1957,0.0503,0.2055,0.12,baseline
CP-SYN-000,2025-11-01,0.0455,0.0061,0.109,0.3664,0.0965,baseline
CP-SYN-000,2025-11-02,0.0406,0.1604,0.1091,0.3351,0.1284,baseline
CP-SYN-000,2025-11-03,0.0828,0.2015,0.0655,0.2539,0.1347,baseline
CP-SYN-000,2025-11-04,0.0555,0.3245,0.084,0.1947,0.1493,baseline
CP-SYN-000,2025-11-05,0.0239,0.0323,0.1165,0.1639,0.0655,baseline
CP-SYN-000,2025-11-06,0.013,0.0419,0.0441,0.3568,0.078,baseline
CP-SYN-000,2025-11-07,0.0107,0.06,0.1089,0.2659,0.0809,baseline
CP-SYN-000,2025-11-08,0.063,0.2592,0.0996,0.1702,0.1354,baseline
CP-SYN-000,2025-11-09,0.0463,0.24,0.0709,0.1563,0.1161,baseline
CP-SYN-000,2025-11-10,0.0831,0.1668,0.0795,0.3016,0.1361,baseline
CP-SYN-000,2025-11-11,0.0809,0.2211,0.0833,0.3682,0.1595,baseline
CP-SYN-000,2025-11-12,0.1144,0.311,0.1336,0.1878,0.1784,baseline
CP-SYN-000,2025-11-13,0.1626,0.1041,0.0814,0.23,0.1418,baseline
CP-SYN-000,2025-11-14,0.0988,0.2336,0.0286,0.3268,0.1527,baseline
CP-SYN-000,2025-11-15,0.0664,0.1745,0.039,0.2275,0.1121,baseline
CP-SYN-000,2025-11-16,0.0369,0.2018,0.074,0.3735,0.136,baseline
CP-SYN-000,2025-11-17,0.0215,0.0615,0.063,0.4349,0.1018,baseline
CP-SYN-000,2025-11-18,0.0328,0.3873,0.1246,0.1836,0.1624,baseline
CP-SYN-000,2025-11-19,0.025,0.2195,0.0411,0.5375,0.1537,baseline
CP-SYN-000,2025-11-20,0.0203,0.2545,0.173,0.2891,0.1497,baseline
CP-SYN-000,2025-11-21,0.0201,0.1782,0.1181,0.3876,0.1343,baseline
CP-SYN-000,2025-11-22,0.0517,0.088,0.1021,0.2327,0.098,baseline
CP-SYN-000,2025-11-23,0.0,0.1442,0.0284,0.3587,0.0955,baseline
CP-SYN-000,2025-11-24,0.1083,0.3487,0.0713,0.2533,0.1828,baseline
CP-SYN-000,2025-11-25,0.0707,0.2849,0.0791,0.2857,0.1582,baseline
CP-SYN-000,2025-11-26,0.1162,0.1914,0.0757,0.312,0.1563,baseline
CP-SYN-000,2025-11-27,0.0674,0.1183,0.0876,0.1834,0.1015,baseline
CP-SYN-000,2025-11-28,0.0417,0.3502,0.1371,0.2907,0.1752,baseline
CP-SYN-000,2025-11-29,0.022,0.1751,0.1525,0.2438,0.1197,baseline
CP-SYN-000,2025-11-30,0.0935,0.0901,0.0855,0.4743,0.1482,baseline
CP-SYN-000,2025-12-01,0.0,0.2951,0.0074,0.291,0.1189,baseline
CP-SYN-000,2025-12-02,0.0448,0.2659,0.0,0.1082,0.1006,baseline
CP-SYN-000,2025-12-03,0.033,0.203,0.0553,0.2779,0.1167,baseline
CP-SYN-000,2025-12-04,0.0144,0.1679,0.0577,0.3244,0.1079,baseline
CP-SYN-000,2025-12-05,0.0674,0.3146,0.0672,0.2682,0.1593,baseline
CP-SYN-000,2025-12-06,0.0514,0.1764,0.0974,0.1438,0.1057,baseline
CP-SYN-000,2025-12-07,0.0612,0.1268,0.0522,0.1412,0.0878,baseline
CP-SYN-000,2025-12-08,0.0848,0.1888,0.1575,0.3272,0.1617,baseline
CP-SYN-000,2025-12-09,0.0,0.1133,0.1379,0.2234,0.0894,baseline
CP-SYN-000,2025-12-10,0.0173,0.1856,0.0912,0.1988,0.1014,baseline
CP-SYN-000,2025-12-11,0.0402,0.1617,0.0,0.3503,0.1091,baseline
CP-SYN-000,2025-12-12,0.0257,0.3044,0.0425,0.142,0.1162,baseline
CP-SYN-000,2025-12-13,0.0856,0.0732,0.0682,0.3597,0.1201,baseline
CP-SYN-000,2025-12-14,0.0401,0.0676,0.1094,0.2806,0.0969,baseline
CP-SYN-000,2025-12-15,0.0885,0.2471,0.2518,0.1354,0.1678,baseline
CP-SYN-000,2025-12-16,0.0493,0.1147,0.1577,0.3822,0.1373,baseline
CP-SYN-000,2025-12-17,0.0726,0.1378,0.0627,0.097,0.0906,baseline
CP-SYN-000,2025-12-18,0.1013,0.2407,0.087,0.3934,0.1771,baseline
CP-SYN-000,2025-12-19,0.0725,0.278,0.0188,0.2286,0.1366,baseline
CP-SYN-000,2025-12-20,0.0559,0.2284,0.1479,0.1991,0.1389,baseline
CP-SYN-000,2025-12-21,0.0538,0.3764,0.1346,0.3871,0.2006,baseline
CP-SYN-000,2025-12-22,0.0494,0.2614,0.1902,0.3107,0.1698,baseline
CP-SYN-000,2025-12-23,0.0867,0.13,0.1295,0.3904,0.1516,baseline
CP-SYN-000,2025-12-24,0.0274,0.2878,0.0662,0.2195,0.1291,baseline
CP-SYN-000,2025-12-25,0.05,0.3546,0.1155,0.3936,0.1908,baseline
CP-SYN-000,2025-12-26,0.028,0.2062,0.0412,0.2429,0.1074,baseline
CP-SYN-000,2025-12-27,0.0751,0.1969,0.1726,0.2798,0.1557,baseline
CP-SYN-000,2025-12-28,0.0441,0.3021,0.0676,0.148,0.1289,baseline
CP-SYN-000,2025-12-29,0.089,0.2331,0.0,0.3045,0.1396,baseline
CP-SYN-000,2025-12-30,0.0379,0.3396,0.0636,0.2419,0.149,baseline
CP-SYN-000,2025-12-31,0.0227,0.1157,0.065,0.1564,0.0745,baseline
CP-SYN-000,2026-01-01,0.0191,0.0715,0.0251,0.144,0.0521,baseline
CP-SYN-000,2026-01-02,0.0344,0.1453,0.0387,0.3478,0.11,baseline
CP-SYN-000,2026-01-03,0.0486,0.1654,0.0768,0.4593,0.145,baseline
CP-SYN-000,2026-01-04,0.0572,0.238,0.0,0.2346,0.1176,baseline
CP-SYN-000,2026-01-05,0.0,0.1659,0.1187,0.2326,0.1001,baseline
CP-SYN-000,2026-01-06,0.0656,0.1182,0.1288,0.1446,0.1032,baseline
CP-SYN-000,2026-01-07,0.0421,0.2336,0.1268,0.2873,0.1437,baseline
CP-SYN-000,2026-01-08,0.1082,0.1668,0.0775,0.024,0.1041,baseline
CP-SYN-000,2026-01-09,0.1031,0.1705,0.0412,0.4321,0.1569,baseline
CP-SYN-000,2026-01-10,0.0871,0.2087,0.0283,0.3419,0.1439,baseline
CP-SYN-000,2026-01-11,0.0314,0.1063,0.1522,0.0867,0.0826,baseline
CP-SYN-000,2026-01-12,0.067,0.2367,0.2026,0.3325,0.1764,baseline
CP-SYN-000,2026-01-13,0.0,0.1331,0.1032,0.3356,0.1043,baseline
CP-SYN-000,2026-01-14,0.0794,0.0432,0.0835,0.397,0.1188,baseline
CP-SYN-000,2026-01-15,0.0963,0.3489,0.0805,0.4098,0.2033,baseline
CP-SYN-000,2026-01-16,0.1014,0.2958,0.1362,0.3828,0.1992,baseline
CP-SYN-000,2026-01-17,0.0263,0.0842,0.1491,0.2653,0.1012,baseline
CP-SYN-000,2026-01-18,0.0492,0.1537,0.0804,0.3233,0.1227,baseline
CP-SYN-000,2026-01-19,0.0193,0.2055,0.1123,0.2923,0.1254,baseline
CP-SYN-000,2026-01-20,0.0277,0.2629,0.1936,0.2399,0.1515,baseline
CP-SYN-000,2026-01-21,0.087,0.2711,0.0,0.2239,0.1362,baseline
CP-SYN-000,2026-01-22,0.0309,0.2625,0.1094,0.3474,0.152,baseline
CP-SYN-000,2026-01-23,0.0691,0.1281,0.0627,0.1777,0.0988,baseline
CP-SYN-000,2026-01-24,0.0449,0.1905,0.1086,0.2273,0.1214,baseline
CP-SYN-000,2026-01-25,0.0772,0.2734,0.1773,0.3711,0.1904,baseline
CP-SYN-000,2026-01-26,0.0556,0.2538,0.1305,0.2348,0.147,baseline
CP-SYN-000,2026-01-27,0.0887,0.3375,0.1988,0.3035,0.2051,baseline
CP-SYN-000,2026-01-28,0.0597,0.2333,0.0999,0.3619,0.1565,baseline
CP-SYN-000,2026-01-29,0.0464,0.1845,0.1879,0.3165,0.1497,baseline
CP-SYN-000,2026-01-30,0.052,0.2706,0.1075,0.3292,0.1593,baseline
CP-SYN-000,2026-01-31,0.0481,0.1024,0.0985,0.1863,0.0925,baseline
CP-SYN-000,2026-02-01,0.0563,0.1055,0.1458,0.3749,0.1343,baseline
CP-SYN-000,2026-02-02,0.0584,0.192,0.1208,0.1035,0.1111,baseline
CP-SYN-000,2026-02-03,0.0171,0.1881,0.1173,0.2921,0.1211,baseline
CP-SYN-000,2026-02-04,0.0199,0.2107,0.0773,0.1931,0.105,baseline
CP-SYN-000,2026-02-05,0.0599,0.1832,0.1598,0.3666,0.1567,baseline
CP-SYN-000,2026-02-06,0.072,0.2257,0.0577,0.2064,0.1278,baseline
CP-SYN-000,2026-02-07,0.0059,0.4303,0.046,0.279,0.161,baseline
CP-SYN-000,2026-02-08,0.0392,0.1775,0.0708,0.1132,0.0912,baseline
CP-SYN-000,2026-02-09,0.0201,0.0887,0.0937,0.2316,0.0837,baseline
CP-SYN-000,2026-02-10,0.0294,0.2173,0.0709,0.3932,0.1392,baseline
CP-SYN-000,2026-02-11,0.0384,0.218,0.0337,0.3657,0.1315,baseline
CP-SYN-000,2026-02-12,0.0378,0.2327,0.1165,0.2827,0.139,baseline
CP-SYN-000,2026-02-13,0.0565,0.1692,0.1673,0.3934,0.1574,baseline
CP-SYN-000,2026-02-14,0.0645,0.1056,0.045,0.2336,0.0962,baseline
CP-SYN-000,2026-02-15,0.0426,0.2358,0.0552,0.4177,0.1497,baseline
CP-SYN-000,2026-02-16,0.0501,0.039,0.0762,0.0415,0.0513,baseline
CP-SYN-000,2026-02-17,0.0274,0.1561,0.0695,0.2675,0.104,baseline
CP-SYN-000,2026-02-18,0.0382,0.1525,0.1751,0.4215,0.1516,baseline
CP-SYN-000,2026-02-19,0.0157,0.3003,0.0189,0.2185,0.1179,baseline
CP-SYN-000,2026-02-20,0.0958,0.0208,0.1287,0.1747,0.0955,baseline
CP-SYN-000,2026-02-21,0.0457,0.1856,0.1849,0.2189,0.1345,baseline
CP-SYN-000,2026-02-22,0.0479,0.2502,0.0874,0.2178,0.1319,baseline
CP-SYN-000,2026-02-23,0.0482,0.2075,0.1442,0.2057,0.1309,baseline
CP-SYN-000,2026-02-24,0.0365,0.2258,0.0916,0.2815,0.1316,baseline
CP-SYN-000,2026-02-25,0.0495,0.1443,0.06,0.3441,0.1195,baseline
CP-SYN-000,2026-02-26,0.0171,0.2932,0.1109,0.1723,0.1282,baseline
CP-SYN-000,2026-02-27,0.0585,0.2134,0.1381,0.4159,0.1667,baseline
CP-SYN-000,2026-02-28,0.039,0.1434,0.0697,0.2019,0.0957,baseline
CP-SYN-000,2026-03-01,0.0276,0.2228,0.1008,0.2509,0.1245,baseline
CP-SYN-000,2026-03-02,0.0279,0.2278,0.0749,0.196,0.1125,baseline
CP-SYN-000,2026-03-03,0.0454,0.1788,0.0465,0.3827,0.1296,baseline
CP-SYN-000,2026-03-04,0.0754,0.2033,0.1066,0.3527,0.1552,baseline
CP-SYN-000,2026-03-05,0.0491,0.2713,0.1828,0.308,0.1702,baseline
CP-SYN-000,2026-03-06,0.0632,0.2699,0.0831,0.1872,0.1374,baseline
CP-SYN-000,2026-03-07,0.0772,0.0745,0.1894,0.387,0.1454,baseline
CP-SYN-000,2026-03-08,0.0556,0.2041,0.1876,0.2054,0.1416,baseline
CP-SYN-000,2026-03-09,0.0152,0.1521,0.0869,0.1994,0.0914,baseline
CP-SYN-000,2026-03-10,0.0546,0.2109,0.0593,0.4603,0.1555,baseline
CP-SYN-000,2026-03-11,0.0082,0.0979,0.1188,0.2793,0.0934,baseline
CP-SYN-000,2026-03-12,0.0625,0.1505,0.0483,0.2354,0.1076,baseline
CP-SYN-000,2026-03-13,0.0295,0.242,0.076,0.3761,0.1439,baseline
CP-SYN-000,2026-03-14,0.0676,0.2832,0.145,0.3784,0.1836,baseline
CP-SYN-000,2026-03-15,0.0731,0.1587,0.0869,0.117,0.1038,baseline
CP-SYN-000,2026-03-16,0.0588,0.1461,0.1201,0.3527,0.137,baseline
CP-SYN-000,2026-03-17,0.0094,0.1189,0.0825,0.2482,0.0872,baseline
CP-SYN-000,2026-03-18,0.055,0.1076,0.1024,0.1312,0.089,baseline
CP-SYN-000,2026-03-19,0.0,0.2573,0.0347,0.244,0.1079,baseline
CP-SYN-000,2026-03-20,0.0075,0.0873,0.0801,0.259,0.0797,baseline
CP-SYN-000,2026-03-21,0.0795,0.236,0.0869,0.3758,0.1645,baseline
CP-SYN-000,2026-03-22,0.0835,0.2329,0.0797,0.4019,0.1678,baseline
CP-SYN-000,2026-03-23,0.1031,0.2528,0.1885,0.3927,0.201,baseline
CP-SYN-000,2026-03-24,0.0755,0.1128,0.0443,0.2951,0.1115,baseline
CP-SYN-000,2026-03-25,0.0,0.1526,0.1434,0.2335,0.1018,baseline
CP-SYN-000,2026-03-26,0.066,0.0919,0.0753,0.4023,0.1248,baseline
CP-SYN-000,2026-03-27,0.0563,0.2232,0.1852,0.4297,0.1798,baseline
CP-SYN-000,2026-03-28,0.0237,0.3054,0.0692,0.2982,0.1444,baseline
CP-SYN-000,2026-03-29,0.0505,0.2858,0.0435,0.3452,0.1521,baseline
CP-SYN-000,2026-03-30,0.0657,0.2649,0.0895,0.4003,0.1705,baseline
CP-SYN-000,2026-03-31,0.0287,0.2918,0.1176,0.16,0.1319,baseline
CP-SYN-000,2026-04-01,0.0622,0.2143,0.0822,0.2264,0.1289,baseline
CP-SYN-000,2026-04-02,0.0428,0.0846,0.1845,0.1872,0.1033,baseline
CP-SYN-000,2026-04-03,0.0302,0.2916,0.1293,0.372,0.1666,baseline
CP-SYN-000,2026-04-04,0.0955,0.175,0.0477,0.3844,0.1492,baseline
CP-SYN-000,2026-04-05,0.0739,0.1738,0.0367,0.4239,0.1439,baseline
CP-SYN-000,2026-04-06,0.0673,0.0901,0.139,0.1559,0.1006,baseline
CP-SYN-000,2026-04-07,0.0355,0.1101,0.0681,0.2167,0.0879,baseline
CP-SYN-000,2026-04-08,0.0316,0.2579,0.1147,0.3629,0.1545,baseline
CP-SYN-000,2026-04-09,0.0828,0.1702,0.104,0.3538,0.1495,baseline
CP-SYN-000,2026-04-10,0.1012,0.2719,0.1691,0.4019,0.2026,baseline
CP-SYN-000,2026-04-11,0.0817,0.0572,0.144,0.3213,0.124,baseline
CP-SYN-000,2026-04-12,0.0516,0.1578,0.0787,0.3416,0.1271,baseline
CP-SYN-000,2026-04-13,0.0752,0.0802,0.1109,0.2439,0.1089,baseline
CP-SYN-000,2026-04-14,0.0215,0.2314,0.0836,0.2341,0.1183,baseline
CP-SYN-000,2026-04-15,0.0269,0.2225,0.0995,0.1908,0.1149,baseline
CP-SYN-000,2026-04-16,0.0248,0.1854,0.1203,0.195,0.1096,baseline
CP-SYN-000,2026-04-17,0.0646,0.1341,0.2364,0.2059,0.1375,baseline
CP-SYN-000,2026-04-18,0.0263,0.2155,0.0549,0.3828,0.1328,baseline
CP-SYN-000,2026-04-19,0.104,0.169,0.1086,0.2482,0.1428,baseline
CP-SYN-000,2026-04-20,0.05,0.3145,0.1447,0.2096,0.159,baseline
CP-SYN-000,2026-04-21,0.0964,0.293,0.1243,0.2341,0.1718,baseline
CP-SYN-000,2026-04-22,0.052,0.1364,0.1234,0.2684,0.1198,baseline
CP-SYN-000,2026-04-23,0.0,0.2741,0.1096,0.4078,0.1516,baseline
CP-SYN-000,2026-04-24,0.0459,0.2151,0.1558,0.3388,0.1541,baseline
CP-SYN-000,2026-04-25,0.0586,0.4572,0.0915,0.3169,0.2036,baseline
CP-SYN-000,2026-04-26,0.102,0.1356,0.048,0.1568,0.1078,baseline
CP-SYN-000,2026-04-27,0.066,0.2501,0.1371,0.1646,0.141,baseline
CP-SYN-000,2026-04-28,0.0802,0.2958,0.0951,0.3033,0.1705,baseline
CP-SYN-000,2026-04-29,0.0703,0.2294,0.1321,0.1914,0.1406,baseline
CP-SYN-000,2026-04-30,0.0448,0.103,0.1316,0.353,0.1229,baseline
CP-SYN-000,2026-05-01,0.047,0.2237,0.0222,0.3858,0.1371,baseline
CP-SYN-000,2026-05-02,0.036,0.2103,0.1558,0.2243,0.1318,baseline
CP-SYN-000,2026-05-03,0.0859,0.2099,0.1014,0.3556,0.1605,baseline
CP-SYN-000,2026-05-04,0.0126,0.2475,0.1031,0.4036,0.1481,baseline
CP-SYN-000,2026-05-05,0.0435,0.1709,0.1185,0.2941,0.1279,baseline
CP-SYN-000,2026-05-06,0.0148,0.1845,0.1634,0.2907,0.1283,baseline
CP-SYN-000,2026-05-07,0.0239,0.2573,0.0073,0.088,0.0885,baseline
CP-SYN-000,2026-05-08,0.0499,0.2145,0.111,0.2107,0.1274,baseline
CP-SYN-000,2026-05-09,0.0455,0.0881,0.111,0.1385,0.0832,baseline
CP-SYN-000,2026-05-10,0.0455,0.2209,0.0122,0.2477,0.113,baseline
CP-SYN-000,2026-05-11,0.0736,0.3239,0.0248,0.334,0.1655,baseline
CP-SYN-000,2026-05-12,0.0129,0.0924,0.1798,0.3668,0.1192,baseline
CP-SYN-000,2026-05-13,0.0259,0.2175,0.1321,0.3181,0.1389,baseline
CP-SYN-000,2026-05-14,0.1174,0.2485,0.0,0.271,0.1497,baseline
CP-SYN-000,2026-05-15,0.0279,0.1837,0.1007,0.2349,0.1124,baseline
CP-SYN-001,2025-05-16,0.0175,0.3091,0.1299,0.2329,0.1452,baseline
CP-SYN-001,2025-05-17,0.0704,0.254,0.1634,0.1945,0.1535,baseline
CP-SYN-001,2025-05-18,0.0734,0.1514,0.1578,0.2808,0.1409,baseline
CP-SYN-001,2025-05-19,0.0,0.2028,0.0108,0.2783,0.0946,baseline
CP-SYN-001,2025-05-20,0.0483,0.1679,0.0257,0.1884,0.0947,baseline
CP-SYN-001,2025-05-21,0.0247,0.1802,0.1644,0.3709,0.1434,baseline
CP-SYN-001,2025-05-22,0.0358,0.3019,0.0316,0.3685,0.1514,baseline
CP-SYN-001,2025-05-23,0.0447,0.2189,0.1319,0.232,0.1338,baseline
CP-SYN-001,2025-05-24,0.074,0.1993,0.2206,0.2696,0.164,baseline
CP-SYN-001,2025-05-25,0.0881,0.2518,0.0413,0.4361,0.1718,baseline
CP-SYN-001,2025-05-26,0.0182,0.0214,0.1427,0.4069,0.1022,baseline
CP-SYN-001,2025-05-27,0.0516,0.1791,0.1792,0.3712,0.1569,baseline
CP-SYN-001,2025-05-28,0.0303,0.2585,0.0378,0.2441,0.1209,baseline
CP-SYN-001,2025-05-29,0.0185,0.024,0.0411,0.4222,0.0849,baseline
CP-SYN-001,2025-05-30,0.0171,0.156,0.042,0.3866,0.1122,baseline
CP-SYN-001,2025-05-31,0.05,0.2393,0.0947,0.1829,0.1262,baseline
CP-SYN-001,2025-06-01,0.0208,0.267,0.0971,0.3774,0.1511,baseline
CP-SYN-001,2025-06-02,0.0,0.2888,0.0753,0.5173,0.1649,baseline
CP-SYN-001,2025-06-03,0.0347,0.2023,0.133,0.2124,0.1229,baseline
CP-SYN-001,2025-06-04,0.0762,0.1484,0.1645,0.3793,0.1574,baseline
CP-SYN-001,2025-06-05,0.0649,0.1421,0.0895,0.33,0.1289,baseline
CP-SYN-001,2025-06-06,0.0,0.1559,0.1469,0.1732,0.0943,baseline
CP-SYN-001,2025-06-07,0.0884,0.1497,0.1162,0.1852,0.1238,baseline
CP-SYN-001,2025-06-08,0.0645,0.237,0.1568,0.4354,0.1817,baseline
CP-SYN-001,2025-06-09,0.0876,0.2167,0.0387,0.4324,0.1618,baseline
CP-SYN-001,2025-06-10,0.0109,0.1649,0.1369,0.3444,0.1246,baseline
CP-SYN-001,2025-06-11,0.0978,0.1997,0.0155,0.2725,0.133,baseline
CP-SYN-001,2025-06-12,0.0552,0.172,0.1706,0.2752,0.1405,baseline
CP-SYN-001,2025-06-13,0.0069,0.2373,0.0426,0.47,0.1411,baseline
CP-SYN-001,2025-06-14,0.0581,0.0877,0.154,0.5369,0.1565,baseline
CP-SYN-001,2025-06-15,0.0,0.2722,0.1242,0.3176,0.1405,baseline
CP-SYN-001,2025-06-16,0.0603,0.2394,0.0653,0.4411,0.1632,baseline
CP-SYN-001,2025-06-17,0.0095,0.3567,0.1764,0.1814,0.1555,baseline
CP-SYN-001,2025-06-18,0.0498,0.3136,0.0755,0.2838,0.156,baseline
CP-SYN-001,2025-06-19,0.0379,0.2934,0.0696,0.299,0.1473,baseline
CP-SYN-001,2025-06-20,0.0662,0.1834,0.0567,0.1658,0.1085,baseline
CP-SYN-001,2025-06-21,0.0045,0.1056,0.014,0.2273,0.0651,baseline
CP-SYN-001,2025-06-22,0.059,0.2043,0.0587,0.1982,0.1161,baseline
CP-SYN-001,2025-06-23,0.0202,0.089,0.0382,0.3714,0.0937,baseline
CP-SYN-001,2025-06-24,0.0079,0.2014,0.0691,0.5428,0.1487,baseline
CP-SYN-001,2025-06-25,0.0,0.2155,0.0833,0.2229,0.104,baseline
CP-SYN-001,2025-06-26,0.0595,0.2124,0.0466,0.3426,0.1376,baseline
CP-SYN-001,2025-06-27,0.0617,0.3048,0.0695,0.447,0.1818,baseline
CP-SYN-001,2025-06-28,0.0441,0.0419,0.1262,0.2918,0.0971,baseline
CP-SYN-001,2025-06-29,0.0235,0.2747,0.0764,0.4017,0.1536,baseline
CP-SYN-001,2025-06-30,0.0475,0.26,0.134,0.3473,0.1629,baseline
CP-SYN-001,2025-07-01,0.019,0.2736,0.1011,0.5002,0.1713,baseline
CP-SYN-001,2025-07-02,0.0644,0.2601,0.0618,0.2594,0.142,baseline
CP-SYN-001,2025-07-03,0.0529,0.1064,0.0415,0.2891,0.0994,baseline
CP-SYN-001,2025-07-04,0.0477,0.2162,0.1559,0.26,0.1433,baseline
CP-SYN-001,2025-07-05,0.0704,0.1884,0.0903,0.3257,0.1422,baseline
CP-SYN-001,2025-07-06,0.0,0.2053,0.0681,0.207,0.096,baseline
CP-SYN-001,2025-07-07,0.0,0.1646,0.0061,0.387,0.1004,baseline
CP-SYN-001,2025-07-08,0.0428,0.0654,0.0663,0.3755,0.1031,baseline
CP-SYN-001,2025-07-09,0.0322,0.1775,0.0815,0.2872,0.1166,baseline
CP-SYN-001,2025-07-10,0.0,0.1964,0.0721,0.5954,0.1528,baseline
CP-SYN-001,2025-07-11,0.0436,0.1636,0.1494,0.2844,0.1309,baseline
CP-SYN-001,2025-07-12,0.0576,0.1301,0.1778,0.2372,0.1267,baseline
CP-SYN-001,2025-07-13,0.0613,0.2906,0.0848,0.3,0.1591,baseline
CP-SYN-001,2025-07-14,0.0676,0.2546,0.0455,0.3181,0.1475,baseline
CP-SYN-001,2025-07-15,0.0216,0.1404,0.0676,0.4216,0.1205,baseline
CP-SYN-001,2025-07-16,0.0979,0.4084,0.0972,0.2159,0.1931,baseline
CP-SYN-001,2025-07-17,0.0209,0.3286,0.0231,0.2683,0.1354,baseline
CP-SYN-001,2025-07-18,0.033,0.34,0.0493,0.4102,0.1696,baseline
CP-SYN-001,2025-07-19,0.0894,0.1867,0.1233,0.1461,0.129,baseline
CP-SYN-001,2025-07-20,0.0474,0.1828,0.0,0.3415,0.1159,baseline
CP-SYN-001,2025-07-21,0.0607,0.0645,0.0294,0.2251,0.08,baseline
CP-SYN-001,2025-07-22,0.0341,0.1755,0.0521,0.1992,0.0978,baseline
CP-SYN-001,2025-07-23,0.0592,0.162,0.0947,0.277,0.1247,baseline
CP-SYN-001,2025-07-24,0.0637,0.1877,0.1431,0.3103,0.1476,baseline
CP-SYN-001,2025-07-25,0.0767,0.2998,0.027,0.3922,0.1698,baseline
CP-SYN-001,2025-07-26,0.1035,0.1222,0.0984,0.2643,0.1313,baseline
CP-SYN-001,2025-07-27,0.0632,0.2416,0.0665,0.4313,0.1637,baseline
CP-SYN-001,2025-07-28,0.0243,0.1889,0.1512,0.4953,0.1615,baseline
CP-SYN-001,2025-07-29,0.0346,0.2626,0.111,0.1418,0.123,baseline
CP-SYN-001,2025-07-30,0.0213,0.1036,0.0748,0.2583,0.0882,baseline
CP-SYN-001,2025-07-31,0.0508,0.3022,0.1211,0.5653,0.2049,baseline
CP-SYN-001,2025-08-01,0.0427,0.2631,0.1207,0.4507,0.1746,baseline
CP-SYN-001,2025-08-02,0.0386,0.2676,0.1815,0.2279,0.1528,baseline
CP-SYN-001,2025-08-03,0.0478,0.2403,0.0783,0.2125,0.1267,baseline
CP-SYN-001,2025-08-04,0.105,0.1816,0.1867,0.2492,0.1621,baseline
CP-SYN-001,2025-08-05,0.0438,0.2638,0.0897,0.2101,0.1329,baseline
CP-SYN-001,2025-08-06,0.0284,0.2218,0.0667,0.3088,0.1265,baseline
CP-SYN-001,2025-08-07,0.0,0.1554,0.091,0.2487,0.0943,baseline
CP-SYN-001,2025-08-08,0.0202,0.1293,0.1035,0.4487,0.1284,baseline
CP-SYN-001,2025-08-09,0.008,0.1779,0.1489,0.3334,0.1275,baseline
CP-SYN-001,2025-08-10,0.0472,0.1639,0.1007,0.2899,0.1235,baseline
CP-SYN-001,2025-08-11,0.0,0.1427,0.0025,0.4291,0.1006,baseline
CP-SYN-001,2025-08-12,0.0747,0.1369,0.1402,0.5449,0.1739,baseline
CP-SYN-001,2025-08-13,0.0313,0.3039,0.1181,0.2763,0.1536,baseline
CP-SYN-001,2025-08-14,0.0168,0.1555,0.0803,0.0684,0.0719,baseline
CP-SYN-001,2025-08-15,0.0659,0.1743,0.123,0.2581,0.1332,baseline
CP-SYN-001,2025-08-16,0.1399,0.0674,0.0533,0.3705,0.1391,baseline
CP-SYN-001,2025-08-17,0.1208,0.1206,0.1915,0.2083,0.148,baseline
CP-SYN-001,2025-08-18,0.0888,0.206,0.2115,0.4782,0.2011,baseline
CP-SYN-001,2025-08-19,0.0306,0.4349,0.0438,0.2686,0.17,baseline
CP-SYN-001,2025-08-20,0.1042,0.1412,0.0679,0.3131,0.1375,baseline
CP-SYN-001,2025-08-21,0.0636,0.231,0.0627,0.3197,0.1437,baseline
CP-SYN-001,2025-08-22,0.0691,0.3203,0.1164,0.1747,0.1572,baseline
CP-SYN-001,2025-08-23,0.0509,0.1504,0.166,0.1325,0.111,baseline
CP-SYN-001,2025-08-24,0.0668,0.1148,0.1636,0.3771,0.1447,baseline
CP-SYN-001,2025-08-25,0.0566,0.2404,0.0832,0.3676,0.1545,baseline
CP-SYN-001,2025-08-26,0.0485,0.2585,0.1029,0.0519,0.1124,baseline
CP-SYN-001,2025-08-27,0.0346,0.3214,0.1726,0.3105,0.1753,baseline
CP-SYN-001,2025-08-28,0.0462,0.1732,0.1315,0.3579,0.1418,baseline
CP-SYN-001,2025-08-29,0.0206,0.2529,0.1616,0.2045,0.1345,baseline
CP-SYN-001,2025-08-30,0.0444,0.2371,0.1361,0.2579,0.1429,baseline
CP-SYN-001,2025-08-31,0.0341,0.1629,0.1193,0.3429,0.1297,baseline
CP-SYN-001,2025-09-01,0.0494,0.0909,0.0455,0.3637,0.1061,baseline
CP-SYN-001,2025-09-02,0.0134,0.2181,0.082,0.2398,0.1122,baseline
CP-SYN-001,2025-09-03,0.0508,0.3341,0.1144,0.2704,0.1673,baseline
CP-SYN-001,2025-09-04,0.0058,0.241,0.1568,0.3607,0.148,baseline
CP-SYN-001,2025-09-05,0.085,0.2381,0.0348,0.2955,0.1448,baseline
CP-SYN-001,2025-09-06,0.0657,0.2577,0.0753,0.2937,0.1498,baseline
CP-SYN-001,2025-09-07,0.061,0.3017,0.1503,0.3646,0.1846,baseline
CP-SYN-001,2025-09-08,0.0619,0.118,0.045,0.2908,0.1069,baseline
CP-SYN-001,2025-09-09,0.0812,0.2316,0.1281,0.1498,0.1385,baseline
CP-SYN-001,2025-09-10,0.0062,0.2896,0.0983,0.1686,0.1198,baseline
CP-SYN-001,2025-09-11,0.0765,0.2206,0.2476,0.425,0.199,baseline
CP-SYN-001,2025-09-12,0.0604,0.1879,0.1116,0.2897,0.1369,baseline
CP-SYN-001,2025-09-13,0.0068,0.2742,0.1137,0.0245,0.0977,baseline
CP-SYN-001,2025-09-14,0.0309,0.1337,0.149,0.2956,0.1199,baseline
CP-SYN-001,2025-09-15,0.0946,0.0727,0.0462,0.4067,0.1263,baseline
CP-SYN-001,2025-09-16,0.0303,0.1153,0.0737,0.224,0.0893,baseline
CP-SYN-001,2025-09-17,0.0662,0.2895,0.0207,0.2709,0.1436,baseline
CP-SYN-001,2025-09-18,0.0504,0.2066,0.1417,0.312,0.1469,baseline
CP-SYN-001,2025-09-19,0.0326,0.111,0.0088,0.2629,0.082,baseline
CP-SYN-001,2025-09-20,0.0504,0.2737,0.0811,0.5324,0.1847,baseline
CP-SYN-001,2025-09-21,0.0477,0.1613,0.119,0.2029,0.1137,baseline
CP-SYN-001,2025-09-22,0.0563,0.0349,0.1338,0.3067,0.104,baseline
CP-SYN-001,2025-09-23,0.0563,0.2124,0.0363,0.2101,0.1144,baseline
CP-SYN-001,2025-09-24,0.097,0.2396,0.0701,0.3421,0.164,baseline
CP-SYN-001,2025-09-25,0.0622,0.3564,0.1555,0.3411,0.1963,baseline
CP-SYN-001,2025-09-26,0.0365,0.3427,0.0949,0.2129,0.1512,baseline
CP-SYN-001,2025-09-27,0.0134,0.131,0.0818,0.3765,0.1109,baseline
CP-SYN-001,2025-09-28,0.0774,0.2921,0.1076,0.3831,0.183,baseline
CP-SYN-001,2025-09-29,0.1178,0.2728,0.1801,0.1489,0.1737,baseline
CP-SYN-001,2025-09-30,0.0277,0.1399,0.0,0.3074,0.0922,baseline
CP-SYN-001,2025-10-01,0.0918,0.1572,0.1098,0.2146,0.1301,baseline
CP-SYN-001,2025-10-02,0.0352,0.2228,0.0402,0.4174,0.1405,baseline
CP-SYN-001,2025-10-03,0.0,0.2258,0.0754,0.4489,0.1389,baseline
CP-SYN-001,2025-10-04,0.0729,0.0333,0.0,0.1999,0.0674,baseline
CP-SYN-001,2025-10-05,0.0349,0.1849,0.1015,0.3674,0.1356,baseline
CP-SYN-001,2025-10-06,0.009,0.056,0.1126,0.2639,0.0797,baseline
CP-SYN-001,2025-10-07,0.0469,0.1487,0.0913,0.4487,0.1415,baseline
CP-SYN-001,2025-10-08,0.0013,0.102,0.1321,0.4567,0.1209,baseline
CP-SYN-001,2025-10-09,0.0438,0.099,0.0,0.3261,0.0912,baseline
CP-SYN-001,2025-10-10,0.0125,0.374,0.2171,0.3226,0.1903,baseline
CP-SYN-001,2025-10-11,0.0646,0.1906,0.1571,0.2997,0.1498,baseline
CP-SYN-001,2025-10-12,0.0519,0.3088,0.1313,0.5131,0.2012,baseline
CP-SYN-001,2025-10-13,0.0009,0.1556,0.0548,0.3842,0.1078,baseline
CP-SYN-001,2025-10-14,0.0352,0.2482,0.0416,0.2906,0.128,baseline
CP-SYN-001,2025-10-15,0.1189,0.3311,0.0061,0.3365,0.182,baseline
CP-SYN-001,2025-10-16,0.0748,0.1605,0.0449,0.3662,0.134,baseline
CP-SYN-001,2025-10-17,0.053,0.2442,0.0921,0.5331,0.1806,baseline
CP-SYN-001,2025-10-18,0.0226,0.1603,0.1257,0.3732,0.1302,baseline
CP-SYN-001,2025-10-19,0.0086,0.3038,0.0271,0.3006,0.1299,baseline
CP-SYN-001,2025-10-20,0.0408,0.1434,0.1567,0.0653,0.0933,baseline
CP-SYN-001,2025-10-21,0.0281,0.1278,0.1437,0.455,0.1402,baseline
CP-SYN-001,2025-10-22,0.0733,0.3116,0.0,0.3164,0.1547,baseline
CP-SYN-001,2025-10-23,0.0085,0.17,0.1122,0.3095,0.1148,baseline
CP-SYN-001,2025-10-24,0.0913,0.0417,0.0582,0.1519,0.0814,baseline
CP-SYN-001,2025-10-25,0.0008,0.2805,0.1091,0.4557,0.1606,baseline
CP-SYN-001,2025-10-26,0.0856,0.2055,0.0515,0.3992,0.1558,baseline
CP-SYN-001,2025-10-27,0.0293,0.104,0.0425,0.3122,0.093,baseline
CP-SYN-001,2025-10-28,0.088,0.2042,0.1612,0.3091,0.1649,baseline
CP-SYN-001,2025-10-29,0.0372,0.4177,0.1911,0.3197,0.2055,baseline
CP-SYN-001,2025-10-30,0.025,0.0713,0.1201,0.2744,0.093,baseline
CP-SYN-001,2025-10-31,0.064,0.2258,0.1218,0.4142,0.1686,baseline
CP-SYN-001,2025-11-01,0.0594,0.1421,0.0615,0.3583,0.1253,baseline
CP-SYN-001,2025-11-02,0.0178,0.2575,0.1357,0.2956,0.143,baseline
CP-SYN-001,2025-11-03,0.0266,0.0579,0.0438,0.1374,0.0545,baseline
CP-SYN-001,2025-11-04,0.0508,0.1646,0.054,0.3873,0.1304,baseline
CP-SYN-001,2025-11-05,0.0539,0.2038,0.1279,0.4036,0.1586,baseline
CP-SYN-001,2025-11-06,0.0019,0.2565,0.0096,0.2206,0.0999,baseline
CP-SYN-001,2025-11-07,0.0804,0.2553,0.1332,0.3182,0.1703,baseline
CP-SYN-001,2025-11-08,0.0924,0.0767,0.0847,0.3047,0.1188,baseline
CP-SYN-001,2025-11-09,0.1111,0.2821,0.1519,0.2239,0.1789,baseline
CP-SYN-001,2025-11-10,0.1175,0.2377,0.0497,0.5345,0.1966,baseline
CP-SYN-001,2025-11-11,0.0072,0.1305,0.0883,0.202,0.0835,baseline
CP-SYN-001,2025-11-12,0.0658,0.2221,0.1057,0.4894,0.1764,baseline
CP-SYN-001,2025-11-13,0.001,0.3093,0.0588,0.4462,0.1564,baseline
CP-SYN-001,2025-11-14,0.1072,0.3841,0.0905,0.1837,0.1845,baseline
CP-SYN-001,2025-11-15,0.0598,0.1957,0.0119,0.3736,0.1313,baseline
CP-SYN-001,2025-11-16,0.0223,0.3154,0.1483,0.2719,0.1582,baseline
CP-SYN-001,2025-11-17,0.0511,0.1806,0.0771,0.6098,0.1725,baseline
CP-SYN-001,2025-11-18,0.0219,0.2044,0.1496,0.2616,0.129,baseline
CP-SYN-001,2025-11-19,0.0311,0.0937,0.1596,0.3712,0.1235,baseline
CP-SYN-001,2025-11-20,0.0641,0.0793,0.1252,0.3285,0.1198,baseline
CP-SYN-001,2025-11-21,0.0399,0.0899,0.0972,0.2129,0.0898,baseline
CP-SYN-001,2025-11-22,0.0524,0.2051,0.0831,0.3882,0.1471,baseline
CP-SYN-001,2025-11-23,0.048,0.2423,0.1209,0.4008,0.1641,baseline
CP-SYN-001,2025-11-24,0.0211,0.1724,0.1461,0.3154,0.128,baseline
CP-SYN-001,2025-11-25,0.0838,0.2596,0.0778,0.3881,0.1722,baseline
CP-SYN-001,2025-11-26,0.0423,0.2765,0.1927,0.4092,0.186,baseline
CP-SYN-001,2025-11-27,0.1187,0.0759,0.0726,0.2734,0.122,baseline
CP-SYN-001,2025-11-28,0.038,0.2298,0.0816,0.4106,0.1506,baseline
CP-SYN-001,2025-11-29,0.0795,0.2331,0.0494,0.3547,0.1532,baseline
CP-SYN-001,2025-11-30,0.0702,0.2283,0.1015,0.44,0.1715,baseline
CP-SYN-001,2025-12-01,0.0335,0.1707,0.1334,0.3531,0.1357,baseline
CP-SYN-001,2025-12-02,0.0756,0.1773,0.0343,0.1762,0.1078,baseline
CP-SYN-001,2025-12-03,0.037,0.2634,0.1396,0.1184,0.1263,baseline
CP-SYN-001,2025-12-04,0.066,0.193,0.0479,0.5191,0.1621,baseline
CP-SYN-001,2025-12-05,0.0579,0.2662,0.2284,0.2419,0.1717,baseline
CP-SYN-001,2025-12-06,0.0381,0.3191,0.0346,0.3074,0.1481,baseline
CP-SYN-001,2025-12-07,0.0514,0.2776,0.1203,0.2087,0.1453,baseline
CP-SYN-001,2025-12-08,0.0792,0.2676,0.0474,0.2312,0.1427,baseline
CP-SYN-001,2025-12-09,0.0342,0.1081,0.1532,0.2676,0.1115,baseline
CP-SYN-001,2025-12-10,0.0417,0.117,0.0803,0.4485,0.1292,baseline
CP-SYN-001,2025-12-11,0.0724,0.0706,0.0505,0.3636,0.1113,baseline
CP-SYN-001,2025-12-12,0.0351,0.1557,0.057,0.1669,0.0894,baseline
CP-SYN-001,2025-12-13,0.0529,0.1696,0.157,0.2933,0.1389,baseline
CP-SYN-001,2025-12-14,0.021,0.2555,0.1673,0.2264,0.1397,baseline
CP-SYN-001,2025-12-15,0.0,0.1617,0.0325,0.4642,0.1165,baseline
CP-SYN-001,2025-12-16,0.0084,0.1738,0.1737,0.3871,0.1396,baseline
CP-SYN-001,2025-12-17,0.0346,0.1374,0.0909,0.276,0.1078,baseline
CP-SYN-001,2025-12-18,0.0949,0.1876,0.0325,0.3986,0.1512,baseline
CP-SYN-001,2025-12-19,0.0811,0.1819,0.1386,0.3051,0.1514,baseline
CP-SYN-001,2025-12-20,0.0138,0.1935,0.0428,0.2366,0.0979,baseline
CP-SYN-001,2025-12-21,0.0218,0.2266,0.1093,0.168,0.1125,baseline
CP-SYN-001,2025-12-22,0.0224,0.1998,0.1232,0.3072,0.1296,baseline
CP-SYN-001,2025-12-23,0.0,0.303,0.1886,0.4584,0.1822,baseline
CP-SYN-001,2025-12-24,0.0663,0.2538,0.0673,0.3189,0.1513,baseline
CP-SYN-001,2025-12-25,0.0161,0.2097,0.0285,0.3585,0.1183,baseline
CP-SYN-001,2025-12-26,0.0394,0.2614,0.1091,0.254,0.141,baseline
CP-SYN-001,2025-12-27,0.0753,0.1061,0.0868,0.2462,0.1109,baseline
CP-SYN-001,2025-12-28,0.0723,0.194,0.1135,0.3525,0.153,baseline
CP-SYN-001,2025-12-29,0.0,0.1259,0.1058,0.4012,0.1128,baseline
CP-SYN-001,2025-12-30,0.0672,0.3049,0.0889,0.3101,0.1674,baseline
CP-SYN-001,2025-12-31,0.035,0.1651,0.0585,0.2457,0.1038,baseline
CP-SYN-001,2026-01-01,0.0443,0.1479,0.1013,0.1181,0.0927,baseline
CP-SYN-001,2026-01-02,0.0628,0.2142,0.1223,0.2537,0.1412,baseline
CP-SYN-001,2026-01-03,0.0348,0.2786,0.0923,0.4987,0.1768,baseline
CP-SYN-001,2026-01-04,0.0078,0.1802,0.0436,0.2213,0.0901,baseline
CP-SYN-001,2026-01-05,0.0263,0.1615,0.1391,0.1856,0.1066,baseline
CP-SYN-001,2026-01-06,0.0683,0.0847,0.0797,0.432,0.1292,baseline
CP-SYN-001,2026-01-07,0.0639,0.2218,0.1315,0.3576,0.1609,baseline
CP-SYN-001,2026-01-08,0.0688,0.3123,0.0481,0.2929,0.1592,baseline
CP-SYN-001,2026-01-09,0.0691,0.26,0.1279,0.4307,0.1828,baseline
CP-SYN-001,2026-01-10,0.035,0.092,0.1636,0.2999,0.1147,baseline
CP-SYN-001,2026-01-11,0.0335,0.2029,0.0784,0.4006,0.1399,baseline
CP-SYN-001,2026-01-12,0.0767,0.2249,0.127,0.3033,0.1578,baseline
CP-SYN-001,2026-01-13,0.0808,0.0109,0.0416,0.296,0.0878,baseline
CP-SYN-001,2026-01-14,0.0376,0.124,0.131,0.2022,0.1026,baseline
CP-SYN-001,2026-01-15,0.0565,0.2099,0.1029,0.2171,0.1282,baseline
CP-SYN-001,2026-01-16,0.0442,0.2982,0.1272,0.3963,0.1771,baseline
CP-SYN-001,2026-01-17,0.0476,0.0638,0.0767,0.2849,0.0931,baseline
CP-SYN-001,2026-01-18,0.089,0.2909,0.1212,0.2143,0.1647,baseline
CP-SYN-001,2026-01-19,0.0539,0.1791,0.0878,0.1766,0.1104,baseline
CP-SYN-001,2026-01-20,0.0639,0.1976,0.1402,0.1538,0.1261,baseline
CP-SYN-001,2026-01-21,0.0162,0.4917,0.056,0.3288,0.1899,baseline
CP-SYN-001,2026-01-22,0.0631,0.1214,0.1864,0.2934,0.1369,baseline
CP-SYN-001,2026-01-23,0.0545,0.3455,0.0604,0.2512,0.1579,baseline
CP-SYN-001,2026-01-24,0.0396,0.0902,0.1138,0.3473,0.1133,baseline
CP-SYN-001,2026-01-25,0.0555,0.2525,0.1433,0.3339,0.1641,baseline
CP-SYN-001,2026-01-26,0.0428,0.2976,0.0652,0.4396,0.1705,baseline
CP-SYN-001,2026-01-27,0.0442,0.2612,0.1913,0.0735,0.1323,baseline
CP-SYN-001,2026-01-28,0.0442,0.1677,0.1854,0.2593,0.1356,baseline
CP-SYN-001,2026-01-29,0.1319,0.0778,0.1175,0.2614,0.1349,baseline
CP-SYN-001,2026-01-30,0.0652,0.1548,0.0774,0.1177,0.0979,baseline
CP-SYN-001,2026-01-31,0.0532,0.0802,0.0345,0.3087,0.0945,baseline
CP-SYN-001,2026-02-01,0.0464,0.2822,0.0323,0.3421,0.1469,baseline
CP-SYN-001,2026-02-02,0.0597,0.1758,0.0598,0.2921,0.1236,baseline
CP-SYN-001,2026-02-03,0.0765,0.1701,0.1424,0.2726,0.1425,baseline
CP-SYN-001,2026-02-04,0.1017,0.2021,0.0912,0.1389,0.1303,baseline
CP-SYN-001,2026-02-05,0.0072,0.2305,0.0886,0.3281,0.1274,baseline
CP-SYN-001,2026-02-06,0.0295,0.188,0.0688,0.3295,0.122,baseline
CP-SYN-001,2026-02-07,0.0435,0.3492,0.0656,0.4119,0.1796,baseline
CP-SYN-001,2026-02-08,0.0184,0.1628,0.0579,0.426,0.1235,baseline
CP-SYN-001,2026-02-09,0.0631,0.211,0.1117,0.1916,0.1291,baseline
CP-SYN-001,2026-02-10,0.0921,0.3112,0.0983,0.3013,0.1795,baseline
CP-SYN-001,2026-02-11,0.0695,0.186,0.09,0.2507,0.1299,baseline
CP-SYN-001,2026-02-12,0.0396,0.1619,0.1365,0.2672,0.1237,baseline
CP-SYN-001,2026-02-13,0.0371,0.1499,0.025,0.456,0.1257,baseline
CP-SYN-001,2026-02-14,0.0653,0.2693,0.0735,0.4457,0.175,baseline
CP-SYN-001,2026-02-15,0.0544,0.3162,0.0993,0.2955,0.165,baseline
CP-SYN-001,2026-02-16,0.0342,0.2062,0.1112,0.4493,0.1549,baseline
CP-SYN-001,2026-02-17,0.0962,0.2072,0.161,0.0282,0.1267,baseline
CP-SYN-001,2026-02-18,0.0359,0.22,0.1444,0.3423,0.1496,baseline
CP-SYN-001,2026-02-19,0.0483,0.1631,0.06,0.4902,0.1456,baseline
CP-SYN-001,2026-02-20,0.0837,0.3046,0.1005,0.2466,0.1667,baseline
CP-SYN-001,2026-02-21,0.0666,0.198,0.0936,0.2975,0.1395,baseline
CP-SYN-001,2026-02-22,0.031,0.1303,0.0879,0.1615,0.0868,baseline
CP-SYN-001,2026-02-23,0.0679,0.2671,0.0615,0.1173,0.1238,baseline
CP-SYN-001,2026-02-24,0.0618,0.2191,0.101,0.1666,0.1247,baseline
CP-SYN-001,2026-02-25,0.0,0.3369,0.0892,0.3504,0.1546,baseline
CP-SYN-001,2026-02-26,0.0479,0.2331,0.0361,0.2554,0.123,baseline
CP-SYN-001,2026-02-27,0.0093,0.113,0.0645,0.1193,0.0628,baseline
CP-SYN-001,2026-02-28,0.0362,0.1431,0.0407,0.2867,0.1014,baseline
CP-SYN-001,2026-03-01,0.0497,0.133,0.2006,0.3718,0.149,baseline
CP-SYN-001,2026-03-02,0.0836,0.1737,0.1447,0.3766,0.1623,baseline
CP-SYN-001,2026-03-03,0.0194,0.1454,0.2458,0.2589,0.1321,baseline
CP-SYN-001,2026-03-04,0.0646,0.1828,0.1416,0.2005,0.1299,baseline
CP-SYN-001,2026-03-05,0.0198,0.2907,0.1099,0.0522,0.1104,baseline
CP-SYN-001,2026-03-06,0.0507,0.1854,0.1355,0.3321,0.1436,baseline
CP-SYN-001,2026-03-07,0.0603,0.207,0.1145,0.1847,0.1265,baseline
CP-SYN-001,2026-03-08,0.0256,0.1318,0.0329,0.3788,0.1066,baseline
CP-SYN-001,2026-03-09,0.0823,0.2491,0.0699,0.2463,0.1461,baseline
CP-SYN-001,2026-03-10,0.0368,0.289,0.1263,0.4739,0.1833,baseline
CP-SYN-001,2026-03-11,0.0209,0.1819,0.037,0.1583,0.085,baseline
CP-SYN-001,2026-03-12,0.0453,0.1731,0.0744,0.1465,0.0983,baseline
CP-SYN-001,2026-03-13,0.0559,0.1773,0.1457,0.3551,0.1491,baseline
CP-SYN-001,2026-03-14,0.0106,0.2317,0.0701,0.4533,0.1442,baseline
CP-SYN-001,2026-03-15,0.0491,0.1597,0.0797,0.1499,0.098,baseline
CP-SYN-001,2026-03-16,0.0882,0.3695,0.0135,0.2748,0.1716,baseline
CP-SYN-001,2026-03-17,0.0467,0.1525,0.1609,0.4247,0.1527,baseline
CP-SYN-001,2026-03-18,0.0426,0.3657,0.1016,0.2758,0.1702,baseline
CP-SYN-001,2026-03-19,0.0584,0.1403,0.1727,0.3617,0.1472,baseline
CP-SYN-001,2026-03-20,0.0394,0.1852,0.0546,0.3263,0.1219,baseline
CP-SYN-001,2026-03-21,0.0112,0.2003,0.0741,0.3567,0.1229,baseline
CP-SYN-001,2026-03-22,0.0813,0.263,0.0939,0.229,0.1514,baseline
CP-SYN-001,2026-03-23,0.041,0.1987,0.1244,0.2432,0.1274,baseline
CP-SYN-001,2026-03-24,0.021,0.2139,0.1679,0.4872,0.1685,baseline
CP-SYN-001,2026-03-25,0.0738,0.1208,0.1704,0.2154,0.1261,baseline
CP-SYN-001,2026-03-26,0.0269,0.2342,0.031,0.3802,0.1325,baseline
CP-SYN-001,2026-03-27,0.0484,0.2319,0.0588,0.3846,0.1468,baseline
CP-SYN-001,2026-03-28,0.0654,0.1709,0.1473,0.034,0.1034,baseline
CP-SYN-001,2026-03-29,0.0609,0.1914,0.0603,0.3177,0.1319,baseline
CP-SYN-001,2026-03-30,0.065,0.141,0.094,0.2959,0.1244,baseline
CP-SYN-001,2026-03-31,0.0618,0.2981,0.0768,0.4317,0.1794,baseline
CP-SYN-001,2026-04-01,0.0109,0.2241,0.014,0.3072,0.1092,baseline
CP-SYN-001,2026-04-02,0.0717,0.3618,0.1025,0.2252,0.1734,baseline
CP-SYN-001,2026-04-03,0.0808,0.2033,0.1049,0.3917,0.1629,baseline
CP-SYN-001,2026-04-04,0.0828,0.0614,0.1026,0.2984,0.1137,baseline
CP-SYN-001,2026-04-05,0.0179,0.0701,0.0967,0.2536,0.0821,baseline
CP-SYN-001,2026-04-06,0.0283,0.189,0.0824,0.3018,0.1203,baseline
CP-SYN-001,2026-04-07,0.0973,0.1976,0.194,0.4244,0.1908,baseline
CP-SYN-001,2026-04-08,0.079,0.1417,0.0853,0.208,0.1153,baseline
CP-SYN-001,2026-04-09,0.0625,0.1946,0.1221,0.3303,0.1476,baseline
CP-SYN-001,2026-04-10,0.055,0.1714,0.0514,0.2558,0.1135,baseline
CP-SYN-001,2026-04-11,0.0715,0.1869,0.097,0.3868,0.1527,baseline
CP-SYN-001,2026-04-12,0.0646,0.082,0.096,0.2129,0.0975,baseline
CP-SYN-001,2026-04-13,0.0484,0.2312,0.1255,0.4664,0.1722,baseline
CP-SYN-001,2026-04-14,0.035,0.1764,0.1287,0.3962,0.1433,baseline
CP-SYN-001,2026-04-15,0.0191,0.2549,0.1333,0.285,0.1408,baseline
CP-SYN-001,2026-04-16,0.0416,0.2586,0.1214,0.3401,0.1566,baseline
CP-SYN-001,2026-04-17,0.028,0.0622,0.0953,0.2729,0.0868,baseline
CP-SYN-001,2026-04-18,0.0637,0.1388,0.1317,0.341,0.1377,baseline
CP-SYN-001,2026-04-19,0.0278,0.2756,0.0829,0.2304,0.1311,baseline
CP-SYN-001,2026-04-20,0.0575,0.1988,0.0547,0.362,0.138,baseline
CP-SYN-001,2026-04-21,0.0497,0.1393,0.0123,0.3426,0.1086,baseline
CP-SYN-001,2026-04-22,0.053,0.2096,0.1688,0.0509,0.115,baseline
CP-SYN-001,2026-04-23,0.0881,0.3091,0.051,0.4015,0.1829,baseline
CP-SYN-001,2026-04-24,0.0256,0.1166,0.0949,0.4828,0.1308,baseline
CP-SYN-001,2026-04-25,0.0609,0.204,0.1443,0.2378,0.1399,baseline
CP-SYN-001,2026-04-26,0.0949,0.3256,0.1215,0.2212,0.1769,baseline
CP-SYN-001,2026-04-27,0.0822,0.2236,0.1322,0.4137,0.1772,baseline
CP-SYN-001,2026-04-28,0.0631,0.1278,0.1745,0.3279,0.1413,baseline
CP-SYN-001,2026-04-29,0.0597,0.2492,0.1156,0.3748,0.1655,baseline
CP-SYN-001,2026-04-30,0.0559,0.1858,0.0725,0.2489,0.1206,baseline
CP-SYN-001,2026-05-01,0.0414,0.2792,0.0832,0.2889,0.1463,baseline
CP-SYN-001,2026-05-02,0.047,0.2427,0.1324,0.4974,0.1806,baseline
CP-SYN-001,2026-05-03,0.0082,0.1818,0.1287,0.1315,0.0942,baseline
CP-SYN-001,2026-05-04,0.1022,0.1907,0.0603,0.3971,0.1602,baseline
CP-SYN-001,2026-05-05,0.0,0.217,0.0504,0.2985,0.1091,baseline
CP-SYN-001,2026-05-06,0.0612,0.2634,0.1206,0.5086,0.1907,baseline
CP-SYN-001,2026-05-07,0.0519,0.1726,0.1613,0.2935,0.1402,baseline
CP-SYN-001,2026-05-08,0.0625,0.0,0.1227,0.2925,0.0934,baseline
CP-SYN-001,2026-05-09,0.037,0.1475,0.1452,0.0958,0.0951,baseline
CP-SYN-001,2026-05-10,0.1445,0.2923,0.1185,0.49,0.2281,baseline
CP-SYN-001,2026-05-11,0.0582,0.1284,0.1514,0.1364,0.1061,baseline
CP-SYN-001,2026-05-12,0.068,0.2958,0.1267,0.1549,0.1497,baseline
CP-SYN-001,2026-05-13,0.0562,0.1902,0.0629,0.0688,0.0929,baseline
CP-SYN-001,2026-05-14,0.0144,0.1599,0.1563,0.5753,0.1633,baseline
CP-SYN-001,2026-05-15,0.0757,0.1369,0.0789,0.4082,0.1415,baseline
CP-SYN-002,2025-05-16,0.0684,0.2313,0.1119,0.4199,0.1706,baseline
CP-SYN-002,2025-05-17,0.1171,0.2008,0.1079,0.3504,0.1712,baseline
CP-SYN-002,2025-05-18,0.0361,0.0246,0.1247,0.2266,0.0795,baseline
CP-SYN-002,2025-05-19,0.0895,0.2146,0.1749,0.2142,0.1566,baseline
CP-SYN-002,2025-05-20,0.0839,0.0695,0.1469,0.2763,0.1218,baseline
CP-SYN-002,2025-05-21,0.0781,0.1714,0.1341,0.3503,0.1535,baseline
CP-SYN-002,2025-05-22,0.0615,0.2354,0.184,0.2439,0.1568,baseline
CP-SYN-002,2025-05-23,0.0921,0.1717,0.1603,0.534,0.1919,baseline
CP-SYN-002,2025-05-24,0.0261,0.0275,0.1082,0.2308,0.0736,baseline
CP-SYN-002,2025-05-25,0.0342,0.1737,0.0733,0.4431,0.1382,baseline
CP-SYN-002,2025-05-26,0.0838,0.2927,0.2156,0.2229,0.1832,baseline
CP-SYN-002,2025-05-27,0.0,0.3619,0.1125,0.2944,0.1571,baseline
CP-SYN-002,2025-05-28,0.0,0.0919,0.1346,0.2857,0.0927,baseline
CP-SYN-002,2025-05-29,0.0,0.1248,0.1525,0.4279,0.1259,baseline
CP-SYN-002,2025-05-30,0.0564,0.4267,0.1513,0.481,0.2317,baseline
CP-SYN-002,2025-05-31,0.09,0.2665,0.033,0.14,0.1302,baseline
CP-SYN-002,2025-06-01,0.0278,0.2207,0.1001,0.3375,0.1369,baseline
CP-SYN-002,2025-06-02,0.0494,0.2382,0.1494,0.3008,0.1543,baseline
CP-SYN-002,2025-06-03,0.0414,0.0,0.1436,0.2227,0.0787,baseline
CP-SYN-002,2025-06-04,0.0227,0.2694,0.1459,0.368,0.1608,baseline
CP-SYN-002,2025-06-05,0.0786,0.1125,0.0885,0.245,0.114,baseline
CP-SYN-002,2025-06-06,0.1019,0.2691,0.0878,0.3841,0.1832,baseline
CP-SYN-002,2025-06-07,0.0612,0.1906,0.1233,0.3851,0.1546,baseline
CP-SYN-002,2025-06-08,0.0457,0.1,0.1177,0.2736,0.1079,baseline
CP-SYN-002,2025-06-09,0.0156,0.1385,0.0875,0.3027,0.1038,baseline
CP-SYN-002,2025-06-10,0.0669,0.183,0.1225,0.2627,0.1364,baseline
CP-SYN-002,2025-06-11,0.0664,0.2322,0.1285,0.4437,0.1769,baseline
CP-SYN-002,2025-06-12,0.0415,0.0725,0.0961,0.3809,0.1111,baseline
CP-SYN-002,2025-06-13,0.0507,0.2254,0.0139,0.2166,0.1119,baseline
CP-SYN-002,2025-06-14,0.0662,0.2622,0.0625,0.3367,0.155,baseline
CP-SYN-002,2025-06-15,0.0287,0.1078,0.1036,0.3217,0.1074,baseline
CP-SYN-002,2025-06-16,0.0619,0.2584,0.1839,0.3949,0.1854,baseline
CP-SYN-002,2025-06-17,0.0392,0.2752,0.0266,0.3101,0.1363,baseline
CP-SYN-002,2025-06-18,0.0816,0.2543,0.1414,0.491,0.1982,baseline
CP-SYN-002,2025-06-19,0.0278,0.2636,0.0953,0.4115,0.1578,baseline
CP-SYN-002,2025-06-20,0.0535,0.2626,0.1773,0.3631,0.177,baseline
CP-SYN-002,2025-06-21,0.0437,0.1706,0.0653,0.4038,0.1338,baseline
CP-SYN-002,2025-06-22,0.0894,0.1805,0.0095,0.2366,0.1183,baseline
CP-SYN-002,2025-06-23,0.063,0.1243,0.0021,0.2556,0.095,baseline
CP-SYN-002,2025-06-24,0.0,0.226,0.0799,0.306,0.1184,baseline
CP-SYN-002,2025-06-25,0.0889,0.1274,0.0,0.2972,0.112,baseline
CP-SYN-002,2025-06-26,0.0641,0.0856,0.0816,0.2653,0.1031,baseline
CP-SYN-002,2025-06-27,0.0508,0.1508,0.2332,0.2738,0.1457,baseline
CP-SYN-002,2025-06-28,0.0556,0.1612,0.0,0.4381,0.1283,baseline
CP-SYN-002,2025-06-29,0.0,0.3085,0.0339,0.1641,0.1085,baseline
CP-SYN-002,2025-06-30,0.0467,0.3757,0.116,0.2809,0.1779,baseline
CP-SYN-002,2025-07-01,0.027,0.2521,0.0815,0.3714,0.1458,baseline
CP-SYN-002,2025-07-02,0.0,0.2423,0.1159,0.164,0.1083,baseline
CP-SYN-002,2025-07-03,0.019,0.1882,0.0757,0.329,0.1191,baseline
CP-SYN-002,2025-07-04,0.007,0.1292,0.2057,0.2158,0.1086,baseline
CP-SYN-002,2025-07-05,0.0372,0.1858,0.0861,0.4207,0.1417,baseline
CP-SYN-002,2025-07-06,0.0328,0.2684,0.0572,0.3773,0.1483,baseline
CP-SYN-002,2025-07-07,0.0436,0.186,0.0956,0.355,0.1363,baseline
CP-SYN-002,2025-07-08,0.0142,0.1224,0.2019,0.3506,0.1292,baseline
CP-SYN-002,2025-07-09,0.0392,0.2514,0.097,0.0749,0.1091,baseline
CP-SYN-002,2025-07-10,0.0548,0.1903,0.1175,0.2225,0.1264,baseline
CP-SYN-002,2025-07-11,0.0434,0.2914,0.0925,0.2571,0.1473,baseline
CP-SYN-002,2025-07-12,0.061,0.1685,0.1534,0.2825,0.1396,baseline
CP-SYN-002,2025-07-13,0.0609,0.1437,0.0376,0.3719,0.1236,baseline
CP-SYN-002,2025-07-14,0.0579,0.251,0.1368,0.1531,0.1362,baseline
CP-SYN-002,2025-07-15,0.0536,0.0395,0.126,0.1914,0.0852,baseline
CP-SYN-002,2025-07-16,0.064,0.2581,0.073,0.2977,0.1494,baseline
CP-SYN-002,2025-07-17,0.0867,0.0677,0.1322,0.3118,0.1248,baseline
CP-SYN-002,2025-07-18,0.0784,0.0678,0.1002,0.4104,0.1299,baseline
CP-SYN-002,2025-07-19,0.0908,0.1385,0.086,0.4841,0.1608,baseline
CP-SYN-002,2025-07-20,0.0074,0.1963,0.1089,0.3175,0.1214,baseline
CP-SYN-002,2025-07-21,0.022,0.2772,0.1444,0.4816,0.1792,baseline
CP-SYN-002,2025-07-22,0.0262,0.1615,0.1548,0.4815,0.154,baseline
CP-SYN-002,2025-07-23,0.0497,0.0778,0.0892,0.3965,0.1166,baseline
CP-SYN-002,2025-07-24,0.0703,0.289,0.1962,0.2569,0.1782,baseline
CP-SYN-002,2025-07-25,0.0229,0.1038,0.0939,0.4019,0.1142,baseline
CP-SYN-002,2025-07-26,0.1018,0.2175,0.1007,0.2867,0.1583,baseline
CP-SYN-002,2025-07-27,0.0868,0.139,0.0948,0.2923,0.1323,baseline
CP-SYN-002,2025-07-28,0.0492,0.3447,0.0554,0.5455,0.1987,baseline
CP-SYN-002,2025-07-29,0.0303,0.1344,0.067,0.3649,0.1138,baseline
CP-SYN-002,2025-07-30,0.0496,0.2897,0.0588,0.1327,0.1239,baseline
CP-SYN-002,2025-07-31,0.0389,0.2224,0.0265,0.2893,0.1198,baseline
CP-SYN-002,2025-08-01,0.0661,0.1355,0.0588,0.1905,0.1006,baseline
CP-SYN-002,2025-08-02,0.0457,0.2365,0.2374,0.4165,0.1874,baseline
CP-SYN-002,2025-08-03,0.0121,0.0771,0.0945,0.4572,0.1116,baseline
CP-SYN-002,2025-08-04,0.0697,0.1578,0.1501,0.4377,0.163,baseline
CP-SYN-002,2025-08-05,0.0939,0.1147,0.1219,0.1719,0.1164,baseline
CP-SYN-002,2025-08-06,0.0258,0.0977,0.0869,0.1564,0.0756,baseline
CP-SYN-002,2025-08-07,0.0732,0.199,0.0568,0.3485,0.1427,baseline
CP-SYN-002,2025-08-08,0.0959,0.2276,0.0708,0.2716,0.1502,baseline
CP-SYN-002,2025-08-09,0.0469,0.1439,0.0144,0.2622,0.0969,baseline
CP-SYN-002,2025-08-10,0.0873,0.1338,0.0035,0.2911,0.1127,baseline
CP-SYN-002,2025-08-11,0.0831,0.0622,0.1095,0.3411,0.1219,baseline
CP-SYN-002,2025-08-12,0.0661,0.2446,0.1304,0.1416,0.1349,baseline
CP-SYN-002,2025-08-13,0.0685,0.3102,0.0889,0.3371,0.1733,baseline
CP-SYN-002,2025-08-14,0.0196,0.3042,0.0691,0.4649,0.1674,baseline
CP-SYN-002,2025-08-15,0.0386,0.2542,0.0733,0.4878,0.1668,baseline
CP-SYN-002,2025-08-16,0.0,0.2295,0.0,0.1795,0.0843,baseline
CP-SYN-002,2025-08-17,0.1068,0.2726,0.0,0.2994,0.1558,baseline
CP-SYN-002,2025-08-18,0.0314,0.2456,0.1925,0.3654,0.1673,baseline
CP-SYN-002,2025-08-19,0.063,0.2406,0.0454,0.3701,0.15,baseline
CP-SYN-002,2025-08-20,0.0776,0.151,0.0679,0.445,0.1491,baseline
CP-SYN-002,2025-08-21,0.0563,0.109,0.0788,0.2542,0.1037,baseline
CP-SYN-002,2025-08-22,0.0481,0.1942,0.0875,0.4674,0.1554,baseline
CP-SYN-002,2025-08-23,0.075,0.3186,0.0153,0.3111,0.1594,baseline
CP-SYN-002,2025-08-24,0.0852,0.258,0.066,0.2244,0.1455,baseline
CP-SYN-002,2025-08-25,0.0788,0.183,0.1324,0.3157,0.1511,baseline
CP-SYN-002,2025-08-26,0.0465,0.2096,0.0585,0.4701,0.1532,baseline
CP-SYN-002,2025-08-27,0.0664,0.3119,0.0735,0.2459,0.1562,baseline
CP-SYN-002,2025-08-28,0.0404,0.1311,0.1339,0.3713,0.1314,baseline
CP-SYN-002,2025-08-29,0.0346,0.1744,0.1188,0.2247,0.1149,baseline
CP-SYN-002,2025-08-30,0.0377,0.3248,0.0627,0.2483,0.1461,baseline
CP-SYN-002,2025-08-31,0.1251,0.0299,0.0408,0.4797,0.1376,baseline
CP-SYN-002,2025-09-01,0.0377,0.24,0.206,0.2283,0.1505,baseline
CP-SYN-002,2025-09-02,0.0323,0.2329,0.0962,0.2475,0.1275,baseline
CP-SYN-002,2025-09-03,0.046,0.0937,0.1233,0.3834,0.124,baseline
CP-SYN-002,2025-09-04,0.0452,0.1821,0.1274,0.2462,0.126,baseline
CP-SYN-002,2025-09-05,0.0408,0.1945,0.1736,0.2951,0.1439,baseline
CP-SYN-002,2025-09-06,0.0466,0.1869,0.0808,0.2035,0.112,baseline
CP-SYN-002,2025-09-07,0.0224,0.2688,0.0715,0.3092,0.1369,baseline
CP-SYN-002,2025-09-08,0.0357,0.0938,0.0768,0.4397,0.119,baseline
CP-SYN-002,2025-09-09,0.0376,0.1459,0.0786,0.2665,0.1072,baseline
CP-SYN-002,2025-09-10,0.0569,0.1671,0.0951,0.2509,0.1212,baseline
CP-SYN-002,2025-09-11,0.0607,0.2249,0.1106,0.3633,0.1571,baseline
CP-SYN-002,2025-09-12,0.047,0.297,0.1233,0.4488,0.185,baseline
CP-SYN-002,2025-09-13,0.0476,0.2218,0.0659,0.3016,0.1329,baseline
CP-SYN-002,2025-09-14,0.0745,0.1708,0.1746,0.3026,0.1528,baseline
CP-SYN-002,2025-09-15,0.0975,0.1161,0.0862,0.2504,0.1228,baseline
CP-SYN-002,2025-09-16,0.0803,0.2514,0.0962,0.2544,0.1524,baseline
CP-SYN-002,2025-09-17,0.0492,0.258,0.1418,0.294,0.1566,baseline
CP-SYN-002,2025-09-18,0.0366,0.2082,0.1065,0.3253,0.1368,baseline
CP-SYN-002,2025-09-19,0.0364,0.3392,0.0686,0.4512,0.1808,baseline
CP-SYN-002,2025-09-20,0.0918,0.2758,0.1937,0.3556,0.1977,baseline
CP-SYN-002,2025-09-21,0.0405,0.1582,0.0664,0.3837,0.1266,baseline
CP-SYN-002,2025-09-22,0.0056,0.0862,0.1766,0.4013,0.1193,baseline
CP-SYN-002,2025-09-23,0.0624,0.2739,0.1387,0.2813,0.1634,baseline
CP-SYN-002,2025-09-24,0.0059,0.3026,0.1223,0.1624,0.1269,baseline
CP-SYN-002,2025-09-25,0.0543,0.1625,0.0942,0.2672,0.1213,baseline
CP-SYN-002,2025-09-26,0.0665,0.1833,0.0423,0.3673,0.136,baseline
CP-SYN-002,2025-09-27,0.0646,0.0859,0.1205,0.3888,0.1297,baseline
CP-SYN-002,2025-09-28,0.0454,0.215,0.0618,0.125,0.103,baseline
CP-SYN-002,2025-09-29,0.0657,0.193,0.1215,0.2765,0.1403,baseline
CP-SYN-002,2025-09-30,0.0422,0.213,0.0968,0.3866,0.1475,baseline
CP-SYN-002,2025-10-01,0.0373,0.0844,0.1072,0.1697,0.0829,baseline
CP-SYN-002,2025-10-02,0.0,0.1123,0.0781,0.2204,0.0767,baseline
CP-SYN-002,2025-10-03,0.0039,0.182,0.1608,0.3829,0.1367,baseline
CP-SYN-002,2025-10-04,0.0502,0.2737,0.078,0.2118,0.1359,baseline
CP-SYN-002,2025-10-05,0.0704,0.1133,0.1167,0.2974,0.1244,baseline
CP-SYN-002,2025-10-06,0.0391,0.1634,0.1569,0.1411,0.109,baseline
CP-SYN-002,2025-10-07,0.0581,0.1769,0.0629,0.3039,0.1256,baseline
CP-SYN-002,2025-10-08,0.0595,0.1952,0.1123,0.4415,0.1613,baseline
CP-SYN-002,2025-10-09,0.032,0.2334,0.0131,0.3457,0.1256,baseline
CP-SYN-002,2025-10-10,0.0,0.2505,0.0762,0.3164,0.1253,baseline
CP-SYN-002,2025-10-11,0.0063,0.2019,0.1412,0.362,0.1356,baseline
CP-SYN-002,2025-10-12,0.0495,0.1995,0.1573,0.3736,0.1572,baseline
CP-SYN-002,2025-10-13,0.0313,0.1536,0.066,0.2964,0.1086,baseline
CP-SYN-002,2025-10-14,0.0152,0.0273,0.0891,0.3253,0.0795,baseline
CP-SYN-002,2025-10-15,0.0556,0.2868,0.0354,0.2487,0.1383,baseline
CP-SYN-002,2025-10-16,0.0067,0.2197,0.0948,0.2519,0.1143,baseline
CP-SYN-002,2025-10-17,0.0512,0.1434,0.0489,0.4581,0.1348,baseline
CP-SYN-002,2025-10-18,0.0743,0.1853,0.0229,0.2786,0.1224,baseline
CP-SYN-002,2025-10-19,0.0672,0.2136,0.1505,0.4227,0.1738,baseline
CP-SYN-002,2025-10-20,0.0475,0.1626,0.0753,0.2587,0.1135,baseline
CP-SYN-002,2025-10-21,0.0771,0.1661,0.016,0.3465,0.1275,baseline
CP-SYN-002,2025-10-22,0.047,0.1626,0.0018,0.417,0.1224,baseline
CP-SYN-002,2025-10-23,0.0709,0.109,0.1076,0.1916,0.1059,baseline
CP-SYN-002,2025-10-24,0.0092,0.0321,0.139,0.388,0.0977,baseline
CP-SYN-002,2025-10-25,0.0407,0.1952,0.1877,0.2245,0.1363,baseline
CP-SYN-002,2025-10-26,0.0145,0.2102,0.1275,0.2703,0.1244,baseline
CP-SYN-002,2025-10-27,0.0072,0.1386,0.1343,0.3715,0.1201,baseline
CP-SYN-002,2025-10-28,0.0,0.1022,0.0507,0.2975,0.0803,baseline
CP-SYN-002,2025-10-29,0.1162,0.1771,0.1031,0.2203,0.1444,baseline
CP-SYN-002,2025-10-30,0.1276,0.1518,0.0744,0.3156,0.1512,baseline
CP-SYN-002,2025-10-31,0.0103,0.2647,0.0996,0.2157,0.1226,baseline
CP-SYN-002,2025-11-01,0.0321,0.0485,0.0722,0.0725,0.0503,baseline
CP-SYN-002,2025-11-02,0.0365,0.1604,0.0706,0.2417,0.1051,baseline
CP-SYN-002,2025-11-03,0.0247,0.2987,0.172,0.283,0.1614,baseline
CP-SYN-002,2025-11-04,0.0843,0.1755,0.0849,0.2171,0.1271,baseline
CP-SYN-002,2025-11-05,0.0709,0.2494,0.0355,0.316,0.1452,baseline
CP-SYN-002,2025-11-06,0.0345,0.1278,0.0987,0.1081,0.0817,baseline
CP-SYN-002,2025-11-07,0.037,0.3512,0.1218,0.1864,0.1549,baseline
CP-SYN-002,2025-11-08,0.0666,0.2071,0.084,0.2414,0.1314,baseline
CP-SYN-002,2025-11-09,0.05,0.1526,0.0913,0.374,0.1325,baseline
CP-SYN-002,2025-11-10,0.0745,0.0963,0.0766,0.4607,0.1383,baseline
CP-SYN-002,2025-11-11,0.1039,0.2296,0.1805,0.4208,0.1982,baseline
CP-SYN-002,2025-11-12,0.046,0.0403,0.0969,0.1718,0.0736,baseline
CP-SYN-002,2025-11-13,0.0541,0.3397,0.1124,0.2215,0.1623,baseline
CP-SYN-002,2025-11-14,0.0149,0.043,0.0047,0.4627,0.0871,baseline
CP-SYN-002,2025-11-15,0.0757,0.1895,0.0924,0.2948,0.1403,baseline
CP-SYN-002,2025-11-16,0.0496,0.3114,0.1195,0.1018,0.1369,baseline
CP-SYN-002,2025-11-17,0.0818,0.0456,0.0797,0.1614,0.0843,baseline
CP-SYN-002,2025-11-18,0.0512,0.0994,0.0311,0.1953,0.0809,baseline
CP-SYN-002,2025-11-19,0.0744,0.1851,0.1334,0.436,0.1681,baseline
CP-SYN-002,2025-11-20,0.0572,0.2456,0.0515,0.2915,0.1383,baseline
CP-SYN-002,2025-11-21,0.0155,0.2443,0.1453,0.3966,0.1558,baseline
CP-SYN-002,2025-11-22,0.0492,0.2716,0.0927,0.2439,0.1427,baseline
CP-SYN-002,2025-11-23,0.0651,0.2581,0.2102,0.3729,0.1885,baseline
CP-SYN-002,2025-11-24,0.017,0.1218,0.0349,0.3077,0.0904,baseline
CP-SYN-002,2025-11-25,0.017,0.309,0.0854,0.3642,0.1558,baseline
CP-SYN-002,2025-11-26,0.0546,0.2275,0.0482,0.2967,0.1328,baseline
CP-SYN-002,2025-11-27,0.0372,0.1919,0.1062,0.3681,0.1393,baseline
CP-SYN-002,2025-11-28,0.036,0.2659,0.1165,0.4639,0.1738,baseline
CP-SYN-002,2025-11-29,0.0,0.1486,0.1629,0.0479,0.0769,baseline
CP-SYN-002,2025-11-30,0.0945,0.2066,0.0,0.3726,0.1453,baseline
CP-SYN-002,2025-12-01,0.0184,0.127,0.1732,0.2613,0.113,baseline
CP-SYN-002,2025-12-02,0.0212,0.3606,0.1465,0.2665,0.1679,baseline
CP-SYN-002,2025-12-03,0.0263,0.1837,0.1789,0.2017,0.1225,baseline
CP-SYN-002,2025-12-04,0.0118,0.302,0.0859,0.31,0.1439,baseline
CP-SYN-002,2025-12-05,0.0657,0.1688,0.0,0.2788,0.1103,baseline
CP-SYN-002,2025-12-06,0.0872,0.3738,0.0941,0.2971,0.1917,baseline
CP-SYN-002,2025-12-07,0.091,0.2477,0.1148,0.1021,0.1366,baseline
CP-SYN-002,2025-12-08,0.0375,0.2172,0.0243,0.2634,0.1137,baseline
CP-SYN-002,2025-12-09,0.1013,0.1794,0.0283,0.1113,0.1077,baseline
CP-SYN-002,2025-12-10,0.0497,0.1538,0.0566,0.3228,0.118,baseline
CP-SYN-002,2025-12-11,0.0585,0.214,0.1175,0.1771,0.127,baseline
CP-SYN-002,2025-12-12,0.0308,0.1739,0.0973,0.399,0.1351,baseline
CP-SYN-002,2025-12-13,0.0282,0.1378,0.1744,0.3158,0.128,baseline
CP-SYN-002,2025-12-14,0.0081,0.1751,0.0382,0.1863,0.0826,baseline
CP-SYN-002,2025-12-15,0.01,0.1363,0.203,0.401,0.1388,baseline
CP-SYN-002,2025-12-16,0.0915,0.287,0.0933,0.3403,0.178,baseline
CP-SYN-002,2025-12-17,0.0531,0.1146,0.0419,0.39,0.1168,baseline
CP-SYN-002,2025-12-18,0.0134,0.2161,0.1326,0.3753,0.1422,baseline
CP-SYN-002,2025-12-19,0.0611,0.1039,0.127,0.2862,0.1187,baseline
CP-SYN-002,2025-12-20,0.0207,0.0409,0.1226,0.1448,0.0647,baseline
CP-SYN-002,2025-12-21,0.0,0.3398,0.0399,0.258,0.1316,baseline
CP-SYN-002,2025-12-22,0.0522,0.2056,0.049,0.2292,0.1164,baseline
CP-SYN-002,2025-12-23,0.0742,0.1777,0.0988,0.0837,0.1064,baseline
CP-SYN-002,2025-12-24,0.0328,0.2686,0.0635,0.2048,0.1237,baseline
CP-SYN-002,2025-12-25,0.0612,0.2479,0.1167,0.2434,0.1463,baseline
CP-SYN-002,2025-12-26,0.0725,0.3303,0.1585,0.1437,0.1648,baseline
CP-SYN-002,2025-12-27,0.1379,0.094,0.0387,0.3304,0.1359,baseline
CP-SYN-002,2025-12-28,0.0472,0.2289,0.1656,0.3931,0.1682,baseline
CP-SYN-002,2025-12-29,0.0232,0.2058,0.1506,0.4053,0.1516,baseline
CP-SYN-002,2025-12-30,0.0837,0.2654,0.1354,0.2486,0.1642,baseline
CP-SYN-002,2025-12-31,0.0105,0.2338,0.0773,0.4245,0.1418,baseline
CP-SYN-002,2026-01-01,0.0238,0.1695,0.0786,0.3967,0.1271,baseline
CP-SYN-002,2026-01-02,0.0725,0.2018,0.1146,0.4615,0.1716,baseline
CP-SYN-002,2026-01-03,0.0,0.2598,0.154,0.4214,0.159,baseline
CP-SYN-002,2026-01-04,0.0741,0.1381,0.073,0.3662,0.1337,baseline
CP-SYN-002,2026-01-05,0.0323,0.1841,0.0247,0.1808,0.091,baseline
CP-SYN-002,2026-01-06,0.0604,0.1659,0.0621,0.2812,0.1202,baseline
CP-SYN-002,2026-01-07,0.059,0.1791,0.1086,0.3088,0.1364,baseline
CP-SYN-002,2026-01-08,0.0425,0.1991,0.0556,0.2498,0.1154,baseline
CP-SYN-002,2026-01-09,0.0,0.1067,0.0406,0.2601,0.0738,baseline
CP-SYN-002,2026-01-10,0.0839,0.1993,0.1075,0.2058,0.1358,baseline
CP-SYN-002,2026-01-11,0.0586,0.3357,0.0956,0.2175,0.1591,baseline
CP-SYN-002,2026-01-12,0.015,0.221,0.0529,0.3713,0.1276,baseline
CP-SYN-002,2026-01-13,0.0196,0.0675,0.124,0.1706,0.0751,baseline
CP-SYN-002,2026-01-14,0.0682,0.283,0.0704,0.3208,0.1602,baseline
CP-SYN-002,2026-01-15,0.0918,0.1628,0.1799,0.2671,0.1535,baseline
CP-SYN-002,2026-01-16,0.0219,0.2078,0.1113,0.4134,0.145,baseline
CP-SYN-002,2026-01-17,0.0766,0.2296,0.1328,0.3181,0.1623,baseline
CP-SYN-002,2026-01-18,0.0738,0.1585,0.0459,0.3209,0.1264,baseline
CP-SYN-002,2026-01-19,0.1307,0.2646,0.065,0.4394,0.1973,baseline
CP-SYN-002,2026-01-20,0.0,0.1798,0.1199,0.2327,0.1038,baseline
CP-SYN-002,2026-01-21,0.0322,0.1864,0.0729,0.2216,0.1073,baseline
CP-SYN-002,2026-01-22,0.0175,0.0752,0.0517,0.2898,0.0796,baseline
CP-SYN-002,2026-01-23,0.0802,0.1469,0.0394,0.4605,0.1458,baseline
CP-SYN-002,2026-01-24,0.0157,0.2076,0.0532,0.2281,0.103,baseline
CP-SYN-002,2026-01-25,0.0616,0.2369,0.1636,0.3669,0.1716,baseline
CP-SYN-002,2026-01-26,0.0546,0.25,0.0485,0.4211,0.1572,baseline
CP-SYN-002,2026-01-27,0.066,0.2392,0.1299,0.152,0.135,baseline
CP-SYN-002,2026-01-28,0.016,0.2106,0.1072,0.3575,0.1341,baseline
CP-SYN-002,2026-01-29,0.0532,0.1852,0.1629,0.335,0.1504,baseline
CP-SYN-002,2026-01-30,0.0724,0.2956,0.1632,0.3318,0.1853,baseline
CP-SYN-002,2026-01-31,0.0718,0.2213,0.1536,0.5281,0.194,baseline
CP-SYN-002,2026-02-01,0.0187,0.1398,0.1792,0.3186,0.126,baseline
CP-SYN-002,2026-02-02,0.0371,0.1445,0.1469,0.356,0.1337,baseline
CP-SYN-002,2026-02-03,0.1102,0.1927,0.1451,0.4654,0.1911,baseline
CP-SYN-002,2026-02-04,0.007,0.1157,0.1136,0.2427,0.0909,baseline
CP-SYN-002,2026-02-05,0.0374,0.1471,0.0926,0.2096,0.1017,baseline
CP-SYN-002,2026-02-06,0.0116,0.2308,0.1062,0.3979,0.1433,baseline
CP-SYN-002,2026-02-07,0.0657,0.2339,0.1376,0.2085,0.1435,baseline
CP-SYN-002,2026-02-08,0.035,0.222,0.1467,0.3647,0.1536,baseline
CP-SYN-002,2026-02-09,0.0436,0.1851,0.1125,0.1844,0.1139,baseline
CP-SYN-002,2026-02-10,0.0755,0.2618,0.1465,0.3993,0.1848,baseline
CP-SYN-002,2026-02-11,0.0799,0.0493,0.1113,0.157,0.0901,baseline
CP-SYN-002,2026-02-12,0.0214,0.1894,0.1592,0.3331,0.1377,baseline
CP-SYN-002,2026-02-13,0.0569,0.3428,0.1121,0.205,0.1617,baseline
CP-SYN-002,2026-02-14,0.0082,0.1302,0.1056,0.1459,0.0788,baseline
CP-SYN-002,2026-02-15,0.0631,0.2247,0.064,0.3104,0.1408,baseline
CP-SYN-002,2026-02-16,0.0655,0.1494,0.1366,0.2283,0.1251,baseline
CP-SYN-002,2026-02-17,0.0676,0.3166,0.1161,0.1727,0.1553,baseline
CP-SYN-002,2026-02-18,0.0527,0.2065,0.0569,0.1741,0.1102,baseline
CP-SYN-002,2026-02-19,0.0386,0.2695,0.1409,0.42,0.174,baseline
CP-SYN-002,2026-02-20,0.0487,0.3572,0.0577,0.3441,0.1719,baseline
CP-SYN-002,2026-02-21,0.0428,0.3193,0.1016,0.1968,0.1468,baseline
CP-SYN-002,2026-02-22,0.0573,0.1102,0.0564,0.3926,0.1206,baseline
CP-SYN-002,2026-02-23,0.0494,0.2684,0.0563,0.4297,0.1626,baseline
CP-SYN-002,2026-02-24,0.0447,0.0434,0.0552,0.1603,0.0638,baseline
CP-SYN-002,2026-02-25,0.0061,0.2408,0.1183,0.3591,0.1402,baseline
CP-SYN-002,2026-02-26,0.0279,0.2425,0.0266,0.2517,0.1149,baseline
CP-SYN-002,2026-02-27,0.0452,0.1544,0.105,0.2977,0.1224,baseline
CP-SYN-002,2026-02-28,0.0641,0.2243,0.1478,0.252,0.1491,baseline
CP-SYN-002,2026-03-01,0.0695,0.2222,0.1122,0.3134,0.1528,baseline
CP-SYN-002,2026-03-02,0.0,0.3534,0.0542,0.2204,0.1322,baseline
CP-SYN-002,2026-03-03,0.0403,0.0952,0.1873,0.238,0.1131,baseline
CP-SYN-002,2026-03-04,0.0295,0.1336,0.1219,0.4396,0.1355,baseline
CP-SYN-002,2026-03-05,0.0582,0.1381,0.1661,0.3284,0.1403,baseline
CP-SYN-002,2026-03-06,0.0283,0.1942,0.1066,0.3237,0.1298,baseline
CP-SYN-002,2026-03-07,0.05,0.2019,0.1931,0.5834,0.1966,baseline
CP-SYN-002,2026-03-08,0.0552,0.1266,0.0475,0.3813,0.1204,baseline
CP-SYN-002,2026-03-09,0.0013,0.1855,0.1197,0.3182,0.1185,baseline
CP-SYN-002,2026-03-10,0.0379,0.347,0.1398,0.2529,0.1678,baseline
CP-SYN-002,2026-03-11,0.0735,0.1853,0.0742,0.2592,0.1294,baseline
CP-SYN-002,2026-03-12,0.0855,0.1553,0.0964,0.402,0.1526,baseline
CP-SYN-002,2026-03-13,0.0591,0.2192,0.0667,0.5331,0.1718,baseline
CP-SYN-002,2026-03-14,0.0745,0.0105,0.1652,0.1714,0.0912,baseline
CP-SYN-002,2026-03-15,0.0088,0.1442,0.1629,0.2728,0.1131,baseline
CP-SYN-002,2026-03-16,0.0563,0.0664,0.1538,0.2733,0.1109,baseline
CP-SYN-002,2026-03-17,0.0113,0.226,0.1245,0.3085,0.1322,baseline
CP-SYN-002,2026-03-18,0.0887,0.2467,0.1751,0.2945,0.1764,baseline
CP-SYN-002,2026-03-19,0.0533,0.2691,0.1579,0.2667,0.1602,baseline
CP-SYN-002,2026-03-20,0.1066,0.2092,0.1002,0.3442,0.1666,baseline
CP-SYN-002,2026-03-21,0.0243,0.0683,0.2028,0.4064,0.1283,baseline
CP-SYN-002,2026-03-22,0.0223,0.211,0.1312,0.2512,0.1256,baseline
CP-SYN-002,2026-03-23,0.093,0.1604,0.1496,0.237,0.1428,baseline
CP-SYN-002,2026-03-24,0.0652,0.324,0.1237,0.2512,0.1695,baseline
CP-SYN-002,2026-03-25,0.0566,0.258,0.0786,0.2605,0.142,baseline
CP-SYN-002,2026-03-26,0.1029,0.3118,0.0668,0.1682,0.1577,baseline
CP-SYN-002,2026-03-27,0.0115,0.1108,0.0858,0.2924,0.0933,baseline
CP-SYN-002,2026-03-28,0.0085,0.2124,0.0,0.314,0.1036,baseline
CP-SYN-002,2026-03-29,0.0982,0.1028,0.0,0.3167,0.1125,baseline
CP-SYN-002,2026-03-30,0.071,0.1673,0.1114,0.4291,0.1569,baseline
CP-SYN-002,2026-03-31,0.1007,0.2478,0.0382,0.3169,0.1574,baseline
CP-SYN-002,2026-04-01,0.02,0.1988,0.0879,0.2429,0.1117,baseline
CP-SYN-002,2026-04-02,0.0959,0.1818,0.026,0.338,0.1397,baseline
CP-SYN-002,2026-04-03,0.0706,0.2041,0.0613,0.2568,0.13,baseline
CP-SYN-002,2026-04-04,0.0323,0.1596,0.0649,0.2779,0.1075,baseline
CP-SYN-002,2026-04-05,0.0093,0.2197,0.0609,0.3877,0.129,baseline
CP-SYN-002,2026-04-06,0.0614,0.3205,0.0318,0.4411,0.1772,baseline
CP-SYN-002,2026-04-07,0.0465,0.2495,0.1445,0.3961,0.1693,baseline
CP-SYN-002,2026-04-08,0.0518,0.2364,0.0954,0.3728,0.1548,baseline
CP-SYN-002,2026-04-09,0.0232,0.2324,0.177,0.5006,0.1779,baseline
CP-SYN-002,2026-04-10,0.082,0.3169,0.1262,0.4054,0.1981,baseline
CP-SYN-002,2026-04-11,0.1084,0.1957,0.0206,0.283,0.1388,baseline
CP-SYN-002,2026-04-12,0.0556,0.1341,0.0401,0.2507,0.1014,baseline
CP-SYN-002,2026-04-13,0.0131,0.273,0.1852,0.3675,0.1657,baseline
CP-SYN-002,2026-04-14,0.0082,0.2166,0.0571,0.328,0.118,baseline
CP-SYN-002,2026-04-15,0.0253,0.2786,0.1351,0.2679,0.147,baseline
CP-SYN-002,2026-04-16,0.0651,0.2051,0.1864,0.1098,0.1311,baseline
CP-SYN-002,2026-04-17,0.0624,0.2994,0.0817,0.2501,0.1537,baseline
CP-SYN-002,2026-04-18,0.0553,0.1264,0.0732,0.1976,0.098,baseline
CP-SYN-002,2026-04-19,0.0447,0.0326,0.0699,0.3558,0.0934,baseline
CP-SYN-002,2026-04-20,0.0386,0.167,0.1449,0.4578,0.1549,baseline
CP-SYN-002,2026-04-21,0.0279,0.2964,0.0125,0.2154,0.1201,baseline
CP-SYN-002,2026-04-22,0.0661,0.2206,0.106,0.3865,0.1607,baseline
CP-SYN-002,2026-04-23,0.0439,0.261,0.0756,0.2373,0.1335,baseline
CP-SYN-002,2026-04-24,0.0,0.2541,0.0566,0.4008,0.135,baseline
CP-SYN-002,2026-04-25,0.0803,0.1822,0.1044,0.3198,0.1465,baseline
CP-SYN-002,2026-04-26,0.0438,0.0833,0.1723,0.2432,0.1093,baseline
CP-SYN-002,2026-04-27,0.0659,0.2233,0.1145,0.3219,0.1534,baseline
CP-SYN-002,2026-04-28,0.0774,0.1303,0.1496,0.3166,0.1409,baseline
CP-SYN-002,2026-04-29,0.0512,0.1668,0.0977,0.3579,0.1354,baseline
CP-SYN-002,2026-04-30,0.0148,0.0624,0.0863,0.3702,0.0943,baseline
CP-SYN-002,2026-05-01,0.041,0.3097,0.1648,0.4403,0.1928,baseline
CP-SYN-002,2026-05-02,0.0936,0.2211,0.1283,0.2318,0.1531,baseline
CP-SYN-002,2026-05-03,0.0,0.2324,0.0614,0.2799,0.1124,baseline
CP-SYN-002,2026-05-04,0.0,0.2718,0.0899,0.2409,0.1221,baseline
CP-SYN-002,2026-05-05,0.0154,0.135,0.0577,0.2029,0.0819,baseline
CP-SYN-002,2026-05-06,0.0076,0.1832,0.0831,0.3859,0.1234,baseline
CP-SYN-002,2026-05-07,0.0,0.1643,0.0554,0.3341,0.1023,baseline
CP-SYN-002,2026-05-08,0.0484,0.2679,0.1919,0.3001,0.1697,baseline
CP-SYN-002,2026-05-09,0.0659,0.14,0.0937,0.3025,0.1255,baseline
CP-SYN-002,2026-05-10,0.1142,0.1088,0.0933,0.3019,0.1368,baseline
CP-SYN-002,2026-05-11,0.0274,0.2282,0.1007,0.312,0.1349,baseline
CP-SYN-002,2026-05-12,0.0283,0.2588,0.0535,0.2628,0.1261,baseline
CP-SYN-002,2026-05-13,0.0754,0.3118,0.0625,0.3623,0.175,baseline
CP-SYN-002,2026-05-14,0.0474,0.2835,0.1056,0.4697,0.1814,baseline
CP-SYN-002,2026-05-15,0.096,0.1221,0.0837,0.2249,0.1194,baseline
CP-SYN-007,2025-05-16,0.0564,0.1298,0.0391,0.3793,0.1197,gradual_sanctions_buildup
CP-SYN-007,2025-05-17,0.0,0.2395,0.0787,0.259,0.1145,gradual_sanctions_buildup
CP-SYN-007,2025-05-18,0.1165,0.2511,0.1097,0.288,0.1745,gradual_sanctions_buildup
CP-SYN-007,2025-05-19,0.0078,0.108,0.0131,0.2882,0.076,gradual_sanctions_buildup
CP-SYN-007,2025-05-20,0.0105,0.1946,0.0806,0.3578,0.1226,gradual_sanctions_buildup
CP-SYN-007,2025-05-21,0.0538,0.182,0.0927,0.2031,0.116,gradual_sanctions_buildup
CP-SYN-007,2025-05-22,0.0621,0.1996,0.2035,0.4093,0.1768,gradual_sanctions_buildup
CP-SYN-007,2025-05-23,0.0556,0.2935,0.0437,0.2432,0.1408,gradual_sanctions_buildup
CP-SYN-007,2025-05-24,0.0076,0.264,0.1352,0.1998,0.126,gradual_sanctions_buildup
CP-SYN-007,2025-05-25,0.0822,0.2287,0.0467,0.2835,0.1419,gradual_sanctions_buildup
CP-SYN-007,2025-05-26,0.0431,0.351,0.09,0.3721,0.1788,gradual_sanctions_buildup
CP-SYN-007,2025-05-27,0.0522,0.3366,0.0643,0.3841,0.1755,gradual_sanctions_buildup
CP-SYN-007,2025-05-28,0.0498,0.1604,0.1046,0.4622,0.1503,gradual_sanctions_buildup
CP-SYN-007,2025-05-29,0.0708,0.1482,0.0645,0.3952,0.1375,gradual_sanctions_buildup
CP-SYN-007,2025-05-30,0.0875,0.1405,0.0569,0.233,0.1165,gradual_sanctions_buildup
CP-SYN-007,2025-05-31,0.016,0.2507,0.112,0.2542,0.1296,gradual_sanctions_buildup
CP-SYN-007,2025-06-01,0.0,0.1676,0.0446,0.3727,0.1067,gradual_sanctions_buildup
CP-SYN-007,2025-06-02,0.0651,0.2474,0.09,0.3845,0.1636,gradual_sanctions_buildup
CP-SYN-007,2025-06-03,0.0773,0.241,0.1651,0.2862,0.1671,gradual_sanctions_buildup
CP-SYN-007,2025-06-04,0.0153,0.0981,0.1827,0.1797,0.0941,gradual_sanctions_buildup
CP-SYN-007,2025-06-05,0.0651,0.204,0.0947,0.4267,0.16,gradual_sanctions_buildup
CP-SYN-007,2025-06-06,0.0948,0.144,0.1092,0.3188,0.1436,gradual_sanctions_buildup
CP-SYN-007,2025-06-07,0.0083,0.2511,0.1266,0.2966,0.1359,gradual_sanctions_buildup
CP-SYN-007,2025-06-08,0.095,0.067,0.1386,0.2471,0.1195,gradual_sanctions_buildup
CP-SYN-007,2025-06-09,0.0187,0.2588,0.094,0.2511,0.1287,gradual_sanctions_buildup
CP-SYN-007,2025-06-10,0.1013,0.0972,0.0419,0.2247,0.1069,gradual_sanctions_buildup
CP-SYN-007,2025-06-11,0.0591,0.1991,0.0967,0.2066,0.1238,gradual_sanctions_buildup
CP-SYN-007,2025-06-12,0.0208,0.2259,0.0098,0.3589,0.1206,gradual_sanctions_buildup
CP-SYN-007,2025-06-13,0.0417,0.2883,0.1211,0.3477,0.1651,gradual_sanctions_buildup
CP-SYN-007,2025-06-14,0.0567,0.0227,0.1193,0.2838,0.0948,gradual_sanctions_buildup
CP-SYN-007,2025-06-15,0.0819,0.1345,0.0505,0.4056,0.1373,gradual_sanctions_buildup
CP-SYN-007,2025-06-16,0.0266,0.2591,0.0335,0.2928,0.126,gradual_sanctions_buildup
CP-SYN-007,2025-06-17,0.0627,0.1877,0.0866,0.3873,0.1474,gradual_sanctions_buildup
CP-SYN-007,2025-06-18,0.0,0.1331,0.0155,0.2073,0.0675,gradual_sanctions_buildup
CP-SYN-007,2025-06-19,0.0263,0.2314,0.0869,0.357,0.1393,gradual_sanctions_buildup
CP-SYN-007,2025-06-20,0.0842,0.3149,0.0855,0.0004,0.1296,gradual_sanctions_buildup
CP-SYN-007,2025-06-21,0.0589,0.2939,0.0384,0.2371,0.1403,gradual_sanctions_buildup
CP-SYN-007,2025-06-22,0.0699,0.2383,0.1294,0.3542,0.1666,gradual_sanctions_buildup
CP-SYN-007,2025-06-23,0.0,0.2623,0.0732,0.517,0.1578,gradual_sanctions_buildup
CP-SYN-007,2025-06-24,0.1001,0.1906,0.1659,0.2323,0.1557,gradual_sanctions_buildup
CP-SYN-007,2025-06-25,0.0629,0.2422,0.1444,0.1577,0.1383,gradual_sanctions_buildup
CP-SYN-007,2025-06-26,0.1138,0.2295,0.1603,0.2689,0.1753,gradual_sanctions_buildup
CP-SYN-007,2025-06-27,0.0511,0.1912,0.1057,0.2801,0.1314,gradual_sanctions_buildup
CP-SYN-007,2025-06-28,0.0708,0.3826,0.0268,0.2298,0.1638,gradual_sanctions_buildup
CP-SYN-007,2025-06-29,0.0,0.1803,0.0933,0.3463,0.1157,gradual_sanctions_buildup
CP-SYN-007,2025-06-30,0.0343,0.0514,0.05,0.3364,0.087,gradual_sanctions_buildup
CP-SYN-007,2025-07-01,0.0451,0.3594,0.181,0.2929,0.188,gradual_sanctions_buildup
CP-SYN-007,2025-07-02,0.0709,0.2499,0.1781,0.3846,0.1841,gradual_sanctions_buildup
CP-SYN-007,2025-07-03,0.0462,0.1295,0.0598,0.2964,0.1073,gradual_sanctions_buildup
CP-SYN-007,2025-07-04,0.0255,0.1298,0.1132,0.1456,0.0871,gradual_sanctions_buildup
CP-SYN-007,2025-07-05,0.023,0.3671,0.0,0.3943,0.1601,gradual_sanctions_buildup
CP-SYN-007,2025-07-06,0.0572,0.1328,0.14,0.1765,0.1105,gradual_sanctions_buildup
CP-SYN-007,2025-07-07,0.0558,0.185,0.0958,0.2905,0.1313,gradual_sanctions_buildup
CP-SYN-007,2025-07-08,0.069,0.2589,0.1701,0.2477,0.1635,gradual_sanctions_buildup
CP-SYN-007,2025-07-09,0.0484,0.2456,0.1318,0.1503,0.1296,gradual_sanctions_buildup
CP-SYN-007,2025-07-10,0.0459,0.2521,0.1873,0.1274,0.138,gradual_sanctions_buildup
CP-SYN-007,2025-07-11,0.0811,0.0959,0.1187,0.3007,0.1253,gradual_sanctions_buildup
CP-SYN-007,2025-07-12,0.0308,0.1806,0.1227,0.3936,0.1411,gradual_sanctions_buildup
CP-SYN-007,2025-07-13,0.0476,0.278,0.0384,0.2283,0.1305,gradual_sanctions_buildup
CP-SYN-007,2025-07-14,0.0063,0.2116,0.118,0.3765,0.1355,gradual_sanctions_buildup
CP-SYN-007,2025-07-15,0.0528,0.2661,0.0111,0.3167,0.1374,gradual_sanctions_buildup
CP-SYN-007,2025-07-16,0.028,0.2471,0.0776,0.3054,0.1343,gradual_sanctions_buildup
CP-SYN-007,2025-07-17,0.0971,0.3071,0.1013,0.2177,0.1685,gradual_sanctions_buildup
CP-SYN-007,2025-07-18,0.0761,0.1864,0.087,0.2577,0.1331,gradual_sanctions_buildup
CP-SYN-007,2025-07-19,0.0244,0.2154,0.1584,0.4011,0.1554,gradual_sanctions_buildup
CP-SYN-007,2025-07-20,0.0355,0.0676,0.0101,0.3184,0.0809,gradual_sanctions_buildup
CP-SYN-007,2025-07-21,0.0192,0.2056,0.1039,0.3825,0.1372,gradual_sanctions_buildup
CP-SYN-007,2025-07-22,0.0,0.1921,0.1036,0.2653,0.1085,gradual_sanctions_buildup
CP-SYN-007,2025-07-23,0.0532,0.1383,0.0795,0.3908,0.1304,gradual_sanctions_buildup
CP-SYN-007,2025-07-24,0.0217,0.2288,0.1337,0.2586,0.1314,gradual_sanctions_buildup
CP-SYN-007,2025-07-25,0.0463,0.1278,0.1179,0.2219,0.1073,gradual_sanctions_buildup
CP-SYN-007,2025-07-26,0.017,0.256,0.117,0.3588,0.148,gradual_sanctions_buildup
CP-SYN-007,2025-07-27,0.0,0.0623,0.0661,0.2416,0.065,gradual_sanctions_buildup
CP-SYN-007,2025-07-28,0.0452,0.1902,0.0844,0.1226,0.1009,gradual_sanctions_buildup
CP-SYN-007,2025-07-29,0.0895,0.2671,0.1727,0.2106,0.1687,gradual_sanctions_buildup
CP-SYN-007,2025-07-30,0.0086,0.1619,0.0529,0.2889,0.0979,gradual_sanctions_buildup
CP-SYN-007,2025-07-31,0.0556,0.2443,0.0034,0.2559,0.1224,gradual_sanctions_buildup
CP-SYN-007,2025-08-01,0.057,0.3426,0.138,0.2522,0.1739,gradual_sanctions_buildup
CP-SYN-007,2025-08-02,0.0605,0.327,0.1126,0.29,0.172,gradual_sanctions_buildup
CP-SYN-007,2025-08-03,0.1207,0.2238,0.1403,0.3605,0.1864,gradual_sanctions_buildup
CP-SYN-007,2025-08-04,0.0325,0.2044,0.0885,0.3686,0.1371,gradual_sanctions_buildup
CP-SYN-007,2025-08-05,0.0532,0.1403,0.0964,0.3509,0.1283,gradual_sanctions_buildup
CP-SYN-007,2025-08-06,0.0593,0.0859,0.1558,0.4206,0.1394,gradual_sanctions_buildup
CP-SYN-007,2025-08-07,0.0484,0.2334,0.1715,0.3717,0.1678,gradual_sanctions_buildup
CP-SYN-007,2025-08-08,0.0524,0.1174,0.1938,0.3174,0.1367,gradual_sanctions_buildup
CP-SYN-007,2025-08-09,0.0364,0.1719,0.0921,0.1233,0.0945,gradual_sanctions_buildup
CP-SYN-007,2025-08-10,0.064,0.3025,0.0832,0.3818,0.1751,gradual_sanctions_buildup
CP-SYN-007,2025-08-11,0.0435,0.1986,0.0949,0.3665,0.141,gradual_sanctions_buildup
CP-SYN-007,2025-08-12,0.0461,0.3164,0.0592,0.3148,0.1566,gradual_sanctions_buildup
CP-SYN-007,2025-08-13,0.1153,0.3153,0.0467,0.257,0.1728,gradual_sanctions_buildup
CP-SYN-007,2025-08-14,0.081,0.1459,0.1003,0.3186,0.1367,gradual_sanctions_buildup
CP-SYN-007,2025-08-15,0.02,0.2015,0.0562,0.3902,0.1281,gradual_sanctions_buildup
CP-SYN-007,2025-08-16,0.0666,0.2359,0.1497,0.2844,0.1582,gradual_sanctions_buildup
CP-SYN-007,2025-08-17,0.0532,0.2764,0.0338,0.2445,0.1338,gradual_sanctions_buildup
CP-SYN-007,2025-08-18,0.0229,0.3266,0.1221,0.2932,0.1592,gradual_sanctions_buildup
CP-SYN-007,2025-08-19,0.0792,0.3399,0.0622,0.3049,0.1748,gradual_sanctions_buildup
CP-SYN-007,2025-08-20,0.0762,0.2859,0.021,0.3265,0.1551,gradual_sanctions_buildup
CP-SYN-007,2025-08-21,0.0301,0.1763,0.1042,0.2242,0.1106,gradual_sanctions_buildup
CP-SYN-007,2025-08-22,0.0397,0.2673,0.1257,0.3714,0.1636,gradual_sanctions_buildup
CP-SYN-007,2025-08-23,0.0219,0.1674,0.1765,0.3054,0.1317,gradual_sanctions_buildup
CP-SYN-007,2025-08-24,0.0517,0.0577,0.0584,0.2755,0.0881,gradual_sanctions_buildup
CP-SYN-007,2025-08-25,0.0347,0.1424,0.0846,0.1838,0.094,gradual_sanctions_buildup
CP-SYN-007,2025-08-26,0.1094,0.0051,0.1205,0.3231,0.1176,gradual_sanctions_buildup
CP-SYN-007,2025-08-27,0.0409,0.1263,0.1013,0.2406,0.1043,gradual_sanctions_buildup
CP-SYN-007,2025-08-28,0.0498,0.1518,0.0,0.4021,0.1182,gradual_sanctions_buildup
CP-SYN-007,2025-08-29,0.0806,0.2204,0.1431,0.4584,0.1847,gradual_sanctions_buildup
CP-SYN-007,2025-08-30,0.0003,0.2107,0.0517,0.2706,0.1037,gradual_sanctions_buildup
CP-SYN-007,2025-08-31,0.0407,0.2819,0.069,0.5172,0.1781,gradual_sanctions_buildup
CP-SYN-007,2025-09-01,0.0338,0.1129,0.0639,0.2362,0.0899,gradual_sanctions_buildup
CP-SYN-007,2025-09-02,0.0403,0.1642,0.0665,0.2902,0.114,gradual_sanctions_buildup
CP-SYN-007,2025-09-03,0.0142,0.1168,0.0622,0.2908,0.0909,gradual_sanctions_buildup
CP-SYN-007,2025-09-04,0.0,0.2434,0.1716,0.2294,0.1296,gradual_sanctions_buildup
CP-SYN-007,2025-09-05,0.0597,0.1655,0.0071,0.2713,0.1074,gradual_sanctions_buildup
CP-SYN-007,2025-09-06,0.0811,0.2051,0.1109,0.3302,0.1554,gradual_sanctions_buildup
CP-SYN-007,2025-09-07,0.0757,0.19,0.1294,0.4423,0.17,gradual_sanctions_buildup
CP-SYN-007,2025-09-08,0.0239,0.1832,0.1521,0.3421,0.1371,gradual_sanctions_buildup
CP-SYN-007,2025-09-09,0.0655,0.2618,0.0667,0.274,0.1461,gradual_sanctions_buildup
CP-SYN-007,2025-09-10,0.0025,0.0672,0.0857,0.4832,0.1074,gradual_sanctions_buildup
CP-SYN-007,2025-09-11,0.0769,0.1218,0.076,0.4315,0.1411,gradual_sanctions_buildup
CP-SYN-007,2025-09-12,0.0311,0.235,0.029,0.2626,0.1164,gradual_sanctions_buildup
CP-SYN-007,2025-09-13,0.0652,0.2215,0.0951,0.2195,0.1334,gradual_sanctions_buildup
CP-SYN-007,2025-09-14,0.0489,0.237,0.1193,0.1727,0.1286,gradual_sanctions_buildup
CP-SYN-007,2025-09-15,0.0527,0.1287,0.1092,0.1673,0.1002,gradual_sanctions_buildup
CP-SYN-007,2025-09-16,0.0407,0.3431,0.1513,0.1925,0.1612,gradual_sanctions_buildup
CP-SYN-007,2025-09-17,0.0321,0.2081,0.1313,0.006,0.092,gradual_sanctions_buildup
CP-SYN-007,2025-09-18,0.0954,0.2783,0.1182,0.3478,0.1836,gradual_sanctions_buildup
CP-SYN-007,2025-09-19,0.0687,0.1499,0.113,0.2801,0.1296,gradual_sanctions_buildup
CP-SYN-007,2025-09-20,0.0178,0.1937,0.0773,0.2234,0.1045,gradual_sanctions_buildup
CP-SYN-007,2025-09-21,0.035,0.1999,0.0548,0.2641,0.1145,gradual_sanctions_buildup
CP-SYN-007,2025-09-22,0.0244,0.2598,0.077,0.4125,0.152,gradual_sanctions_buildup
CP-SYN-007,2025-09-23,0.0,0.1682,0.1683,0.0913,0.0894,gradual_sanctions_buildup
CP-SYN-007,2025-09-24,0.1035,0.1491,0.077,0.1142,0.1112,gradual_sanctions_buildup
CP-SYN-007,2025-09-25,0.0177,0.1656,0.1184,0.1525,0.095,gradual_sanctions_buildup
CP-SYN-007,2025-09-26,0.02,0.1696,0.0935,0.3185,0.1169,gradual_sanctions_buildup
CP-SYN-007,2025-09-27,0.0277,0.267,0.0611,0.1585,0.1138,gradual_sanctions_buildup
CP-SYN-007,2025-09-28,0.0587,0.2998,0.2184,0.2969,0.1866,gradual_sanctions_buildup
CP-SYN-007,2025-09-29,0.0361,0.2338,0.0999,0.2854,0.1357,gradual_sanctions_buildup
CP-SYN-007,2025-09-30,0.0157,0.2348,0.1431,0.303,0.1391,gradual_sanctions_buildup
CP-SYN-007,2025-10-01,0.0739,0.2428,0.0973,0.5256,0.1886,gradual_sanctions_buildup
CP-SYN-007,2025-10-02,0.0439,0.187,0.0911,0.4127,0.1444,gradual_sanctions_buildup
CP-SYN-007,2025-10-03,0.0945,0.2336,0.0987,0.4401,0.182,gradual_sanctions_buildup
CP-SYN-007,2025-10-04,0.1049,0.1731,0.1748,0.1264,0.1392,gradual_sanctions_buildup
CP-SYN-007,2025-10-05,0.0924,0.198,0.0435,0.3069,0.1412,gradual_sanctions_buildup
CP-SYN-007,2025-10-06,0.0853,0.1057,0.1049,0.2739,0.1226,gradual_sanctions_buildup
CP-SYN-007,2025-10-07,0.1126,0.2306,0.1466,0.434,0.1971,gradual_sanctions_buildup
CP-SYN-007,2025-10-08,0.061,0.1692,0.0154,0.3936,0.1288,gradual_sanctions_buildup
CP-SYN-007,2025-10-09,0.0901,0.2393,0.1209,0.3173,0.1677,gradual_sanctions_buildup
CP-SYN-007,2025-10-10,0.0,0.1374,0.1237,0.4296,0.1235,gradual_sanctions_buildup
CP-SYN-007,2025-10-11,0.1069,0.2159,0.1252,0.2289,0.1561,gradual_sanctions_buildup
CP-SYN-007,2025-10-12,0.0335,0.0318,0.0,0.1753,0.0476,gradual_sanctions_buildup
CP-SYN-007,2025-10-13,0.0,0.1805,0.0218,0.409,0.1108,gradual_sanctions_buildup
CP-SYN-007,2025-10-14,0.0447,0.1743,0.1268,0.1949,0.116,gradual_sanctions_buildup
CP-SYN-007,2025-10-15,0.0483,0.1668,0.0624,0.328,0.1227,gradual_sanctions_buildup
CP-SYN-007,2025-10-16,0.0613,0.29,0.1386,0.4467,0.1917,gradual_sanctions_buildup
CP-SYN-007,2025-10-17,0.0513,0.1945,0.0931,0.3919,0.1465,gradual_sanctions_buildup
CP-SYN-007,2025-10-18,0.0289,0.287,0.0786,0.178,0.1257,gradual_sanctions_buildup
CP-SYN-007,2025-10-19,0.0355,0.2092,0.1681,0.3871,0.1582,gradual_sanctions_buildup
CP-SYN-007,2025-10-20,0.0658,0.2984,0.1833,0.2636,0.1771,gradual_sanctions_buildup
CP-SYN-007,2025-10-21,0.0551,0.1456,0.0855,0.3292,0.1249,gradual_sanctions_buildup
CP-SYN-007,2025-10-22,0.0464,0.1406,0.1374,0.1776,0.1078,gradual_sanctions_buildup
CP-SYN-007,2025-10-23,0.0659,0.1698,0.101,0.2467,0.126,gradual_sanctions_buildup
CP-SYN-007,2025-10-24,0.0943,0.2412,0.112,0.3495,0.1728,gradual_sanctions_buildup
CP-SYN-007,2025-10-25,0.0414,0.2525,0.1392,0.492,0.1813,gradual_sanctions_buildup
CP-SYN-007,2025-10-26,0.0611,0.26,0.0873,0.2258,0.1408,gradual_sanctions_buildup
CP-SYN-007,2025-10-27,0.0106,0.2067,0.0583,0.4165,0.1301,gradual_sanctions_buildup
CP-SYN-007,2025-10-28,0.0097,0.2351,0.1067,0.2762,0.1254,gradual_sanctions_buildup
CP-SYN-007,2025-10-29,0.065,0.132,0.0666,0.2838,0.1149,gradual_sanctions_buildup
CP-SYN-007,2025-10-30,0.0418,0.1295,0.1333,0.1345,0.0959,gradual_sanctions_buildup
CP-SYN-007,2025-10-31,0.0623,0.3197,0.0059,0.2955,0.1504,gradual_sanctions_buildup
CP-SYN-007,2025-11-01,0.0536,0.1664,0.1057,0.2235,0.1177,gradual_sanctions_buildup
CP-SYN-007,2025-11-02,0.0426,0.2041,0.1549,0.3971,0.1586,gradual_sanctions_buildup
CP-SYN-007,2025-11-03,0.0564,0.2404,0.0588,0.2499,0.1319,gradual_sanctions_buildup
CP-SYN-007,2025-11-04,0.0212,0.274,0.176,0.3328,0.1621,gradual_sanctions_buildup
CP-SYN-007,2025-11-05,0.0084,0.0827,0.1522,0.3052,0.1003,gradual_sanctions_buildup
CP-SYN-007,2025-11-06,0.028,0.2996,0.1893,0.4302,0.1885,gradual_sanctions_buildup
CP-SYN-007,2025-11-07,0.0383,0.2842,0.1041,0.3193,0.1551,gradual_sanctions_buildup
CP-SYN-007,2025-11-08,0.062,0.1177,0.0525,0.2509,0.1024,gradual_sanctions_buildup
CP-SYN-007,2025-11-09,0.0041,0.2896,0.0992,0.3966,0.1534,gradual_sanctions_buildup
CP-SYN-007,2025-11-10,0.0263,0.3026,0.0588,0.5527,0.1808,gradual_sanctions_buildup
CP-SYN-007,2025-11-11,0.0866,0.1055,0.1483,0.2306,0.1252,gradual_sanctions_buildup
CP-SYN-007,2025-11-12,0.0045,0.2657,0.1485,0.2711,0.1386,gradual_sanctions_buildup
CP-SYN-007,2025-11-13,0.0854,0.2171,0.1922,0.2022,0.1572,gradual_sanctions_buildup
CP-SYN-007,2025-11-14,0.1201,0.1585,0.1426,0.5541,0.1993,gradual_sanctions_buildup
CP-SYN-007,2025-11-15,0.0502,0.1578,0.0367,0.5198,0.1448,gradual_sanctions_buildup
CP-SYN-007,2025-11-16,0.0754,0.1872,0.1089,0.1211,0.1169,gradual_sanctions_buildup
CP-SYN-007,2025-11-17,0.0326,0.2123,0.1282,0.3003,0.1368,gradual_sanctions_buildup
CP-SYN-007,2025-11-18,0.0688,0.1546,0.1321,0.3355,0.1429,gradual_sanctions_buildup
CP-SYN-007,2025-11-19,0.0538,0.2333,0.1025,0.4519,0.1681,gradual_sanctions_buildup
CP-SYN-007,2025-11-20,0.0664,0.1361,0.0545,0.313,0.1185,gradual_sanctions_buildup
CP-SYN-007,2025-11-21,0.0462,0.2222,0.0651,0.0904,0.1006,gradual_sanctions_buildup
CP-SYN-007,2025-11-22,0.0514,0.0685,0.077,0.1367,0.0735,gradual_sanctions_buildup
CP-SYN-007,2025-11-23,0.063,0.2238,0.1022,0.2466,0.1386,gradual_sanctions_buildup
CP-SYN-007,2025-11-24,0.0616,0.0309,0.1344,0.1534,0.0823,gradual_sanctions_buildup
CP-SYN-007,2025-11-25,0.0668,0.2365,0.1521,0.3504,0.1688,gradual_sanctions_buildup
CP-SYN-007,2025-11-26,0.0719,0.0939,0.1121,0.4348,0.1399,gradual_sanctions_buildup
CP-SYN-007,2025-11-27,0.077,0.1237,0.0502,0.4573,0.1404,gradual_sanctions_buildup
CP-SYN-007,2025-11-28,0.0822,0.1145,0.1619,0.2264,0.1278,gradual_sanctions_buildup
CP-SYN-007,2025-11-29,0.0873,0.2394,0.1129,0.4038,0.1779,gradual_sanctions_buildup
CP-SYN-007,2025-11-30,0.0924,0.2986,0.0634,0.3369,0.1748,gradual_sanctions_buildup
CP-SYN-007,2025-12-01,0.0976,0.2969,0.2231,0.3548,0.2111,gradual_sanctions_buildup
CP-SYN-007,2025-12-02,0.1027,0.2226,0.0609,0.1273,0.128,gradual_sanctions_buildup
CP-SYN-007,2025-12-03,0.1078,0.2073,0.091,0.2574,0.1518,gradual_sanctions_buildup
CP-SYN-007,2025-12-04,0.113,0.0902,0.1437,0.3067,0.1425,gradual_sanctions_buildup
CP-SYN-007,2025-12-05,0.1181,0.1644,0.0497,0.3324,0.1481,gradual_sanctions_buildup
CP-SYN-007,2025-12-06,0.1232,0.1798,0.1057,0.2158,0.1478,gradual_sanctions_buildup
CP-SYN-007,2025-12-07,0.1284,0.3133,0.0541,0.1908,0.1691,gradual_sanctions_buildup
CP-SYN-007,2025-12-08,0.1335,0.2238,0.0562,0.3149,0.1678,gradual_sanctions_buildup
CP-SYN-007,2025-12-09,0.1386,0.1834,0.1311,0.0259,0.1314,gradual_sanctions_buildup
CP-SYN-007,2025-12-10,0.1438,0.1844,0.087,0.2492,0.1584,gradual_sanctions_buildup
CP-SYN-007,2025-12-11,0.1489,0.3594,0.072,0.2644,0.2035,gradual_sanctions_buildup
CP-SYN-007,2025-12-12,0.1541,0.0809,0.0849,0.3088,0.1451,gradual_sanctions_buildup
CP-SYN-007,2025-12-13,0.1592,0.2399,0.067,0.3062,0.183,gradual_sanctions_buildup
CP-SYN-007,2025-12-14,0.1643,0.1219,0.0993,0.3907,0.1747,gradual_sanctions_buildup
CP-SYN-007,2025-12-15,0.1695,0.3418,0.0714,0.2833,0.21,gradual_sanctions_buildup
CP-SYN-007,2025-12-16,0.1746,0.2118,0.0735,0.4268,0.2015,gradual_sanctions_buildup
CP-SYN-007,2025-12-17,0.1797,0.1574,0.1798,0.3374,0.1978,gradual_sanctions_buildup
CP-SYN-007,2025-12-18,0.1849,0.2335,0.1667,0.3902,0.2242,gradual_sanctions_buildup
CP-SYN-007,2025-12-19,0.19,0.137,0.08,0.564,0.2109,gradual_sanctions_buildup
CP-SYN-007,2025-12-20,0.1951,0.1445,0.1434,0.1312,0.1625,gradual_sanctions_buildup
CP-SYN-007,2025-12-21,0.2003,0.1032,0.0843,0.3103,0.1693,gradual_sanctions_buildup
CP-SYN-007,2025-12-22,0.2054,0.2323,0.1705,0.2793,0.2162,gradual_sanctions_buildup
CP-SYN-007,2025-12-23,0.2105,0.147,0.1201,0.295,0.1892,gradual_sanctions_buildup
CP-SYN-007,2025-12-24,0.2157,0.1414,0.0908,0.31,0.1863,gradual_sanctions_buildup
CP-SYN-007,2025-12-25,0.2208,0.1811,0.093,0.1302,0.1717,gradual_sanctions_buildup
CP-SYN-007,2025-12-26,0.2259,0.1271,0.1243,0.3436,0.1985,gradual_sanctions_buildup
CP-SYN-007,2025-12-27,0.2311,0.2678,0.0973,0.2827,0.2213,gradual_sanctions_buildup
CP-SYN-007,2025-12-28,0.2362,0.3432,0.0995,0.3804,0.2572,gradual_sanctions_buildup
CP-SYN-007,2025-12-29,0.2414,0.1145,0.1016,0.1265,0.1644,gradual_sanctions_buildup
CP-SYN-007,2025-12-30,0.2465,0.3177,0.1038,0.166,0.2237,gradual_sanctions_buildup
CP-SYN-007,2025-12-31,0.2516,0.1425,0.1059,0.3107,0.2041,gradual_sanctions_buildup
CP-SYN-007,2026-01-01,0.2568,0.2216,0.1081,0.4344,0.2449,gradual_sanctions_buildup
CP-SYN-007,2026-01-02,0.2619,0.1894,0.1103,0.3188,0.222,gradual_sanctions_buildup
CP-SYN-007,2026-01-03,0.267,0.2259,0.1124,0.4534,0.2538,gradual_sanctions_buildup
CP-SYN-007,2026-01-04,0.2722,0.1057,0.1146,0.2331,0.1932,gradual_sanctions_buildup
CP-SYN-007,2026-01-05,0.2773,0.3184,0.1455,0.3072,0.2657,gradual_sanctions_buildup
CP-SYN-007,2026-01-06,0.2824,0.2713,0.1189,0.339,0.2554,gradual_sanctions_buildup
CP-SYN-007,2026-01-07,0.2876,0.32,0.1211,0.232,0.254,gradual_sanctions_buildup
CP-SYN-007,2026-01-08,0.2927,0.2315,0.1692,0.2715,0.2495,gradual_sanctions_buildup
CP-SYN-007,2026-01-09,0.2978,0.1723,0.1382,0.5793,0.2767,gradual_sanctions_buildup
CP-SYN-007,2026-01-10,0.303,0.2487,0.1276,0.4374,0.2745,gradual_sanctions_buildup
CP-SYN-007,2026-01-11,0.3081,0.2207,0.1297,0.3806,0.2615,gradual_sanctions_buildup
CP-SYN-007,2026-01-12,0.3132,0.3104,0.2332,0.3395,0.3005,gradual_sanctions_buildup
CP-SYN-007,2026-01-13,0.3184,0.1677,0.1341,0.5244,0.2748,gradual_sanctions_buildup
CP-SYN-007,2026-01-14,0.3235,0.2805,0.1362,0.2634,0.2663,gradual_sanctions_buildup
CP-SYN-007,2026-01-15,0.3286,0.4441,0.1384,0.273,0.3111,gradual_sanctions_buildup
CP-SYN-007,2026-01-16,0.3338,0.3167,0.1405,0.1992,0.2707,gradual_sanctions_buildup
CP-SYN-007,2026-01-17,0.3389,0.2726,0.1427,0.3665,0.2872,gradual_sanctions_buildup
CP-SYN-007,2026-01-18,0.3441,0.2689,0.1819,0.4281,0.3054,gradual_sanctions_buildup
CP-SYN-007,2026-01-19,0.3492,0.1665,0.147,0.4128,0.2726,gradual_sanctions_buildup
CP-SYN-007,2026-01-20,0.3543,0.2993,0.1492,0.3036,0.2919,gradual_sanctions_buildup
CP-SYN-007,2026-01-21,0.3595,0.1224,0.1514,0.2712,0.2453,gradual_sanctions_buildup
CP-SYN-007,2026-01-22,0.3646,0.2958,0.1535,0.3965,0.31,gradual_sanctions_buildup
CP-SYN-007,2026-01-23,0.3697,0.3541,0.1557,0.3974,0.3271,gradual_sanctions_buildup
CP-SYN-007,2026-01-24,0.3749,0.1868,0.1578,0.195,0.2575,gradual_sanctions_buildup
CP-SYN-007,2026-01-25,0.38,0.2851,0.1676,0.2991,0.3017,gradual_sanctions_buildup
CP-SYN-007,2026-01-26,0.3851,0.0082,0.1622,0.3676,0.2437,gradual_sanctions_buildup
CP-SYN-007,2026-01-27,0.3903,0.1619,0.1643,0.352,0.2822,gradual_sanctions_buildup
CP-SYN-007,2026-01-28,0.3954,0.0343,0.1665,0.1956,0.2294,gradual_sanctions_buildup
CP-SYN-007,2026-01-29,0.4005,0.082,0.1686,0.3815,0.2717,gradual_sanctions_buildup
CP-SYN-007,2026-01-30,0.4057,0.1648,0.2041,0.2132,0.2763,gradual_sanctions_buildup
CP-SYN-007,2026-01-31,0.4108,0.2598,0.173,0.2581,0.3026,gradual_sanctions_buildup
CP-SYN-007,2026-02-01,0.4159,0.2145,0.1751,0.1172,0.2726,gradual_sanctions_buildup
CP-SYN-007,2026-02-02,0.4211,0.0,0.1773,0.2999,0.2489,gradual_sanctions_buildup
CP-SYN-007,2026-02-03,0.4262,0.1564,0.1795,0.2717,0.2862,gradual_sanctions_buildup
CP-SYN-007,2026-02-04,0.4314,0.2482,0.1816,0.3011,0.3161,gradual_sanctions_buildup
CP-SYN-007,2026-02-05,0.4365,0.056,0.1995,0.2944,0.2726,gradual_sanctions_buildup
CP-SYN-007,2026-02-06,0.4416,0.2356,0.1859,0.4583,0.3415,gradual_sanctions_buildup
CP-SYN-007,2026-02-07,0.4468,0.2954,0.1881,0.2013,0.3204,gradual_sanctions_buildup
CP-SYN-007,2026-02-08,0.4519,0.2136,0.1903,0.2177,0.3049,gradual_sanctions_buildup
CP-SYN-007,2026-02-09,0.457,0.2886,0.1924,0.2056,0.3243,gradual_sanctions_buildup
CP-SYN-007,2026-02-10,0.4622,0.1063,0.1946,0.2146,0.2825,gradual_sanctions_buildup
CP-SYN-007,2026-02-11,0.4673,0.2316,0.1968,0.4862,0.3571,gradual_sanctions_buildup
CP-SYN-007,2026-02-12,0.4724,0.1611,0.1989,0.3901,0.3275,gradual_sanctions_buildup
CP-SYN-007,2026-02-13,0.4776,0.3494,0.2011,0.2341,0.3537,gradual_sanctions_buildup
CP-SYN-007,2026-02-14,0.4827,0.2657,0.2032,0.3961,0.3596,gradual_sanctions_buildup
CP-SYN-007,2026-02-15,0.4878,0.2032,0.2054,0.3835,0.3445,gradual_sanctions_buildup
CP-SYN-007,2026-02-16,0.493,0.248,0.2076,0.1768,0.3272,gradual_sanctions_buildup
CP-SYN-007,2026-02-17,0.4981,0.1243,0.2097,0.3661,0.3272,gradual_sanctions_buildup
CP-SYN-007,2026-02-18,0.5032,0.2757,0.2119,0.363,0.3671,gradual_sanctions_buildup
CP-SYN-007,2026-02-19,0.5084,0.184,0.2141,0.2153,0.3245,gradual_sanctions_buildup
CP-SYN-007,2026-02-20,0.5135,0.2247,0.2162,0.146,0.3267,gradual_sanctions_buildup
CP-SYN-007,2026-02-21,0.5186,0.253,0.2184,0.3946,0.3736,gradual_sanctions_buildup
CP-SYN-007,2026-02-22,0.5238,0.2097,0.2205,0.4252,0.3698,gradual_sanctions_buildup
CP-SYN-007,2026-02-23,0.5289,0.3276,0.2227,0.0,0.338,gradual_sanctions_buildup
CP-SYN-007,2026-02-24,0.5341,0.2619,0.2249,0.3806,0.3812,gradual_sanctions_buildup
CP-SYN-007,2026-02-25,0.5392,0.33,0.227,0.3891,0.4019,gradual_sanctions_buildup
CP-SYN-007,2026-02-26,0.5443,0.131,0.2292,0.4066,0.3573,gradual_sanctions_buildup
CP-SYN-007,2026-02-27,0.5495,0.3522,0.2314,0.3216,0.4024,gradual_sanctions_buildup
CP-SYN-007,2026-02-28,0.5546,0.2576,0.2335,0.3797,0.3899,gradual_sanctions_buildup
CP-SYN-007,2026-03-01,0.5597,0.061,0.2357,0.224,0.3199,gradual_sanctions_buildup
CP-SYN-007,2026-03-02,0.5649,0.2447,0.2378,0.1937,0.3637,gradual_sanctions_buildup
CP-SYN-007,2026-03-03,0.57,0.0847,0.24,0.2891,0.3405,gradual_sanctions_buildup
CP-SYN-007,2026-03-04,0.5751,0.313,0.2422,0.3272,0.4058,gradual_sanctions_buildup
CP-SYN-007,2026-03-05,0.5803,0.2262,0.2443,0.2594,0.3764,gradual_sanctions_buildup
CP-SYN-007,2026-03-06,0.5854,0.0378,0.2465,0.2937,0.337,gradual_sanctions_buildup
CP-SYN-007,2026-03-07,0.5905,0.1754,0.2486,0.4639,0.3994,gradual_sanctions_buildup
CP-SYN-007,2026-03-08,0.5957,0.0922,0.2508,0.4529,0.3794,gradual_sanctions_buildup
CP-SYN-007,2026-03-09,0.6008,0.2062,0.253,0.2198,0.3754,gradual_sanctions_buildup
CP-SYN-007,2026-03-10,0.6059,0.2282,0.2551,0.2683,0.3907,gradual_sanctions_buildup
CP-SYN-007,2026-03-11,0.6111,0.1444,0.2573,0.3268,0.381,gradual_sanctions_buildup
CP-SYN-007,2026-03-12,0.6162,0.1459,0.2595,0.3276,0.384,gradual_sanctions_buildup
CP-SYN-007,2026-03-13,0.6214,0.1313,0.2616,0.2507,0.3713,gradual_sanctions_buildup
CP-SYN-007,2026-03-14,0.6265,0.2223,0.2638,0.4183,0.4217,gradual_sanctions_buildup
CP-SYN-007,2026-03-15,0.6316,0.2902,0.2659,0.2443,0.415,gradual_sanctions_buildup
CP-SYN-007,2026-03-16,0.6368,0.1702,0.2681,0.1866,0.3789,gradual_sanctions_buildup
CP-SYN-007,2026-03-17,0.6419,0.3362,0.2703,0.2273,0.429,gradual_sanctions_buildup
CP-SYN-007,2026-03-18,0.647,0.2004,0.2724,0.2307,0.398,gradual_sanctions_buildup
CP-SYN-007,2026-03-19,0.6522,0.2852,0.2746,0.2781,0.4288,gradual_sanctions_buildup
CP-SYN-007,2026-03-20,0.6573,0.353,0.2768,0.3802,0.4636,gradual_sanctions_buildup
CP-SYN-007,2026-03-21,0.6624,0.1742,0.2789,0.4012,0.4245,gradual_sanctions_buildup
CP-SYN-007,2026-03-22,0.6676,0.169,0.2811,0.5455,0.4473,gradual_sanctions_buildup
CP-SYN-007,2026-03-23,0.6727,0.2088,0.2832,0.3426,0.4293,gradual_sanctions_buildup
CP-SYN-007,2026-03-24,0.6778,0.3716,0.2854,0.3498,0.4736,gradual_sanctions_buildup
CP-SYN-007,2026-03-25,0.683,0.1878,0.2876,0.1331,0.3976,gradual_sanctions_buildup
CP-SYN-007,2026-03-26,0.6881,0.2919,0.2897,0.4112,0.4679,gradual_sanctions_buildup
CP-SYN-007,2026-03-27,0.6932,0.2407,0.2919,0.2174,0.4285,gradual_sanctions_buildup
CP-SYN-007,2026-03-28,0.6984,0.2385,0.2941,0.1254,0.4166,gradual_sanctions_buildup
CP-SYN-007,2026-03-29,0.7035,0.1121,0.2962,0.5091,0.4451,gradual_sanctions_buildup
CP-SYN-007,2026-03-30,0.7086,0.1862,0.2984,0.1312,0.4094,gradual_sanctions_buildup
CP-SYN-007,2026-03-31,0.7138,0.3846,0.3005,0.3345,0.4919,gradual_sanctions_buildup
CP-SYN-007,2026-04-01,0.7189,0.2423,0.3027,0.3808,0.4658,gradual_sanctions_buildup
CP-SYN-007,2026-04-02,0.7241,0.1126,0.3049,0.3452,0.4305,gradual_sanctions_buildup
CP-SYN-007,2026-04-03,0.7292,0.2675,0.307,0.4492,0.4873,gradual_sanctions_buildup
CP-SYN-007,2026-04-04,0.7343,0.3151,0.3092,0.2733,0.4753,gradual_sanctions_buildup
CP-SYN-007,2026-04-05,0.7395,0.2152,0.3114,0.4535,0.4799,gradual_sanctions_buildup
CP-SYN-007,2026-04-06,0.7446,0.2743,0.3135,0.4592,0.498,gradual_sanctions_buildup
CP-SYN-007,2026-04-07,0.7497,0.2911,0.3157,0.3661,0.4907,gradual_sanctions_buildup
CP-SYN-007,2026-04-08,0.7549,0.1971,0.3178,0.3464,0.4667,gradual_sanctions_buildup
CP-SYN-007,2026-04-09,0.76,0.2814,0.32,0.1892,0.4667,gradual_sanctions_buildup
CP-SYN-007,2026-04-10,0.7651,0.1956,0.3222,0.1715,0.4451,gradual_sanctions_buildup
CP-SYN-007,2026-04-11,0.7703,0.1499,0.3243,0.4342,0.4756,gradual_sanctions_buildup
CP-SYN-007,2026-04-12,0.7754,0.2262,0.3265,0.2382,0.4677,gradual_sanctions_buildup
CP-SYN-007,2026-04-13,0.7805,0.3327,0.3286,0.3345,0.5113,gradual_sanctions_buildup
CP-SYN-007,2026-04-14,0.7857,0.1291,0.3308,0.1979,0.4424,gradual_sanctions_buildup
CP-SYN-007,2026-04-15,0.7908,0.2373,0.333,0.3637,0.4968,gradual_sanctions_buildup
CP-SYN-007,2026-04-16,0.7959,0.2315,0.3351,0.2251,0.4771,gradual_sanctions_buildup
CP-SYN-007,2026-04-17,0.8011,0.2982,0.3373,0.3203,0.5105,gradual_sanctions_buildup
CP-SYN-007,2026-04-18,0.8062,0.1703,0.3395,0.1463,0.4549,gradual_sanctions_buildup
CP-SYN-007,2026-04-19,0.8114,0.3443,0.3416,0.239,0.5148,gradual_sanctions_buildup
CP-SYN-007,2026-04-20,0.8165,0.1661,0.3438,0.322,0.4852,gradual_sanctions_buildup
CP-SYN-007,2026-04-21,0.8216,0.3044,0.3459,0.2264,0.5079,gradual_sanctions_buildup
CP-SYN-007,2026-04-22,0.8268,0.1827,0.3481,0.37,0.5015,gradual_sanctions_buildup
CP-SYN-007,2026-04-23,0.8319,0.256,0.3503,0.3364,0.5173,gradual_sanctions_buildup
CP-SYN-007,2026-04-24,0.837,0.1502,0.3524,0.3109,0.4895,gradual_sanctions_buildup
CP-SYN-007,2026-04-25,0.8422,0.219,0.3546,0.1314,0.4822,gradual_sanctions_buildup
CP-SYN-007,2026-04-26,0.8473,0.2053,0.3568,0.1783,0.4883,gradual_sanctions_buildup
CP-SYN-007,2026-04-27,0.8524,0.1137,0.3589,0.1791,0.468,gradual_sanctions_buildup
CP-SYN-007,2026-04-28,0.8576,0.0523,0.3611,0.4184,0.4911,gradual_sanctions_buildup
CP-SYN-007,2026-04-29,0.8627,0.0394,0.3632,0.1293,0.447,gradual_sanctions_buildup
CP-SYN-007,2026-04-30,0.8678,0.2271,0.3654,0.3621,0.5313,gradual_sanctions_buildup
CP-SYN-007,2026-05-01,0.873,0.0843,0.3676,0.364,0.4984,gradual_sanctions_buildup
CP-SYN-007,2026-05-02,0.8781,0.2828,0.3697,0.1267,0.5149,gradual_sanctions_buildup
CP-SYN-007,2026-05-03,0.8832,0.2069,0.3719,0.2949,0.5236,gradual_sanctions_buildup
CP-SYN-007,2026-05-04,0.8884,0.1862,0.3741,0.4043,0.5374,gradual_sanctions_buildup
CP-SYN-007,2026-05-05,0.8935,0.2567,0.3762,0.2209,0.53,gradual_sanctions_buildup
CP-SYN-007,2026-05-06,0.8986,0.2311,0.3784,0.1703,0.5184,gradual_sanctions_buildup
CP-SYN-007,2026-05-07,0.9038,0.3305,0.3805,0.2574,0.5588,gradual_sanctions_buildup
CP-SYN-007,2026-05-08,0.9089,0.1462,0.3827,0.321,0.5248,gradual_sanctions_buildup
CP-SYN-007,2026-05-09,0.9141,0.1077,0.3849,0.1775,0.4962,gradual_sanctions_buildup
CP-SYN-007,2026-05-10,0.9192,0.18,0.387,0.3663,0.545,gradual_sanctions_buildup
CP-SYN-007,2026-05-11,0.9243,0.2657,0.3892,0.3364,0.5645,gradual_sanctions_buildup
CP-SYN-007,2026-05-12,0.9295,0.1782,0.3914,0.3429,0.546,gradual_sanctions_buildup
CP-SYN-007,2026-05-13,0.9346,0.1489,0.3935,0.2163,0.5222,gradual_sanctions_buildup
CP-SYN-007,2026-05-14,0.9397,0.2455,0.3957,0.2023,0.5468,gradual_sanctions_buildup
CP-SYN-007,2026-05-15,0.9449,0.2265,0.3978,0.3941,0.5732,gradual_sanctions_buildup
CP-SYN-023,2025-05-16,0.0576,0.2795,0.1411,0.4272,0.1852,episodic_media_spike
CP-SYN-023,2025-05-17,0.0201,0.3016,0.0556,0.2834,0.1371,episodic_media_spike
CP-SYN-023,2025-05-18,0.0722,0.3276,0.0417,0.3575,0.1727,episodic_media_spike
CP-SYN-023,2025-05-19,0.0577,0.125,0.0107,0.222,0.0898,episodic_media_spike
CP-SYN-023,2025-05-20,0.0662,0.3715,0.134,0.3852,0.2039,episodic_media_spike
CP-SYN-023,2025-05-21,0.0637,0.115,0.0712,0.2372,0.1041,episodic_media_spike
CP-SYN-023,2025-05-22,0.0646,0.1271,0.023,0.2602,0.1012,episodic_media_spike
CP-SYN-023,2025-05-23,0.0419,0.112,0.1712,0.3511,0.1317,episodic_media_spike
CP-SYN-023,2025-05-24,0.0308,0.2106,0.0825,0.2345,0.1166,episodic_media_spike
CP-SYN-023,2025-05-25,0.0104,0.0755,0.1514,0.2858,0.0962,episodic_media_spike
CP-SYN-023,2025-05-26,0.0721,0.2459,0.1389,0.2677,0.1583,episodic_media_spike
CP-SYN-023,2025-05-27,0.0461,0.1216,0.0,0.2187,0.0816,episodic_media_spike
CP-SYN-023,2025-05-28,0.0706,0.1415,0.0369,0.2983,0.1157,episodic_media_spike
CP-SYN-023,2025-05-29,0.0524,0.0677,0.058,0.0649,0.0592,episodic_media_spike
CP-SYN-023,2025-05-30,0.0888,0.161,0.1648,0.5337,0.1888,episodic_media_spike
CP-SYN-023,2025-05-31,0.0,0.059,0.1643,0.1929,0.0765,episodic_media_spike
CP-SYN-023,2025-06-01,0.0273,0.0708,0.0356,0.1228,0.0542,episodic_media_spike
CP-SYN-023,2025-06-02,0.0268,0.2746,0.0297,0.3692,0.1407,episodic_media_spike
CP-SYN-023,2025-06-03,0.0389,0.217,0.0802,0.2307,0.1204,episodic_media_spike
CP-SYN-023,2025-06-04,0.0979,0.0243,0.1101,0.4446,0.134,episodic_media_spike
CP-SYN-023,2025-06-05,0.0756,0.1264,0.0756,0.286,0.1198,episodic_media_spike
CP-SYN-023,2025-06-06,0.0329,0.1751,0.0349,0.3258,0.1128,episodic_media_spike
CP-SYN-023,2025-06-07,0.0645,0.0915,0.1084,0.2347,0.1056,episodic_media_spike
CP-SYN-023,2025-06-08,0.0898,0.1767,0.1154,0.1621,0.1275,episodic_media_spike
CP-SYN-023,2025-06-09,0.0081,0.1076,0.1629,0.381,0.1198,episodic_media_spike
CP-SYN-023,2025-06-10,0.0879,0.3545,0.1486,0.3172,0.2011,episodic_media_spike
CP-SYN-023,2025-06-11,0.092,0.277,0.1023,0.3099,0.173,episodic_media_spike
CP-SYN-023,2025-06-12,0.0726,0.2865,0.0771,0.3527,0.169,episodic_media_spike
CP-SYN-023,2025-06-13,0.0701,0.174,0.1327,0.1735,0.1241,episodic_media_spike
CP-SYN-023,2025-06-14,0.0322,0.0891,0.0987,0.3096,0.1014,episodic_media_spike
CP-SYN-023,2025-06-15,0.0385,0.1893,0.0683,0.306,0.1223,episodic_media_spike
CP-SYN-023,2025-06-16,0.079,0.2747,0.0712,0.3287,0.1638,episodic_media_spike
CP-SYN-023,2025-06-17,0.0596,0.156,0.0945,0.3157,0.1291,episodic_media_spike
CP-SYN-023,2025-06-18,0.063,0.1511,0.0713,0.2056,0.1081,episodic_media_spike
CP-SYN-023,2025-06-19,0.0301,0.1393,0.032,0.2303,0.0878,episodic_media_spike
CP-SYN-023,2025-06-20,0.0532,0.2004,0.1521,0.3811,0.159,episodic_media_spike
CP-SYN-023,2025-06-21,0.0999,0.1981,0.1463,0.2707,0.1593,episodic_media_spike
CP-SYN-023,2025-06-22,0.0082,0.3691,0.1196,0.4638,0.189,episodic_media_spike
CP-SYN-023,2025-06-23,0.1042,0.1417,0.0621,0.2857,0.1324,episodic_media_spike
CP-SYN-023,2025-06-24,0.0617,0.3567,0.1483,0.2384,0.1793,episodic_media_spike
CP-SYN-023,2025-06-25,0.0419,0.2223,0.0874,0.4138,0.1519,episodic_media_spike
CP-SYN-023,2025-06-26,0.0364,0.2156,0.0315,0.3304,0.1243,episodic_media_spike
CP-SYN-023,2025-06-27,0.0868,0.1267,0.0744,0.3158,0.1287,episodic_media_spike
CP-SYN-023,2025-06-28,0.0998,0.3618,0.1801,0.1928,0.1953,episodic_media_spike
CP-SYN-023,2025-06-29,0.0896,0.2367,0.0551,0.1646,0.1307,episodic_media_spike
CP-SYN-023,2025-06-30,0.0,0.1804,0.0227,0.2547,0.0878,episodic_media_spike
CP-SYN-023,2025-07-01,0.0402,0.3238,0.0802,0.2513,0.1508,episodic_media_spike
CP-SYN-023,2025-07-02,0.0541,0.2377,0.096,0.2862,0.1432,episodic_media_spike
CP-SYN-023,2025-07-03,0.0213,0.2768,0.0923,0.2393,0.1321,episodic_media_spike
CP-SYN-023,2025-07-04,0.0379,0.1048,0.1525,0.425,0.1356,episodic_media_spike
CP-SYN-023,2025-07-05,0.0221,0.3019,0.0646,0.3629,0.1517,episodic_media_spike
CP-SYN-023,2025-07-06,0.045,0.1804,0.1181,0.3605,0.1408,episodic_media_spike
CP-SYN-023,2025-07-07,0.0774,0.2522,0.0764,0.3681,0.1645,episodic_media_spike
CP-SYN-023,2025-07-08,0.0,0.1684,0.1229,0.5053,0.1425,episodic_media_spike
CP-SYN-023,2025-07-09,0.043,0.2007,0.0999,0.2583,0.1261,episodic_media_spike
CP-SYN-023,2025-07-10,0.0363,0.2129,0.1484,0.0211,0.1006,episodic_media_spike
CP-SYN-023,2025-07-11,0.0,0.2298,0.0205,0.2623,0.1009,episodic_media_spike
CP-SYN-023,2025-07-12,0.0534,0.1972,0.0809,0.3815,0.1441,episodic_media_spike
CP-SYN-023,2025-07-13,0.0,0.1926,0.1013,0.1936,0.0975,episodic_media_spike
CP-SYN-023,2025-07-14,0.0505,0.2142,0.1328,0.4215,0.1636,episodic_media_spike
CP-SYN-023,2025-07-15,0.0396,0.2876,0.1419,0.0759,0.1275,episodic_media_spike
CP-SYN-023,2025-07-16,0.0652,0.3525,0.0846,0.4465,0.1981,episodic_media_spike
CP-SYN-023,2025-07-17,0.0372,0.2407,0.0684,0.2489,0.1261,episodic_media_spike
CP-SYN-023,2025-07-18,0.0896,0.2532,0.1435,0.3152,0.1751,episodic_media_spike
CP-SYN-023,2025-07-19,0.0344,0.2887,0.0701,0.2993,0.1449,episodic_media_spike
CP-SYN-023,2025-07-20,0.0323,0.3779,0.0656,0.324,0.1691,episodic_media_spike
CP-SYN-023,2025-07-21,0.0272,0.2013,0.0444,0.3345,0.1203,episodic_media_spike
CP-SYN-023,2025-07-22,0.0461,0.0981,0.075,0.0,0.058,episodic_media_spike
CP-SYN-023,2025-07-23,0.0325,0.1352,0.0494,0.1409,0.0778,episodic_media_spike
CP-SYN-023,2025-07-24,0.0309,0.2808,0.0653,0.4431,0.162,episodic_media_spike
CP-SYN-023,2025-07-25,0.0852,0.2046,0.1156,0.3517,0.1611,episodic_media_spike
CP-SYN-023,2025-07-26,0.0,0.0243,0.1038,0.4605,0.0959,episodic_media_spike
CP-SYN-023,2025-07-27,0.0131,0.169,0.1565,0.4032,0.1393,episodic_media_spike
CP-SYN-023,2025-07-28,0.0633,0.1768,0.0861,0.3333,0.1367,episodic_media_spike
CP-SYN-023,2025-07-29,0.0808,0.3252,0.0981,0.4055,0.1941,episodic_media_spike
CP-SYN-023,2025-07-30,0.0599,0.2741,0.2022,0.3404,0.184,episodic_media_spike
CP-SYN-023,2025-07-31,0.0266,0.1566,0.1063,0.3262,0.12,episodic_media_spike
CP-SYN-023,2025-08-01,0.0456,0.2272,0.0225,0.3305,0.1291,episodic_media_spike
CP-SYN-023,2025-08-02,0.0393,0.3944,0.1256,0.1491,0.1618,episodic_media_spike
CP-SYN-023,2025-08-03,0.0068,0.2289,0.0937,0.3922,0.1375,episodic_media_spike
CP-SYN-023,2025-08-04,0.0623,0.1203,0.0451,0.347,0.1161,episodic_media_spike
CP-SYN-023,2025-08-05,0.0336,0.2295,0.0836,0.2501,0.125,episodic_media_spike
CP-SYN-023,2025-08-06,0.1012,0.1607,0.1261,0.2043,0.1365,episodic_media_spike
CP-SYN-023,2025-08-07,0.0464,0.1847,0.0585,0.2063,0.1074,episodic_media_spike
CP-SYN-023,2025-08-08,0.0698,0.2291,0.1603,0.2868,0.1603,episodic_media_spike
CP-SYN-023,2025-08-09,0.0,0.117,0.1677,0.3981,0.1225,episodic_media_spike
CP-SYN-023,2025-08-10,0.0811,0.077,0.0739,0.3879,0.1247,episodic_media_spike
CP-SYN-023,2025-08-11,0.0586,0.1222,0.0,0.3807,0.1111,episodic_media_spike
CP-SYN-023,2025-08-12,0.0265,0.1632,0.0943,0.4003,0.1303,episodic_media_spike
CP-SYN-023,2025-08-13,0.0839,0.2167,0.0196,0.2265,0.1256,episodic_media_spike
CP-SYN-023,2025-08-14,0.0256,0.2212,0.1955,0.3974,0.1643,episodic_media_spike
CP-SYN-023,2025-08-15,0.073,0.1346,0.1079,0.2499,0.1219,episodic_media_spike
CP-SYN-023,2025-08-16,0.0617,0.2444,0.178,0.3041,0.167,episodic_media_spike
CP-SYN-023,2025-08-17,0.0373,0.2468,0.0028,0.3603,0.1312,episodic_media_spike
CP-SYN-023,2025-08-18,0.0091,0.2428,0.0857,0.3582,0.1352,episodic_media_spike
CP-SYN-023,2025-08-19,0.0747,0.2892,0.0597,0.4061,0.175,episodic_media_spike
CP-SYN-023,2025-08-20,0.0363,0.1084,0.037,0.2808,0.0912,episodic_media_spike
CP-SYN-023,2025-08-21,0.056,0.126,0.069,0.2992,0.1126,episodic_media_spike
CP-SYN-023,2025-08-22,0.0322,0.2126,0.0047,0.1469,0.089,episodic_media_spike
CP-SYN-023,2025-08-23,0.0605,0.3254,0.0678,0.0992,0.134,episodic_media_spike
CP-SYN-023,2025-08-24,0.0375,0.1658,0.11,0.2856,0.1213,episodic_media_spike
CP-SYN-023,2025-08-25,0.059,0.1453,0.026,0.2972,0.1097,episodic_media_spike
CP-SYN-023,2025-08-26,0.0638,0.3029,0.0162,0.2696,0.1449,episodic_media_spike
CP-SYN-023,2025-08-27,0.0445,0.264,0.1363,0.3828,0.1685,episodic_media_spike
CP-SYN-023,2025-08-28,0.0313,0.1702,0.0915,0.2015,0.1036,episodic_media_spike
CP-SYN-023,2025-08-29,0.043,0.162,0.1013,0.3401,0.129,episodic_media_spike
CP-SYN-023,2025-08-30,0.0467,0.1175,0.0711,0.3172,0.1098,episodic_media_spike
CP-SYN-023,2025-08-31,0.0834,0.1837,0.0297,0.5431,0.1667,episodic_media_spike
CP-SYN-023,2025-09-01,0.0533,0.2578,0.0985,0.3071,0.1516,episodic_media_spike
CP-SYN-023,2025-09-02,0.0364,0.2298,0.1308,0.2176,0.1308,episodic_media_spike
CP-SYN-023,2025-09-03,0.0581,0.2597,0.1363,0.3283,0.1647,episodic_media_spike
CP-SYN-023,2025-09-04,0.0595,0.1756,0.0735,0.3394,0.1333,episodic_media_spike
CP-SYN-023,2025-09-05,0.1142,0.0437,0.145,0.4824,0.158,episodic_media_spike
CP-SYN-023,2025-09-06,0.0544,0.2476,0.1433,0.2063,0.1433,episodic_media_spike
CP-SYN-023,2025-09-07,0.0587,0.2509,0.0916,0.3192,0.1524,episodic_media_spike
CP-SYN-023,2025-09-08,0.0454,0.2751,0.1076,0.2524,0.1463,episodic_media_spike
CP-SYN-023,2025-09-09,0.0865,0.1363,0.0862,0.3745,0.1421,episodic_media_spike
CP-SYN-023,2025-09-10,0.0457,0.2437,0.1496,0.3525,0.162,episodic_media_spike
CP-SYN-023,2025-09-11,0.0463,0.3043,0.0827,0.4248,0.1748,episodic_media_spike
CP-SYN-023,2025-09-12,0.0255,0.2091,0.102,0.2591,0.1217,episodic_media_spike
CP-SYN-023,2025-09-13,0.005,0.1574,0.13,0.4267,0.1313,episodic_media_spike
CP-SYN-023,2025-09-14,0.0431,0.256,0.1369,0.3608,0.1628,episodic_media_spike
CP-SYN-023,2025-09-15,0.0577,0.233,0.1507,0.2863,0.1544,episodic_media_spike
CP-SYN-023,2025-09-16,0.0507,0.0854,0.1176,0.3675,0.1203,episodic_media_spike
CP-SYN-023,2025-09-17,0.0357,0.2326,0.0515,0.233,0.1177,episodic_media_spike
CP-SYN-023,2025-09-18,0.0286,0.2217,0.094,0.2124,0.1175,episodic_media_spike
CP-SYN-023,2025-09-19,0.0258,0.109,0.0424,0.2793,0.0879,episodic_media_spike
CP-SYN-023,2025-09-20,0.0536,0.0965,0.1273,0.3501,0.1235,episodic_media_spike
CP-SYN-023,2025-09-21,0.0835,0.2012,0.1142,0.2276,0.1407,episodic_media_spike
CP-SYN-023,2025-09-22,0.0932,0.1866,0.1103,0.2325,0.1409,episodic_media_spike
CP-SYN-023,2025-09-23,0.0391,0.3633,0.1336,0.4369,0.1987,episodic_media_spike
CP-SYN-023,2025-09-24,0.0526,0.2725,0.0,0.345,0.1409,episodic_media_spike
CP-SYN-023,2025-09-25,0.0626,0.2624,0.1066,0.3376,0.1626,episodic_media_spike
CP-SYN-023,2025-09-26,0.0479,0.1654,0.0991,0.5792,0.1672,episodic_media_spike
CP-SYN-023,2025-09-27,0.0682,0.1665,0.0292,0.3193,0.1227,episodic_media_spike
CP-SYN-023,2025-09-28,0.0636,0.13,0.1167,0.359,0.1351,episodic_media_spike
CP-SYN-023,2025-09-29,0.1029,0.2434,0.1357,0.3341,0.1793,episodic_media_spike
CP-SYN-023,2025-09-30,0.0227,0.2425,0.0943,0.1669,0.1136,episodic_media_spike
CP-SYN-023,2025-10-01,0.0552,0.2122,0.1244,0.1747,0.1262,episodic_media_spike
CP-SYN-023,2025-10-02,0.0073,0.2691,0.1584,0.229,0.1362,episodic_media_spike
CP-SYN-023,2025-10-03,0.0624,0.1693,0.1114,0.2718,0.1303,episodic_media_spike
CP-SYN-023,2025-10-04,0.0846,0.1438,0.0958,0.2739,0.13,episodic_media_spike
CP-SYN-023,2025-10-05,0.0334,0.2715,0.123,0.2362,0.1413,episodic_media_spike
CP-SYN-023,2025-10-06,0.0843,0.2529,0.1859,0.4288,0.1984,episodic_media_spike
CP-SYN-023,2025-10-07,0.0432,0.2398,0.1206,0.2977,0.146,episodic_media_spike
CP-SYN-023,2025-10-08,0.1133,0.248,0.1023,0.2358,0.1631,episodic_media_spike
CP-SYN-023,2025-10-09,0.0679,0.1948,0.1627,0.2394,0.1443,episodic_media_spike
CP-SYN-023,2025-10-10,0.0,0.3318,0.1815,0.1031,0.1347,episodic_media_spike
CP-SYN-023,2025-10-11,0.0406,0.17,0.1297,0.4124,0.1465,episodic_media_spike
CP-SYN-023,2025-10-12,0.068,0.1596,0.0813,0.1797,0.1103,episodic_media_spike
CP-SYN-023,2025-10-13,0.0552,0.2169,0.0513,0.3237,0.1351,episodic_media_spike
CP-SYN-023,2025-10-14,0.0201,0.2742,0.0154,0.1041,0.0953,episodic_media_spike
CP-SYN-023,2025-10-15,0.0267,0.1979,0.1175,0.3072,0.1297,episodic_media_spike
CP-SYN-023,2025-10-16,0.0615,0.2138,0.1142,0.2539,0.139,episodic_media_spike
CP-SYN-023,2025-10-17,0.0165,0.2718,0.1098,0.4141,0.1586,episodic_media_spike
CP-SYN-023,2025-10-18,0.0512,0.3542,0.1163,0.2814,0.1745,episodic_media_spike
CP-SYN-023,2025-10-19,0.0891,0.1867,0.1378,0.4367,0.1754,episodic_media_spike
CP-SYN-023,2025-10-20,0.0772,0.0905,0.0826,0.1692,0.0954,episodic_media_spike
CP-SYN-023,2025-10-21,0.0244,0.2189,0.0473,0.3197,0.1219,episodic_media_spike
CP-SYN-023,2025-10-22,0.1007,0.0956,0.0798,0.1691,0.1055,episodic_media_spike
CP-SYN-023,2025-10-23,0.0604,0.2507,0.0685,0.3993,0.1604,episodic_media_spike
CP-SYN-023,2025-10-24,0.0107,0.1468,0.0502,0.2268,0.085,episodic_media_spike
CP-SYN-023,2025-10-25,0.0647,0.1307,0.0484,0.345,0.12,episodic_media_spike
CP-SYN-023,2025-10-26,0.0474,0.164,0.0761,0.3515,0.1279,episodic_media_spike
CP-SYN-023,2025-10-27,0.0437,0.3184,0.1038,0.3057,0.1637,episodic_media_spike
CP-SYN-023,2025-10-28,0.0388,0.3521,0.0,0.1845,0.1312,episodic_media_spike
CP-SYN-023,2025-10-29,0.0205,0.3223,0.0949,0.0965,0.1222,episodic_media_spike
CP-SYN-023,2025-10-30,0.0,0.1738,0.0533,0.1972,0.0837,episodic_media_spike
CP-SYN-023,2025-10-31,0.0808,0.181,0.169,0.3131,0.1583,episodic_media_spike
CP-SYN-023,2025-11-01,0.0562,0.2665,0.0,0.3446,0.1408,episodic_media_spike
CP-SYN-023,2025-11-02,0.0844,0.2099,0.1503,0.1524,0.1392,episodic_media_spike
CP-SYN-023,2025-11-03,0.061,0.2179,0.0874,0.3961,0.1558,episodic_media_spike
CP-SYN-023,2025-11-04,0.0348,0.1331,0.1216,0.2303,0.1061,episodic_media_spike
CP-SYN-023,2025-11-05,0.0552,0.2106,0.1215,0.1084,0.1153,episodic_media_spike
CP-SYN-023,2025-11-06,0.0359,0.2551,0.0,0.2969,0.1227,episodic_media_spike
CP-SYN-023,2025-11-07,0.0328,0.1637,0.0693,0.3416,0.1192,episodic_media_spike
CP-SYN-023,2025-11-08,0.0633,0.2538,0.1032,0.4721,0.1802,episodic_media_spike
CP-SYN-023,2025-11-09,0.0563,0.0079,0.0547,0.4626,0.1048,episodic_media_spike
CP-SYN-023,2025-11-10,0.0447,0.1181,0.0803,0.2137,0.0955,episodic_media_spike
CP-SYN-023,2025-11-11,0.055,0.1124,0.1169,0.5013,0.1487,episodic_media_spike
CP-SYN-023,2025-11-12,0.0493,0.3463,0.1141,0.2111,0.1608,episodic_media_spike
CP-SYN-023,2025-11-13,0.0653,0.1778,0.1272,0.3281,0.1452,episodic_media_spike
CP-SYN-023,2025-11-14,0.023,0.3289,0.0607,0.274,0.1447,episodic_media_spike
CP-SYN-023,2025-11-15,0.0112,0.228,0.0868,0.268,0.119,episodic_media_spike
CP-SYN-023,2025-11-16,0.0235,0.2037,0.1141,0.3513,0.1358,episodic_media_spike
CP-SYN-023,2025-11-17,0.0003,0.2165,0.1583,0.2237,0.1195,episodic_media_spike
CP-SYN-023,2025-11-18,0.0031,0.1481,0.1445,0.2956,0.1115,episodic_media_spike
CP-SYN-023,2025-11-19,0.0777,0.3197,0.0693,0.3461,0.1768,episodic_media_spike
CP-SYN-023,2025-11-20,0.1014,0.0601,0.0848,0.2872,0.1156,episodic_media_spike
CP-SYN-023,2025-11-21,0.0699,0.2211,0.0606,0.2916,0.1391,episodic_media_spike
CP-SYN-023,2025-11-22,0.0403,0.2106,0.0983,0.3432,0.1399,episodic_media_spike
CP-SYN-023,2025-11-23,0.0388,0.1858,0.1192,0.3403,0.1369,episodic_media_spike
CP-SYN-023,2025-11-24,0.0258,0.1724,0.1271,0.2545,0.117,episodic_media_spike
CP-SYN-023,2025-11-25,0.0407,0.1313,0.0911,0.2353,0.1026,episodic_media_spike
CP-SYN-023,2025-11-26,0.1066,0.1419,0.0733,0.3533,0.1458,episodic_media_spike
CP-SYN-023,2025-11-27,0.063,0.2555,0.1239,0.3226,0.1623,episodic_media_spike
CP-SYN-023,2025-11-28,0.0334,0.2194,0.0921,0.4186,0.1494,episodic_media_spike
CP-SYN-023,2025-11-29,0.0692,0.2623,0.101,0.3782,0.1702,episodic_media_spike
CP-SYN-023,2025-11-30,0.0405,0.2166,0.0503,0.229,0.1148,episodic_media_spike
CP-SYN-023,2025-12-01,0.0563,0.2413,0.121,0.3887,0.1654,episodic_media_spike
CP-SYN-023,2025-12-02,0.0262,0.2883,0.1355,0.1716,0.1354,episodic_media_spike
CP-SYN-023,2025-12-03,0.0469,0.1784,0.1994,0.4491,0.1706,episodic_media_spike
CP-SYN-023,2025-12-04,0.0616,0.2136,0.1368,0.2345,0.1406,episodic_media_spike
CP-SYN-023,2025-12-05,0.0701,0.1974,0.1426,0.141,0.1271,episodic_media_spike
CP-SYN-023,2025-12-06,0.0541,0.2942,0.0715,0.3579,0.1632,episodic_media_spike
CP-SYN-023,2025-12-07,0.025,0.1877,0.021,0.3874,0.1192,episodic_media_spike
CP-SYN-023,2025-12-08,0.0099,0.2505,0.0688,0.1735,0.1063,episodic_media_spike
CP-SYN-023,2025-12-09,0.0612,0.1832,0.0376,0.3228,0.1262,episodic_media_spike
CP-SYN-023,2025-12-10,0.0668,0.214,0.1106,0.2863,0.1453,episodic_media_spike
CP-SYN-023,2025-12-11,0.0519,0.2828,0.0874,0.1417,0.1302,episodic_media_spike
CP-SYN-023,2025-12-12,0.0,0.2983,0.1114,0.1922,0.1257,episodic_media_spike
CP-SYN-023,2025-12-13,0.0666,0.1417,0.1467,0.2723,0.1322,episodic_media_spike
CP-SYN-023,2025-12-14,0.0342,0.2527,0.0872,0.2767,0.1358,episodic_media_spike
CP-SYN-023,2025-12-15,0.0499,0.4052,0.1344,0.3575,0.2018,episodic_media_spike
CP-SYN-023,2025-12-16,0.0646,0.1534,0.0485,0.4275,0.138,episodic_media_spike
CP-SYN-023,2025-12-17,0.0995,0.3107,0.1447,0.4076,0.2076,episodic_media_spike
CP-SYN-023,2025-12-18,0.0242,0.1653,0.1015,0.3317,0.1211,episodic_media_spike
CP-SYN-023,2025-12-19,0.0132,0.1097,0.1135,0.3708,0.111,episodic_media_spike
CP-SYN-023,2025-12-20,0.0147,0.0654,0.1207,0.4449,0.1131,episodic_media_spike
CP-SYN-023,2025-12-21,0.0758,0.1928,0.0755,0.2281,0.1278,episodic_media_spike
CP-SYN-023,2025-12-22,0.0499,0.1808,0.1481,0.3139,0.1418,episodic_media_spike
CP-SYN-023,2025-12-23,0.0663,0.2048,0.1024,0.2838,0.1408,episodic_media_spike
CP-SYN-023,2025-12-24,0.0057,0.2468,0.0206,0.6384,0.1638,episodic_media_spike
CP-SYN-023,2025-12-25,0.0494,0.1329,0.1226,0.1954,0.1068,episodic_media_spike
CP-SYN-023,2025-12-26,0.0884,0.3551,0.1431,0.241,0.1889,episodic_media_spike
CP-SYN-023,2025-12-27,0.0308,0.4244,0.0963,0.2236,0.1713,episodic_media_spike
CP-SYN-023,2025-12-28,0.0805,0.2932,0.1336,0.1869,0.1602,episodic_media_spike
CP-SYN-023,2025-12-29,0.0501,0.2495,0.0893,0.405,0.161,episodic_media_spike
CP-SYN-023,2025-12-30,0.0341,0.2807,0.1148,0.3529,0.1597,episodic_media_spike
CP-SYN-023,2025-12-31,0.0712,0.2121,0.1371,0.0596,0.1178,episodic_media_spike
CP-SYN-023,2026-01-01,0.0296,0.1975,0.0764,0.3115,0.1232,episodic_media_spike
CP-SYN-023,2026-01-02,0.0367,0.2359,0.0867,0.5919,0.1798,episodic_media_spike
CP-SYN-023,2026-01-03,0.0,0.1383,0.0119,0.1854,0.0647,episodic_media_spike
CP-SYN-023,2026-01-04,0.0353,0.0056,0.0789,0.4293,0.0957,episodic_media_spike
CP-SYN-023,2026-01-05,0.0782,0.1765,0.0891,0.1616,0.1175,episodic_media_spike
CP-SYN-023,2026-01-06,0.0929,0.2514,0.0625,0.2563,0.1509,episodic_media_spike
CP-SYN-023,2026-01-07,0.0678,0.0931,0.0887,0.3811,0.1253,episodic_media_spike
CP-SYN-023,2026-01-08,0.0498,0.2704,0.1049,0.4321,0.1733,episodic_media_spike
CP-SYN-023,2026-01-09,0.0614,0.2059,0.0708,0.3618,0.1445,episodic_media_spike
CP-SYN-023,2026-01-10,0.0841,0.3359,0.1371,0.2029,0.1755,episodic_media_spike
CP-SYN-023,2026-01-11,0.0214,0.2022,0.0963,0.5102,0.1549,episodic_media_spike
CP-SYN-023,2026-01-12,0.0583,0.1081,0.0432,0.3217,0.1072,episodic_media_spike
CP-SYN-023,2026-01-13,0.0305,0.0743,0.1538,0.4074,0.1226,episodic_media_spike
CP-SYN-023,2026-01-14,0.0,0.3331,0.0994,0.1616,0.1274,episodic_media_spike
CP-SYN-023,2026-01-15,0.0507,0.1161,0.1445,0.4122,0.14,episodic_media_spike
CP-SYN-023,2026-01-16,0.045,0.2201,0.141,0.3853,0.159,episodic_media_spike
CP-SYN-023,2026-01-17,0.1028,0.2249,0.0927,0.3372,0.1665,episodic_media_spike
CP-SYN-023,2026-01-18,0.003,0.213,0.1277,0.1971,0.1095,episodic_media_spike
CP-SYN-023,2026-01-19,0.0427,0.3548,0.1364,0.3201,0.1811,episodic_media_spike
CP-SYN-023,2026-01-20,0.0318,0.2292,0.0754,0.4582,0.1538,episodic_media_spike
CP-SYN-023,2026-01-21,0.3033,0.8353,0.6898,0.2606,0.5072,episodic_media_spike
CP-SYN-023,2026-01-22,0.3235,0.8674,0.726,0.3559,0.5448,episodic_media_spike
CP-SYN-023,2026-01-23,0.3435,0.8968,0.7607,0.1456,0.5356,episodic_media_spike
CP-SYN-023,2026-01-24,0.3631,0.9231,0.7935,0.3911,0.5934,episodic_media_spike
CP-SYN-023,2026-01-25,0.3821,0.946,0.8241,0.297,0.5987,episodic_media_spike
CP-SYN-023,2026-01-26,0.4004,0.9651,0.852,0.3968,0.6313,episodic_media_spike
CP-SYN-023,2026-01-27,0.4176,0.9802,0.877,0.4348,0.6527,episodic_media_spike
CP-SYN-023,2026-01-28,0.4337,0.9912,0.8987,0.1709,0.6266,episodic_media_spike
CP-SYN-023,2026-01-29,0.4484,0.9978,0.9168,0.2516,0.6499,episodic_media_spike
CP-SYN-023,2026-01-30,0.4616,1.0,0.9312,0.5328,0.7008,episodic_media_spike
CP-SYN-023,2026-01-31,0.473,0.9978,0.9416,0.2298,0.6614,episodic_media_spike
CP-SYN-023,2026-02-01,0.4825,0.9912,0.9479,0.2531,0.6683,episodic_media_spike
CP-SYN-023,2026-02-02,0.4901,0.9802,0.95,0.2461,0.668,episodic_media_spike
CP-SYN-023,2026-02-03,0.4956,0.9651,0.9479,0.1716,0.6548,episodic_media_spike
CP-SYN-023,2026-02-04,0.4989,0.946,0.9416,0.2767,0.6659,episodic_media_spike
CP-SYN-023,2026-02-05,0.5,0.9231,0.9312,0.2178,0.6497,episodic_media_spike
CP-SYN-023,2026-02-06,0.4989,0.8968,0.9168,0.2198,0.6401,episodic_media_spike
CP-SYN-023,2026-02-07,0.4956,0.8674,0.8987,0.239,0.6307,episodic_media_spike
CP-SYN-023,2026-02-08,0.4901,0.8353,0.877,0.1757,0.6066,episodic_media_spike
CP-SYN-023,2026-02-09,0.4825,0.8007,0.852,0.3537,0.6167,episodic_media_spike
CP-SYN-023,2026-02-10,0.473,0.7642,0.8241,0.3011,0.5902,episodic_media_spike
CP-SYN-023,2026-02-11,0.4616,0.7261,0.7935,0.0872,0.5379,episodic_media_spike
CP-SYN-023,2026-02-12,0.4484,0.6869,0.7607,0.2843,0.5459,episodic_media_spike
CP-SYN-023,2026-02-13,0.4337,0.6469,0.726,0.2806,0.5225,episodic_media_spike
CP-SYN-023,2026-02-14,0.4176,0.6065,0.6898,0.2861,0.4996,episodic_media_spike
CP-SYN-023,2026-02-15,0.4004,0.5662,0.6526,0.3856,0.49,episodic_media_spike
CP-SYN-023,2026-02-16,0.3821,0.5261,0.6146,0.3508,0.4599,episodic_media_spike
CP-SYN-023,2026-02-17,0.3631,0.4868,0.5762,0.2776,0.4238,episodic_media_spike
CP-SYN-023,2026-02-18,0.3435,0.4483,0.5378,0.3274,0.4061,episodic_media_spike
CP-SYN-023,2026-02-19,0.3235,0.4111,0.4998,0.3919,0.3909,episodic_media_spike
CP-SYN-023,2026-02-20,0.0323,0.1422,0.0522,0.3279,0.1081,episodic_media_spike
CP-SYN-023,2026-02-21,0.0479,0.1521,0.0665,0.246,0.1074,episodic_media_spike
CP-SYN-023,2026-02-22,0.0994,0.2568,0.1695,0.1693,0.1632,episodic_media_spike
CP-SYN-023,2026-02-23,0.0448,0.1458,0.0981,0.1876,0.1021,episodic_media_spike
CP-SYN-023,2026-02-24,0.0998,0.2155,0.0781,0.4137,0.1715,episodic_media_spike
CP-SYN-023,2026-02-25,0.0436,0.134,0.0833,0.2079,0.0988,episodic_media_spike
CP-SYN-023,2026-02-26,0.0497,0.1291,0.0854,0.234,0.1043,episodic_media_spike
CP-SYN-023,2026-02-27,0.0332,0.2693,0.1449,0.3801,0.1666,episodic_media_spike
CP-SYN-023,2026-02-28,0.0501,0.1871,0.1061,0.5722,0.1739,episodic_media_spike
CP-SYN-023,2026-03-01,0.1077,0.2032,0.1465,0.1831,0.1506,episodic_media_spike
CP-SYN-023,2026-03-02,0.045,0.1297,0.0741,0.2107,0.0968,episodic_media_spike
CP-SYN-023,2026-03-03,0.0572,0.2228,0.0431,0.4928,0.1611,episodic_media_spike
CP-SYN-023,2026-03-04,0.1099,0.1672,0.0945,0.257,0.1432,episodic_media_spike
CP-SYN-023,2026-03-05,0.0821,0.1598,0.1507,0.3546,0.1561,episodic_media_spike
CP-SYN-023,2026-03-06,0.0064,0.1122,0.1127,0.3964,0.1126,episodic_media_spike
CP-SYN-023,2026-03-07,0.0338,0.2381,0.0312,0.1081,0.0955,episodic_media_spike
CP-SYN-023,2026-03-08,0.0438,0.2468,0.1336,0.3336,0.156,episodic_media_spike
CP-SYN-023,2026-03-09,0.0,0.2799,0.0647,0.2603,0.122,episodic_media_spike
CP-SYN-023,2026-03-10,0.0701,0.2034,0.0723,0.1743,0.1195,episodic_media_spike
CP-SYN-023,2026-03-11,0.0409,0.0837,0.0,0.1235,0.0558,episodic_media_spike
CP-SYN-023,2026-03-12,0.071,0.211,0.0704,0.3704,0.1508,episodic_media_spike
CP-SYN-023,2026-03-13,0.0332,0.0902,0.1261,0.3419,0.1124,episodic_media_spike
CP-SYN-023,2026-03-14,0.0379,0.0728,0.1537,0.4089,0.1254,episodic_media_spike
CP-SYN-023,2026-03-15,0.0757,0.1791,0.0783,0.3136,0.1378,episodic_media_spike
CP-SYN-023,2026-03-16,0.0437,0.1817,0.1303,0.1358,0.1093,episodic_media_spike
CP-SYN-023,2026-03-17,0.0501,0.2768,0.0363,0.2989,0.1413,episodic_media_spike
CP-SYN-023,2026-03-18,0.0392,0.2081,0.0739,0.1359,0.1029,episodic_media_spike
CP-SYN-023,2026-03-19,0.0382,0.2574,0.1253,0.2341,0.1398,episodic_media_spike
CP-SYN-023,2026-03-20,0.0388,0.192,0.0448,0.4412,0.1387,episodic_media_spike
CP-SYN-023,2026-03-21,0.0211,0.1445,0.0,0.2897,0.088,episodic_media_spike
CP-SYN-023,2026-03-22,0.105,0.106,0.1227,0.3227,0.1415,episodic_media_spike
CP-SYN-023,2026-03-23,0.0223,0.1551,0.044,0.3675,0.1116,episodic_media_spike
CP-SYN-023,2026-03-24,0.0512,0.3287,0.061,0.3508,0.1675,episodic_media_spike
CP-SYN-023,2026-03-25,0.0263,0.238,0.0,0.2833,0.1125,episodic_media_spike
CP-SYN-023,2026-03-26,0.0952,0.1681,0.1167,0.2069,0.1345,episodic_media_spike
CP-SYN-023,2026-03-27,0.0734,0.1013,0.0565,0.1693,0.0914,episodic_media_spike
CP-SYN-023,2026-03-28,0.0,0.1429,0.1963,0.1393,0.0959,episodic_media_spike
CP-SYN-023,2026-03-29,0.0144,0.1605,0.0926,0.4731,0.1354,episodic_media_spike
CP-SYN-023,2026-03-30,0.0717,0.3454,0.1323,0.149,0.1639,episodic_media_spike
CP-SYN-023,2026-03-31,0.0354,0.2829,0.1185,0.2043,0.1392,episodic_media_spike
CP-SYN-023,2026-04-01,0.0121,0.2784,0.1048,0.4247,0.1591,episodic_media_spike
CP-SYN-023,2026-04-02,0.0654,0.1391,0.0536,0.4463,0.1386,episodic_media_spike
CP-SYN-023,2026-04-03,0.1142,0.1521,0.0824,0.1726,0.1261,episodic_media_spike
CP-SYN-023,2026-04-04,0.0742,0.2412,0.0711,0.383,0.1617,episodic_media_spike
CP-SYN-023,2026-04-05,0.0319,0.2179,0.1608,0.2572,0.138,episodic_media_spike
CP-SYN-023,2026-04-06,0.0213,0.093,0.1111,0.048,0.0612,episodic_media_spike
CP-SYN-023,2026-04-07,0.0522,0.0656,0.0935,0.3117,0.1027,episodic_media_spike
CP-SYN-023,2026-04-08,0.0887,0.2934,0.1608,0.374,0.1971,episodic_media_spike
CP-SYN-023,2026-04-09,0.0789,0.2151,0.0588,0.2662,0.137,episodic_media_spike
CP-SYN-023,2026-04-10,0.051,0.221,0.0393,0.276,0.1249,episodic_media_spike
CP-SYN-023,2026-04-11,0.0822,0.1974,0.1274,0.3002,0.1528,episodic_media_spike
CP-SYN-023,2026-04-12,0.103,0.1005,0.1706,0.2296,0.1349,episodic_media_spike
CP-SYN-023,2026-04-13,0.014,0.1684,0.1275,0.2796,0.1152,episodic_media_spike
CP-SYN-023,2026-04-14,0.0521,0.0951,0.0123,0.3867,0.1051,episodic_media_spike
CP-SYN-023,2026-04-15,0.031,0.2244,0.1048,0.3161,0.1369,episodic_media_spike
CP-SYN-023,2026-04-16,0.0371,0.1546,0.109,0.1831,0.1028,episodic_media_spike
CP-SYN-023,2026-04-17,0.079,0.1936,0.0981,0.3021,0.1449,episodic_media_spike
CP-SYN-023,2026-04-18,0.025,0.1186,0.0848,0.2128,0.0885,episodic_media_spike
CP-SYN-023,2026-04-19,0.0356,0.1402,0.1327,0.1204,0.0939,episodic_media_spike
CP-SYN-023,2026-04-20,0.0728,0.1123,0.0869,0.3018,0.1199,episodic_media_spike
CP-SYN-023,2026-04-21,0.0463,0.3475,0.1113,0.3713,0.1833,episodic_media_spike
CP-SYN-023,2026-04-22,0.0123,0.2805,0.2208,0.3086,0.1655,episodic_media_spike
CP-SYN-023,2026-04-23,0.0738,0.1978,0.0436,0.3569,0.1412,episodic_media_spike
CP-SYN-023,2026-04-24,0.0014,0.173,0.1041,0.4469,0.1316,episodic_media_spike
CP-SYN-023,2026-04-25,0.0511,0.1035,0.0382,0.298,0.0987,episodic_media_spike
CP-SYN-023,2026-04-26,0.0666,0.2169,0.1052,0.3433,0.1534,episodic_media_spike
CP-SYN-023,2026-04-27,0.1028,0.171,0.0086,0.3969,0.1451,episodic_media_spike
CP-SYN-023,2026-04-28,0.0666,0.2459,0.0404,0.3035,0.1417,episodic_media_spike
CP-SYN-023,2026-04-29,0.0574,0.2062,0.0923,0.3288,0.1423,episodic_media_spike
CP-SYN-023,2026-04-30,0.063,0.2031,0.0931,0.3491,0.147,episodic_media_spike
CP-SYN-023,2026-05-01,0.0289,0.329,0.1009,0.2839,0.1566,episodic_media_spike
CP-SYN-023,2026-05-02,0.116,0.2285,0.0384,0.0707,0.1218,episodic_media_spike
CP-SYN-023,2026-05-03,0.0793,0.1603,0.0,0.2718,0.1126,episodic_media_spike
CP-SYN-023,2026-05-04,0.0484,0.2862,0.1019,0.2275,0.1454,episodic_media_spike
CP-SYN-023,2026-05-05,0.0373,0.2873,0.1019,0.4013,0.1673,episodic_media_spike
CP-SYN-023,2026-05-06,0.0001,0.1348,0.0916,0.2806,0.0941,episodic_media_spike
CP-SYN-023,2026-05-07,0.0388,0.1771,0.1481,0.3768,0.1459,episodic_media_spike
CP-SYN-023,2026-05-08,0.0776,0.1742,0.132,0.329,0.1503,episodic_media_spike
CP-SYN-023,2026-05-09,0.1087,0.3281,0.0847,0.3419,0.1937,episodic_media_spike
CP-SYN-023,2026-05-10,0.0272,0.1037,0.0557,0.1701,0.0734,episodic_media_spike
CP-SYN-023,2026-05-11,0.0429,0.2233,0.1924,0.4118,0.1732,episodic_media_spike
CP-SYN-023,2026-05-12,0.039,0.156,0.0744,0.3673,0.1246,episodic_media_spike
CP-SYN-023,2026-05-13,0.0495,0.0949,0.133,0.4134,0.1322,episodic_media_spike
CP-SYN-023,2026-05-14,0.0675,0.2195,0.036,0.2449,0.1258,episodic_media_spike
CP-SYN-023,2026-05-15,0.0471,0.0935,0.0952,0.2287,0.0955,episodic_media_spike
