counterparty_id,legal_name,jurisdiction,risk_rating,last_kyc_refresh,sanctions_hits,ubo_count,aip_grounded_risk_summary
CP-00001,Counterparty 00001 Holdings,GB,critical,2026-04-30,0,2,"Grounded summary for CP-00001: jurisdictional exposure, UBO depth 2, sanctions hits 0."
CP-00002,Counterparty 00002 Holdings,KY,high,2026-04-29,0,3,"Grounded summary for CP-00002: jurisdictional exposure, UBO depth 3, sanctions hits 0."
CP-00003,Counterparty 00003 Holdings,DE,medium,2026-04-28,0,4,"Grounded summary for CP-00003: jurisdictional exposure, UBO depth 4, sanctions hits 0."
CP-00004,Counterparty 00004 Holdings,AE,low,2026-04-27,0,1,"Grounded summary for CP-00004: jurisdictional exposure, UBO depth 1, sanctions hits 0."
CP-00005,Counterparty 00005 Holdings,SG,critical,2026-04-26,0,2,"Grounded summary for CP-00005: jurisdictional exposure, UBO depth 2, sanctions hits 0."
CP-00006,Counterparty 00006 Holdings,US,high,2026-04-25,0,3,"Grounded summary for CP-00006: jurisdictional exposure, UBO depth 3, sanctions hits 0."
CP-00007,Counterparty 00007 Holdings,GB,medium,2026-04-24,0,4,"Grounded summary for CP-00007: jurisdictional exposure, UBO depth 4, sanctions hits 0."
CP-00008,Counterparty 00008 Holdings,KY,low,2026-04-23,0,1,"Grounded summary for CP-00008: jurisdictional exposure, UBO depth 1, sanctions hits 0."
CP-00009,Counterparty 00009 Holdings,DE,critical,2026-04-22,0,2,"Grounded summary for CP-00009: jurisdictional exposure, UBO depth 2, sanctions hits 0."
CP-00010,Counterparty 00010 Holdings,AE,high,2026-04-21,0,3,"Grounded summary for CP-00010: jurisdictional exposure, UBO depth 3, sanctions hits 0."
CP-00011,Counterparty 00011 Holdings,SG,medium,2026-04-20,0,4,"Grounded summary for CP-00011: jurisdictional exposure, UBO depth 4, sanctions hits 0."
CP-00012,Counterparty 00012 Holdings,US,low,2026-04-19,0,1,"Grounded summary for CP-00012: jurisdictional exposure, UBO depth 1, sanctions hits 0."
CP-00013,Counterparty 00013 Holdings,GB,critical,2026-04-18,0,2,"Grounded summary for CP-00013: jurisdictional exposure, UBO depth 2, sanctions hits 0."
CP-00014,Counterparty 00014 Holdings,KY,high,2026-04-17,0,3,"Grounded summary for CP-00014: jurisdictional exposure, UBO depth 3, sanctions hits 0."
CP-00015,Counterparty 00015 Holdings,DE,medium,2026-04-16,0,4,"Grounded summary for CP-00015: jurisdictional exposure, UBO depth 4, sanctions hits 0."
CP-00016,Counterparty 00016 Holdings,AE,low,2026-04-15,0,1,"Grounded summary for CP-00016: jurisdictional exposure, UBO depth 1, sanctions hits 0."
CP-00017,Counterparty 00017 Holdings,SG,critical,2026-04-14,0,2,"Grounded summary for CP-00017: jurisdictional exposure, UBO depth 2, sanctions hits 0."
CP-00018,Counterparty 00018 Holdings,US,high,2026-04-13,0,3,"Grounded summary for CP-00018: jurisdictional exposure, UBO depth 3, sanctions hits 0."
CP-00019,Counterparty 00019 Holdings,GB,medium,2026-04-12,0,4,"Grounded summary for CP-00019: jurisdictional exposure, UBO depth 4, sanctions hits 0."
CP-00020,Counterparty 00020 Holdings,KY,low,2026-04-11,0,1,"Grounded summary for CP-00020: jurisdictional exposure, UBO depth 1, sanctions hits 0."
CP-00021,Counterparty 00021 Holdings,DE,critical,2026-04-10,0,2,"Grounded summary for CP-00021: jurisdictional exposure, UBO depth 2, sanctions hits 0."
CP-00022,Counterparty 00022 Holdings,AE,high,2026-04-09,0,3,"Grounded summary for CP-00022: jurisdictional exposure, UBO depth 3, sanctions hits 0."
CP-00023,Counterparty 00023 Holdings,SG,medium,2026-04-08,0,4,"Grounded summary for CP-00023: jurisdictional exposure, UBO depth 4, sanctions hits 0."
CP-00024,Counterparty 00024 Holdings,US,low,2026-04-07,0,1,"Grounded summary for CP-00024: jurisdictional exposure, UBO depth 1, sanctions hits 0."
CP-00025,Counterparty 00025 Holdings,GB,critical,2026-04-06,0,2,"Grounded summary for CP-00025: jurisdictional exposure, UBO depth 2, sanctions hits 0."
CP-00026,Counterparty 00026 Holdings,KY,high,2026-04-05,0,3,"Grounded summary for CP-00026: jurisdictional exposure, UBO depth 3, sanctions hits 0."
CP-00027,Counterparty 00027 Holdings,DE,medium,2026-04-04,0,4,"Grounded summary for CP-00027: jurisdictional exposure, UBO depth 4, sanctions hits 0."
CP-00028,Counterparty 00028 Holdings,AE,low,2026-04-03,0,1,"Grounded summary for CP-00028: jurisdictional exposure, UBO depth 1, sanctions hits 0."
CP-00029,Counterparty 00029 Holdings,SG,critical,2026-04-02,0,2,"Grounded summary for CP-00029: jurisdictional exposure, UBO depth 2, sanctions hits 0."
CP-00030,Counterparty 00030 Holdings,US,high,2026-04-01,0,3,"Grounded summary for CP-00030: jurisdictional exposure, UBO depth 3, sanctions hits 0."
CP-00031,Counterparty 00031 Holdings,GB,medium,2026-03-31,0,4,"Grounded summary for CP-00031: jurisdictional exposure, UBO depth 4, sanctions hits 0."
CP-00032,Counterparty 00032 Holdings,KY,low,2026-03-30,0,1,"Grounded summary for CP-00032: jurisdictional exposure, UBO depth 1, sanctions hits 0."
CP-00033,Counterparty 00033 Holdings,DE,critical,2026-03-29,0,2,"Grounded summary for CP-00033: jurisdictional exposure, UBO depth 2, sanctions hits 0."
CP-00034,Counterparty 00034 Holdings,AE,high,2026-03-28,0,3,"Grounded summary for CP-00034: jurisdictional exposure, UBO depth 3, sanctions hits 0."
CP-00035,Counterparty 00035 Holdings,SG,medium,2026-03-27,0,4,"Grounded summary for CP-00035: jurisdictional exposure, UBO depth 4, sanctions hits 0."
CP-00036,Counterparty 00036 Holdings,US,low,2026-03-26,0,1,"Grounded summary for CP-00036: jurisdictional exposure, UBO depth 1, sanctions hits 0."
CP-00037,Counterparty 00037 Holdings,GB,critical,2026-03-25,0,2,"Grounded summary for CP-00037: jurisdictional exposure, UBO depth 2, sanctions hits 0."
CP-00038,Counterparty 00038 Holdings,KY,high,2026-03-24,0,3,"Grounded summary for CP-00038: jurisdictional exposure, UBO depth 3, sanctions hits 0."
CP-00039,Counterparty 00039 Holdings,DE,medium,2026-03-23,0,4,"Grounded summary for CP-00039: jurisdictional exposure, UBO depth 4, sanctions hits 0."
CP-00040,Counterparty 00040 Holdings,AE,low,2026-03-22,0,1,"Grounded summary for CP-00040: jurisdictional exposure, UBO depth 1, sanctions hits 0."
CP-00041,Counterparty 00041 Holdings,SG,critical,2026-03-21,0,2,"Grounded summary for CP-00041: jurisdictional exposure, UBO depth 2, sanctions hits 0."
CP-00042,Counterparty 00042 Holdings,US,high,2026-03-20,0,3,"Grounded summary for CP-00042: jurisdictional exposure, UBO depth 3, sanctions hits 0."
CP-00043,Counterparty 00043 Holdings,GB,medium,2026-03-19,0,4,"Grounded summary for CP-00043: jurisdictional exposure, UBO depth 4, sanctions hits 0."
CP-00044,Counterparty 00044 Holdings,KY,low,2026-03-18,0,1,"Grounded summary for CP-00044: jurisdictional exposure, UBO depth 1, sanctions hits 0."
CP-00045,Counterparty 00045 Holdings,DE,critical,2026-03-17,0,2,"Grounded summary for CP-00045: jurisdictional exposure, UBO depth 2, sanctions hits 0."
CP-00046,Counterparty 00046 Holdings,AE,high,2026-03-16,0,3,"Grounded summary for CP-00046: jurisdictional exposure, UBO depth 3, sanctions hits 0."
CP-00047,Counterparty 00047 Holdings,SG,medium,2026-03-15,0,4,"Grounded summary for CP-00047: jurisdictional exposure, UBO depth 4, sanctions hits 0."
CP-00048,Counterparty 00048 Holdings,US,low,2026-03-14,0,1,"Grounded summary for CP-00048: jurisdictional exposure, UBO depth 1, sanctions hits 0."
CP-00049,Counterparty 00049 Holdings,GB,critical,2026-03-13,0,2,"Grounded summary for CP-00049: jurisdictional exposure, UBO depth 2, sanctions hits 0."
CP-00050,Counterparty 00050 Holdings,KY,high,2026-03-12,0,3,"Grounded summary for CP-00050: jurisdictional exposure, UBO depth 3, sanctions hits 0."
CP-00051,Counterparty 00051 Holdings,DE,medium,2026-03-11,0,4,"Grounded summary for CP-00051: jurisdictional exposure, UBO depth 4, sanctions hits 0."
CP-00052,Counterparty 00052 Holdings,AE,low,2026-03-10,0,1,"Grounded summary for CP-00052: jurisdictional exposure, UBO depth 1, sanctions hits 0."
CP-00053,Counterparty 00053 Holdings,SG,critical,2026-03-09,0,2,"Grounded summary for CP-00053: jurisdictional exposure, UBO depth 2, sanctions hits 0."
CP-00054,Counterparty 00054 Holdings,US,high,2026-03-08,0,3,"Grounded summary for CP-00054: jurisdictional exposure, UBO depth 3, sanctions hits 0."
CP-00055,Counterparty 00055 Holdings,GB,medium,2026-03-07,0,4,"Grounded summary for CP-00055: jurisdictional exposure, UBO depth 4, sanctions hits 0."
CP-00056,Counterparty 00056 Holdings,KY,low,2026-03-06,0,1,"Grounded summary for CP-00056: jurisdictional exposure, UBO depth 1, sanctions hits 0."
CP-00057,Counterparty 00057 Holdings,DE,critical,2026-03-05,0,2,"Grounded summary for CP-00057: jurisdictional exposure, UBO depth 2, sanctions hits 0."
CP-00058,Counterparty 00058 Holdings,AE,high,2026-03-04,0,3,"Grounded summary for CP-00058: jurisdictional exposure, UBO depth 3, sanctions hits 0."
CP-00059,Counterparty 00059 Holdings,SG,medium,2026-03-03,0,4,"Grounded summary for CP-00059: jurisdictional exposure, UBO depth 4, sanctions hits 0."
CP-00060,Counterparty 00060 Holdings,US,low,2026-03-02,0,1,"Grounded summary for CP-00060: jurisdictional exposure, UBO depth 1, sanctions hits 0."
CP-00061,Counterparty 00061 Holdings,GB,critical,2026-03-01,0,2,"Grounded summary for CP-00061: jurisdictional exposure, UBO depth 2, sanctions hits 0."
CP-00062,Counterparty 00062 Holdings,KY,high,2026-02-28,0,3,"Grounded summary for CP-00062: jurisdictional exposure, UBO depth 3, sanctions hits 0."
CP-00063,Counterparty 00063 Holdings,DE,medium,2026-02-27,0,4,"Grounded summary for CP-00063: jurisdictional exposure, UBO depth 4, sanctions hits 0."
CP-00064,Counterparty 00064 Holdings,AE,low,2026-02-26,0,1,"Grounded summary for CP-00064: jurisdictional exposure, UBO depth 1, sanctions hits 0."
CP-00065,Counterparty 00065 Holdings,SG,critical,2026-02-25,0,2,"Grounded summary for CP-00065: jurisdictional exposure, UBO depth 2, sanctions hits 0."
CP-00066,Counterparty 00066 Holdings,US,high,2026-02-24,0,3,"Grounded summary for CP-00066: jurisdictional exposure, UBO depth 3, sanctions hits 0."
CP-00067,Counterparty 00067 Holdings,GB,medium,2026-02-23,0,4,"Grounded summary for CP-00067: jurisdictional exposure, UBO depth 4, sanctions hits 0."
CP-00068,Counterparty 00068 Holdings,KY,low,2026-02-22,0,1,"Grounded summary for CP-00068: jurisdictional exposure, UBO depth 1, sanctions hits 0."
CP-00069,Counterparty 00069 Holdings,DE,critical,2026-02-21,0,2,"Grounded summary for CP-00069: jurisdictional exposure, UBO depth 2, sanctions hits 0."
CP-00070,Counterparty 00070 Holdings,AE,high,2026-02-20,0,3,"Grounded summary for CP-00070: jurisdictional exposure, UBO depth 3, sanctions hits 0."
CP-00071,Counterparty 00071 Holdings,SG,medium,2026-02-19,0,4,"Grounded summary for CP-00071: jurisdictional exposure, UBO depth 4, sanctions hits 0."
CP-00072,Counterparty 00072 Holdings,US,low,2026-02-18,0,1,"Grounded summary for CP-00072: jurisdictional exposure, UBO depth 1, sanctions hits 0."
CP-00073,Counterparty 00073 Holdings,GB,critical,2026-02-17,0,2,"Grounded summary for CP-00073: jurisdictional exposure, UBO depth 2, sanctions hits 0."
CP-00074,Counterparty 00074 Holdings,KY,high,2026-02-16,0,3,"Grounded summary for CP-00074: jurisdictional exposure, UBO depth 3, sanctions hits 0."
CP-00075,Counterparty 00075 Holdings,DE,medium,2026-02-15,0,4,"Grounded summary for CP-00075: jurisdictional exposure, UBO depth 4, sanctions hits 0."
CP-00076,Counterparty 00076 Holdings,AE,low,2026-02-14,0,1,"Grounded summary for CP-00076: jurisdictional exposure, UBO depth 1, sanctions hits 0."
CP-00077,Counterparty 00077 Holdings,SG,critical,2026-02-13,0,2,"Grounded summary for CP-00077: jurisdictional exposure, UBO depth 2, sanctions hits 0."
CP-00078,Counterparty 00078 Holdings,US,high,2026-02-12,0,3,"Grounded summary for CP-00078: jurisdictional exposure, UBO depth 3, sanctions hits 0."
CP-00079,Counterparty 00079 Holdings,GB,medium,2026-02-11,0,4,"Grounded summary for CP-00079: jurisdictional exposure, UBO depth 4, sanctions hits 0."
CP-00080,Counterparty 00080 Holdings,KY,low,2026-02-10,0,1,"Grounded summary for CP-00080: jurisdictional exposure, UBO depth 1, sanctions hits 0."
CP-00081,Counterparty 00081 Holdings,DE,critical,2026-02-09,0,2,"Grounded summary for CP-00081: jurisdictional exposure, UBO depth 2, sanctions hits 0."
CP-00082,Counterparty 00082 Holdings,AE,high,2026-02-08,0,3,"Grounded summary for CP-00082: jurisdictional exposure, UBO depth 3, sanctions hits 0."
CP-00083,Counterparty 00083 Holdings,SG,medium,2026-02-07,0,4,"Grounded summary for CP-00083: jurisdictional exposure, UBO depth 4, sanctions hits 0."
CP-00084,Counterparty 00084 Holdings,US,low,2026-02-06,0,1,"Grounded summary for CP-00084: jurisdictional exposure, UBO depth 1, sanctions hits 0."
CP-00085,Counterparty 00085 Holdings,GB,critical,2026-02-05,0,2,"Grounded summary for CP-00085: jurisdictional exposure, UBO depth 2, sanctions hits 0."
CP-00086,Counterparty 00086 Holdings,KY,high,2026-02-04,0,3,"Grounded summary for CP-00086: jurisdictional exposure, UBO depth 3, sanctions hits 0."
CP-00087,Counterparty 00087 Holdings,DE,medium,2026-02-03,0,4,"Grounded summary for CP-00087: jurisdictional exposure, UBO depth 4, sanctions hits 0."
CP-00088,Counterparty 00088 Holdings,AE,low,2026-02-02,0,1,"Grounded summary for CP-00088: jurisdictional exposure, UBO depth 1, sanctions hits 0."
CP-00089,Counterparty 00089 Holdings,SG,critical,2026-02-01,0,2,"Grounded summary for CP-00089: jurisdictional exposure, UBO depth 2, sanctions hits 0."
CP-00090,Counterparty 00090 Holdings,US,high,2026-01-31,0,3,"Grounded summary for CP-00090: jurisdictional exposure, UBO depth 3, sanctions hits 0."
CP-00091,Counterparty 00091 Holdings,GB,medium,2026-01-30,0,4,"Grounded summary for CP-00091: jurisdictional exposure, UBO depth 4, sanctions hits 0."
CP-00092,Counterparty 00092 Holdings,KY,low,2026-01-29,0,1,"Grounded summary for CP-00092: jurisdictional exposure, UBO depth 1, sanctions hits 0."
CP-00093,Counterparty 00093 Holdings,DE,critical,2026-01-28,0,2,"Grounded summary for CP-00093: jurisdictional exposure, UBO depth 2, sanctions hits 0."
CP-00094,Counterparty 00094 Holdings,AE,high,2026-01-27,0,3,"Grounded summary for CP-00094: jurisdictional exposure, UBO depth 3, sanctions hits 0."
CP-00095,Counterparty 00095 Holdings,SG,medium,2026-01-26,0,4,"Grounded summary for CP-00095: jurisdictional exposure, UBO depth 4, sanctions hits 0."
CP-00096,Counterparty 00096 Holdings,US,low,2026-01-25,0,1,"Grounded summary for CP-00096: jurisdictional exposure, UBO depth 1, sanctions hits 0."
CP-00097,Counterparty 00097 Holdings,GB,critical,2026-01-24,0,2,"Grounded summary for CP-00097: jurisdictional exposure, UBO depth 2, sanctions hits 0."
CP-00098,Counterparty 00098 Holdings,KY,high,2026-01-23,0,3,"Grounded summary for CP-00098: jurisdictional exposure, UBO depth 3, sanctions hits 0."
CP-00099,Counterparty 00099 Holdings,DE,medium,2026-01-22,0,4,"Grounded summary for CP-00099: jurisdictional exposure, UBO depth 4, sanctions hits 0."
CP-00100,Counterparty 00100 Holdings,AE,low,2026-01-21,0,1,"Grounded summary for CP-00100: jurisdictional exposure, UBO depth 1, sanctions hits 0."
CP-00101,Counterparty 00101 Holdings,SG,critical,2026-01-20,0,2,"Grounded summary for CP-00101: jurisdictional exposure, UBO depth 2, sanctions hits 0."
CP-00102,Counterparty 00102 Holdings,US,high,2026-01-19,0,3,"Grounded summary for CP-00102: jurisdictional exposure, UBO depth 3, sanctions hits 0."
CP-00103,Counterparty 00103 Holdings,GB,medium,2026-01-18,0,4,"Grounded summary for CP-00103: jurisdictional exposure, UBO depth 4, sanctions hits 0."
CP-00104,Counterparty 00104 Holdings,KY,low,2026-01-17,0,1,"Grounded summary for CP-00104: jurisdictional exposure, UBO depth 1, sanctions hits 0."
CP-00105,Counterparty 00105 Holdings,DE,critical,2026-01-16,0,2,"Grounded summary for CP-00105: jurisdictional exposure, UBO depth 2, sanctions hits 0."
CP-00106,Counterparty 00106 Holdings,AE,high,2026-01-15,0,3,"Grounded summary for CP-00106: jurisdictional exposure, UBO depth 3, sanctions hits 0."
CP-00107,Counterparty 00107 Holdings,SG,medium,2026-01-14,0,4,"Grounded summary for CP-00107: jurisdictional exposure, UBO depth 4, sanctions hits 0."
CP-00108,Counterparty 00108 Holdings,US,low,2026-01-13,0,1,"Grounded summary for CP-00108: jurisdictional exposure, UBO depth 1, sanctions hits 0."
CP-00109,Counterparty 00109 Holdings,GB,critical,2026-01-12,0,2,"Grounded summary for CP-00109: jurisdictional exposure, UBO depth 2, sanctions hits 0."
CP-00110,Counterparty 00110 Holdings,KY,high,2026-01-11,0,3,"Grounded summary for CP-00110: jurisdictional exposure, UBO depth 3, sanctions hits 0."
CP-00111,Counterparty 00111 Holdings,DE,medium,2026-01-10,0,4,"Grounded summary for CP-00111: jurisdictional exposure, UBO depth 4, sanctions hits 0."
CP-00112,Counterparty 00112 Holdings,AE,low,2026-01-09,0,1,"Grounded summary for CP-00112: jurisdictional exposure, UBO depth 1, sanctions hits 0."
CP-00113,Counterparty 00113 Holdings,SG,critical,2026-01-08,0,2,"Grounded summary for CP-00113: jurisdictional exposure, UBO depth 2, sanctions hits 0."
CP-00114,Counterparty 00114 Holdings,US,high,2026-01-07,0,3,"Grounded summary for CP-00114: jurisdictional exposure, UBO depth 3, sanctions hits 0."
CP-00115,Counterparty 00115 Holdings,GB,medium,2026-01-06,0,4,"Grounded summary for CP-00115: jurisdictional exposure, UBO depth 4, sanctions hits 0."
CP-00116,Counterparty 00116 Holdings,KY,low,2026-01-05,0,1,"Grounded summary for CP-00116: jurisdictional exposure, UBO depth 1, sanctions hits 0."
CP-00117,Counterparty 00117 Holdings,DE,critical,2026-01-04,0,2,"Grounded summary for CP-00117: jurisdictional exposure, UBO depth 2, sanctions hits 0."
CP-00118,Counterparty 00118 Holdings,AE,high,2026-01-03,0,3,"Grounded summary for CP-00118: jurisdictional exposure, UBO depth 3, sanctions hits 0."
CP-00119,Counterparty 00119 Holdings,SG,medium,2026-01-02,0,4,"Grounded summary for CP-00119: jurisdictional exposure, UBO depth 4, sanctions hits 0."
CP-00120,Counterparty 00120 Holdings,US,low,2026-01-01,0,1,"Grounded summary for CP-00120: jurisdictional exposure, UBO depth 1, sanctions hits 0."
CP-00121,Counterparty 00121 Holdings,GB,critical,2025-12-31,0,2,"Grounded summary for CP-00121: jurisdictional exposure, UBO depth 2, sanctions hits 0."
CP-00122,Counterparty 00122 Holdings,KY,high,2025-12-30,0,3,"Grounded summary for CP-00122: jurisdictional exposure, UBO depth 3, sanctions hits 0."
CP-00123,Counterparty 00123 Holdings,DE,medium,2025-12-29,0,4,"Grounded summary for CP-00123: jurisdictional exposure, UBO depth 4, sanctions hits 0."
CP-00124,Counterparty 00124 Holdings,AE,low,2025-12-28,0,1,"Grounded summary for CP-00124: jurisdictional exposure, UBO depth 1, sanctions hits 0."
CP-00125,Counterparty 00125 Holdings,SG,critical,2025-12-27,0,2,"Grounded summary for CP-00125: jurisdictional exposure, UBO depth 2, sanctions hits 0."
CP-00126,Counterparty 00126 Holdings,US,high,2025-12-26,0,3,"Grounded summary for CP-00126: jurisdictional exposure, UBO depth 3, sanctions hits 0."
CP-00127,Counterparty 00127 Holdings,GB,medium,2025-12-25,0,4,"Grounded summary for CP-00127: jurisdictional exposure, UBO depth 4, sanctions hits 0."
CP-00128,Counterparty 00128 Holdings,KY,low,2025-12-24,0,1,"Grounded summary for CP-00128: jurisdictional exposure, UBO depth 1, sanctions hits 0."
CP-00129,Counterparty 00129 Holdings,DE,critical,2025-12-23,0,2,"Grounded summary for CP-00129: jurisdictional exposure, UBO depth 2, sanctions hits 0."
CP-00130,Counterparty 00130 Holdings,AE,high,2025-12-22,0,3,"Grounded summary for CP-00130: jurisdictional exposure, UBO depth 3, sanctions hits 0."
CP-00131,Counterparty 00131 Holdings,SG,medium,2025-12-21,0,4,"Grounded summary for CP-00131: jurisdictional exposure, UBO depth 4, sanctions hits 0."
CP-00132,Counterparty 00132 Holdings,US,low,2025-12-20,0,1,"Grounded summary for CP-00132: jurisdictional exposure, UBO depth 1, sanctions hits 0."
CP-00133,Counterparty 00133 Holdings,GB,critical,2025-12-19,0,2,"Grounded summary for CP-00133: jurisdictional exposure, UBO depth 2, sanctions hits 0."
CP-00134,Counterparty 00134 Holdings,KY,high,2025-12-18,0,3,"Grounded summary for CP-00134: jurisdictional exposure, UBO depth 3, sanctions hits 0."
CP-00135,Counterparty 00135 Holdings,DE,medium,2025-12-17,0,4,"Grounded summary for CP-00135: jurisdictional exposure, UBO depth 4, sanctions hits 0."
CP-00136,Counterparty 00136 Holdings,AE,low,2025-12-16,0,1,"Grounded summary for CP-00136: jurisdictional exposure, UBO depth 1, sanctions hits 0."
CP-00137,Counterparty 00137 Holdings,SG,critical,2025-12-15,0,2,"Grounded summary for CP-00137: jurisdictional exposure, UBO depth 2, sanctions hits 0."
CP-00138,Counterparty 00138 Holdings,US,high,2025-12-14,0,3,"Grounded summary for CP-00138: jurisdictional exposure, UBO depth 3, sanctions hits 0."
CP-00139,Counterparty 00139 Holdings,GB,medium,2025-12-13,0,4,"Grounded summary for CP-00139: jurisdictional exposure, UBO depth 4, sanctions hits 0."
CP-00140,Counterparty 00140 Holdings,KY,low,2025-12-12,0,1,"Grounded summary for CP-00140: jurisdictional exposure, UBO depth 1, sanctions hits 0."
CP-00141,Counterparty 00141 Holdings,DE,critical,2025-12-11,0,2,"Grounded summary for CP-00141: jurisdictional exposure, UBO depth 2, sanctions hits 0."
CP-00142,Counterparty 00142 Holdings,AE,high,2025-12-10,0,3,"Grounded summary for CP-00142: jurisdictional exposure, UBO depth 3, sanctions hits 0."
CP-00143,Counterparty 00143 Holdings,SG,medium,2025-12-09,0,4,"Grounded summary for CP-00143: jurisdictional exposure, UBO depth 4, sanctions hits 0."
CP-00144,Counterparty 00144 Holdings,US,low,2025-12-08,0,1,"Grounded summary for CP-00144: jurisdictional exposure, UBO depth 1, sanctions hits 0."
CP-00145,Counterparty 00145 Holdings,GB,critical,2025-12-07,0,2,"Grounded summary for CP-00145: jurisdictional exposure, UBO depth 2, sanctions hits 0."
CP-00146,Counterparty 00146 Holdings,KY,high,2025-12-06,0,3,"Grounded summary for CP-00146: jurisdictional exposure, UBO depth 3, sanctions hits 0."
CP-00147,Counterparty 00147 Holdings,DE,medium,2025-12-05,0,4,"Grounded summary for CP-00147: jurisdictional exposure, UBO depth 4, sanctions hits 0."
CP-00148,Counterparty 00148 Holdings,AE,low,2025-12-04,0,1,"Grounded summary for CP-00148: jurisdictional exposure, UBO depth 1, sanctions hits 0."
CP-00149,Counterparty 00149 Holdings,SG,critical,2025-12-03,0,2,"Grounded summary for CP-00149: jurisdictional exposure, UBO depth 2, sanctions hits 0."
CP-00150,Counterparty 00150 Holdings,US,high,2025-12-02,0,3,"Grounded summary for CP-00150: jurisdictional exposure, UBO depth 3, sanctions hits 0."
CP-00151,Counterparty 00151 Holdings,GB,medium,2025-12-01,0,4,"Grounded summary for CP-00151: jurisdictional exposure, UBO depth 4, sanctions hits 0."
CP-00152,Counterparty 00152 Holdings,KY,low,2025-11-30,0,1,"Grounded summary for CP-00152: jurisdictional exposure, UBO depth 1, sanctions hits 0."
CP-00153,Counterparty 00153 Holdings,DE,critical,2025-11-29,0,2,"Grounded summary for CP-00153: jurisdictional exposure, UBO depth 2, sanctions hits 0."
CP-00154,Counterparty 00154 Holdings,AE,high,2025-11-28,0,3,"Grounded summary for CP-00154: jurisdictional exposure, UBO depth 3, sanctions hits 0."
CP-00155,Counterparty 00155 Holdings,SG,medium,2025-11-27,0,4,"Grounded summary for CP-00155: jurisdictional exposure, UBO depth 4, sanctions hits 0."
CP-00156,Counterparty 00156 Holdings,US,low,2025-11-26,0,1,"Grounded summary for CP-00156: jurisdictional exposure, UBO depth 1, sanctions hits 0."
CP-00157,Counterparty 00157 Holdings,GB,critical,2025-11-25,0,2,"Grounded summary for CP-00157: jurisdictional exposure, UBO depth 2, sanctions hits 0."
CP-00158,Counterparty 00158 Holdings,KY,high,2025-11-24,0,3,"Grounded summary for CP-00158: jurisdictional exposure, UBO depth 3, sanctions hits 0."
CP-00159,Counterparty 00159 Holdings,DE,medium,2025-11-23,0,4,"Grounded summary for CP-00159: jurisdictional exposure, UBO depth 4, sanctions hits 0."
CP-00160,Counterparty 00160 Holdings,AE,low,2025-11-22,0,1,"Grounded summary for CP-00160: jurisdictional exposure, UBO depth 1, sanctions hits 0."
CP-00161,Counterparty 00161 Holdings,SG,critical,2025-11-21,0,2,"Grounded summary for CP-00161: jurisdictional exposure, UBO depth 2, sanctions hits 0."
CP-00162,Counterparty 00162 Holdings,US,high,2025-11-20,0,3,"Grounded summary for CP-00162: jurisdictional exposure, UBO depth 3, sanctions hits 0."
CP-00163,Counterparty 00163 Holdings,GB,medium,2025-11-19,0,4,"Grounded summary for CP-00163: jurisdictional exposure, UBO depth 4, sanctions hits 0."
CP-00164,Counterparty 00164 Holdings,KY,low,2025-11-18,0,1,"Grounded summary for CP-00164: jurisdictional exposure, UBO depth 1, sanctions hits 0."
CP-00165,Counterparty 00165 Holdings,DE,critical,2025-11-17,0,2,"Grounded summary for CP-00165: jurisdictional exposure, UBO depth 2, sanctions hits 0."
CP-00166,Counterparty 00166 Holdings,AE,high,2025-11-16,0,3,"Grounded summary for CP-00166: jurisdictional exposure, UBO depth 3, sanctions hits 0."
CP-00167,Counterparty 00167 Holdings,SG,medium,2025-11-15,0,4,"Grounded summary for CP-00167: jurisdictional exposure, UBO depth 4, sanctions hits 0."
CP-00168,Counterparty 00168 Holdings,US,low,2025-11-14,0,1,"Grounded summary for CP-00168: jurisdictional exposure, UBO depth 1, sanctions hits 0."
CP-00169,Counterparty 00169 Holdings,GB,critical,2025-11-13,0,2,"Grounded summary for CP-00169: jurisdictional exposure, UBO depth 2, sanctions hits 0."
CP-00170,Counterparty 00170 Holdings,KY,high,2025-11-12,0,3,"Grounded summary for CP-00170: jurisdictional exposure, UBO depth 3, sanctions hits 0."
CP-00171,Counterparty 00171 Holdings,DE,medium,2025-11-11,0,4,"Grounded summary for CP-00171: jurisdictional exposure, UBO depth 4, sanctions hits 0."
CP-00172,Counterparty 00172 Holdings,AE,low,2025-11-10,0,1,"Grounded summary for CP-00172: jurisdictional exposure, UBO depth 1, sanctions hits 0."
CP-00173,Counterparty 00173 Holdings,SG,critical,2025-11-09,0,2,"Grounded summary for CP-00173: jurisdictional exposure, UBO depth 2, sanctions hits 0."
CP-00174,Counterparty 00174 Holdings,US,high,2025-11-08,0,3,"Grounded summary for CP-00174: jurisdictional exposure, UBO depth 3, sanctions hits 0."
CP-00175,Counterparty 00175 Holdings,GB,medium,2025-11-07,0,4,"Grounded summary for CP-00175: jurisdictional exposure, UBO depth 4, sanctions hits 0."
CP-00176,Counterparty 00176 Holdings,KY,low,2025-11-06,0,1,"Grounded summary for CP-00176: jurisdictional exposure, UBO depth 1, sanctions hits 0."
CP-00177,Counterparty 00177 Holdings,DE,critical,2025-11-05,0,2,"Grounded summary for CP-00177: jurisdictional exposure, UBO depth 2, sanctions hits 0."
CP-00178,Counterparty 00178 Holdings,AE,high,2025-11-04,0,3,"Grounded summary for CP-00178: jurisdictional exposure, UBO depth 3, sanctions hits 0."
CP-00179,Counterparty 00179 Holdings,SG,medium,2025-11-03,0,4,"Grounded summary for CP-00179: jurisdictional exposure, UBO depth 4, sanctions hits 0."
CP-00180,Counterparty 00180 Holdings,US,low,2025-11-02,0,1,"Grounded summary for CP-00180: jurisdictional exposure, UBO depth 1, sanctions hits 0."
CP-00181,Counterparty 00181 Holdings,GB,critical,2025-11-01,0,2,"Grounded summary for CP-00181: jurisdictional exposure, UBO depth 2, sanctions hits 0."
CP-00182,Counterparty 00182 Holdings,KY,high,2025-10-31,0,3,"Grounded summary for CP-00182: jurisdictional exposure, UBO depth 3, sanctions hits 0."
CP-00183,Counterparty 00183 Holdings,DE,medium,2025-10-30,0,4,"Grounded summary for CP-00183: jurisdictional exposure, UBO depth 4, sanctions hits 0."
CP-00184,Counterparty 00184 Holdings,AE,low,2025-10-29,0,1,"Grounded summary for CP-00184: jurisdictional exposure, UBO depth 1, sanctions hits 0."
CP-00185,Counterparty 00185 Holdings,SG,critical,2025-10-28,0,2,"Grounded summary for CP-00185: jurisdictional exposure, UBO depth 2, sanctions hits 0."
CP-00186,Counterparty 00186 Holdings,US,high,2025-10-27,0,3,"Grounded summary for CP-00186: jurisdictional exposure, UBO depth 3, sanctions hits 0."
CP-00187,Counterparty 00187 Holdings,GB,medium,2025-10-26,0,4,"Grounded summary for CP-00187: jurisdictional exposure, UBO depth 4, sanctions hits 0."
CP-00188,Counterparty 00188 Holdings,KY,low,2025-10-25,0,1,"Grounded summary for CP-00188: jurisdictional exposure, UBO depth 1, sanctions hits 0."
CP-00189,Counterparty 00189 Holdings,DE,critical,2025-10-24,0,2,"Grounded summary for CP-00189: jurisdictional exposure, UBO depth 2, sanctions hits 0."
CP-00190,Counterparty 00190 Holdings,AE,high,2025-10-23,0,3,"Grounded summary for CP-00190: jurisdictional exposure, UBO depth 3, sanctions hits 0."
CP-00191,Counterparty 00191 Holdings,SG,medium,2025-10-22,0,4,"Grounded summary for CP-00191: jurisdictional exposure, UBO depth 4, sanctions hits 0."
CP-00192,Counterparty 00192 Holdings,US,low,2025-10-21,0,1,"Grounded summary for CP-00192: jurisdictional exposure, UBO depth 1, sanctions hits 0."
CP-00193,Counterparty 00193 Holdings,GB,critical,2025-10-20,0,2,"Grounded summary for CP-00193: jurisdictional exposure, UBO depth 2, sanctions hits 0."
CP-00194,Counterparty 00194 Holdings,KY,high,2025-10-19,0,3,"Grounded summary for CP-00194: jurisdictional exposure, UBO depth 3, sanctions hits 0."
CP-00195,Counterparty 00195 Holdings,DE,medium,2025-10-18,0,4,"Grounded summary for CP-00195: jurisdictional exposure, UBO depth 4, sanctions hits 0."
CP-00196,Counterparty 00196 Holdings,AE,low,2025-10-17,0,1,"Grounded summary for CP-00196: jurisdictional exposure, UBO depth 1, sanctions hits 0."
CP-00197,Counterparty 00197 Holdings,SG,critical,2025-10-16,0,2,"Grounded summary for CP-00197: jurisdictional exposure, UBO depth 2, sanctions hits 0."
CP-00198,Counterparty 00198 Holdings,US,high,2025-10-15,0,3,"Grounded summary for CP-00198: jurisdictional exposure, UBO depth 3, sanctions hits 0."
CP-00199,Counterparty 00199 Holdings,GB,medium,2025-10-14,0,4,"Grounded summary for CP-00199: jurisdictional exposure, UBO depth 4, sanctions hits 0."
CP-00200,Counterparty 00200 Holdings,KY,low,2025-10-13,0,1,"Grounded summary for CP-00200: jurisdictional exposure, UBO depth 1, sanctions hits 0."
CP-00201,Counterparty 00201 Holdings,DE,critical,2025-10-12,0,2,"Grounded summary for CP-00201: jurisdictional exposure, UBO depth 2, sanctions hits 0."
CP-00202,Counterparty 00202 Holdings,AE,high,2025-10-11,0,3,"Grounded summary for CP-00202: jurisdictional exposure, UBO depth 3, sanctions hits 0."
CP-00203,Counterparty 00203 Holdings,SG,medium,2025-10-10,0,4,"Grounded summary for CP-00203: jurisdictional exposure, UBO depth 4, sanctions hits 0."
CP-00204,Counterparty 00204 Holdings,US,low,2025-10-09,0,1,"Grounded summary for CP-00204: jurisdictional exposure, UBO depth 1, sanctions hits 0."
CP-00205,Counterparty 00205 Holdings,GB,critical,2025-10-08,0,2,"Grounded summary for CP-00205: jurisdictional exposure, UBO depth 2, sanctions hits 0."
CP-00206,Counterparty 00206 Holdings,KY,high,2025-10-07,0,3,"Grounded summary for CP-00206: jurisdictional exposure, UBO depth 3, sanctions hits 0."
CP-00207,Counterparty 00207 Holdings,DE,medium,2025-10-06,0,4,"Grounded summary for CP-00207: jurisdictional exposure, UBO depth 4, sanctions hits 0."
CP-00208,Counterparty 00208 Holdings,AE,low,2025-10-05,0,1,"Grounded summary for CP-00208: jurisdictional exposure, UBO depth 1, sanctions hits 0."
CP-00209,Counterparty 00209 Holdings,SG,critical,2025-10-04,0,2,"Grounded summary for CP-00209: jurisdictional exposure, UBO depth 2, sanctions hits 0."
CP-00210,Counterparty 00210 Holdings,US,high,2025-10-03,0,3,"Grounded summary for CP-00210: jurisdictional exposure, UBO depth 3, sanctions hits 0."
CP-00211,Counterparty 00211 Holdings,GB,medium,2025-10-02,0,4,"Grounded summary for CP-00211: jurisdictional exposure, UBO depth 4, sanctions hits 0."
CP-00212,Counterparty 00212 Holdings,KY,low,2025-10-01,0,1,"Grounded summary for CP-00212: jurisdictional exposure, UBO depth 1, sanctions hits 0."
CP-00213,Counterparty 00213 Holdings,DE,critical,2025-09-30,0,2,"Grounded summary for CP-00213: jurisdictional exposure, UBO depth 2, sanctions hits 0."
CP-00214,Counterparty 00214 Holdings,AE,high,2025-09-29,0,3,"Grounded summary for CP-00214: jurisdictional exposure, UBO depth 3, sanctions hits 0."
CP-00215,Counterparty 00215 Holdings,SG,medium,2025-09-28,0,4,"Grounded summary for CP-00215: jurisdictional exposure, UBO depth 4, sanctions hits 0."
CP-00216,Counterparty 00216 Holdings,US,low,2025-09-27,0,1,"Grounded summary for CP-00216: jurisdictional exposure, UBO depth 1, sanctions hits 0."
CP-00217,Counterparty 00217 Holdings,GB,critical,2025-09-26,0,2,"Grounded summary for CP-00217: jurisdictional exposure, UBO depth 2, sanctions hits 0."
CP-00218,Counterparty 00218 Holdings,KY,high,2025-09-25,0,3,"Grounded summary for CP-00218: jurisdictional exposure, UBO depth 3, sanctions hits 0."
CP-00219,Counterparty 00219 Holdings,DE,medium,2025-09-24,0,4,"Grounded summary for CP-00219: jurisdictional exposure, UBO depth 4, sanctions hits 0."
CP-00220,Counterparty 00220 Holdings,AE,low,2025-09-23,0,1,"Grounded summary for CP-00220: jurisdictional exposure, UBO depth 1, sanctions hits 0."
CP-00221,Counterparty 00221 Holdings,SG,critical,2025-09-22,0,2,"Grounded summary for CP-00221: jurisdictional exposure, UBO depth 2, sanctions hits 0."
CP-00222,Counterparty 00222 Holdings,US,high,2025-09-21,0,3,"Grounded summary for CP-00222: jurisdictional exposure, UBO depth 3, sanctions hits 0."
CP-00223,Counterparty 00223 Holdings,GB,medium,2025-09-20,0,4,"Grounded summary for CP-00223: jurisdictional exposure, UBO depth 4, sanctions hits 0."
CP-00224,Counterparty 00224 Holdings,KY,low,2025-09-19,0,1,"Grounded summary for CP-00224: jurisdictional exposure, UBO depth 1, sanctions hits 0."
CP-00225,Counterparty 00225 Holdings,DE,critical,2025-09-18,0,2,"Grounded summary for CP-00225: jurisdictional exposure, UBO depth 2, sanctions hits 0."
CP-00226,Counterparty 00226 Holdings,AE,high,2025-09-17,0,3,"Grounded summary for CP-00226: jurisdictional exposure, UBO depth 3, sanctions hits 0."
CP-00227,Counterparty 00227 Holdings,SG,medium,2025-09-16,0,4,"Grounded summary for CP-00227: jurisdictional exposure, UBO depth 4, sanctions hits 0."
CP-00228,Counterparty 00228 Holdings,US,low,2025-09-15,0,1,"Grounded summary for CP-00228: jurisdictional exposure, UBO depth 1, sanctions hits 0."
CP-00229,Counterparty 00229 Holdings,GB,critical,2025-09-14,0,2,"Grounded summary for CP-00229: jurisdictional exposure, UBO depth 2, sanctions hits 0."
CP-00230,Counterparty 00230 Holdings,KY,high,2025-09-13,0,3,"Grounded summary for CP-00230: jurisdictional exposure, UBO depth 3, sanctions hits 0."
CP-00231,Counterparty 00231 Holdings,DE,medium,2025-09-12,0,4,"Grounded summary for CP-00231: jurisdictional exposure, UBO depth 4, sanctions hits 0."
CP-00232,Counterparty 00232 Holdings,AE,low,2025-09-11,0,1,"Grounded summary for CP-00232: jurisdictional exposure, UBO depth 1, sanctions hits 0."
CP-00233,Counterparty 00233 Holdings,SG,critical,2025-09-10,0,2,"Grounded summary for CP-00233: jurisdictional exposure, UBO depth 2, sanctions hits 0."
CP-00234,Counterparty 00234 Holdings,US,high,2025-09-09,0,3,"Grounded summary for CP-00234: jurisdictional exposure, UBO depth 3, sanctions hits 0."
CP-00235,Counterparty 00235 Holdings,GB,medium,2025-09-08,0,4,"Grounded summary for CP-00235: jurisdictional exposure, UBO depth 4, sanctions hits 0."
CP-00236,Counterparty 00236 Holdings,KY,low,2025-09-07,0,1,"Grounded summary for CP-00236: jurisdictional exposure, UBO depth 1, sanctions hits 0."
CP-00237,Counterparty 00237 Holdings,DE,critical,2025-09-06,0,2,"Grounded summary for CP-00237: jurisdictional exposure, UBO depth 2, sanctions hits 0."
CP-00238,Counterparty 00238 Holdings,AE,high,2025-09-05,0,3,"Grounded summary for CP-00238: jurisdictional exposure, UBO depth 3, sanctions hits 0."
CP-00239,Counterparty 00239 Holdings,SG,medium,2025-09-04,0,4,"Grounded summary for CP-00239: jurisdictional exposure, UBO depth 4, sanctions hits 0."
CP-00240,Counterparty 00240 Holdings,US,low,2025-09-03,0,1,"Grounded summary for CP-00240: jurisdictional exposure, UBO depth 1, sanctions hits 0."
CP-00241,Counterparty 00241 Holdings,GB,critical,2025-09-02,0,2,"Grounded summary for CP-00241: jurisdictional exposure, UBO depth 2, sanctions hits 0."
CP-00242,Counterparty 00242 Holdings,KY,high,2025-09-01,0,3,"Grounded summary for CP-00242: jurisdictional exposure, UBO depth 3, sanctions hits 0."
CP-00243,Counterparty 00243 Holdings,DE,medium,2025-08-31,0,4,"Grounded summary for CP-00243: jurisdictional exposure, UBO depth 4, sanctions hits 0."
CP-00244,Counterparty 00244 Holdings,AE,low,2025-08-30,0,1,"Grounded summary for CP-00244: jurisdictional exposure, UBO depth 1, sanctions hits 0."
CP-00245,Counterparty 00245 Holdings,SG,critical,2025-08-29,0,2,"Grounded summary for CP-00245: jurisdictional exposure, UBO depth 2, sanctions hits 0."
CP-00246,Counterparty 00246 Holdings,US,high,2025-08-28,0,3,"Grounded summary for CP-00246: jurisdictional exposure, UBO depth 3, sanctions hits 0."
CP-00247,Counterparty 00247 Holdings,GB,medium,2025-08-27,0,4,"Grounded summary for CP-00247: jurisdictional exposure, UBO depth 4, sanctions hits 0."
CP-00248,Counterparty 00248 Holdings,KY,low,2025-08-26,0,1,"Grounded summary for CP-00248: jurisdictional exposure, UBO depth 1, sanctions hits 0."
CP-00249,Counterparty 00249 Holdings,DE,critical,2025-08-25,0,2,"Grounded summary for CP-00249: jurisdictional exposure, UBO depth 2, sanctions hits 0."
CP-00250,Counterparty 00250 Holdings,AE,high,2025-08-24,0,3,"Grounded summary for CP-00250: jurisdictional exposure, UBO depth 3, sanctions hits 0."
CP-00251,Counterparty 00251 Holdings,SG,medium,2025-08-23,0,4,"Grounded summary for CP-00251: jurisdictional exposure, UBO depth 4, sanctions hits 0."
CP-00252,Counterparty 00252 Holdings,US,low,2025-08-22,0,1,"Grounded summary for CP-00252: jurisdictional exposure, UBO depth 1, sanctions hits 0."
CP-00253,Counterparty 00253 Holdings,GB,critical,2025-08-21,0,2,"Grounded summary for CP-00253: jurisdictional exposure, UBO depth 2, sanctions hits 0."
CP-00254,Counterparty 00254 Holdings,KY,high,2025-08-20,0,3,"Grounded summary for CP-00254: jurisdictional exposure, UBO depth 3, sanctions hits 0."
CP-00255,Counterparty 00255 Holdings,DE,medium,2025-08-19,0,4,"Grounded summary for CP-00255: jurisdictional exposure, UBO depth 4, sanctions hits 0."
CP-00256,Counterparty 00256 Holdings,AE,low,2025-08-18,0,1,"Grounded summary for CP-00256: jurisdictional exposure, UBO depth 1, sanctions hits 0."
CP-00257,Counterparty 00257 Holdings,SG,critical,2025-08-17,0,2,"Grounded summary for CP-00257: jurisdictional exposure, UBO depth 2, sanctions hits 0."
CP-00258,Counterparty 00258 Holdings,US,high,2025-08-16,0,3,"Grounded summary for CP-00258: jurisdictional exposure, UBO depth 3, sanctions hits 0."
CP-00259,Counterparty 00259 Holdings,GB,medium,2025-08-15,0,4,"Grounded summary for CP-00259: jurisdictional exposure, UBO depth 4, sanctions hits 0."
CP-00260,Counterparty 00260 Holdings,KY,low,2025-08-14,0,1,"Grounded summary for CP-00260: jurisdictional exposure, UBO depth 1, sanctions hits 0."
CP-00261,Counterparty 00261 Holdings,DE,critical,2025-08-13,0,2,"Grounded summary for CP-00261: jurisdictional exposure, UBO depth 2, sanctions hits 0."
CP-00262,Counterparty 00262 Holdings,AE,high,2025-08-12,0,3,"Grounded summary for CP-00262: jurisdictional exposure, UBO depth 3, sanctions hits 0."
CP-00263,Counterparty 00263 Holdings,SG,medium,2025-08-11,0,4,"Grounded summary for CP-00263: jurisdictional exposure, UBO depth 4, sanctions hits 0."
CP-00264,Counterparty 00264 Holdings,US,low,2025-08-10,0,1,"Grounded summary for CP-00264: jurisdictional exposure, UBO depth 1, sanctions hits 0."
CP-00265,Counterparty 00265 Holdings,GB,critical,2025-08-09,0,2,"Grounded summary for CP-00265: jurisdictional exposure, UBO depth 2, sanctions hits 0."
CP-00266,Counterparty 00266 Holdings,KY,high,2025-08-08,0,3,"Grounded summary for CP-00266: jurisdictional exposure, UBO depth 3, sanctions hits 0."
CP-00267,Counterparty 00267 Holdings,DE,medium,2025-08-07,0,4,"Grounded summary for CP-00267: jurisdictional exposure, UBO depth 4, sanctions hits 0."
CP-00268,Counterparty 00268 Holdings,AE,low,2025-08-06,0,1,"Grounded summary for CP-00268: jurisdictional exposure, UBO depth 1, sanctions hits 0."
CP-00269,Counterparty 00269 Holdings,SG,critical,2025-08-05,0,2,"Grounded summary for CP-00269: jurisdictional exposure, UBO depth 2, sanctions hits 0."
CP-00270,Counterparty 00270 Holdings,US,high,2025-08-04,0,3,"Grounded summary for CP-00270: jurisdictional exposure, UBO depth 3, sanctions hits 0."
CP-00271,Counterparty 00271 Holdings,GB,medium,2025-08-03,0,4,"Grounded summary for CP-00271: jurisdictional exposure, UBO depth 4, sanctions hits 0."
CP-00272,Counterparty 00272 Holdings,KY,low,2025-08-02,0,1,"Grounded summary for CP-00272: jurisdictional exposure, UBO depth 1, sanctions hits 0."
CP-00273,Counterparty 00273 Holdings,DE,critical,2025-08-01,0,2,"Grounded summary for CP-00273: jurisdictional exposure, UBO depth 2, sanctions hits 0."
CP-00274,Counterparty 00274 Holdings,AE,high,2025-07-31,0,3,"Grounded summary for CP-00274: jurisdictional exposure, UBO depth 3, sanctions hits 0."
CP-00275,Counterparty 00275 Holdings,SG,medium,2025-07-30,0,4,"Grounded summary for CP-00275: jurisdictional exposure, UBO depth 4, sanctions hits 0."
CP-00276,Counterparty 00276 Holdings,US,low,2025-07-29,0,1,"Grounded summary for CP-00276: jurisdictional exposure, UBO depth 1, sanctions hits 0."
CP-00277,Counterparty 00277 Holdings,GB,critical,2025-07-28,0,2,"Grounded summary for CP-00277: jurisdictional exposure, UBO depth 2, sanctions hits 0."
CP-00278,Counterparty 00278 Holdings,KY,high,2025-07-27,0,3,"Grounded summary for CP-00278: jurisdictional exposure, UBO depth 3, sanctions hits 0."
CP-00279,Counterparty 00279 Holdings,DE,medium,2025-07-26,0,4,"Grounded summary for CP-00279: jurisdictional exposure, UBO depth 4, sanctions hits 0."
CP-00280,Counterparty 00280 Holdings,AE,low,2025-07-25,0,1,"Grounded summary for CP-00280: jurisdictional exposure, UBO depth 1, sanctions hits 0."
CP-00281,Counterparty 00281 Holdings,SG,critical,2025-07-24,0,2,"Grounded summary for CP-00281: jurisdictional exposure, UBO depth 2, sanctions hits 0."
CP-00282,Counterparty 00282 Holdings,US,high,2025-07-23,0,3,"Grounded summary for CP-00282: jurisdictional exposure, UBO depth 3, sanctions hits 0."
CP-00283,Counterparty 00283 Holdings,GB,medium,2025-07-22,0,4,"Grounded summary for CP-00283: jurisdictional exposure, UBO depth 4, sanctions hits 0."
CP-00284,Counterparty 00284 Holdings,KY,low,2025-07-21,0,1,"Grounded summary for CP-00284: jurisdictional exposure, UBO depth 1, sanctions hits 0."
CP-00285,Counterparty 00285 Holdings,DE,critical,2025-07-20,0,2,"Grounded summary for CP-00285: jurisdictional exposure, UBO depth 2, sanctions hits 0."
CP-00286,Counterparty 00286 Holdings,AE,high,2025-07-19,0,3,"Grounded summary for CP-00286: jurisdictional exposure, UBO depth 3, sanctions hits 0."
CP-00287,Counterparty 00287 Holdings,SG,medium,2025-07-18,0,4,"Grounded summary for CP-00287: jurisdictional exposure, UBO depth 4, sanctions hits 0."
CP-00288,Counterparty 00288 Holdings,US,low,2025-07-17,0,1,"Grounded summary for CP-00288: jurisdictional exposure, UBO depth 1, sanctions hits 0."
CP-00289,Counterparty 00289 Holdings,GB,critical,2025-07-16,0,2,"Grounded summary for CP-00289: jurisdictional exposure, UBO depth 2, sanctions hits 0."
CP-00290,Counterparty 00290 Holdings,KY,high,2025-07-15,0,3,"Grounded summary for CP-00290: jurisdictional exposure, UBO depth 3, sanctions hits 0."
CP-00291,Counterparty 00291 Holdings,DE,medium,2025-07-14,0,4,"Grounded summary for CP-00291: jurisdictional exposure, UBO depth 4, sanctions hits 0."
CP-00292,Counterparty 00292 Holdings,AE,low,2025-07-13,0,1,"Grounded summary for CP-00292: jurisdictional exposure, UBO depth 1, sanctions hits 0."
CP-00293,Counterparty 00293 Holdings,SG,critical,2025-07-12,0,2,"Grounded summary for CP-00293: jurisdictional exposure, UBO depth 2, sanctions hits 0."
CP-00294,Counterparty 00294 Holdings,US,high,2025-07-11,0,3,"Grounded summary for CP-00294: jurisdictional exposure, UBO depth 3, sanctions hits 0."
CP-00295,Counterparty 00295 Holdings,GB,medium,2025-07-10,0,4,"Grounded summary for CP-00295: jurisdictional exposure, UBO depth 4, sanctions hits 0."
CP-00296,Counterparty 00296 Holdings,KY,low,2025-07-09,0,1,"Grounded summary for CP-00296: jurisdictional exposure, UBO depth 1, sanctions hits 0."
CP-00297,Counterparty 00297 Holdings,DE,critical,2025-07-08,0,2,"Grounded summary for CP-00297: jurisdictional exposure, UBO depth 2, sanctions hits 0."
CP-00298,Counterparty 00298 Holdings,AE,high,2025-07-07,0,3,"Grounded summary for CP-00298: jurisdictional exposure, UBO depth 3, sanctions hits 0."
CP-00299,Counterparty 00299 Holdings,SG,medium,2025-07-06,0,4,"Grounded summary for CP-00299: jurisdictional exposure, UBO depth 4, sanctions hits 0."
CP-00300,Counterparty 00300 Holdings,US,low,2025-07-05,0,1,"Grounded summary for CP-00300: jurisdictional exposure, UBO depth 1, sanctions hits 0."
CP-00301,Counterparty 00301 Holdings,GB,critical,2025-07-04,0,2,"Grounded summary for CP-00301: jurisdictional exposure, UBO depth 2, sanctions hits 0."
CP-00302,Counterparty 00302 Holdings,KY,high,2025-07-03,0,3,"Grounded summary for CP-00302: jurisdictional exposure, UBO depth 3, sanctions hits 0."
CP-00303,Counterparty 00303 Holdings,DE,medium,2025-07-02,0,4,"Grounded summary for CP-00303: jurisdictional exposure, UBO depth 4, sanctions hits 0."
CP-00304,Counterparty 00304 Holdings,AE,low,2025-07-01,0,1,"Grounded summary for CP-00304: jurisdictional exposure, UBO depth 1, sanctions hits 0."
CP-00305,Counterparty 00305 Holdings,SG,critical,2025-06-30,0,2,"Grounded summary for CP-00305: jurisdictional exposure, UBO depth 2, sanctions hits 0."
CP-00306,Counterparty 00306 Holdings,US,high,2025-06-29,0,3,"Grounded summary for CP-00306: jurisdictional exposure, UBO depth 3, sanctions hits 0."
CP-00307,Counterparty 00307 Holdings,GB,medium,2025-06-28,0,4,"Grounded summary for CP-00307: jurisdictional exposure, UBO depth 4, sanctions hits 0."
CP-00308,Counterparty 00308 Holdings,KY,low,2025-06-27,0,1,"Grounded summary for CP-00308: jurisdictional exposure, UBO depth 1, sanctions hits 0."
CP-00309,Counterparty 00309 Holdings,DE,critical,2025-06-26,0,2,"Grounded summary for CP-00309: jurisdictional exposure, UBO depth 2, sanctions hits 0."
CP-00310,Counterparty 00310 Holdings,AE,high,2025-06-25,0,3,"Grounded summary for CP-00310: jurisdictional exposure, UBO depth 3, sanctions hits 0."
CP-00311,Counterparty 00311 Holdings,SG,medium,2025-06-24,0,4,"Grounded summary for CP-00311: jurisdictional exposure, UBO depth 4, sanctions hits 0."
CP-00312,Counterparty 00312 Holdings,US,low,2025-06-23,0,1,"Grounded summary for CP-00312: jurisdictional exposure, UBO depth 1, sanctions hits 0."
CP-00313,Counterparty 00313 Holdings,GB,critical,2025-06-22,0,2,"Grounded summary for CP-00313: jurisdictional exposure, UBO depth 2, sanctions hits 0."
CP-00314,Counterparty 00314 Holdings,KY,high,2025-06-21,0,3,"Grounded summary for CP-00314: jurisdictional exposure, UBO depth 3, sanctions hits 0."
CP-00315,Counterparty 00315 Holdings,DE,medium,2025-06-20,0,4,"Grounded summary for CP-00315: jurisdictional exposure, UBO depth 4, sanctions hits 0."
CP-00316,Counterparty 00316 Holdings,AE,low,2025-06-19,0,1,"Grounded summary for CP-00316: jurisdictional exposure, UBO depth 1, sanctions hits 0."
CP-00317,Counterparty 00317 Holdings,SG,critical,2025-06-18,0,2,"Grounded summary for CP-00317: jurisdictional exposure, UBO depth 2, sanctions hits 0."
CP-00318,Counterparty 00318 Holdings,US,high,2025-06-17,0,3,"Grounded summary for CP-00318: jurisdictional exposure, UBO depth 3, sanctions hits 0."
CP-00319,Counterparty 00319 Holdings,GB,medium,2025-06-16,0,4,"Grounded summary for CP-00319: jurisdictional exposure, UBO depth 4, sanctions hits 0."
CP-00320,Counterparty 00320 Holdings,KY,low,2025-06-15,0,1,"Grounded summary for CP-00320: jurisdictional exposure, UBO depth 1, sanctions hits 0."
CP-00321,Counterparty 00321 Holdings,DE,critical,2025-06-14,0,2,"Grounded summary for CP-00321: jurisdictional exposure, UBO depth 2, sanctions hits 0."
CP-00322,Counterparty 00322 Holdings,AE,high,2025-06-13,0,3,"Grounded summary for CP-00322: jurisdictional exposure, UBO depth 3, sanctions hits 0."
CP-00323,Counterparty 00323 Holdings,SG,medium,2025-06-12,0,4,"Grounded summary for CP-00323: jurisdictional exposure, UBO depth 4, sanctions hits 0."
CP-00324,Counterparty 00324 Holdings,US,low,2025-06-11,0,1,"Grounded summary for CP-00324: jurisdictional exposure, UBO depth 1, sanctions hits 0."
CP-00325,Counterparty 00325 Holdings,GB,critical,2025-06-10,0,2,"Grounded summary for CP-00325: jurisdictional exposure, UBO depth 2, sanctions hits 0."
CP-00326,Counterparty 00326 Holdings,KY,high,2025-06-09,0,3,"Grounded summary for CP-00326: jurisdictional exposure, UBO depth 3, sanctions hits 0."
CP-00327,Counterparty 00327 Holdings,DE,medium,2025-06-08,0,4,"Grounded summary for CP-00327: jurisdictional exposure, UBO depth 4, sanctions hits 0."
CP-00328,Counterparty 00328 Holdings,AE,low,2025-06-07,0,1,"Grounded summary for CP-00328: jurisdictional exposure, UBO depth 1, sanctions hits 0."
CP-00329,Counterparty 00329 Holdings,SG,critical,2025-06-06,0,2,"Grounded summary for CP-00329: jurisdictional exposure, UBO depth 2, sanctions hits 0."
CP-00330,Counterparty 00330 Holdings,US,high,2025-06-05,0,3,"Grounded summary for CP-00330: jurisdictional exposure, UBO depth 3, sanctions hits 0."
CP-00331,Counterparty 00331 Holdings,GB,medium,2025-06-04,0,4,"Grounded summary for CP-00331: jurisdictional exposure, UBO depth 4, sanctions hits 0."
CP-00332,Counterparty 00332 Holdings,KY,low,2025-06-03,0,1,"Grounded summary for CP-00332: jurisdictional exposure, UBO depth 1, sanctions hits 0."
CP-00333,Counterparty 00333 Holdings,DE,critical,2025-06-02,0,2,"Grounded summary for CP-00333: jurisdictional exposure, UBO depth 2, sanctions hits 0."
CP-00334,Counterparty 00334 Holdings,AE,high,2025-06-01,0,3,"Grounded summary for CP-00334: jurisdictional exposure, UBO depth 3, sanctions hits 0."
CP-00335,Counterparty 00335 Holdings,SG,medium,2025-05-31,0,4,"Grounded summary for CP-00335: jurisdictional exposure, UBO depth 4, sanctions hits 0."
CP-00336,Counterparty 00336 Holdings,US,low,2025-05-30,0,1,"Grounded summary for CP-00336: jurisdictional exposure, UBO depth 1, sanctions hits 0."
CP-00337,Counterparty 00337 Holdings,GB,critical,2025-05-29,0,2,"Grounded summary for CP-00337: jurisdictional exposure, UBO depth 2, sanctions hits 0."
CP-00338,Counterparty 00338 Holdings,KY,high,2025-05-28,0,3,"Grounded summary for CP-00338: jurisdictional exposure, UBO depth 3, sanctions hits 0."
CP-00339,Counterparty 00339 Holdings,DE,medium,2025-05-27,0,4,"Grounded summary for CP-00339: jurisdictional exposure, UBO depth 4, sanctions hits 0."
CP-00340,Counterparty 00340 Holdings,AE,low,2025-05-26,0,1,"Grounded summary for CP-00340: jurisdictional exposure, UBO depth 1, sanctions hits 0."
CP-00341,Counterparty 00341 Holdings,SG,critical,2025-05-25,0,2,"Grounded summary for CP-00341: jurisdictional exposure, UBO depth 2, sanctions hits 0."
CP-00342,Counterparty 00342 Holdings,US,high,2025-05-24,0,3,"Grounded summary for CP-00342: jurisdictional exposure, UBO depth 3, sanctions hits 0."
CP-00343,Counterparty 00343 Holdings,GB,medium,2025-05-23,0,4,"Grounded summary for CP-00343: jurisdictional exposure, UBO depth 4, sanctions hits 0."
CP-00344,Counterparty 00344 Holdings,KY,low,2025-05-22,0,1,"Grounded summary for CP-00344: jurisdictional exposure, UBO depth 1, sanctions hits 0."
CP-00345,Counterparty 00345 Holdings,DE,critical,2025-05-21,0,2,"Grounded summary for CP-00345: jurisdictional exposure, UBO depth 2, sanctions hits 0."
CP-00346,Counterparty 00346 Holdings,AE,high,2025-05-20,0,3,"Grounded summary for CP-00346: jurisdictional exposure, UBO depth 3, sanctions hits 0."
CP-00347,Counterparty 00347 Holdings,SG,medium,2025-05-19,0,4,"Grounded summary for CP-00347: jurisdictional exposure, UBO depth 4, sanctions hits 0."
CP-00348,Counterparty 00348 Holdings,US,low,2025-05-18,0,1,"Grounded summary for CP-00348: jurisdictional exposure, UBO depth 1, sanctions hits 0."
CP-00349,Counterparty 00349 Holdings,GB,critical,2025-05-17,0,2,"Grounded summary for CP-00349: jurisdictional exposure, UBO depth 2, sanctions hits 0."
CP-00350,Counterparty 00350 Holdings,KY,high,2025-05-16,0,3,"Grounded summary for CP-00350: jurisdictional exposure, UBO depth 3, sanctions hits 0."
CP-00351,Counterparty 00351 Holdings,DE,medium,2025-05-15,0,4,"Grounded summary for CP-00351: jurisdictional exposure, UBO depth 4, sanctions hits 0."
CP-00352,Counterparty 00352 Holdings,AE,low,2025-05-14,0,1,"Grounded summary for CP-00352: jurisdictional exposure, UBO depth 1, sanctions hits 0."
CP-00353,Counterparty 00353 Holdings,SG,critical,2025-05-13,0,2,"Grounded summary for CP-00353: jurisdictional exposure, UBO depth 2, sanctions hits 0."
CP-00354,Counterparty 00354 Holdings,US,high,2025-05-12,0,3,"Grounded summary for CP-00354: jurisdictional exposure, UBO depth 3, sanctions hits 0."
CP-00355,Counterparty 00355 Holdings,GB,medium,2025-05-11,0,4,"Grounded summary for CP-00355: jurisdictional exposure, UBO depth 4, sanctions hits 0."
CP-00356,Counterparty 00356 Holdings,KY,low,2025-05-10,0,1,"Grounded summary for CP-00356: jurisdictional exposure, UBO depth 1, sanctions hits 0."
CP-00357,Counterparty 00357 Holdings,DE,critical,2025-05-09,0,2,"Grounded summary for CP-00357: jurisdictional exposure, UBO depth 2, sanctions hits 0."
CP-00358,Counterparty 00358 Holdings,AE,high,2025-05-08,0,3,"Grounded summary for CP-00358: jurisdictional exposure, UBO depth 3, sanctions hits 0."
CP-00359,Counterparty 00359 Holdings,SG,medium,2025-05-07,0,4,"Grounded summary for CP-00359: jurisdictional exposure, UBO depth 4, sanctions hits 0."
CP-00360,Counterparty 00360 Holdings,US,low,2025-05-06,0,1,"Grounded summary for CP-00360: jurisdictional exposure, UBO depth 1, sanctions hits 0."
CP-00361,Counterparty 00361 Holdings,GB,critical,2025-05-05,0,2,"Grounded summary for CP-00361: jurisdictional exposure, UBO depth 2, sanctions hits 0."
CP-00362,Counterparty 00362 Holdings,KY,high,2025-05-04,0,3,"Grounded summary for CP-00362: jurisdictional exposure, UBO depth 3, sanctions hits 0."
CP-00363,Counterparty 00363 Holdings,DE,medium,2025-05-03,0,4,"Grounded summary for CP-00363: jurisdictional exposure, UBO depth 4, sanctions hits 0."
CP-00364,Counterparty 00364 Holdings,AE,low,2025-05-02,0,1,"Grounded summary for CP-00364: jurisdictional exposure, UBO depth 1, sanctions hits 0."
CP-00365,Counterparty 00365 Holdings,SG,critical,2026-05-01,0,2,"Grounded summary for CP-00365: jurisdictional exposure, UBO depth 2, sanctions hits 0."
CP-00366,Counterparty 00366 Holdings,US,high,2026-04-30,0,3,"Grounded summary for CP-00366: jurisdictional exposure, UBO depth 3, sanctions hits 0."
CP-00367,Counterparty 00367 Holdings,GB,medium,2026-04-29,0,4,"Grounded summary for CP-00367: jurisdictional exposure, UBO depth 4, sanctions hits 0."
CP-00368,Counterparty 00368 Holdings,KY,low,2026-04-28,0,1,"Grounded summary for CP-00368: jurisdictional exposure, UBO depth 1, sanctions hits 0."
CP-00369,Counterparty 00369 Holdings,DE,critical,2026-04-27,0,2,"Grounded summary for CP-00369: jurisdictional exposure, UBO depth 2, sanctions hits 0."
CP-00370,Counterparty 00370 Holdings,AE,high,2026-04-26,0,3,"Grounded summary for CP-00370: jurisdictional exposure, UBO depth 3, sanctions hits 0."
CP-00371,Counterparty 00371 Holdings,SG,medium,2026-04-25,0,4,"Grounded summary for CP-00371: jurisdictional exposure, UBO depth 4, sanctions hits 0."
CP-00372,Counterparty 00372 Holdings,US,low,2026-04-24,0,1,"Grounded summary for CP-00372: jurisdictional exposure, UBO depth 1, sanctions hits 0."
CP-00373,Counterparty 00373 Holdings,GB,critical,2026-04-23,0,2,"Grounded summary for CP-00373: jurisdictional exposure, UBO depth 2, sanctions hits 0."
CP-00374,Counterparty 00374 Holdings,KY,high,2026-04-22,0,3,"Grounded summary for CP-00374: jurisdictional exposure, UBO depth 3, sanctions hits 0."
CP-00375,Counterparty 00375 Holdings,DE,medium,2026-04-21,0,4,"Grounded summary for CP-00375: jurisdictional exposure, UBO depth 4, sanctions hits 0."
CP-00376,Counterparty 00376 Holdings,AE,low,2026-04-20,0,1,"Grounded summary for CP-00376: jurisdictional exposure, UBO depth 1, sanctions hits 0."
CP-00377,Counterparty 00377 Holdings,SG,critical,2026-04-19,0,2,"Grounded summary for CP-00377: jurisdictional exposure, UBO depth 2, sanctions hits 0."
CP-00378,Counterparty 00378 Holdings,US,high,2026-04-18,0,3,"Grounded summary for CP-00378: jurisdictional exposure, UBO depth 3, sanctions hits 0."
CP-00379,Counterparty 00379 Holdings,GB,medium,2026-04-17,0,4,"Grounded summary for CP-00379: jurisdictional exposure, UBO depth 4, sanctions hits 0."
CP-00380,Counterparty 00380 Holdings,KY,low,2026-04-16,0,1,"Grounded summary for CP-00380: jurisdictional exposure, UBO depth 1, sanctions hits 0."
CP-00381,Counterparty 00381 Holdings,DE,critical,2026-04-15,0,2,"Grounded summary for CP-00381: jurisdictional exposure, UBO depth 2, sanctions hits 0."
CP-00382,Counterparty 00382 Holdings,AE,high,2026-04-14,0,3,"Grounded summary for CP-00382: jurisdictional exposure, UBO depth 3, sanctions hits 0."
CP-00383,Counterparty 00383 Holdings,SG,medium,2026-04-13,0,4,"Grounded summary for CP-00383: jurisdictional exposure, UBO depth 4, sanctions hits 0."
CP-00384,Counterparty 00384 Holdings,US,low,2026-04-12,0,1,"Grounded summary for CP-00384: jurisdictional exposure, UBO depth 1, sanctions hits 0."
CP-00385,Counterparty 00385 Holdings,GB,critical,2026-04-11,0,2,"Grounded summary for CP-00385: jurisdictional exposure, UBO depth 2, sanctions hits 0."
CP-00386,Counterparty 00386 Holdings,KY,high,2026-04-10,0,3,"Grounded summary for CP-00386: jurisdictional exposure, UBO depth 3, sanctions hits 0."
CP-00387,Counterparty 00387 Holdings,DE,medium,2026-04-09,0,4,"Grounded summary for CP-00387: jurisdictional exposure, UBO depth 4, sanctions hits 0."
CP-00388,Counterparty 00388 Holdings,AE,low,2026-04-08,0,1,"Grounded summary for CP-00388: jurisdictional exposure, UBO depth 1, sanctions hits 0."
CP-00389,Counterparty 00389 Holdings,SG,critical,2026-04-07,0,2,"Grounded summary for CP-00389: jurisdictional exposure, UBO depth 2, sanctions hits 0."
CP-00390,Counterparty 00390 Holdings,US,high,2026-04-06,0,3,"Grounded summary for CP-00390: jurisdictional exposure, UBO depth 3, sanctions hits 0."
CP-00391,Counterparty 00391 Holdings,GB,medium,2026-04-05,0,4,"Grounded summary for CP-00391: jurisdictional exposure, UBO depth 4, sanctions hits 0."
CP-00392,Counterparty 00392 Holdings,KY,low,2026-04-04,0,1,"Grounded summary for CP-00392: jurisdictional exposure, UBO depth 1, sanctions hits 0."
CP-00393,Counterparty 00393 Holdings,DE,critical,2026-04-03,0,2,"Grounded summary for CP-00393: jurisdictional exposure, UBO depth 2, sanctions hits 0."
CP-00394,Counterparty 00394 Holdings,AE,high,2026-04-02,0,3,"Grounded summary for CP-00394: jurisdictional exposure, UBO depth 3, sanctions hits 0."
CP-00395,Counterparty 00395 Holdings,SG,medium,2026-04-01,0,4,"Grounded summary for CP-00395: jurisdictional exposure, UBO depth 4, sanctions hits 0."
CP-00396,Counterparty 00396 Holdings,US,low,2026-03-31,0,1,"Grounded summary for CP-00396: jurisdictional exposure, UBO depth 1, sanctions hits 0."
CP-00397,Counterparty 00397 Holdings,GB,critical,2026-03-30,0,2,"Grounded summary for CP-00397: jurisdictional exposure, UBO depth 2, sanctions hits 0."
CP-00398,Counterparty 00398 Holdings,KY,high,2026-03-29,0,3,"Grounded summary for CP-00398: jurisdictional exposure, UBO depth 3, sanctions hits 0."
CP-00399,Counterparty 00399 Holdings,DE,medium,2026-03-28,0,4,"Grounded summary for CP-00399: jurisdictional exposure, UBO depth 4, sanctions hits 0."
CP-00400,Counterparty 00400 Holdings,AE,low,2026-03-27,0,1,"Grounded summary for CP-00400: jurisdictional exposure, UBO depth 1, sanctions hits 0."
CP-00401,Counterparty 00401 Holdings,SG,critical,2026-03-26,0,2,"Grounded summary for CP-00401: jurisdictional exposure, UBO depth 2, sanctions hits 0."
CP-00402,Counterparty 00402 Holdings,US,high,2026-03-25,0,3,"Grounded summary for CP-00402: jurisdictional exposure, UBO depth 3, sanctions hits 0."
CP-00403,Counterparty 00403 Holdings,GB,medium,2026-03-24,0,4,"Grounded summary for CP-00403: jurisdictional exposure, UBO depth 4, sanctions hits 0."
CP-00404,Counterparty 00404 Holdings,KY,low,2026-03-23,0,1,"Grounded summary for CP-00404: jurisdictional exposure, UBO depth 1, sanctions hits 0."
CP-00405,Counterparty 00405 Holdings,DE,critical,2026-03-22,0,2,"Grounded summary for CP-00405: jurisdictional exposure, UBO depth 2, sanctions hits 0."
CP-00406,Counterparty 00406 Holdings,AE,high,2026-03-21,0,3,"Grounded summary for CP-00406: jurisdictional exposure, UBO depth 3, sanctions hits 0."
CP-00407,Counterparty 00407 Holdings,SG,medium,2026-03-20,0,4,"Grounded summary for CP-00407: jurisdictional exposure, UBO depth 4, sanctions hits 0."
CP-00408,Counterparty 00408 Holdings,US,low,2026-03-19,0,1,"Grounded summary for CP-00408: jurisdictional exposure, UBO depth 1, sanctions hits 0."
CP-00409,Counterparty 00409 Holdings,GB,critical,2026-03-18,0,2,"Grounded summary for CP-00409: jurisdictional exposure, UBO depth 2, sanctions hits 0."
CP-00410,Counterparty 00410 Holdings,KY,high,2026-03-17,0,3,"Grounded summary for CP-00410: jurisdictional exposure, UBO depth 3, sanctions hits 0."
CP-00411,Counterparty 00411 Holdings,DE,medium,2026-03-16,0,4,"Grounded summary for CP-00411: jurisdictional exposure, UBO depth 4, sanctions hits 0."
CP-00412,Counterparty 00412 Holdings,AE,low,2026-03-15,0,1,"Grounded summary for CP-00412: jurisdictional exposure, UBO depth 1, sanctions hits 0."
CP-00413,Counterparty 00413 Holdings,SG,critical,2026-03-14,0,2,"Grounded summary for CP-00413: jurisdictional exposure, UBO depth 2, sanctions hits 0."
CP-00414,Counterparty 00414 Holdings,US,high,2026-03-13,0,3,"Grounded summary for CP-00414: jurisdictional exposure, UBO depth 3, sanctions hits 0."
CP-00415,Counterparty 00415 Holdings,GB,medium,2026-03-12,0,4,"Grounded summary for CP-00415: jurisdictional exposure, UBO depth 4, sanctions hits 0."
CP-00416,Counterparty 00416 Holdings,KY,low,2026-03-11,0,1,"Grounded summary for CP-00416: jurisdictional exposure, UBO depth 1, sanctions hits 0."
CP-00417,Counterparty 00417 Holdings,DE,critical,2026-03-10,0,2,"Grounded summary for CP-00417: jurisdictional exposure, UBO depth 2, sanctions hits 0."
CP-00418,Counterparty 00418 Holdings,AE,high,2026-03-09,0,3,"Grounded summary for CP-00418: jurisdictional exposure, UBO depth 3, sanctions hits 0."
CP-00419,Counterparty 00419 Holdings,SG,medium,2026-03-08,0,4,"Grounded summary for CP-00419: jurisdictional exposure, UBO depth 4, sanctions hits 0."
CP-00420,Counterparty 00420 Holdings,US,low,2026-03-07,0,1,"Grounded summary for CP-00420: jurisdictional exposure, UBO depth 1, sanctions hits 0."
CP-00421,Counterparty 00421 Holdings,GB,critical,2026-03-06,0,2,"Grounded summary for CP-00421: jurisdictional exposure, UBO depth 2, sanctions hits 0."
CP-00422,Counterparty 00422 Holdings,KY,high,2026-03-05,0,3,"Grounded summary for CP-00422: jurisdictional exposure, UBO depth 3, sanctions hits 0."
CP-00423,Counterparty 00423 Holdings,DE,medium,2026-03-04,0,4,"Grounded summary for CP-00423: jurisdictional exposure, UBO depth 4, sanctions hits 0."
CP-00424,Counterparty 00424 Holdings,AE,low,2026-03-03,0,1,"Grounded summary for CP-00424: jurisdictional exposure, UBO depth 1, sanctions hits 0."
CP-00425,Counterparty 00425 Holdings,SG,critical,2026-03-02,0,2,"Grounded summary for CP-00425: jurisdictional exposure, UBO depth 2, sanctions hits 0."
CP-00426,Counterparty 00426 Holdings,US,high,2026-03-01,0,3,"Grounded summary for CP-00426: jurisdictional exposure, UBO depth 3, sanctions hits 0."
CP-00427,Counterparty 00427 Holdings,GB,medium,2026-02-28,0,4,"Grounded summary for CP-00427: jurisdictional exposure, UBO depth 4, sanctions hits 0."
CP-00428,Counterparty 00428 Holdings,KY,low,2026-02-27,0,1,"Grounded summary for CP-00428: jurisdictional exposure, UBO depth 1, sanctions hits 0."
CP-00429,Counterparty 00429 Holdings,DE,critical,2026-02-26,0,2,"Grounded summary for CP-00429: jurisdictional exposure, UBO depth 2, sanctions hits 0."
CP-00430,Counterparty 00430 Holdings,AE,high,2026-02-25,0,3,"Grounded summary for CP-00430: jurisdictional exposure, UBO depth 3, sanctions hits 0."
CP-00431,Counterparty 00431 Holdings,SG,medium,2026-02-24,0,4,"Grounded summary for CP-00431: jurisdictional exposure, UBO depth 4, sanctions hits 0."
CP-00432,Counterparty 00432 Holdings,US,low,2026-02-23,0,1,"Grounded summary for CP-00432: jurisdictional exposure, UBO depth 1, sanctions hits 0."
CP-00433,Counterparty 00433 Holdings,GB,critical,2026-02-22,0,2,"Grounded summary for CP-00433: jurisdictional exposure, UBO depth 2, sanctions hits 0."
CP-00434,Counterparty 00434 Holdings,KY,high,2026-02-21,0,3,"Grounded summary for CP-00434: jurisdictional exposure, UBO depth 3, sanctions hits 0."
CP-00435,Counterparty 00435 Holdings,DE,medium,2026-02-20,0,4,"Grounded summary for CP-00435: jurisdictional exposure, UBO depth 4, sanctions hits 0."
CP-00436,Counterparty 00436 Holdings,AE,low,2026-02-19,0,1,"Grounded summary for CP-00436: jurisdictional exposure, UBO depth 1, sanctions hits 0."
CP-00437,Counterparty 00437 Holdings,SG,critical,2026-02-18,0,2,"Grounded summary for CP-00437: jurisdictional exposure, UBO depth 2, sanctions hits 0."
CP-00438,Counterparty 00438 Holdings,US,high,2026-02-17,0,3,"Grounded summary for CP-00438: jurisdictional exposure, UBO depth 3, sanctions hits 0."
CP-00439,Counterparty 00439 Holdings,GB,medium,2026-02-16,0,4,"Grounded summary for CP-00439: jurisdictional exposure, UBO depth 4, sanctions hits 0."
CP-00440,Counterparty 00440 Holdings,KY,low,2026-02-15,0,1,"Grounded summary for CP-00440: jurisdictional exposure, UBO depth 1, sanctions hits 0."
CP-00441,Counterparty 00441 Holdings,DE,critical,2026-02-14,0,2,"Grounded summary for CP-00441: jurisdictional exposure, UBO depth 2, sanctions hits 0."
CP-00442,Counterparty 00442 Holdings,AE,high,2026-02-13,0,3,"Grounded summary for CP-00442: jurisdictional exposure, UBO depth 3, sanctions hits 0."
CP-00443,Counterparty 00443 Holdings,SG,medium,2026-02-12,0,4,"Grounded summary for CP-00443: jurisdictional exposure, UBO depth 4, sanctions hits 0."
CP-00444,Counterparty 00444 Holdings,US,low,2026-02-11,0,1,"Grounded summary for CP-00444: jurisdictional exposure, UBO depth 1, sanctions hits 0."
CP-00445,Counterparty 00445 Holdings,GB,critical,2026-02-10,0,2,"Grounded summary for CP-00445: jurisdictional exposure, UBO depth 2, sanctions hits 0."
CP-00446,Counterparty 00446 Holdings,KY,high,2026-02-09,0,3,"Grounded summary for CP-00446: jurisdictional exposure, UBO depth 3, sanctions hits 0."
CP-00447,Counterparty 00447 Holdings,DE,medium,2026-02-08,0,4,"Grounded summary for CP-00447: jurisdictional exposure, UBO depth 4, sanctions hits 0."
CP-00448,Counterparty 00448 Holdings,AE,low,2026-02-07,0,1,"Grounded summary for CP-00448: jurisdictional exposure, UBO depth 1, sanctions hits 0."
CP-00449,Counterparty 00449 Holdings,SG,critical,2026-02-06,0,2,"Grounded summary for CP-00449: jurisdictional exposure, UBO depth 2, sanctions hits 0."
CP-00450,Counterparty 00450 Holdings,US,high,2026-02-05,0,3,"Grounded summary for CP-00450: jurisdictional exposure, UBO depth 3, sanctions hits 0."
CP-00451,Counterparty 00451 Holdings,GB,medium,2026-02-04,0,4,"Grounded summary for CP-00451: jurisdictional exposure, UBO depth 4, sanctions hits 0."
CP-00452,Counterparty 00452 Holdings,KY,low,2026-02-03,0,1,"Grounded summary for CP-00452: jurisdictional exposure, UBO depth 1, sanctions hits 0."
CP-00453,Counterparty 00453 Holdings,DE,critical,2026-02-02,0,2,"Grounded summary for CP-00453: jurisdictional exposure, UBO depth 2, sanctions hits 0."
CP-00454,Counterparty 00454 Holdings,AE,high,2026-02-01,0,3,"Grounded summary for CP-00454: jurisdictional exposure, UBO depth 3, sanctions hits 0."
CP-00455,Counterparty 00455 Holdings,SG,medium,2026-01-31,0,4,"Grounded summary for CP-00455: jurisdictional exposure, UBO depth 4, sanctions hits 0."
CP-00456,Counterparty 00456 Holdings,US,low,2026-01-30,0,1,"Grounded summary for CP-00456: jurisdictional exposure, UBO depth 1, sanctions hits 0."
CP-00457,Counterparty 00457 Holdings,GB,critical,2026-01-29,0,2,"Grounded summary for CP-00457: jurisdictional exposure, UBO depth 2, sanctions hits 0."
CP-00458,Counterparty 00458 Holdings,KY,high,2026-01-28,0,3,"Grounded summary for CP-00458: jurisdictional exposure, UBO depth 3, sanctions hits 0."
CP-00459,Counterparty 00459 Holdings,DE,medium,2026-01-27,0,4,"Grounded summary for CP-00459: jurisdictional exposure, UBO depth 4, sanctions hits 0."
CP-00460,Counterparty 00460 Holdings,AE,low,2026-01-26,0,1,"Grounded summary for CP-00460: jurisdictional exposure, UBO depth 1, sanctions hits 0."
CP-00461,Counterparty 00461 Holdings,SG,critical,2026-01-25,0,2,"Grounded summary for CP-00461: jurisdictional exposure, UBO depth 2, sanctions hits 0."
CP-00462,Counterparty 00462 Holdings,US,high,2026-01-24,0,3,"Grounded summary for CP-00462: jurisdictional exposure, UBO depth 3, sanctions hits 0."
CP-00463,Counterparty 00463 Holdings,GB,medium,2026-01-23,0,4,"Grounded summary for CP-00463: jurisdictional exposure, UBO depth 4, sanctions hits 0."
CP-00464,Counterparty 00464 Holdings,KY,low,2026-01-22,0,1,"Grounded summary for CP-00464: jurisdictional exposure, UBO depth 1, sanctions hits 0."
CP-00465,Counterparty 00465 Holdings,DE,critical,2026-01-21,0,2,"Grounded summary for CP-00465: jurisdictional exposure, UBO depth 2, sanctions hits 0."
CP-00466,Counterparty 00466 Holdings,AE,high,2026-01-20,0,3,"Grounded summary for CP-00466: jurisdictional exposure, UBO depth 3, sanctions hits 0."
CP-00467,Counterparty 00467 Holdings,SG,medium,2026-01-19,0,4,"Grounded summary for CP-00467: jurisdictional exposure, UBO depth 4, sanctions hits 0."
CP-00468,Counterparty 00468 Holdings,US,low,2026-01-18,0,1,"Grounded summary for CP-00468: jurisdictional exposure, UBO depth 1, sanctions hits 0."
CP-00469,Counterparty 00469 Holdings,GB,critical,2026-01-17,0,2,"Grounded summary for CP-00469: jurisdictional exposure, UBO depth 2, sanctions hits 0."
CP-00470,Counterparty 00470 Holdings,KY,high,2026-01-16,0,3,"Grounded summary for CP-00470: jurisdictional exposure, UBO depth 3, sanctions hits 0."
CP-00471,Counterparty 00471 Holdings,DE,medium,2026-01-15,0,4,"Grounded summary for CP-00471: jurisdictional exposure, UBO depth 4, sanctions hits 0."
CP-00472,Counterparty 00472 Holdings,AE,low,2026-01-14,0,1,"Grounded summary for CP-00472: jurisdictional exposure, UBO depth 1, sanctions hits 0."
CP-00473,Counterparty 00473 Holdings,SG,critical,2026-01-13,0,2,"Grounded summary for CP-00473: jurisdictional exposure, UBO depth 2, sanctions hits 0."
CP-00474,Counterparty 00474 Holdings,US,high,2026-01-12,0,3,"Grounded summary for CP-00474: jurisdictional exposure, UBO depth 3, sanctions hits 0."
CP-00475,Counterparty 00475 Holdings,GB,medium,2026-01-11,0,4,"Grounded summary for CP-00475: jurisdictional exposure, UBO depth 4, sanctions hits 0."
CP-00476,Counterparty 00476 Holdings,KY,low,2026-01-10,0,1,"Grounded summary for CP-00476: jurisdictional exposure, UBO depth 1, sanctions hits 0."
CP-00477,Counterparty 00477 Holdings,DE,critical,2026-01-09,0,2,"Grounded summary for CP-00477: jurisdictional exposure, UBO depth 2, sanctions hits 0."
CP-00478,Counterparty 00478 Holdings,AE,high,2026-01-08,0,3,"Grounded summary for CP-00478: jurisdictional exposure, UBO depth 3, sanctions hits 0."
CP-00479,Counterparty 00479 Holdings,SG,medium,2026-01-07,0,4,"Grounded summary for CP-00479: jurisdictional exposure, UBO depth 4, sanctions hits 0."
CP-00480,Counterparty 00480 Holdings,US,low,2026-01-06,0,1,"Grounded summary for CP-00480: jurisdictional exposure, UBO depth 1, sanctions hits 0."
CP-00481,Counterparty 00481 Holdings,GB,critical,2026-01-05,0,2,"Grounded summary for CP-00481: jurisdictional exposure, UBO depth 2, sanctions hits 0."
CP-00482,Counterparty 00482 Holdings,KY,high,2026-01-04,0,3,"Grounded summary for CP-00482: jurisdictional exposure, UBO depth 3, sanctions hits 0."
CP-00483,Counterparty 00483 Holdings,DE,medium,2026-01-03,0,4,"Grounded summary for CP-00483: jurisdictional exposure, UBO depth 4, sanctions hits 0."
CP-00484,Counterparty 00484 Holdings,AE,low,2026-01-02,0,1,"Grounded summary for CP-00484: jurisdictional exposure, UBO depth 1, sanctions hits 0."
CP-00485,Counterparty 00485 Holdings,SG,critical,2026-01-01,0,2,"Grounded summary for CP-00485: jurisdictional exposure, UBO depth 2, sanctions hits 0."
CP-00486,Counterparty 00486 Holdings,US,high,2025-12-31,0,3,"Grounded summary for CP-00486: jurisdictional exposure, UBO depth 3, sanctions hits 0."
CP-00487,Counterparty 00487 Holdings,GB,medium,2025-12-30,0,4,"Grounded summary for CP-00487: jurisdictional exposure, UBO depth 4, sanctions hits 0."
CP-00488,Counterparty 00488 Holdings,KY,low,2025-12-29,0,1,"Grounded summary for CP-00488: jurisdictional exposure, UBO depth 1, sanctions hits 0."
CP-00489,Counterparty 00489 Holdings,DE,critical,2025-12-28,0,2,"Grounded summary for CP-00489: jurisdictional exposure, UBO depth 2, sanctions hits 0."
CP-00490,Counterparty 00490 Holdings,AE,high,2025-12-27,0,3,"Grounded summary for CP-00490: jurisdictional exposure, UBO depth 3, sanctions hits 0."
CP-00491,Counterparty 00491 Holdings,SG,medium,2025-12-26,0,4,"Grounded summary for CP-00491: jurisdictional exposure, UBO depth 4, sanctions hits 0."
CP-00492,Counterparty 00492 Holdings,US,low,2025-12-25,0,1,"Grounded summary for CP-00492: jurisdictional exposure, UBO depth 1, sanctions hits 0."
CP-00493,Counterparty 00493 Holdings,GB,critical,2025-12-24,0,2,"Grounded summary for CP-00493: jurisdictional exposure, UBO depth 2, sanctions hits 0."
CP-00494,Counterparty 00494 Holdings,KY,high,2025-12-23,0,3,"Grounded summary for CP-00494: jurisdictional exposure, UBO depth 3, sanctions hits 0."
CP-00495,Counterparty 00495 Holdings,DE,medium,2025-12-22,0,4,"Grounded summary for CP-00495: jurisdictional exposure, UBO depth 4, sanctions hits 0."
CP-00496,Counterparty 00496 Holdings,AE,low,2025-12-21,0,1,"Grounded summary for CP-00496: jurisdictional exposure, UBO depth 1, sanctions hits 0."
CP-00497,Counterparty 00497 Holdings,SG,critical,2025-12-20,0,2,"Grounded summary for CP-00497: jurisdictional exposure, UBO depth 2, sanctions hits 0."
CP-00498,Counterparty 00498 Holdings,US,high,2025-12-19,0,3,"Grounded summary for CP-00498: jurisdictional exposure, UBO depth 3, sanctions hits 0."
CP-00499,Counterparty 00499 Holdings,GB,medium,2025-12-18,0,4,"Grounded summary for CP-00499: jurisdictional exposure, UBO depth 4, sanctions hits 0."
CP-00500,Counterparty 00500 Holdings,KY,low,2025-12-17,0,1,"Grounded summary for CP-00500: jurisdictional exposure, UBO depth 1, sanctions hits 0."
CP-00501,Counterparty 00501 Holdings,DE,critical,2025-12-16,0,2,"Grounded summary for CP-00501: jurisdictional exposure, UBO depth 2, sanctions hits 0."
CP-00502,Counterparty 00502 Holdings,AE,high,2025-12-15,0,3,"Grounded summary for CP-00502: jurisdictional exposure, UBO depth 3, sanctions hits 0."
CP-00503,Counterparty 00503 Holdings,SG,medium,2025-12-14,0,4,"Grounded summary for CP-00503: jurisdictional exposure, UBO depth 4, sanctions hits 0."
CP-00504,Counterparty 00504 Holdings,US,low,2025-12-13,0,1,"Grounded summary for CP-00504: jurisdictional exposure, UBO depth 1, sanctions hits 0."
CP-00505,Counterparty 00505 Holdings,GB,critical,2025-12-12,0,2,"Grounded summary for CP-00505: jurisdictional exposure, UBO depth 2, sanctions hits 0."
CP-00506,Counterparty 00506 Holdings,KY,high,2025-12-11,0,3,"Grounded summary for CP-00506: jurisdictional exposure, UBO depth 3, sanctions hits 0."
CP-00507,Counterparty 00507 Holdings,DE,medium,2025-12-10,0,4,"Grounded summary for CP-00507: jurisdictional exposure, UBO depth 4, sanctions hits 0."
CP-00508,Counterparty 00508 Holdings,AE,low,2025-12-09,0,1,"Grounded summary for CP-00508: jurisdictional exposure, UBO depth 1, sanctions hits 0."
CP-00509,Counterparty 00509 Holdings,SG,critical,2025-12-08,0,2,"Grounded summary for CP-00509: jurisdictional exposure, UBO depth 2, sanctions hits 0."
CP-00510,Counterparty 00510 Holdings,US,high,2025-12-07,0,3,"Grounded summary for CP-00510: jurisdictional exposure, UBO depth 3, sanctions hits 0."
CP-00511,Counterparty 00511 Holdings,GB,medium,2025-12-06,0,4,"Grounded summary for CP-00511: jurisdictional exposure, UBO depth 4, sanctions hits 0."
CP-00512,Counterparty 00512 Holdings,KY,low,2025-12-05,0,1,"Grounded summary for CP-00512: jurisdictional exposure, UBO depth 1, sanctions hits 0."
CP-00513,Counterparty 00513 Holdings,DE,critical,2025-12-04,0,2,"Grounded summary for CP-00513: jurisdictional exposure, UBO depth 2, sanctions hits 0."
CP-00514,Counterparty 00514 Holdings,AE,high,2025-12-03,0,3,"Grounded summary for CP-00514: jurisdictional exposure, UBO depth 3, sanctions hits 0."
CP-00515,Counterparty 00515 Holdings,SG,medium,2025-12-02,0,4,"Grounded summary for CP-00515: jurisdictional exposure, UBO depth 4, sanctions hits 0."
CP-00516,Counterparty 00516 Holdings,US,low,2025-12-01,0,1,"Grounded summary for CP-00516: jurisdictional exposure, UBO depth 1, sanctions hits 0."
CP-00517,Counterparty 00517 Holdings,GB,critical,2025-11-30,0,2,"Grounded summary for CP-00517: jurisdictional exposure, UBO depth 2, sanctions hits 0."
CP-00518,Counterparty 00518 Holdings,KY,high,2025-11-29,0,3,"Grounded summary for CP-00518: jurisdictional exposure, UBO depth 3, sanctions hits 0."
CP-00519,Counterparty 00519 Holdings,DE,medium,2025-11-28,0,4,"Grounded summary for CP-00519: jurisdictional exposure, UBO depth 4, sanctions hits 0."
CP-00520,Counterparty 00520 Holdings,AE,low,2025-11-27,0,1,"Grounded summary for CP-00520: jurisdictional exposure, UBO depth 1, sanctions hits 0."
CP-00521,Counterparty 00521 Holdings,SG,critical,2025-11-26,0,2,"Grounded summary for CP-00521: jurisdictional exposure, UBO depth 2, sanctions hits 0."
CP-00522,Counterparty 00522 Holdings,US,high,2025-11-25,0,3,"Grounded summary for CP-00522: jurisdictional exposure, UBO depth 3, sanctions hits 0."
CP-00523,Counterparty 00523 Holdings,GB,medium,2025-11-24,0,4,"Grounded summary for CP-00523: jurisdictional exposure, UBO depth 4, sanctions hits 0."
CP-00524,Counterparty 00524 Holdings,KY,low,2025-11-23,0,1,"Grounded summary for CP-00524: jurisdictional exposure, UBO depth 1, sanctions hits 0."
CP-00525,Counterparty 00525 Holdings,DE,critical,2025-11-22,0,2,"Grounded summary for CP-00525: jurisdictional exposure, UBO depth 2, sanctions hits 0."
CP-00526,Counterparty 00526 Holdings,AE,high,2025-11-21,0,3,"Grounded summary for CP-00526: jurisdictional exposure, UBO depth 3, sanctions hits 0."
CP-00527,Counterparty 00527 Holdings,SG,medium,2025-11-20,0,4,"Grounded summary for CP-00527: jurisdictional exposure, UBO depth 4, sanctions hits 0."
CP-00528,Counterparty 00528 Holdings,US,low,2025-11-19,0,1,"Grounded summary for CP-00528: jurisdictional exposure, UBO depth 1, sanctions hits 0."
CP-00529,Counterparty 00529 Holdings,GB,critical,2025-11-18,0,2,"Grounded summary for CP-00529: jurisdictional exposure, UBO depth 2, sanctions hits 0."
CP-00530,Counterparty 00530 Holdings,KY,high,2025-11-17,0,3,"Grounded summary for CP-00530: jurisdictional exposure, UBO depth 3, sanctions hits 0."
CP-00531,Counterparty 00531 Holdings,DE,medium,2025-11-16,0,4,"Grounded summary for CP-00531: jurisdictional exposure, UBO depth 4, sanctions hits 0."
CP-00532,Counterparty 00532 Holdings,AE,low,2025-11-15,0,1,"Grounded summary for CP-00532: jurisdictional exposure, UBO depth 1, sanctions hits 0."
CP-00533,Counterparty 00533 Holdings,SG,critical,2025-11-14,0,2,"Grounded summary for CP-00533: jurisdictional exposure, UBO depth 2, sanctions hits 0."
CP-00534,Counterparty 00534 Holdings,US,high,2025-11-13,0,3,"Grounded summary for CP-00534: jurisdictional exposure, UBO depth 3, sanctions hits 0."
CP-00535,Counterparty 00535 Holdings,GB,medium,2025-11-12,0,4,"Grounded summary for CP-00535: jurisdictional exposure, UBO depth 4, sanctions hits 0."
CP-00536,Counterparty 00536 Holdings,KY,low,2025-11-11,0,1,"Grounded summary for CP-00536: jurisdictional exposure, UBO depth 1, sanctions hits 0."
CP-00537,Counterparty 00537 Holdings,DE,critical,2025-11-10,0,2,"Grounded summary for CP-00537: jurisdictional exposure, UBO depth 2, sanctions hits 0."
CP-00538,Counterparty 00538 Holdings,AE,high,2025-11-09,0,3,"Grounded summary for CP-00538: jurisdictional exposure, UBO depth 3, sanctions hits 0."
CP-00539,Counterparty 00539 Holdings,SG,medium,2025-11-08,0,4,"Grounded summary for CP-00539: jurisdictional exposure, UBO depth 4, sanctions hits 0."
CP-00540,Counterparty 00540 Holdings,US,low,2025-11-07,0,1,"Grounded summary for CP-00540: jurisdictional exposure, UBO depth 1, sanctions hits 0."
CP-00541,Counterparty 00541 Holdings,GB,critical,2025-11-06,0,2,"Grounded summary for CP-00541: jurisdictional exposure, UBO depth 2, sanctions hits 0."
CP-00542,Counterparty 00542 Holdings,KY,high,2025-11-05,0,3,"Grounded summary for CP-00542: jurisdictional exposure, UBO depth 3, sanctions hits 0."
CP-00543,Counterparty 00543 Holdings,DE,medium,2025-11-04,0,4,"Grounded summary for CP-00543: jurisdictional exposure, UBO depth 4, sanctions hits 0."
CP-00544,Counterparty 00544 Holdings,AE,low,2025-11-03,0,1,"Grounded summary for CP-00544: jurisdictional exposure, UBO depth 1, sanctions hits 0."
CP-00545,Counterparty 00545 Holdings,SG,critical,2025-11-02,0,2,"Grounded summary for CP-00545: jurisdictional exposure, UBO depth 2, sanctions hits 0."
CP-00546,Counterparty 00546 Holdings,US,high,2025-11-01,0,3,"Grounded summary for CP-00546: jurisdictional exposure, UBO depth 3, sanctions hits 0."
CP-00547,Counterparty 00547 Holdings,GB,medium,2025-10-31,0,4,"Grounded summary for CP-00547: jurisdictional exposure, UBO depth 4, sanctions hits 0."
CP-00548,Counterparty 00548 Holdings,KY,low,2025-10-30,0,1,"Grounded summary for CP-00548: jurisdictional exposure, UBO depth 1, sanctions hits 0."
CP-00549,Counterparty 00549 Holdings,DE,critical,2025-10-29,0,2,"Grounded summary for CP-00549: jurisdictional exposure, UBO depth 2, sanctions hits 0."
CP-00550,Counterparty 00550 Holdings,AE,high,2025-10-28,0,3,"Grounded summary for CP-00550: jurisdictional exposure, UBO depth 3, sanctions hits 0."
CP-00551,Counterparty 00551 Holdings,SG,medium,2025-10-27,0,4,"Grounded summary for CP-00551: jurisdictional exposure, UBO depth 4, sanctions hits 0."
CP-00552,Counterparty 00552 Holdings,US,low,2025-10-26,0,1,"Grounded summary for CP-00552: jurisdictional exposure, UBO depth 1, sanctions hits 0."
CP-00553,Counterparty 00553 Holdings,GB,critical,2025-10-25,0,2,"Grounded summary for CP-00553: jurisdictional exposure, UBO depth 2, sanctions hits 0."
CP-00554,Counterparty 00554 Holdings,KY,high,2025-10-24,0,3,"Grounded summary for CP-00554: jurisdictional exposure, UBO depth 3, sanctions hits 0."
CP-00555,Counterparty 00555 Holdings,DE,medium,2025-10-23,0,4,"Grounded summary for CP-00555: jurisdictional exposure, UBO depth 4, sanctions hits 0."
CP-00556,Counterparty 00556 Holdings,AE,low,2025-10-22,0,1,"Grounded summary for CP-00556: jurisdictional exposure, UBO depth 1, sanctions hits 0."
CP-00557,Counterparty 00557 Holdings,SG,critical,2025-10-21,0,2,"Grounded summary for CP-00557: jurisdictional exposure, UBO depth 2, sanctions hits 0."
CP-00558,Counterparty 00558 Holdings,US,high,2025-10-20,0,3,"Grounded summary for CP-00558: jurisdictional exposure, UBO depth 3, sanctions hits 0."
CP-00559,Counterparty 00559 Holdings,GB,medium,2025-10-19,0,4,"Grounded summary for CP-00559: jurisdictional exposure, UBO depth 4, sanctions hits 0."
CP-00560,Counterparty 00560 Holdings,KY,low,2025-10-18,0,1,"Grounded summary for CP-00560: jurisdictional exposure, UBO depth 1, sanctions hits 0."
CP-00561,Counterparty 00561 Holdings,DE,critical,2025-10-17,0,2,"Grounded summary for CP-00561: jurisdictional exposure, UBO depth 2, sanctions hits 0."
CP-00562,Counterparty 00562 Holdings,AE,high,2025-10-16,0,3,"Grounded summary for CP-00562: jurisdictional exposure, UBO depth 3, sanctions hits 0."
CP-00563,Counterparty 00563 Holdings,SG,medium,2025-10-15,0,4,"Grounded summary for CP-00563: jurisdictional exposure, UBO depth 4, sanctions hits 0."
CP-00564,Counterparty 00564 Holdings,US,low,2025-10-14,0,1,"Grounded summary for CP-00564: jurisdictional exposure, UBO depth 1, sanctions hits 0."
CP-00565,Counterparty 00565 Holdings,GB,critical,2025-10-13,0,2,"Grounded summary for CP-00565: jurisdictional exposure, UBO depth 2, sanctions hits 0."
CP-00566,Counterparty 00566 Holdings,KY,high,2025-10-12,0,3,"Grounded summary for CP-00566: jurisdictional exposure, UBO depth 3, sanctions hits 0."
CP-00567,Counterparty 00567 Holdings,DE,medium,2025-10-11,0,4,"Grounded summary for CP-00567: jurisdictional exposure, UBO depth 4, sanctions hits 0."
CP-00568,Counterparty 00568 Holdings,AE,low,2025-10-10,0,1,"Grounded summary for CP-00568: jurisdictional exposure, UBO depth 1, sanctions hits 0."
CP-00569,Counterparty 00569 Holdings,SG,critical,2025-10-09,0,2,"Grounded summary for CP-00569: jurisdictional exposure, UBO depth 2, sanctions hits 0."
CP-00570,Counterparty 00570 Holdings,US,high,2025-10-08,0,3,"Grounded summary for CP-00570: jurisdictional exposure, UBO depth 3, sanctions hits 0."
CP-00571,Counterparty 00571 Holdings,GB,medium,2025-10-07,0,4,"Grounded summary for CP-00571: jurisdictional exposure, UBO depth 4, sanctions hits 0."
CP-00572,Counterparty 00572 Holdings,KY,low,2025-10-06,0,1,"Grounded summary for CP-00572: jurisdictional exposure, UBO depth 1, sanctions hits 0."
CP-00573,Counterparty 00573 Holdings,DE,critical,2025-10-05,0,2,"Grounded summary for CP-00573: jurisdictional exposure, UBO depth 2, sanctions hits 0."
CP-00574,Counterparty 00574 Holdings,AE,high,2025-10-04,0,3,"Grounded summary for CP-00574: jurisdictional exposure, UBO depth 3, sanctions hits 0."
CP-00575,Counterparty 00575 Holdings,SG,medium,2025-10-03,0,4,"Grounded summary for CP-00575: jurisdictional exposure, UBO depth 4, sanctions hits 0."
CP-00576,Counterparty 00576 Holdings,US,low,2025-10-02,0,1,"Grounded summary for CP-00576: jurisdictional exposure, UBO depth 1, sanctions hits 0."
CP-00577,Counterparty 00577 Holdings,GB,critical,2025-10-01,0,2,"Grounded summary for CP-00577: jurisdictional exposure, UBO depth 2, sanctions hits 0."
CP-00578,Counterparty 00578 Holdings,KY,high,2025-09-30,0,3,"Grounded summary for CP-00578: jurisdictional exposure, UBO depth 3, sanctions hits 0."
CP-00579,Counterparty 00579 Holdings,DE,medium,2025-09-29,0,4,"Grounded summary for CP-00579: jurisdictional exposure, UBO depth 4, sanctions hits 0."
CP-00580,Counterparty 00580 Holdings,AE,low,2025-09-28,0,1,"Grounded summary for CP-00580: jurisdictional exposure, UBO depth 1, sanctions hits 0."
CP-00581,Counterparty 00581 Holdings,SG,critical,2025-09-27,0,2,"Grounded summary for CP-00581: jurisdictional exposure, UBO depth 2, sanctions hits 0."
CP-00582,Counterparty 00582 Holdings,US,high,2025-09-26,0,3,"Grounded summary for CP-00582: jurisdictional exposure, UBO depth 3, sanctions hits 0."
CP-00583,Counterparty 00583 Holdings,GB,medium,2025-09-25,0,4,"Grounded summary for CP-00583: jurisdictional exposure, UBO depth 4, sanctions hits 0."
CP-00584,Counterparty 00584 Holdings,KY,low,2025-09-24,0,1,"Grounded summary for CP-00584: jurisdictional exposure, UBO depth 1, sanctions hits 0."
CP-00585,Counterparty 00585 Holdings,DE,critical,2025-09-23,0,2,"Grounded summary for CP-00585: jurisdictional exposure, UBO depth 2, sanctions hits 0."
CP-00586,Counterparty 00586 Holdings,AE,high,2025-09-22,0,3,"Grounded summary for CP-00586: jurisdictional exposure, UBO depth 3, sanctions hits 0."
CP-00587,Counterparty 00587 Holdings,SG,medium,2025-09-21,0,4,"Grounded summary for CP-00587: jurisdictional exposure, UBO depth 4, sanctions hits 0."
CP-00588,Counterparty 00588 Holdings,US,low,2025-09-20,0,1,"Grounded summary for CP-00588: jurisdictional exposure, UBO depth 1, sanctions hits 0."
CP-00589,Counterparty 00589 Holdings,GB,critical,2025-09-19,0,2,"Grounded summary for CP-00589: jurisdictional exposure, UBO depth 2, sanctions hits 0."
CP-00590,Counterparty 00590 Holdings,KY,high,2025-09-18,0,3,"Grounded summary for CP-00590: jurisdictional exposure, UBO depth 3, sanctions hits 0."
CP-00591,Counterparty 00591 Holdings,DE,medium,2025-09-17,0,4,"Grounded summary for CP-00591: jurisdictional exposure, UBO depth 4, sanctions hits 0."
CP-00592,Counterparty 00592 Holdings,AE,low,2025-09-16,0,1,"Grounded summary for CP-00592: jurisdictional exposure, UBO depth 1, sanctions hits 0."
CP-00593,Counterparty 00593 Holdings,SG,critical,2025-09-15,0,2,"Grounded summary for CP-00593: jurisdictional exposure, UBO depth 2, sanctions hits 0."
CP-00594,Counterparty 00594 Holdings,US,high,2025-09-14,0,3,"Grounded summary for CP-00594: jurisdictional exposure, UBO depth 3, sanctions hits 0."
CP-00595,Counterparty 00595 Holdings,GB,medium,2025-09-13,0,4,"Grounded summary for CP-00595: jurisdictional exposure, UBO depth 4, sanctions hits 0."
CP-00596,Counterparty 00596 Holdings,KY,low,2025-09-12,0,1,"Grounded summary for CP-00596: jurisdictional exposure, UBO depth 1, sanctions hits 0."
CP-00597,Counterparty 00597 Holdings,DE,critical,2025-09-11,0,2,"Grounded summary for CP-00597: jurisdictional exposure, UBO depth 2, sanctions hits 0."
CP-00598,Counterparty 00598 Holdings,AE,high,2025-09-10,0,3,"Grounded summary for CP-00598: jurisdictional exposure, UBO depth 3, sanctions hits 0."
CP-00599,Counterparty 00599 Holdings,SG,medium,2025-09-09,0,4,"Grounded summary for CP-00599: jurisdictional exposure, UBO depth 4, sanctions hits 0."
CP-00600,Counterparty 00600 Holdings,US,low,2025-09-08,0,1,"Grounded summary for CP-00600: jurisdictional exposure, UBO depth 1, sanctions hits 0."
CP-00601,Counterparty 00601 Holdings,GB,critical,2025-09-07,0,2,"Grounded summary for CP-00601: jurisdictional exposure, UBO depth 2, sanctions hits 0."
CP-00602,Counterparty 00602 Holdings,KY,high,2025-09-06,0,3,"Grounded summary for CP-00602: jurisdictional exposure, UBO depth 3, sanctions hits 0."
CP-00603,Counterparty 00603 Holdings,DE,medium,2025-09-05,0,4,"Grounded summary for CP-00603: jurisdictional exposure, UBO depth 4, sanctions hits 0."
CP-00604,Counterparty 00604 Holdings,AE,low,2025-09-04,0,1,"Grounded summary for CP-00604: jurisdictional exposure, UBO depth 1, sanctions hits 0."
CP-00605,Counterparty 00605 Holdings,SG,critical,2025-09-03,0,2,"Grounded summary for CP-00605: jurisdictional exposure, UBO depth 2, sanctions hits 0."
CP-00606,Counterparty 00606 Holdings,US,high,2025-09-02,0,3,"Grounded summary for CP-00606: jurisdictional exposure, UBO depth 3, sanctions hits 0."
CP-00607,Counterparty 00607 Holdings,GB,medium,2025-09-01,0,4,"Grounded summary for CP-00607: jurisdictional exposure, UBO depth 4, sanctions hits 0."
CP-00608,Counterparty 00608 Holdings,KY,low,2025-08-31,0,1,"Grounded summary for CP-00608: jurisdictional exposure, UBO depth 1, sanctions hits 0."
CP-00609,Counterparty 00609 Holdings,DE,critical,2025-08-30,0,2,"Grounded summary for CP-00609: jurisdictional exposure, UBO depth 2, sanctions hits 0."
CP-00610,Counterparty 00610 Holdings,AE,high,2025-08-29,0,3,"Grounded summary for CP-00610: jurisdictional exposure, UBO depth 3, sanctions hits 0."
CP-00611,Counterparty 00611 Holdings,SG,medium,2025-08-28,0,4,"Grounded summary for CP-00611: jurisdictional exposure, UBO depth 4, sanctions hits 0."
CP-00612,Counterparty 00612 Holdings,US,low,2025-08-27,0,1,"Grounded summary for CP-00612: jurisdictional exposure, UBO depth 1, sanctions hits 0."
CP-00613,Counterparty 00613 Holdings,GB,critical,2025-08-26,0,2,"Grounded summary for CP-00613: jurisdictional exposure, UBO depth 2, sanctions hits 0."
CP-00614,Counterparty 00614 Holdings,KY,high,2025-08-25,0,3,"Grounded summary for CP-00614: jurisdictional exposure, UBO depth 3, sanctions hits 0."
CP-00615,Counterparty 00615 Holdings,DE,medium,2025-08-24,0,4,"Grounded summary for CP-00615: jurisdictional exposure, UBO depth 4, sanctions hits 0."
CP-00616,Counterparty 00616 Holdings,AE,low,2025-08-23,0,1,"Grounded summary for CP-00616: jurisdictional exposure, UBO depth 1, sanctions hits 0."
CP-00617,Counterparty 00617 Holdings,SG,critical,2025-08-22,0,2,"Grounded summary for CP-00617: jurisdictional exposure, UBO depth 2, sanctions hits 0."
CP-00618,Counterparty 00618 Holdings,US,high,2025-08-21,0,3,"Grounded summary for CP-00618: jurisdictional exposure, UBO depth 3, sanctions hits 0."
CP-00619,Counterparty 00619 Holdings,GB,medium,2025-08-20,0,4,"Grounded summary for CP-00619: jurisdictional exposure, UBO depth 4, sanctions hits 0."
CP-00620,Counterparty 00620 Holdings,KY,low,2025-08-19,0,1,"Grounded summary for CP-00620: jurisdictional exposure, UBO depth 1, sanctions hits 0."
CP-00621,Counterparty 00621 Holdings,DE,critical,2025-08-18,0,2,"Grounded summary for CP-00621: jurisdictional exposure, UBO depth 2, sanctions hits 0."
CP-00622,Counterparty 00622 Holdings,AE,high,2025-08-17,0,3,"Grounded summary for CP-00622: jurisdictional exposure, UBO depth 3, sanctions hits 0."
CP-00623,Counterparty 00623 Holdings,SG,medium,2025-08-16,0,4,"Grounded summary for CP-00623: jurisdictional exposure, UBO depth 4, sanctions hits 0."
CP-00624,Counterparty 00624 Holdings,US,low,2025-08-15,0,1,"Grounded summary for CP-00624: jurisdictional exposure, UBO depth 1, sanctions hits 0."
CP-00625,Counterparty 00625 Holdings,GB,critical,2025-08-14,0,2,"Grounded summary for CP-00625: jurisdictional exposure, UBO depth 2, sanctions hits 0."
CP-00626,Counterparty 00626 Holdings,KY,high,2025-08-13,0,3,"Grounded summary for CP-00626: jurisdictional exposure, UBO depth 3, sanctions hits 0."
CP-00627,Counterparty 00627 Holdings,DE,medium,2025-08-12,0,4,"Grounded summary for CP-00627: jurisdictional exposure, UBO depth 4, sanctions hits 0."
CP-00628,Counterparty 00628 Holdings,AE,low,2025-08-11,0,1,"Grounded summary for CP-00628: jurisdictional exposure, UBO depth 1, sanctions hits 0."
CP-00629,Counterparty 00629 Holdings,SG,critical,2025-08-10,0,2,"Grounded summary for CP-00629: jurisdictional exposure, UBO depth 2, sanctions hits 0."
CP-00630,Counterparty 00630 Holdings,US,high,2025-08-09,0,3,"Grounded summary for CP-00630: jurisdictional exposure, UBO depth 3, sanctions hits 0."
CP-00631,Counterparty 00631 Holdings,GB,medium,2025-08-08,0,4,"Grounded summary for CP-00631: jurisdictional exposure, UBO depth 4, sanctions hits 0."
CP-00632,Counterparty 00632 Holdings,KY,low,2025-08-07,0,1,"Grounded summary for CP-00632: jurisdictional exposure, UBO depth 1, sanctions hits 0."
CP-00633,Counterparty 00633 Holdings,DE,critical,2025-08-06,0,2,"Grounded summary for CP-00633: jurisdictional exposure, UBO depth 2, sanctions hits 0."
CP-00634,Counterparty 00634 Holdings,AE,high,2025-08-05,0,3,"Grounded summary for CP-00634: jurisdictional exposure, UBO depth 3, sanctions hits 0."
CP-00635,Counterparty 00635 Holdings,SG,medium,2025-08-04,0,4,"Grounded summary for CP-00635: jurisdictional exposure, UBO depth 4, sanctions hits 0."
CP-00636,Counterparty 00636 Holdings,US,low,2025-08-03,0,1,"Grounded summary for CP-00636: jurisdictional exposure, UBO depth 1, sanctions hits 0."
CP-00637,Counterparty 00637 Holdings,GB,critical,2025-08-02,0,2,"Grounded summary for CP-00637: jurisdictional exposure, UBO depth 2, sanctions hits 0."
CP-00638,Counterparty 00638 Holdings,KY,high,2025-08-01,0,3,"Grounded summary for CP-00638: jurisdictional exposure, UBO depth 3, sanctions hits 0."
CP-00639,Counterparty 00639 Holdings,DE,medium,2025-07-31,0,4,"Grounded summary for CP-00639: jurisdictional exposure, UBO depth 4, sanctions hits 0."
CP-00640,Counterparty 00640 Holdings,AE,low,2025-07-30,0,1,"Grounded summary for CP-00640: jurisdictional exposure, UBO depth 1, sanctions hits 0."
CP-00641,Counterparty 00641 Holdings,SG,critical,2025-07-29,0,2,"Grounded summary for CP-00641: jurisdictional exposure, UBO depth 2, sanctions hits 0."
CP-00642,Counterparty 00642 Holdings,US,high,2025-07-28,0,3,"Grounded summary for CP-00642: jurisdictional exposure, UBO depth 3, sanctions hits 0."
CP-00643,Counterparty 00643 Holdings,GB,medium,2025-07-27,0,4,"Grounded summary for CP-00643: jurisdictional exposure, UBO depth 4, sanctions hits 0."
CP-00644,Counterparty 00644 Holdings,KY,low,2025-07-26,0,1,"Grounded summary for CP-00644: jurisdictional exposure, UBO depth 1, sanctions hits 0."
CP-00645,Counterparty 00645 Holdings,DE,critical,2025-07-25,0,2,"Grounded summary for CP-00645: jurisdictional exposure, UBO depth 2, sanctions hits 0."
CP-00646,Counterparty 00646 Holdings,AE,high,2025-07-24,0,3,"Grounded summary for CP-00646: jurisdictional exposure, UBO depth 3, sanctions hits 0."
CP-00647,Counterparty 00647 Holdings,SG,medium,2025-07-23,0,4,"Grounded summary for CP-00647: jurisdictional exposure, UBO depth 4, sanctions hits 0."
CP-00648,Counterparty 00648 Holdings,US,low,2025-07-22,0,1,"Grounded summary for CP-00648: jurisdictional exposure, UBO depth 1, sanctions hits 0."
CP-00649,Counterparty 00649 Holdings,GB,critical,2025-07-21,0,2,"Grounded summary for CP-00649: jurisdictional exposure, UBO depth 2, sanctions hits 0."
CP-00650,Counterparty 00650 Holdings,KY,high,2025-07-20,0,3,"Grounded summary for CP-00650: jurisdictional exposure, UBO depth 3, sanctions hits 0."
CP-00651,Counterparty 00651 Holdings,DE,medium,2025-07-19,0,4,"Grounded summary for CP-00651: jurisdictional exposure, UBO depth 4, sanctions hits 0."
CP-00652,Counterparty 00652 Holdings,AE,low,2025-07-18,0,1,"Grounded summary for CP-00652: jurisdictional exposure, UBO depth 1, sanctions hits 0."
CP-00653,Counterparty 00653 Holdings,SG,critical,2025-07-17,0,2,"Grounded summary for CP-00653: jurisdictional exposure, UBO depth 2, sanctions hits 0."
CP-00654,Counterparty 00654 Holdings,US,high,2025-07-16,0,3,"Grounded summary for CP-00654: jurisdictional exposure, UBO depth 3, sanctions hits 0."
CP-00655,Counterparty 00655 Holdings,GB,medium,2025-07-15,0,4,"Grounded summary for CP-00655: jurisdictional exposure, UBO depth 4, sanctions hits 0."
CP-00656,Counterparty 00656 Holdings,KY,low,2025-07-14,0,1,"Grounded summary for CP-00656: jurisdictional exposure, UBO depth 1, sanctions hits 0."
CP-00657,Counterparty 00657 Holdings,DE,critical,2025-07-13,0,2,"Grounded summary for CP-00657: jurisdictional exposure, UBO depth 2, sanctions hits 0."
CP-00658,Counterparty 00658 Holdings,AE,high,2025-07-12,0,3,"Grounded summary for CP-00658: jurisdictional exposure, UBO depth 3, sanctions hits 0."
CP-00659,Counterparty 00659 Holdings,SG,medium,2025-07-11,0,4,"Grounded summary for CP-00659: jurisdictional exposure, UBO depth 4, sanctions hits 0."
CP-00660,Counterparty 00660 Holdings,US,low,2025-07-10,0,1,"Grounded summary for CP-00660: jurisdictional exposure, UBO depth 1, sanctions hits 0."
CP-00661,Counterparty 00661 Holdings,GB,critical,2025-07-09,0,2,"Grounded summary for CP-00661: jurisdictional exposure, UBO depth 2, sanctions hits 0."
CP-00662,Counterparty 00662 Holdings,KY,high,2025-07-08,0,3,"Grounded summary for CP-00662: jurisdictional exposure, UBO depth 3, sanctions hits 0."
CP-00663,Counterparty 00663 Holdings,DE,medium,2025-07-07,0,4,"Grounded summary for CP-00663: jurisdictional exposure, UBO depth 4, sanctions hits 0."
CP-00664,Counterparty 00664 Holdings,AE,low,2025-07-06,0,1,"Grounded summary for CP-00664: jurisdictional exposure, UBO depth 1, sanctions hits 0."
CP-00665,Counterparty 00665 Holdings,SG,critical,2025-07-05,0,2,"Grounded summary for CP-00665: jurisdictional exposure, UBO depth 2, sanctions hits 0."
CP-00666,Counterparty 00666 Holdings,US,high,2025-07-04,0,3,"Grounded summary for CP-00666: jurisdictional exposure, UBO depth 3, sanctions hits 0."
CP-00667,Counterparty 00667 Holdings,GB,medium,2025-07-03,0,4,"Grounded summary for CP-00667: jurisdictional exposure, UBO depth 4, sanctions hits 0."
CP-00668,Counterparty 00668 Holdings,KY,low,2025-07-02,0,1,"Grounded summary for CP-00668: jurisdictional exposure, UBO depth 1, sanctions hits 0."
CP-00669,Counterparty 00669 Holdings,DE,critical,2025-07-01,0,2,"Grounded summary for CP-00669: jurisdictional exposure, UBO depth 2, sanctions hits 0."
CP-00670,Counterparty 00670 Holdings,AE,high,2025-06-30,0,3,"Grounded summary for CP-00670: jurisdictional exposure, UBO depth 3, sanctions hits 0."
CP-00671,Counterparty 00671 Holdings,SG,medium,2025-06-29,0,4,"Grounded summary for CP-00671: jurisdictional exposure, UBO depth 4, sanctions hits 0."
CP-00672,Counterparty 00672 Holdings,US,low,2025-06-28,0,1,"Grounded summary for CP-00672: jurisdictional exposure, UBO depth 1, sanctions hits 0."
CP-00673,Counterparty 00673 Holdings,GB,critical,2025-06-27,0,2,"Grounded summary for CP-00673: jurisdictional exposure, UBO depth 2, sanctions hits 0."
CP-00674,Counterparty 00674 Holdings,KY,high,2025-06-26,0,3,"Grounded summary for CP-00674: jurisdictional exposure, UBO depth 3, sanctions hits 0."
CP-00675,Counterparty 00675 Holdings,DE,medium,2025-06-25,0,4,"Grounded summary for CP-00675: jurisdictional exposure, UBO depth 4, sanctions hits 0."
CP-00676,Counterparty 00676 Holdings,AE,low,2025-06-24,0,1,"Grounded summary for CP-00676: jurisdictional exposure, UBO depth 1, sanctions hits 0."
CP-00677,Counterparty 00677 Holdings,SG,critical,2025-06-23,0,2,"Grounded summary for CP-00677: jurisdictional exposure, UBO depth 2, sanctions hits 0."
CP-00678,Counterparty 00678 Holdings,US,high,2025-06-22,0,3,"Grounded summary for CP-00678: jurisdictional exposure, UBO depth 3, sanctions hits 0."
CP-00679,Counterparty 00679 Holdings,GB,medium,2025-06-21,0,4,"Grounded summary for CP-00679: jurisdictional exposure, UBO depth 4, sanctions hits 0."
CP-00680,Counterparty 00680 Holdings,KY,low,2025-06-20,0,1,"Grounded summary for CP-00680: jurisdictional exposure, UBO depth 1, sanctions hits 0."
CP-00681,Counterparty 00681 Holdings,DE,critical,2025-06-19,0,2,"Grounded summary for CP-00681: jurisdictional exposure, UBO depth 2, sanctions hits 0."
CP-00682,Counterparty 00682 Holdings,AE,high,2025-06-18,0,3,"Grounded summary for CP-00682: jurisdictional exposure, UBO depth 3, sanctions hits 0."
CP-00683,Counterparty 00683 Holdings,SG,medium,2025-06-17,0,4,"Grounded summary for CP-00683: jurisdictional exposure, UBO depth 4, sanctions hits 0."
CP-00684,Counterparty 00684 Holdings,US,low,2025-06-16,0,1,"Grounded summary for CP-00684: jurisdictional exposure, UBO depth 1, sanctions hits 0."
CP-00685,Counterparty 00685 Holdings,GB,critical,2025-06-15,0,2,"Grounded summary for CP-00685: jurisdictional exposure, UBO depth 2, sanctions hits 0."
CP-00686,Counterparty 00686 Holdings,KY,high,2025-06-14,0,3,"Grounded summary for CP-00686: jurisdictional exposure, UBO depth 3, sanctions hits 0."
CP-00687,Counterparty 00687 Holdings,DE,medium,2025-06-13,0,4,"Grounded summary for CP-00687: jurisdictional exposure, UBO depth 4, sanctions hits 0."
CP-00688,Counterparty 00688 Holdings,AE,low,2025-06-12,0,1,"Grounded summary for CP-00688: jurisdictional exposure, UBO depth 1, sanctions hits 0."
CP-00689,Counterparty 00689 Holdings,SG,critical,2025-06-11,0,2,"Grounded summary for CP-00689: jurisdictional exposure, UBO depth 2, sanctions hits 0."
CP-00690,Counterparty 00690 Holdings,US,high,2025-06-10,0,3,"Grounded summary for CP-00690: jurisdictional exposure, UBO depth 3, sanctions hits 0."
CP-00691,Counterparty 00691 Holdings,GB,medium,2025-06-09,0,4,"Grounded summary for CP-00691: jurisdictional exposure, UBO depth 4, sanctions hits 0."
CP-00692,Counterparty 00692 Holdings,KY,low,2025-06-08,0,1,"Grounded summary for CP-00692: jurisdictional exposure, UBO depth 1, sanctions hits 0."
CP-00693,Counterparty 00693 Holdings,DE,critical,2025-06-07,0,2,"Grounded summary for CP-00693: jurisdictional exposure, UBO depth 2, sanctions hits 0."
CP-00694,Counterparty 00694 Holdings,AE,high,2025-06-06,0,3,"Grounded summary for CP-00694: jurisdictional exposure, UBO depth 3, sanctions hits 0."
CP-00695,Counterparty 00695 Holdings,SG,medium,2025-06-05,0,4,"Grounded summary for CP-00695: jurisdictional exposure, UBO depth 4, sanctions hits 0."
CP-00696,Counterparty 00696 Holdings,US,low,2025-06-04,0,1,"Grounded summary for CP-00696: jurisdictional exposure, UBO depth 1, sanctions hits 0."
CP-00697,Counterparty 00697 Holdings,GB,critical,2025-06-03,0,2,"Grounded summary for CP-00697: jurisdictional exposure, UBO depth 2, sanctions hits 0."
CP-00698,Counterparty 00698 Holdings,KY,high,2025-06-02,0,3,"Grounded summary for CP-00698: jurisdictional exposure, UBO depth 3, sanctions hits 0."
CP-00699,Counterparty 00699 Holdings,DE,medium,2025-06-01,0,4,"Grounded summary for CP-00699: jurisdictional exposure, UBO depth 4, sanctions hits 0."
CP-00700,Counterparty 00700 Holdings,AE,low,2025-05-31,0,1,"Grounded summary for CP-00700: jurisdictional exposure, UBO depth 1, sanctions hits 0."
CP-00701,Counterparty 00701 Holdings,SG,critical,2025-05-30,0,2,"Grounded summary for CP-00701: jurisdictional exposure, UBO depth 2, sanctions hits 0."
CP-00702,Counterparty 00702 Holdings,US,high,2025-05-29,0,3,"Grounded summary for CP-00702: jurisdictional exposure, UBO depth 3, sanctions hits 0."
CP-00703,Counterparty 00703 Holdings,GB,medium,2025-05-28,0,4,"Grounded summary for CP-00703: jurisdictional exposure, UBO depth 4, sanctions hits 0."
CP-00704,Counterparty 00704 Holdings,KY,low,2025-05-27,0,1,"Grounded summary for CP-00704: jurisdictional exposure, UBO depth 1, sanctions hits 0."
CP-00705,Counterparty 00705 Holdings,DE,critical,2025-05-26,0,2,"Grounded summary for CP-00705: jurisdictional exposure, UBO depth 2, sanctions hits 0."
CP-00706,Counterparty 00706 Holdings,AE,high,2025-05-25,0,3,"Grounded summary for CP-00706: jurisdictional exposure, UBO depth 3, sanctions hits 0."
CP-00707,Counterparty 00707 Holdings,SG,medium,2025-05-24,0,4,"Grounded summary for CP-00707: jurisdictional exposure, UBO depth 4, sanctions hits 0."
CP-00708,Counterparty 00708 Holdings,US,low,2025-05-23,0,1,"Grounded summary for CP-00708: jurisdictional exposure, UBO depth 1, sanctions hits 0."
CP-00709,Counterparty 00709 Holdings,GB,critical,2025-05-22,0,2,"Grounded summary for CP-00709: jurisdictional exposure, UBO depth 2, sanctions hits 0."
CP-00710,Counterparty 00710 Holdings,KY,high,2025-05-21,0,3,"Grounded summary for CP-00710: jurisdictional exposure, UBO depth 3, sanctions hits 0."
CP-00711,Counterparty 00711 Holdings,DE,medium,2025-05-20,0,4,"Grounded summary for CP-00711: jurisdictional exposure, UBO depth 4, sanctions hits 0."
CP-00712,Counterparty 00712 Holdings,AE,low,2025-05-19,0,1,"Grounded summary for CP-00712: jurisdictional exposure, UBO depth 1, sanctions hits 0."
CP-00713,Counterparty 00713 Holdings,SG,critical,2025-05-18,0,2,"Grounded summary for CP-00713: jurisdictional exposure, UBO depth 2, sanctions hits 0."
CP-00714,Counterparty 00714 Holdings,US,high,2025-05-17,0,3,"Grounded summary for CP-00714: jurisdictional exposure, UBO depth 3, sanctions hits 0."
CP-00715,Counterparty 00715 Holdings,GB,medium,2025-05-16,0,4,"Grounded summary for CP-00715: jurisdictional exposure, UBO depth 4, sanctions hits 0."
CP-00716,Counterparty 00716 Holdings,KY,low,2025-05-15,0,1,"Grounded summary for CP-00716: jurisdictional exposure, UBO depth 1, sanctions hits 0."
CP-00717,Counterparty 00717 Holdings,DE,critical,2025-05-14,0,2,"Grounded summary for CP-00717: jurisdictional exposure, UBO depth 2, sanctions hits 0."
CP-00718,Counterparty 00718 Holdings,AE,high,2025-05-13,0,3,"Grounded summary for CP-00718: jurisdictional exposure, UBO depth 3, sanctions hits 0."
CP-00719,Counterparty 00719 Holdings,SG,medium,2025-05-12,0,4,"Grounded summary for CP-00719: jurisdictional exposure, UBO depth 4, sanctions hits 0."
CP-00720,Counterparty 00720 Holdings,US,low,2025-05-11,0,1,"Grounded summary for CP-00720: jurisdictional exposure, UBO depth 1, sanctions hits 0."
CP-00721,Counterparty 00721 Holdings,GB,critical,2025-05-10,0,2,"Grounded summary for CP-00721: jurisdictional exposure, UBO depth 2, sanctions hits 0."
CP-00722,Counterparty 00722 Holdings,KY,high,2025-05-09,0,3,"Grounded summary for CP-00722: jurisdictional exposure, UBO depth 3, sanctions hits 0."
CP-00723,Counterparty 00723 Holdings,DE,medium,2025-05-08,0,4,"Grounded summary for CP-00723: jurisdictional exposure, UBO depth 4, sanctions hits 0."
CP-00724,Counterparty 00724 Holdings,AE,low,2025-05-07,0,1,"Grounded summary for CP-00724: jurisdictional exposure, UBO depth 1, sanctions hits 0."
CP-00725,Counterparty 00725 Holdings,SG,critical,2025-05-06,0,2,"Grounded summary for CP-00725: jurisdictional exposure, UBO depth 2, sanctions hits 0."
CP-00726,Counterparty 00726 Holdings,US,high,2025-05-05,0,3,"Grounded summary for CP-00726: jurisdictional exposure, UBO depth 3, sanctions hits 0."
CP-00727,Counterparty 00727 Holdings,GB,medium,2025-05-04,0,4,"Grounded summary for CP-00727: jurisdictional exposure, UBO depth 4, sanctions hits 0."
CP-00728,Counterparty 00728 Holdings,KY,low,2025-05-03,0,1,"Grounded summary for CP-00728: jurisdictional exposure, UBO depth 1, sanctions hits 0."
CP-00729,Counterparty 00729 Holdings,DE,critical,2025-05-02,0,2,"Grounded summary for CP-00729: jurisdictional exposure, UBO depth 2, sanctions hits 0."
CP-00730,Counterparty 00730 Holdings,AE,high,2026-05-01,0,3,"Grounded summary for CP-00730: jurisdictional exposure, UBO depth 3, sanctions hits 0."
CP-00731,Counterparty 00731 Holdings,SG,medium,2026-04-30,0,4,"Grounded summary for CP-00731: jurisdictional exposure, UBO depth 4, sanctions hits 0."
CP-00732,Counterparty 00732 Holdings,US,low,2026-04-29,0,1,"Grounded summary for CP-00732: jurisdictional exposure, UBO depth 1, sanctions hits 0."
CP-00733,Counterparty 00733 Holdings,GB,critical,2026-04-28,0,2,"Grounded summary for CP-00733: jurisdictional exposure, UBO depth 2, sanctions hits 0."
CP-00734,Counterparty 00734 Holdings,KY,high,2026-04-27,0,3,"Grounded summary for CP-00734: jurisdictional exposure, UBO depth 3, sanctions hits 0."
CP-00735,Counterparty 00735 Holdings,DE,medium,2026-04-26,0,4,"Grounded summary for CP-00735: jurisdictional exposure, UBO depth 4, sanctions hits 0."
CP-00736,Counterparty 00736 Holdings,AE,low,2026-04-25,0,1,"Grounded summary for CP-00736: jurisdictional exposure, UBO depth 1, sanctions hits 0."
CP-00737,Counterparty 00737 Holdings,SG,critical,2026-04-24,0,2,"Grounded summary for CP-00737: jurisdictional exposure, UBO depth 2, sanctions hits 0."
CP-00738,Counterparty 00738 Holdings,US,high,2026-04-23,0,3,"Grounded summary for CP-00738: jurisdictional exposure, UBO depth 3, sanctions hits 0."
CP-00739,Counterparty 00739 Holdings,GB,medium,2026-04-22,0,4,"Grounded summary for CP-00739: jurisdictional exposure, UBO depth 4, sanctions hits 0."
CP-00740,Counterparty 00740 Holdings,KY,low,2026-04-21,0,1,"Grounded summary for CP-00740: jurisdictional exposure, UBO depth 1, sanctions hits 0."
CP-00741,Counterparty 00741 Holdings,DE,critical,2026-04-20,0,2,"Grounded summary for CP-00741: jurisdictional exposure, UBO depth 2, sanctions hits 0."
CP-00742,Counterparty 00742 Holdings,AE,high,2026-04-19,0,3,"Grounded summary for CP-00742: jurisdictional exposure, UBO depth 3, sanctions hits 0."
CP-00743,Counterparty 00743 Holdings,SG,medium,2026-04-18,0,4,"Grounded summary for CP-00743: jurisdictional exposure, UBO depth 4, sanctions hits 0."
CP-00744,Counterparty 00744 Holdings,US,low,2026-04-17,0,1,"Grounded summary for CP-00744: jurisdictional exposure, UBO depth 1, sanctions hits 0."
CP-00745,Counterparty 00745 Holdings,GB,critical,2026-04-16,0,2,"Grounded summary for CP-00745: jurisdictional exposure, UBO depth 2, sanctions hits 0."
CP-00746,Counterparty 00746 Holdings,KY,high,2026-04-15,0,3,"Grounded summary for CP-00746: jurisdictional exposure, UBO depth 3, sanctions hits 0."
CP-00747,Counterparty 00747 Holdings,DE,medium,2026-04-14,0,4,"Grounded summary for CP-00747: jurisdictional exposure, UBO depth 4, sanctions hits 0."
CP-00748,Counterparty 00748 Holdings,AE,low,2026-04-13,0,1,"Grounded summary for CP-00748: jurisdictional exposure, UBO depth 1, sanctions hits 0."
CP-00749,Counterparty 00749 Holdings,SG,critical,2026-04-12,0,2,"Grounded summary for CP-00749: jurisdictional exposure, UBO depth 2, sanctions hits 0."
CP-00750,Counterparty 00750 Holdings,US,high,2026-04-11,0,3,"Grounded summary for CP-00750: jurisdictional exposure, UBO depth 3, sanctions hits 0."
CP-00751,Counterparty 00751 Holdings,GB,medium,2026-04-10,0,4,"Grounded summary for CP-00751: jurisdictional exposure, UBO depth 4, sanctions hits 0."
CP-00752,Counterparty 00752 Holdings,KY,low,2026-04-09,0,1,"Grounded summary for CP-00752: jurisdictional exposure, UBO depth 1, sanctions hits 0."
CP-00753,Counterparty 00753 Holdings,DE,critical,2026-04-08,0,2,"Grounded summary for CP-00753: jurisdictional exposure, UBO depth 2, sanctions hits 0."
CP-00754,Counterparty 00754 Holdings,AE,high,2026-04-07,0,3,"Grounded summary for CP-00754: jurisdictional exposure, UBO depth 3, sanctions hits 0."
CP-00755,Counterparty 00755 Holdings,SG,medium,2026-04-06,0,4,"Grounded summary for CP-00755: jurisdictional exposure, UBO depth 4, sanctions hits 0."
CP-00756,Counterparty 00756 Holdings,US,low,2026-04-05,0,1,"Grounded summary for CP-00756: jurisdictional exposure, UBO depth 1, sanctions hits 0."
CP-00757,Counterparty 00757 Holdings,GB,critical,2026-04-04,0,2,"Grounded summary for CP-00757: jurisdictional exposure, UBO depth 2, sanctions hits 0."
CP-00758,Counterparty 00758 Holdings,KY,high,2026-04-03,0,3,"Grounded summary for CP-00758: jurisdictional exposure, UBO depth 3, sanctions hits 0."
CP-00759,Counterparty 00759 Holdings,DE,medium,2026-04-02,0,4,"Grounded summary for CP-00759: jurisdictional exposure, UBO depth 4, sanctions hits 0."
CP-00760,Counterparty 00760 Holdings,AE,low,2026-04-01,0,1,"Grounded summary for CP-00760: jurisdictional exposure, UBO depth 1, sanctions hits 0."
CP-00761,Counterparty 00761 Holdings,SG,critical,2026-03-31,0,2,"Grounded summary for CP-00761: jurisdictional exposure, UBO depth 2, sanctions hits 0."
CP-00762,Counterparty 00762 Holdings,US,high,2026-03-30,0,3,"Grounded summary for CP-00762: jurisdictional exposure, UBO depth 3, sanctions hits 0."
CP-00763,Counterparty 00763 Holdings,GB,medium,2026-03-29,0,4,"Grounded summary for CP-00763: jurisdictional exposure, UBO depth 4, sanctions hits 0."
CP-00764,Counterparty 00764 Holdings,KY,low,2026-03-28,0,1,"Grounded summary for CP-00764: jurisdictional exposure, UBO depth 1, sanctions hits 0."
CP-00765,Counterparty 00765 Holdings,DE,critical,2026-03-27,0,2,"Grounded summary for CP-00765: jurisdictional exposure, UBO depth 2, sanctions hits 0."
CP-00766,Counterparty 00766 Holdings,AE,high,2026-03-26,0,3,"Grounded summary for CP-00766: jurisdictional exposure, UBO depth 3, sanctions hits 0."
CP-00767,Counterparty 00767 Holdings,SG,medium,2026-03-25,0,4,"Grounded summary for CP-00767: jurisdictional exposure, UBO depth 4, sanctions hits 0."
CP-00768,Counterparty 00768 Holdings,US,low,2026-03-24,0,1,"Grounded summary for CP-00768: jurisdictional exposure, UBO depth 1, sanctions hits 0."
CP-00769,Counterparty 00769 Holdings,GB,critical,2026-03-23,0,2,"Grounded summary for CP-00769: jurisdictional exposure, UBO depth 2, sanctions hits 0."
CP-00770,Counterparty 00770 Holdings,KY,high,2026-03-22,0,3,"Grounded summary for CP-00770: jurisdictional exposure, UBO depth 3, sanctions hits 0."
CP-00771,Counterparty 00771 Holdings,DE,medium,2026-03-21,0,4,"Grounded summary for CP-00771: jurisdictional exposure, UBO depth 4, sanctions hits 0."
CP-00772,Counterparty 00772 Holdings,AE,low,2026-03-20,0,1,"Grounded summary for CP-00772: jurisdictional exposure, UBO depth 1, sanctions hits 0."
CP-00773,Counterparty 00773 Holdings,SG,critical,2026-03-19,0,2,"Grounded summary for CP-00773: jurisdictional exposure, UBO depth 2, sanctions hits 0."
CP-00774,Counterparty 00774 Holdings,US,high,2026-03-18,0,3,"Grounded summary for CP-00774: jurisdictional exposure, UBO depth 3, sanctions hits 0."
CP-00775,Counterparty 00775 Holdings,GB,medium,2026-03-17,0,4,"Grounded summary for CP-00775: jurisdictional exposure, UBO depth 4, sanctions hits 0."
CP-00776,Counterparty 00776 Holdings,KY,low,2026-03-16,0,1,"Grounded summary for CP-00776: jurisdictional exposure, UBO depth 1, sanctions hits 0."
CP-00777,Counterparty 00777 Holdings,DE,critical,2026-03-15,0,2,"Grounded summary for CP-00777: jurisdictional exposure, UBO depth 2, sanctions hits 0."
CP-00778,Counterparty 00778 Holdings,AE,high,2026-03-14,0,3,"Grounded summary for CP-00778: jurisdictional exposure, UBO depth 3, sanctions hits 0."
CP-00779,Counterparty 00779 Holdings,SG,medium,2026-03-13,0,4,"Grounded summary for CP-00779: jurisdictional exposure, UBO depth 4, sanctions hits 0."
CP-00780,Counterparty 00780 Holdings,US,low,2026-03-12,0,1,"Grounded summary for CP-00780: jurisdictional exposure, UBO depth 1, sanctions hits 0."
CP-00781,Counterparty 00781 Holdings,GB,critical,2026-03-11,0,2,"Grounded summary for CP-00781: jurisdictional exposure, UBO depth 2, sanctions hits 0."
CP-00782,Counterparty 00782 Holdings,KY,high,2026-03-10,0,3,"Grounded summary for CP-00782: jurisdictional exposure, UBO depth 3, sanctions hits 0."
CP-00783,Counterparty 00783 Holdings,DE,medium,2026-03-09,0,4,"Grounded summary for CP-00783: jurisdictional exposure, UBO depth 4, sanctions hits 0."
CP-00784,Counterparty 00784 Holdings,AE,low,2026-03-08,0,1,"Grounded summary for CP-00784: jurisdictional exposure, UBO depth 1, sanctions hits 0."
CP-00785,Counterparty 00785 Holdings,SG,critical,2026-03-07,0,2,"Grounded summary for CP-00785: jurisdictional exposure, UBO depth 2, sanctions hits 0."
CP-00786,Counterparty 00786 Holdings,US,high,2026-03-06,0,3,"Grounded summary for CP-00786: jurisdictional exposure, UBO depth 3, sanctions hits 0."
CP-00787,Counterparty 00787 Holdings,GB,medium,2026-03-05,0,4,"Grounded summary for CP-00787: jurisdictional exposure, UBO depth 4, sanctions hits 0."
CP-00788,Counterparty 00788 Holdings,KY,low,2026-03-04,0,1,"Grounded summary for CP-00788: jurisdictional exposure, UBO depth 1, sanctions hits 0."
CP-00789,Counterparty 00789 Holdings,DE,critical,2026-03-03,0,2,"Grounded summary for CP-00789: jurisdictional exposure, UBO depth 2, sanctions hits 0."
CP-00790,Counterparty 00790 Holdings,AE,high,2026-03-02,0,3,"Grounded summary for CP-00790: jurisdictional exposure, UBO depth 3, sanctions hits 0."
CP-00791,Counterparty 00791 Holdings,SG,medium,2026-03-01,0,4,"Grounded summary for CP-00791: jurisdictional exposure, UBO depth 4, sanctions hits 0."
CP-00792,Counterparty 00792 Holdings,US,low,2026-02-28,0,1,"Grounded summary for CP-00792: jurisdictional exposure, UBO depth 1, sanctions hits 0."
CP-00793,Counterparty 00793 Holdings,GB,critical,2026-02-27,0,2,"Grounded summary for CP-00793: jurisdictional exposure, UBO depth 2, sanctions hits 0."
CP-00794,Counterparty 00794 Holdings,KY,high,2026-02-26,0,3,"Grounded summary for CP-00794: jurisdictional exposure, UBO depth 3, sanctions hits 0."
CP-00795,Counterparty 00795 Holdings,DE,medium,2026-02-25,0,4,"Grounded summary for CP-00795: jurisdictional exposure, UBO depth 4, sanctions hits 0."
CP-00796,Counterparty 00796 Holdings,AE,low,2026-02-24,0,1,"Grounded summary for CP-00796: jurisdictional exposure, UBO depth 1, sanctions hits 0."
CP-00797,Counterparty 00797 Holdings,SG,critical,2026-02-23,0,2,"Grounded summary for CP-00797: jurisdictional exposure, UBO depth 2, sanctions hits 0."
CP-00798,Counterparty 00798 Holdings,US,high,2026-02-22,0,3,"Grounded summary for CP-00798: jurisdictional exposure, UBO depth 3, sanctions hits 0."
CP-00799,Counterparty 00799 Holdings,GB,medium,2026-02-21,0,4,"Grounded summary for CP-00799: jurisdictional exposure, UBO depth 4, sanctions hits 0."
CP-00800,Counterparty 00800 Holdings,KY,low,2026-02-20,0,1,"Grounded summary for CP-00800: jurisdictional exposure, UBO depth 1, sanctions hits 0."
CP-00801,Counterparty 00801 Holdings,DE,critical,2026-02-19,0,2,"Grounded summary for CP-00801: jurisdictional exposure, UBO depth 2, sanctions hits 0."
CP-00802,Counterparty 00802 Holdings,AE,high,2026-02-18,0,3,"Grounded summary for CP-00802: jurisdictional exposure, UBO depth 3, sanctions hits 0."
CP-00803,Counterparty 00803 Holdings,SG,medium,2026-02-17,0,4,"Grounded summary for CP-00803: jurisdictional exposure, UBO depth 4, sanctions hits 0."
CP-00804,Counterparty 00804 Holdings,US,low,2026-02-16,0,1,"Grounded summary for CP-00804: jurisdictional exposure, UBO depth 1, sanctions hits 0."
CP-00805,Counterparty 00805 Holdings,GB,critical,2026-02-15,0,2,"Grounded summary for CP-00805: jurisdictional exposure, UBO depth 2, sanctions hits 0."
CP-00806,Counterparty 00806 Holdings,KY,high,2026-02-14,0,3,"Grounded summary for CP-00806: jurisdictional exposure, UBO depth 3, sanctions hits 0."
CP-00807,Counterparty 00807 Holdings,DE,medium,2026-02-13,0,4,"Grounded summary for CP-00807: jurisdictional exposure, UBO depth 4, sanctions hits 0."
CP-00808,Counterparty 00808 Holdings,AE,low,2026-02-12,0,1,"Grounded summary for CP-00808: jurisdictional exposure, UBO depth 1, sanctions hits 0."
CP-00809,Counterparty 00809 Holdings,SG,critical,2026-02-11,0,2,"Grounded summary for CP-00809: jurisdictional exposure, UBO depth 2, sanctions hits 0."
CP-00810,Counterparty 00810 Holdings,US,high,2026-02-10,0,3,"Grounded summary for CP-00810: jurisdictional exposure, UBO depth 3, sanctions hits 0."
CP-00811,Counterparty 00811 Holdings,GB,medium,2026-02-09,0,4,"Grounded summary for CP-00811: jurisdictional exposure, UBO depth 4, sanctions hits 0."
CP-00812,Counterparty 00812 Holdings,KY,low,2026-02-08,0,1,"Grounded summary for CP-00812: jurisdictional exposure, UBO depth 1, sanctions hits 0."
CP-00813,Counterparty 00813 Holdings,DE,critical,2026-02-07,0,2,"Grounded summary for CP-00813: jurisdictional exposure, UBO depth 2, sanctions hits 0."
CP-00814,Counterparty 00814 Holdings,AE,high,2026-02-06,0,3,"Grounded summary for CP-00814: jurisdictional exposure, UBO depth 3, sanctions hits 0."
CP-00815,Counterparty 00815 Holdings,SG,medium,2026-02-05,0,4,"Grounded summary for CP-00815: jurisdictional exposure, UBO depth 4, sanctions hits 0."
CP-00816,Counterparty 00816 Holdings,US,low,2026-02-04,0,1,"Grounded summary for CP-00816: jurisdictional exposure, UBO depth 1, sanctions hits 0."
CP-00817,Counterparty 00817 Holdings,GB,critical,2026-02-03,0,2,"Grounded summary for CP-00817: jurisdictional exposure, UBO depth 2, sanctions hits 0."
CP-00818,Counterparty 00818 Holdings,KY,high,2026-02-02,0,3,"Grounded summary for CP-00818: jurisdictional exposure, UBO depth 3, sanctions hits 0."
CP-00819,Counterparty 00819 Holdings,DE,medium,2026-02-01,0,4,"Grounded summary for CP-00819: jurisdictional exposure, UBO depth 4, sanctions hits 0."
CP-00820,Counterparty 00820 Holdings,AE,low,2026-01-31,0,1,"Grounded summary for CP-00820: jurisdictional exposure, UBO depth 1, sanctions hits 0."
CP-00821,Counterparty 00821 Holdings,SG,critical,2026-01-30,0,2,"Grounded summary for CP-00821: jurisdictional exposure, UBO depth 2, sanctions hits 0."
CP-00822,Counterparty 00822 Holdings,US,high,2026-01-29,0,3,"Grounded summary for CP-00822: jurisdictional exposure, UBO depth 3, sanctions hits 0."
CP-00823,Counterparty 00823 Holdings,GB,medium,2026-01-28,0,4,"Grounded summary for CP-00823: jurisdictional exposure, UBO depth 4, sanctions hits 0."
CP-00824,Counterparty 00824 Holdings,KY,low,2026-01-27,0,1,"Grounded summary for CP-00824: jurisdictional exposure, UBO depth 1, sanctions hits 0."
CP-00825,Counterparty 00825 Holdings,DE,critical,2026-01-26,0,2,"Grounded summary for CP-00825: jurisdictional exposure, UBO depth 2, sanctions hits 0."
CP-00826,Counterparty 00826 Holdings,AE,high,2026-01-25,0,3,"Grounded summary for CP-00826: jurisdictional exposure, UBO depth 3, sanctions hits 0."
CP-00827,Counterparty 00827 Holdings,SG,medium,2026-01-24,0,4,"Grounded summary for CP-00827: jurisdictional exposure, UBO depth 4, sanctions hits 0."
CP-00828,Counterparty 00828 Holdings,US,low,2026-01-23,0,1,"Grounded summary for CP-00828: jurisdictional exposure, UBO depth 1, sanctions hits 0."
CP-00829,Counterparty 00829 Holdings,GB,critical,2026-01-22,0,2,"Grounded summary for CP-00829: jurisdictional exposure, UBO depth 2, sanctions hits 0."
CP-00830,Counterparty 00830 Holdings,KY,high,2026-01-21,0,3,"Grounded summary for CP-00830: jurisdictional exposure, UBO depth 3, sanctions hits 0."
CP-00831,Counterparty 00831 Holdings,DE,medium,2026-01-20,0,4,"Grounded summary for CP-00831: jurisdictional exposure, UBO depth 4, sanctions hits 0."
CP-00832,Counterparty 00832 Holdings,AE,low,2026-01-19,0,1,"Grounded summary for CP-00832: jurisdictional exposure, UBO depth 1, sanctions hits 0."
CP-00833,Counterparty 00833 Holdings,SG,critical,2026-01-18,0,2,"Grounded summary for CP-00833: jurisdictional exposure, UBO depth 2, sanctions hits 0."
CP-00834,Counterparty 00834 Holdings,US,high,2026-01-17,0,3,"Grounded summary for CP-00834: jurisdictional exposure, UBO depth 3, sanctions hits 0."
CP-00835,Counterparty 00835 Holdings,GB,medium,2026-01-16,0,4,"Grounded summary for CP-00835: jurisdictional exposure, UBO depth 4, sanctions hits 0."
CP-00836,Counterparty 00836 Holdings,KY,low,2026-01-15,0,1,"Grounded summary for CP-00836: jurisdictional exposure, UBO depth 1, sanctions hits 0."
CP-00837,Counterparty 00837 Holdings,DE,critical,2026-01-14,0,2,"Grounded summary for CP-00837: jurisdictional exposure, UBO depth 2, sanctions hits 0."
CP-00838,Counterparty 00838 Holdings,AE,high,2026-01-13,0,3,"Grounded summary for CP-00838: jurisdictional exposure, UBO depth 3, sanctions hits 0."
CP-00839,Counterparty 00839 Holdings,SG,medium,2026-01-12,0,4,"Grounded summary for CP-00839: jurisdictional exposure, UBO depth 4, sanctions hits 0."
CP-00840,Counterparty 00840 Holdings,US,low,2026-01-11,0,1,"Grounded summary for CP-00840: jurisdictional exposure, UBO depth 1, sanctions hits 0."
CP-00841,Counterparty 00841 Holdings,GB,critical,2026-01-10,0,2,"Grounded summary for CP-00841: jurisdictional exposure, UBO depth 2, sanctions hits 0."
CP-00842,Counterparty 00842 Holdings,KY,high,2026-01-09,0,3,"Grounded summary for CP-00842: jurisdictional exposure, UBO depth 3, sanctions hits 0."
CP-00843,Counterparty 00843 Holdings,DE,medium,2026-01-08,0,4,"Grounded summary for CP-00843: jurisdictional exposure, UBO depth 4, sanctions hits 0."
CP-00844,Counterparty 00844 Holdings,AE,low,2026-01-07,0,1,"Grounded summary for CP-00844: jurisdictional exposure, UBO depth 1, sanctions hits 0."
CP-00845,Counterparty 00845 Holdings,SG,critical,2026-01-06,0,2,"Grounded summary for CP-00845: jurisdictional exposure, UBO depth 2, sanctions hits 0."
CP-00846,Counterparty 00846 Holdings,US,high,2026-01-05,0,3,"Grounded summary for CP-00846: jurisdictional exposure, UBO depth 3, sanctions hits 0."
CP-00847,Counterparty 00847 Holdings,GB,medium,2026-01-04,0,4,"Grounded summary for CP-00847: jurisdictional exposure, UBO depth 4, sanctions hits 0."
CP-00848,Counterparty 00848 Holdings,KY,low,2026-01-03,0,1,"Grounded summary for CP-00848: jurisdictional exposure, UBO depth 1, sanctions hits 0."
CP-00849,Counterparty 00849 Holdings,DE,critical,2026-01-02,0,2,"Grounded summary for CP-00849: jurisdictional exposure, UBO depth 2, sanctions hits 0."
CP-00850,Counterparty 00850 Holdings,AE,high,2026-01-01,0,3,"Grounded summary for CP-00850: jurisdictional exposure, UBO depth 3, sanctions hits 0."
CP-00851,Counterparty 00851 Holdings,SG,medium,2025-12-31,0,4,"Grounded summary for CP-00851: jurisdictional exposure, UBO depth 4, sanctions hits 0."
CP-00852,Counterparty 00852 Holdings,US,low,2025-12-30,0,1,"Grounded summary for CP-00852: jurisdictional exposure, UBO depth 1, sanctions hits 0."
CP-00853,Counterparty 00853 Holdings,GB,critical,2025-12-29,0,2,"Grounded summary for CP-00853: jurisdictional exposure, UBO depth 2, sanctions hits 0."
CP-00854,Counterparty 00854 Holdings,KY,high,2025-12-28,0,3,"Grounded summary for CP-00854: jurisdictional exposure, UBO depth 3, sanctions hits 0."
CP-00855,Counterparty 00855 Holdings,DE,medium,2025-12-27,0,4,"Grounded summary for CP-00855: jurisdictional exposure, UBO depth 4, sanctions hits 0."
CP-00856,Counterparty 00856 Holdings,AE,low,2025-12-26,0,1,"Grounded summary for CP-00856: jurisdictional exposure, UBO depth 1, sanctions hits 0."
CP-00857,Counterparty 00857 Holdings,SG,critical,2025-12-25,0,2,"Grounded summary for CP-00857: jurisdictional exposure, UBO depth 2, sanctions hits 0."
CP-00858,Counterparty 00858 Holdings,US,high,2025-12-24,0,3,"Grounded summary for CP-00858: jurisdictional exposure, UBO depth 3, sanctions hits 0."
CP-00859,Counterparty 00859 Holdings,GB,medium,2025-12-23,0,4,"Grounded summary for CP-00859: jurisdictional exposure, UBO depth 4, sanctions hits 0."
CP-00860,Counterparty 00860 Holdings,KY,low,2025-12-22,0,1,"Grounded summary for CP-00860: jurisdictional exposure, UBO depth 1, sanctions hits 0."
CP-00861,Counterparty 00861 Holdings,DE,critical,2025-12-21,0,2,"Grounded summary for CP-00861: jurisdictional exposure, UBO depth 2, sanctions hits 0."
CP-00862,Counterparty 00862 Holdings,AE,high,2025-12-20,0,3,"Grounded summary for CP-00862: jurisdictional exposure, UBO depth 3, sanctions hits 0."
CP-00863,Counterparty 00863 Holdings,SG,medium,2025-12-19,0,4,"Grounded summary for CP-00863: jurisdictional exposure, UBO depth 4, sanctions hits 0."
CP-00864,Counterparty 00864 Holdings,US,low,2025-12-18,0,1,"Grounded summary for CP-00864: jurisdictional exposure, UBO depth 1, sanctions hits 0."
CP-00865,Counterparty 00865 Holdings,GB,critical,2025-12-17,0,2,"Grounded summary for CP-00865: jurisdictional exposure, UBO depth 2, sanctions hits 0."
CP-00866,Counterparty 00866 Holdings,KY,high,2025-12-16,0,3,"Grounded summary for CP-00866: jurisdictional exposure, UBO depth 3, sanctions hits 0."
CP-00867,Counterparty 00867 Holdings,DE,medium,2025-12-15,0,4,"Grounded summary for CP-00867: jurisdictional exposure, UBO depth 4, sanctions hits 0."
CP-00868,Counterparty 00868 Holdings,AE,low,2025-12-14,0,1,"Grounded summary for CP-00868: jurisdictional exposure, UBO depth 1, sanctions hits 0."
CP-00869,Counterparty 00869 Holdings,SG,critical,2025-12-13,0,2,"Grounded summary for CP-00869: jurisdictional exposure, UBO depth 2, sanctions hits 0."
CP-00870,Counterparty 00870 Holdings,US,high,2025-12-12,0,3,"Grounded summary for CP-00870: jurisdictional exposure, UBO depth 3, sanctions hits 0."
CP-00871,Counterparty 00871 Holdings,GB,medium,2025-12-11,0,4,"Grounded summary for CP-00871: jurisdictional exposure, UBO depth 4, sanctions hits 0."
CP-00872,Counterparty 00872 Holdings,KY,low,2025-12-10,0,1,"Grounded summary for CP-00872: jurisdictional exposure, UBO depth 1, sanctions hits 0."
CP-00873,Counterparty 00873 Holdings,DE,critical,2025-12-09,0,2,"Grounded summary for CP-00873: jurisdictional exposure, UBO depth 2, sanctions hits 0."
CP-00874,Counterparty 00874 Holdings,AE,high,2025-12-08,0,3,"Grounded summary for CP-00874: jurisdictional exposure, UBO depth 3, sanctions hits 0."
CP-00875,Counterparty 00875 Holdings,SG,medium,2025-12-07,0,4,"Grounded summary for CP-00875: jurisdictional exposure, UBO depth 4, sanctions hits 0."
CP-00876,Counterparty 00876 Holdings,US,low,2025-12-06,0,1,"Grounded summary for CP-00876: jurisdictional exposure, UBO depth 1, sanctions hits 0."
CP-00877,Counterparty 00877 Holdings,GB,critical,2025-12-05,0,2,"Grounded summary for CP-00877: jurisdictional exposure, UBO depth 2, sanctions hits 0."
CP-00878,Counterparty 00878 Holdings,KY,high,2025-12-04,0,3,"Grounded summary for CP-00878: jurisdictional exposure, UBO depth 3, sanctions hits 0."
CP-00879,Counterparty 00879 Holdings,DE,medium,2025-12-03,0,4,"Grounded summary for CP-00879: jurisdictional exposure, UBO depth 4, sanctions hits 0."
CP-00880,Counterparty 00880 Holdings,AE,low,2025-12-02,0,1,"Grounded summary for CP-00880: jurisdictional exposure, UBO depth 1, sanctions hits 0."
CP-00881,Counterparty 00881 Holdings,SG,critical,2025-12-01,0,2,"Grounded summary for CP-00881: jurisdictional exposure, UBO depth 2, sanctions hits 0."
CP-00882,Counterparty 00882 Holdings,US,high,2025-11-30,0,3,"Grounded summary for CP-00882: jurisdictional exposure, UBO depth 3, sanctions hits 0."
CP-00883,Counterparty 00883 Holdings,GB,medium,2025-11-29,0,4,"Grounded summary for CP-00883: jurisdictional exposure, UBO depth 4, sanctions hits 0."
CP-00884,Counterparty 00884 Holdings,KY,low,2025-11-28,0,1,"Grounded summary for CP-00884: jurisdictional exposure, UBO depth 1, sanctions hits 0."
CP-00885,Counterparty 00885 Holdings,DE,critical,2025-11-27,0,2,"Grounded summary for CP-00885: jurisdictional exposure, UBO depth 2, sanctions hits 0."
CP-00886,Counterparty 00886 Holdings,AE,high,2025-11-26,0,3,"Grounded summary for CP-00886: jurisdictional exposure, UBO depth 3, sanctions hits 0."
CP-00887,Counterparty 00887 Holdings,SG,medium,2025-11-25,0,4,"Grounded summary for CP-00887: jurisdictional exposure, UBO depth 4, sanctions hits 0."
CP-00888,Counterparty 00888 Holdings,US,low,2025-11-24,0,1,"Grounded summary for CP-00888: jurisdictional exposure, UBO depth 1, sanctions hits 0."
CP-00889,Counterparty 00889 Holdings,GB,critical,2025-11-23,0,2,"Grounded summary for CP-00889: jurisdictional exposure, UBO depth 2, sanctions hits 0."
CP-00890,Counterparty 00890 Holdings,KY,high,2025-11-22,0,3,"Grounded summary for CP-00890: jurisdictional exposure, UBO depth 3, sanctions hits 0."
CP-00891,Counterparty 00891 Holdings,DE,medium,2025-11-21,0,4,"Grounded summary for CP-00891: jurisdictional exposure, UBO depth 4, sanctions hits 0."
CP-00892,Counterparty 00892 Holdings,AE,low,2025-11-20,0,1,"Grounded summary for CP-00892: jurisdictional exposure, UBO depth 1, sanctions hits 0."
CP-00893,Counterparty 00893 Holdings,SG,critical,2025-11-19,0,2,"Grounded summary for CP-00893: jurisdictional exposure, UBO depth 2, sanctions hits 0."
CP-00894,Counterparty 00894 Holdings,US,high,2025-11-18,0,3,"Grounded summary for CP-00894: jurisdictional exposure, UBO depth 3, sanctions hits 0."
CP-00895,Counterparty 00895 Holdings,GB,medium,2025-11-17,0,4,"Grounded summary for CP-00895: jurisdictional exposure, UBO depth 4, sanctions hits 0."
CP-00896,Counterparty 00896 Holdings,KY,low,2025-11-16,0,1,"Grounded summary for CP-00896: jurisdictional exposure, UBO depth 1, sanctions hits 0."
CP-00897,Counterparty 00897 Holdings,DE,critical,2025-11-15,0,2,"Grounded summary for CP-00897: jurisdictional exposure, UBO depth 2, sanctions hits 0."
CP-00898,Counterparty 00898 Holdings,AE,high,2025-11-14,0,3,"Grounded summary for CP-00898: jurisdictional exposure, UBO depth 3, sanctions hits 0."
CP-00899,Counterparty 00899 Holdings,SG,medium,2025-11-13,0,4,"Grounded summary for CP-00899: jurisdictional exposure, UBO depth 4, sanctions hits 0."
CP-00900,Counterparty 00900 Holdings,US,low,2025-11-12,0,1,"Grounded summary for CP-00900: jurisdictional exposure, UBO depth 1, sanctions hits 0."
CP-00901,Counterparty 00901 Holdings,GB,critical,2025-11-11,0,2,"Grounded summary for CP-00901: jurisdictional exposure, UBO depth 2, sanctions hits 0."
CP-00902,Counterparty 00902 Holdings,KY,high,2025-11-10,0,3,"Grounded summary for CP-00902: jurisdictional exposure, UBO depth 3, sanctions hits 0."
CP-00903,Counterparty 00903 Holdings,DE,medium,2025-11-09,0,4,"Grounded summary for CP-00903: jurisdictional exposure, UBO depth 4, sanctions hits 0."
CP-00904,Counterparty 00904 Holdings,AE,low,2025-11-08,0,1,"Grounded summary for CP-00904: jurisdictional exposure, UBO depth 1, sanctions hits 0."
CP-00905,Counterparty 00905 Holdings,SG,critical,2025-11-07,0,2,"Grounded summary for CP-00905: jurisdictional exposure, UBO depth 2, sanctions hits 0."
CP-00906,Counterparty 00906 Holdings,US,high,2025-11-06,0,3,"Grounded summary for CP-00906: jurisdictional exposure, UBO depth 3, sanctions hits 0."
CP-00907,Counterparty 00907 Holdings,GB,medium,2025-11-05,0,4,"Grounded summary for CP-00907: jurisdictional exposure, UBO depth 4, sanctions hits 0."
CP-00908,Counterparty 00908 Holdings,KY,low,2025-11-04,0,1,"Grounded summary for CP-00908: jurisdictional exposure, UBO depth 1, sanctions hits 0."
CP-00909,Counterparty 00909 Holdings,DE,critical,2025-11-03,0,2,"Grounded summary for CP-00909: jurisdictional exposure, UBO depth 2, sanctions hits 0."
CP-00910,Counterparty 00910 Holdings,AE,high,2025-11-02,0,3,"Grounded summary for CP-00910: jurisdictional exposure, UBO depth 3, sanctions hits 0."
CP-00911,Counterparty 00911 Holdings,SG,medium,2025-11-01,0,4,"Grounded summary for CP-00911: jurisdictional exposure, UBO depth 4, sanctions hits 0."
CP-00912,Counterparty 00912 Holdings,US,low,2025-10-31,0,1,"Grounded summary for CP-00912: jurisdictional exposure, UBO depth 1, sanctions hits 0."
CP-00913,Counterparty 00913 Holdings,GB,critical,2025-10-30,0,2,"Grounded summary for CP-00913: jurisdictional exposure, UBO depth 2, sanctions hits 0."
CP-00914,Counterparty 00914 Holdings,KY,high,2025-10-29,0,3,"Grounded summary for CP-00914: jurisdictional exposure, UBO depth 3, sanctions hits 0."
CP-00915,Counterparty 00915 Holdings,DE,medium,2025-10-28,0,4,"Grounded summary for CP-00915: jurisdictional exposure, UBO depth 4, sanctions hits 0."
CP-00916,Counterparty 00916 Holdings,AE,low,2025-10-27,0,1,"Grounded summary for CP-00916: jurisdictional exposure, UBO depth 1, sanctions hits 0."
CP-00917,Counterparty 00917 Holdings,SG,critical,2025-10-26,0,2,"Grounded summary for CP-00917: jurisdictional exposure, UBO depth 2, sanctions hits 0."
CP-00918,Counterparty 00918 Holdings,US,high,2025-10-25,0,3,"Grounded summary for CP-00918: jurisdictional exposure, UBO depth 3, sanctions hits 0."
CP-00919,Counterparty 00919 Holdings,GB,medium,2025-10-24,0,4,"Grounded summary for CP-00919: jurisdictional exposure, UBO depth 4, sanctions hits 0."
CP-00920,Counterparty 00920 Holdings,KY,low,2025-10-23,0,1,"Grounded summary for CP-00920: jurisdictional exposure, UBO depth 1, sanctions hits 0."
CP-00921,Counterparty 00921 Holdings,DE,critical,2025-10-22,0,2,"Grounded summary for CP-00921: jurisdictional exposure, UBO depth 2, sanctions hits 0."
CP-00922,Counterparty 00922 Holdings,AE,high,2025-10-21,0,3,"Grounded summary for CP-00922: jurisdictional exposure, UBO depth 3, sanctions hits 0."
CP-00923,Counterparty 00923 Holdings,SG,medium,2025-10-20,0,4,"Grounded summary for CP-00923: jurisdictional exposure, UBO depth 4, sanctions hits 0."
CP-00924,Counterparty 00924 Holdings,US,low,2025-10-19,0,1,"Grounded summary for CP-00924: jurisdictional exposure, UBO depth 1, sanctions hits 0."
CP-00925,Counterparty 00925 Holdings,GB,critical,2025-10-18,0,2,"Grounded summary for CP-00925: jurisdictional exposure, UBO depth 2, sanctions hits 0."
CP-00926,Counterparty 00926 Holdings,KY,high,2025-10-17,0,3,"Grounded summary for CP-00926: jurisdictional exposure, UBO depth 3, sanctions hits 0."
CP-00927,Counterparty 00927 Holdings,DE,medium,2025-10-16,0,4,"Grounded summary for CP-00927: jurisdictional exposure, UBO depth 4, sanctions hits 0."
CP-00928,Counterparty 00928 Holdings,AE,low,2025-10-15,0,1,"Grounded summary for CP-00928: jurisdictional exposure, UBO depth 1, sanctions hits 0."
CP-00929,Counterparty 00929 Holdings,SG,critical,2025-10-14,0,2,"Grounded summary for CP-00929: jurisdictional exposure, UBO depth 2, sanctions hits 0."
CP-00930,Counterparty 00930 Holdings,US,high,2025-10-13,0,3,"Grounded summary for CP-00930: jurisdictional exposure, UBO depth 3, sanctions hits 0."
CP-00931,Counterparty 00931 Holdings,GB,medium,2025-10-12,0,4,"Grounded summary for CP-00931: jurisdictional exposure, UBO depth 4, sanctions hits 0."
CP-00932,Counterparty 00932 Holdings,KY,low,2025-10-11,0,1,"Grounded summary for CP-00932: jurisdictional exposure, UBO depth 1, sanctions hits 0."
CP-00933,Counterparty 00933 Holdings,DE,critical,2025-10-10,0,2,"Grounded summary for CP-00933: jurisdictional exposure, UBO depth 2, sanctions hits 0."
CP-00934,Counterparty 00934 Holdings,AE,high,2025-10-09,0,3,"Grounded summary for CP-00934: jurisdictional exposure, UBO depth 3, sanctions hits 0."
CP-00935,Counterparty 00935 Holdings,SG,medium,2025-10-08,0,4,"Grounded summary for CP-00935: jurisdictional exposure, UBO depth 4, sanctions hits 0."
CP-00936,Counterparty 00936 Holdings,US,low,2025-10-07,0,1,"Grounded summary for CP-00936: jurisdictional exposure, UBO depth 1, sanctions hits 0."
CP-00937,Counterparty 00937 Holdings,GB,critical,2025-10-06,0,2,"Grounded summary for CP-00937: jurisdictional exposure, UBO depth 2, sanctions hits 0."
CP-00938,Counterparty 00938 Holdings,KY,high,2025-10-05,0,3,"Grounded summary for CP-00938: jurisdictional exposure, UBO depth 3, sanctions hits 0."
CP-00939,Counterparty 00939 Holdings,DE,medium,2025-10-04,0,4,"Grounded summary for CP-00939: jurisdictional exposure, UBO depth 4, sanctions hits 0."
CP-00940,Counterparty 00940 Holdings,AE,low,2025-10-03,0,1,"Grounded summary for CP-00940: jurisdictional exposure, UBO depth 1, sanctions hits 0."
CP-00941,Counterparty 00941 Holdings,SG,critical,2025-10-02,0,2,"Grounded summary for CP-00941: jurisdictional exposure, UBO depth 2, sanctions hits 0."
CP-00942,Counterparty 00942 Holdings,US,high,2025-10-01,0,3,"Grounded summary for CP-00942: jurisdictional exposure, UBO depth 3, sanctions hits 0."
CP-00943,Counterparty 00943 Holdings,GB,medium,2025-09-30,0,4,"Grounded summary for CP-00943: jurisdictional exposure, UBO depth 4, sanctions hits 0."
CP-00944,Counterparty 00944 Holdings,KY,low,2025-09-29,0,1,"Grounded summary for CP-00944: jurisdictional exposure, UBO depth 1, sanctions hits 0."
CP-00945,Counterparty 00945 Holdings,DE,critical,2025-09-28,0,2,"Grounded summary for CP-00945: jurisdictional exposure, UBO depth 2, sanctions hits 0."
CP-00946,Counterparty 00946 Holdings,AE,high,2025-09-27,0,3,"Grounded summary for CP-00946: jurisdictional exposure, UBO depth 3, sanctions hits 0."
CP-00947,Counterparty 00947 Holdings,SG,medium,2025-09-26,0,4,"Grounded summary for CP-00947: jurisdictional exposure, UBO depth 4, sanctions hits 0."
CP-00948,Counterparty 00948 Holdings,US,low,2025-09-25,0,1,"Grounded summary for CP-00948: jurisdictional exposure, UBO depth 1, sanctions hits 0."
CP-00949,Counterparty 00949 Holdings,GB,critical,2025-09-24,0,2,"Grounded summary for CP-00949: jurisdictional exposure, UBO depth 2, sanctions hits 0."
CP-00950,Counterparty 00950 Holdings,KY,high,2025-09-23,0,3,"Grounded summary for CP-00950: jurisdictional exposure, UBO depth 3, sanctions hits 0."
CP-00951,Counterparty 00951 Holdings,DE,medium,2025-09-22,0,4,"Grounded summary for CP-00951: jurisdictional exposure, UBO depth 4, sanctions hits 0."
CP-00952,Counterparty 00952 Holdings,AE,low,2025-09-21,0,1,"Grounded summary for CP-00952: jurisdictional exposure, UBO depth 1, sanctions hits 0."
CP-00953,Counterparty 00953 Holdings,SG,critical,2025-09-20,0,2,"Grounded summary for CP-00953: jurisdictional exposure, UBO depth 2, sanctions hits 0."
CP-00954,Counterparty 00954 Holdings,US,high,2025-09-19,0,3,"Grounded summary for CP-00954: jurisdictional exposure, UBO depth 3, sanctions hits 0."
CP-00955,Counterparty 00955 Holdings,GB,medium,2025-09-18,0,4,"Grounded summary for CP-00955: jurisdictional exposure, UBO depth 4, sanctions hits 0."
CP-00956,Counterparty 00956 Holdings,KY,low,2025-09-17,0,1,"Grounded summary for CP-00956: jurisdictional exposure, UBO depth 1, sanctions hits 0."
CP-00957,Counterparty 00957 Holdings,DE,critical,2025-09-16,0,2,"Grounded summary for CP-00957: jurisdictional exposure, UBO depth 2, sanctions hits 0."
CP-00958,Counterparty 00958 Holdings,AE,high,2025-09-15,0,3,"Grounded summary for CP-00958: jurisdictional exposure, UBO depth 3, sanctions hits 0."
CP-00959,Counterparty 00959 Holdings,SG,medium,2025-09-14,0,4,"Grounded summary for CP-00959: jurisdictional exposure, UBO depth 4, sanctions hits 0."
CP-00960,Counterparty 00960 Holdings,US,low,2025-09-13,0,1,"Grounded summary for CP-00960: jurisdictional exposure, UBO depth 1, sanctions hits 0."
CP-00961,Counterparty 00961 Holdings,GB,critical,2025-09-12,0,2,"Grounded summary for CP-00961: jurisdictional exposure, UBO depth 2, sanctions hits 0."
CP-00962,Counterparty 00962 Holdings,KY,high,2025-09-11,0,3,"Grounded summary for CP-00962: jurisdictional exposure, UBO depth 3, sanctions hits 0."
CP-00963,Counterparty 00963 Holdings,DE,medium,2025-09-10,0,4,"Grounded summary for CP-00963: jurisdictional exposure, UBO depth 4, sanctions hits 0."
CP-00964,Counterparty 00964 Holdings,AE,low,2025-09-09,0,1,"Grounded summary for CP-00964: jurisdictional exposure, UBO depth 1, sanctions hits 0."
CP-00965,Counterparty 00965 Holdings,SG,critical,2025-09-08,0,2,"Grounded summary for CP-00965: jurisdictional exposure, UBO depth 2, sanctions hits 0."
CP-00966,Counterparty 00966 Holdings,US,high,2025-09-07,0,3,"Grounded summary for CP-00966: jurisdictional exposure, UBO depth 3, sanctions hits 0."
CP-00967,Counterparty 00967 Holdings,GB,medium,2025-09-06,0,4,"Grounded summary for CP-00967: jurisdictional exposure, UBO depth 4, sanctions hits 0."
CP-00968,Counterparty 00968 Holdings,KY,low,2025-09-05,0,1,"Grounded summary for CP-00968: jurisdictional exposure, UBO depth 1, sanctions hits 0."
CP-00969,Counterparty 00969 Holdings,DE,critical,2025-09-04,0,2,"Grounded summary for CP-00969: jurisdictional exposure, UBO depth 2, sanctions hits 0."
CP-00970,Counterparty 00970 Holdings,AE,high,2025-09-03,0,3,"Grounded summary for CP-00970: jurisdictional exposure, UBO depth 3, sanctions hits 0."
CP-00971,Counterparty 00971 Holdings,SG,medium,2025-09-02,0,4,"Grounded summary for CP-00971: jurisdictional exposure, UBO depth 4, sanctions hits 0."
CP-00972,Counterparty 00972 Holdings,US,low,2025-09-01,0,1,"Grounded summary for CP-00972: jurisdictional exposure, UBO depth 1, sanctions hits 0."
CP-00973,Counterparty 00973 Holdings,GB,critical,2025-08-31,0,2,"Grounded summary for CP-00973: jurisdictional exposure, UBO depth 2, sanctions hits 0."
CP-00974,Counterparty 00974 Holdings,KY,high,2025-08-30,0,3,"Grounded summary for CP-00974: jurisdictional exposure, UBO depth 3, sanctions hits 0."
CP-00975,Counterparty 00975 Holdings,DE,medium,2025-08-29,0,4,"Grounded summary for CP-00975: jurisdictional exposure, UBO depth 4, sanctions hits 0."
CP-00976,Counterparty 00976 Holdings,AE,low,2025-08-28,0,1,"Grounded summary for CP-00976: jurisdictional exposure, UBO depth 1, sanctions hits 0."
CP-00977,Counterparty 00977 Holdings,SG,critical,2025-08-27,0,2,"Grounded summary for CP-00977: jurisdictional exposure, UBO depth 2, sanctions hits 0."
CP-00978,Counterparty 00978 Holdings,US,high,2025-08-26,0,3,"Grounded summary for CP-00978: jurisdictional exposure, UBO depth 3, sanctions hits 0."
CP-00979,Counterparty 00979 Holdings,GB,medium,2025-08-25,0,4,"Grounded summary for CP-00979: jurisdictional exposure, UBO depth 4, sanctions hits 0."
CP-00980,Counterparty 00980 Holdings,KY,low,2025-08-24,0,1,"Grounded summary for CP-00980: jurisdictional exposure, UBO depth 1, sanctions hits 0."
CP-00981,Counterparty 00981 Holdings,DE,critical,2025-08-23,0,2,"Grounded summary for CP-00981: jurisdictional exposure, UBO depth 2, sanctions hits 0."
CP-00982,Counterparty 00982 Holdings,AE,high,2025-08-22,0,3,"Grounded summary for CP-00982: jurisdictional exposure, UBO depth 3, sanctions hits 0."
CP-00983,Counterparty 00983 Holdings,SG,medium,2025-08-21,0,4,"Grounded summary for CP-00983: jurisdictional exposure, UBO depth 4, sanctions hits 0."
CP-00984,Counterparty 00984 Holdings,US,low,2025-08-20,0,1,"Grounded summary for CP-00984: jurisdictional exposure, UBO depth 1, sanctions hits 0."
CP-00985,Counterparty 00985 Holdings,GB,critical,2025-08-19,0,2,"Grounded summary for CP-00985: jurisdictional exposure, UBO depth 2, sanctions hits 0."
CP-00986,Counterparty 00986 Holdings,KY,high,2025-08-18,0,3,"Grounded summary for CP-00986: jurisdictional exposure, UBO depth 3, sanctions hits 0."
CP-00987,Counterparty 00987 Holdings,DE,medium,2025-08-17,0,4,"Grounded summary for CP-00987: jurisdictional exposure, UBO depth 4, sanctions hits 0."
CP-00988,Counterparty 00988 Holdings,AE,low,2025-08-16,0,1,"Grounded summary for CP-00988: jurisdictional exposure, UBO depth 1, sanctions hits 0."
CP-00989,Counterparty 00989 Holdings,SG,critical,2025-08-15,0,2,"Grounded summary for CP-00989: jurisdictional exposure, UBO depth 2, sanctions hits 0."
CP-00990,Counterparty 00990 Holdings,US,high,2025-08-14,0,3,"Grounded summary for CP-00990: jurisdictional exposure, UBO depth 3, sanctions hits 0."
CP-00991,Counterparty 00991 Holdings,GB,medium,2025-08-13,0,4,"Grounded summary for CP-00991: jurisdictional exposure, UBO depth 4, sanctions hits 0."
CP-00992,Counterparty 00992 Holdings,KY,low,2025-08-12,0,1,"Grounded summary for CP-00992: jurisdictional exposure, UBO depth 1, sanctions hits 0."
CP-00993,Counterparty 00993 Holdings,DE,critical,2025-08-11,0,2,"Grounded summary for CP-00993: jurisdictional exposure, UBO depth 2, sanctions hits 0."
CP-00994,Counterparty 00994 Holdings,AE,high,2025-08-10,0,3,"Grounded summary for CP-00994: jurisdictional exposure, UBO depth 3, sanctions hits 0."
CP-00995,Counterparty 00995 Holdings,SG,medium,2025-08-09,0,4,"Grounded summary for CP-00995: jurisdictional exposure, UBO depth 4, sanctions hits 0."
CP-00996,Counterparty 00996 Holdings,US,low,2025-08-08,0,1,"Grounded summary for CP-00996: jurisdictional exposure, UBO depth 1, sanctions hits 0."
CP-00997,Counterparty 00997 Holdings,GB,critical,2025-08-07,1,2,"Grounded summary for CP-00997: jurisdictional exposure, UBO depth 2, sanctions hits 1."
CP-00998,Counterparty 00998 Holdings,KY,high,2025-08-06,0,3,"Grounded summary for CP-00998: jurisdictional exposure, UBO depth 3, sanctions hits 0."
CP-00999,Counterparty 00999 Holdings,DE,medium,2025-08-05,0,4,"Grounded summary for CP-00999: jurisdictional exposure, UBO depth 4, sanctions hits 0."
CP-01000,Counterparty 01000 Holdings,AE,low,2025-08-04,0,1,"Grounded summary for CP-01000: jurisdictional exposure, UBO depth 1, sanctions hits 0."
CP-01001,Counterparty 01001 Holdings,SG,critical,2025-08-03,0,2,"Grounded summary for CP-01001: jurisdictional exposure, UBO depth 2, sanctions hits 0."
CP-01002,Counterparty 01002 Holdings,US,high,2025-08-02,0,3,"Grounded summary for CP-01002: jurisdictional exposure, UBO depth 3, sanctions hits 0."
CP-01003,Counterparty 01003 Holdings,GB,medium,2025-08-01,0,4,"Grounded summary for CP-01003: jurisdictional exposure, UBO depth 4, sanctions hits 0."
CP-01004,Counterparty 01004 Holdings,KY,low,2025-07-31,0,1,"Grounded summary for CP-01004: jurisdictional exposure, UBO depth 1, sanctions hits 0."
CP-01005,Counterparty 01005 Holdings,DE,critical,2025-07-30,0,2,"Grounded summary for CP-01005: jurisdictional exposure, UBO depth 2, sanctions hits 0."
CP-01006,Counterparty 01006 Holdings,AE,high,2025-07-29,0,3,"Grounded summary for CP-01006: jurisdictional exposure, UBO depth 3, sanctions hits 0."
CP-01007,Counterparty 01007 Holdings,SG,medium,2025-07-28,0,4,"Grounded summary for CP-01007: jurisdictional exposure, UBO depth 4, sanctions hits 0."
CP-01008,Counterparty 01008 Holdings,US,low,2025-07-27,0,1,"Grounded summary for CP-01008: jurisdictional exposure, UBO depth 1, sanctions hits 0."
CP-01009,Counterparty 01009 Holdings,GB,critical,2025-07-26,0,2,"Grounded summary for CP-01009: jurisdictional exposure, UBO depth 2, sanctions hits 0."
CP-01010,Counterparty 01010 Holdings,KY,high,2025-07-25,0,3,"Grounded summary for CP-01010: jurisdictional exposure, UBO depth 3, sanctions hits 0."
CP-01011,Counterparty 01011 Holdings,DE,medium,2025-07-24,0,4,"Grounded summary for CP-01011: jurisdictional exposure, UBO depth 4, sanctions hits 0."
CP-01012,Counterparty 01012 Holdings,AE,low,2025-07-23,0,1,"Grounded summary for CP-01012: jurisdictional exposure, UBO depth 1, sanctions hits 0."
CP-01013,Counterparty 01013 Holdings,SG,critical,2025-07-22,0,2,"Grounded summary for CP-01013: jurisdictional exposure, UBO depth 2, sanctions hits 0."
CP-01014,Counterparty 01014 Holdings,US,high,2025-07-21,0,3,"Grounded summary for CP-01014: jurisdictional exposure, UBO depth 3, sanctions hits 0."
CP-01015,Counterparty 01015 Holdings,GB,medium,2025-07-20,0,4,"Grounded summary for CP-01015: jurisdictional exposure, UBO depth 4, sanctions hits 0."
CP-01016,Counterparty 01016 Holdings,KY,low,2025-07-19,0,1,"Grounded summary for CP-01016: jurisdictional exposure, UBO depth 1, sanctions hits 0."
CP-01017,Counterparty 01017 Holdings,DE,critical,2025-07-18,0,2,"Grounded summary for CP-01017: jurisdictional exposure, UBO depth 2, sanctions hits 0."
CP-01018,Counterparty 01018 Holdings,AE,high,2025-07-17,0,3,"Grounded summary for CP-01018: jurisdictional exposure, UBO depth 3, sanctions hits 0."
CP-01019,Counterparty 01019 Holdings,SG,medium,2025-07-16,0,4,"Grounded summary for CP-01019: jurisdictional exposure, UBO depth 4, sanctions hits 0."
CP-01020,Counterparty 01020 Holdings,US,low,2025-07-15,0,1,"Grounded summary for CP-01020: jurisdictional exposure, UBO depth 1, sanctions hits 0."
CP-01021,Counterparty 01021 Holdings,GB,critical,2025-07-14,0,2,"Grounded summary for CP-01021: jurisdictional exposure, UBO depth 2, sanctions hits 0."
CP-01022,Counterparty 01022 Holdings,KY,high,2025-07-13,0,3,"Grounded summary for CP-01022: jurisdictional exposure, UBO depth 3, sanctions hits 0."
CP-01023,Counterparty 01023 Holdings,DE,medium,2025-07-12,0,4,"Grounded summary for CP-01023: jurisdictional exposure, UBO depth 4, sanctions hits 0."
CP-01024,Counterparty 01024 Holdings,AE,low,2025-07-11,0,1,"Grounded summary for CP-01024: jurisdictional exposure, UBO depth 1, sanctions hits 0."
CP-01025,Counterparty 01025 Holdings,SG,critical,2025-07-10,0,2,"Grounded summary for CP-01025: jurisdictional exposure, UBO depth 2, sanctions hits 0."
CP-01026,Counterparty 01026 Holdings,US,high,2025-07-09,0,3,"Grounded summary for CP-01026: jurisdictional exposure, UBO depth 3, sanctions hits 0."
CP-01027,Counterparty 01027 Holdings,GB,medium,2025-07-08,0,4,"Grounded summary for CP-01027: jurisdictional exposure, UBO depth 4, sanctions hits 0."
CP-01028,Counterparty 01028 Holdings,KY,low,2025-07-07,0,1,"Grounded summary for CP-01028: jurisdictional exposure, UBO depth 1, sanctions hits 0."
CP-01029,Counterparty 01029 Holdings,DE,critical,2025-07-06,0,2,"Grounded summary for CP-01029: jurisdictional exposure, UBO depth 2, sanctions hits 0."
CP-01030,Counterparty 01030 Holdings,AE,high,2025-07-05,0,3,"Grounded summary for CP-01030: jurisdictional exposure, UBO depth 3, sanctions hits 0."
CP-01031,Counterparty 01031 Holdings,SG,medium,2025-07-04,0,4,"Grounded summary for CP-01031: jurisdictional exposure, UBO depth 4, sanctions hits 0."
CP-01032,Counterparty 01032 Holdings,US,low,2025-07-03,0,1,"Grounded summary for CP-01032: jurisdictional exposure, UBO depth 1, sanctions hits 0."
CP-01033,Counterparty 01033 Holdings,GB,critical,2025-07-02,0,2,"Grounded summary for CP-01033: jurisdictional exposure, UBO depth 2, sanctions hits 0."
CP-01034,Counterparty 01034 Holdings,KY,high,2025-07-01,0,3,"Grounded summary for CP-01034: jurisdictional exposure, UBO depth 3, sanctions hits 0."
CP-01035,Counterparty 01035 Holdings,DE,medium,2025-06-30,0,4,"Grounded summary for CP-01035: jurisdictional exposure, UBO depth 4, sanctions hits 0."
CP-01036,Counterparty 01036 Holdings,AE,low,2025-06-29,0,1,"Grounded summary for CP-01036: jurisdictional exposure, UBO depth 1, sanctions hits 0."
CP-01037,Counterparty 01037 Holdings,SG,critical,2025-06-28,0,2,"Grounded summary for CP-01037: jurisdictional exposure, UBO depth 2, sanctions hits 0."
CP-01038,Counterparty 01038 Holdings,US,high,2025-06-27,0,3,"Grounded summary for CP-01038: jurisdictional exposure, UBO depth 3, sanctions hits 0."
CP-01039,Counterparty 01039 Holdings,GB,medium,2025-06-26,0,4,"Grounded summary for CP-01039: jurisdictional exposure, UBO depth 4, sanctions hits 0."
CP-01040,Counterparty 01040 Holdings,KY,low,2025-06-25,0,1,"Grounded summary for CP-01040: jurisdictional exposure, UBO depth 1, sanctions hits 0."
CP-01041,Counterparty 01041 Holdings,DE,critical,2025-06-24,0,2,"Grounded summary for CP-01041: jurisdictional exposure, UBO depth 2, sanctions hits 0."
CP-01042,Counterparty 01042 Holdings,AE,high,2025-06-23,0,3,"Grounded summary for CP-01042: jurisdictional exposure, UBO depth 3, sanctions hits 0."
CP-01043,Counterparty 01043 Holdings,SG,medium,2025-06-22,0,4,"Grounded summary for CP-01043: jurisdictional exposure, UBO depth 4, sanctions hits 0."
CP-01044,Counterparty 01044 Holdings,US,low,2025-06-21,0,1,"Grounded summary for CP-01044: jurisdictional exposure, UBO depth 1, sanctions hits 0."
CP-01045,Counterparty 01045 Holdings,GB,critical,2025-06-20,0,2,"Grounded summary for CP-01045: jurisdictional exposure, UBO depth 2, sanctions hits 0."
CP-01046,Counterparty 01046 Holdings,KY,high,2025-06-19,0,3,"Grounded summary for CP-01046: jurisdictional exposure, UBO depth 3, sanctions hits 0."
CP-01047,Counterparty 01047 Holdings,DE,medium,2025-06-18,0,4,"Grounded summary for CP-01047: jurisdictional exposure, UBO depth 4, sanctions hits 0."
CP-01048,Counterparty 01048 Holdings,AE,low,2025-06-17,0,1,"Grounded summary for CP-01048: jurisdictional exposure, UBO depth 1, sanctions hits 0."
CP-01049,Counterparty 01049 Holdings,SG,critical,2025-06-16,0,2,"Grounded summary for CP-01049: jurisdictional exposure, UBO depth 2, sanctions hits 0."
CP-01050,Counterparty 01050 Holdings,US,high,2025-06-15,0,3,"Grounded summary for CP-01050: jurisdictional exposure, UBO depth 3, sanctions hits 0."
CP-01051,Counterparty 01051 Holdings,GB,medium,2025-06-14,0,4,"Grounded summary for CP-01051: jurisdictional exposure, UBO depth 4, sanctions hits 0."
CP-01052,Counterparty 01052 Holdings,KY,low,2025-06-13,0,1,"Grounded summary for CP-01052: jurisdictional exposure, UBO depth 1, sanctions hits 0."
CP-01053,Counterparty 01053 Holdings,DE,critical,2025-06-12,0,2,"Grounded summary for CP-01053: jurisdictional exposure, UBO depth 2, sanctions hits 0."
CP-01054,Counterparty 01054 Holdings,AE,high,2025-06-11,0,3,"Grounded summary for CP-01054: jurisdictional exposure, UBO depth 3, sanctions hits 0."
CP-01055,Counterparty 01055 Holdings,SG,medium,2025-06-10,0,4,"Grounded summary for CP-01055: jurisdictional exposure, UBO depth 4, sanctions hits 0."
CP-01056,Counterparty 01056 Holdings,US,low,2025-06-09,0,1,"Grounded summary for CP-01056: jurisdictional exposure, UBO depth 1, sanctions hits 0."
CP-01057,Counterparty 01057 Holdings,GB,critical,2025-06-08,0,2,"Grounded summary for CP-01057: jurisdictional exposure, UBO depth 2, sanctions hits 0."
CP-01058,Counterparty 01058 Holdings,KY,high,2025-06-07,0,3,"Grounded summary for CP-01058: jurisdictional exposure, UBO depth 3, sanctions hits 0."
CP-01059,Counterparty 01059 Holdings,DE,medium,2025-06-06,0,4,"Grounded summary for CP-01059: jurisdictional exposure, UBO depth 4, sanctions hits 0."
CP-01060,Counterparty 01060 Holdings,AE,low,2025-06-05,0,1,"Grounded summary for CP-01060: jurisdictional exposure, UBO depth 1, sanctions hits 0."
CP-01061,Counterparty 01061 Holdings,SG,critical,2025-06-04,0,2,"Grounded summary for CP-01061: jurisdictional exposure, UBO depth 2, sanctions hits 0."
CP-01062,Counterparty 01062 Holdings,US,high,2025-06-03,0,3,"Grounded summary for CP-01062: jurisdictional exposure, UBO depth 3, sanctions hits 0."
CP-01063,Counterparty 01063 Holdings,GB,medium,2025-06-02,0,4,"Grounded summary for CP-01063: jurisdictional exposure, UBO depth 4, sanctions hits 0."
CP-01064,Counterparty 01064 Holdings,KY,low,2025-06-01,0,1,"Grounded summary for CP-01064: jurisdictional exposure, UBO depth 1, sanctions hits 0."
CP-01065,Counterparty 01065 Holdings,DE,critical,2025-05-31,0,2,"Grounded summary for CP-01065: jurisdictional exposure, UBO depth 2, sanctions hits 0."
CP-01066,Counterparty 01066 Holdings,AE,high,2025-05-30,0,3,"Grounded summary for CP-01066: jurisdictional exposure, UBO depth 3, sanctions hits 0."
CP-01067,Counterparty 01067 Holdings,SG,medium,2025-05-29,0,4,"Grounded summary for CP-01067: jurisdictional exposure, UBO depth 4, sanctions hits 0."
CP-01068,Counterparty 01068 Holdings,US,low,2025-05-28,0,1,"Grounded summary for CP-01068: jurisdictional exposure, UBO depth 1, sanctions hits 0."
CP-01069,Counterparty 01069 Holdings,GB,critical,2025-05-27,0,2,"Grounded summary for CP-01069: jurisdictional exposure, UBO depth 2, sanctions hits 0."
CP-01070,Counterparty 01070 Holdings,KY,high,2025-05-26,0,3,"Grounded summary for CP-01070: jurisdictional exposure, UBO depth 3, sanctions hits 0."
CP-01071,Counterparty 01071 Holdings,DE,medium,2025-05-25,0,4,"Grounded summary for CP-01071: jurisdictional exposure, UBO depth 4, sanctions hits 0."
CP-01072,Counterparty 01072 Holdings,AE,low,2025-05-24,0,1,"Grounded summary for CP-01072: jurisdictional exposure, UBO depth 1, sanctions hits 0."
CP-01073,Counterparty 01073 Holdings,SG,critical,2025-05-23,0,2,"Grounded summary for CP-01073: jurisdictional exposure, UBO depth 2, sanctions hits 0."
CP-01074,Counterparty 01074 Holdings,US,high,2025-05-22,0,3,"Grounded summary for CP-01074: jurisdictional exposure, UBO depth 3, sanctions hits 0."
CP-01075,Counterparty 01075 Holdings,GB,medium,2025-05-21,0,4,"Grounded summary for CP-01075: jurisdictional exposure, UBO depth 4, sanctions hits 0."
CP-01076,Counterparty 01076 Holdings,KY,low,2025-05-20,0,1,"Grounded summary for CP-01076: jurisdictional exposure, UBO depth 1, sanctions hits 0."
CP-01077,Counterparty 01077 Holdings,DE,critical,2025-05-19,0,2,"Grounded summary for CP-01077: jurisdictional exposure, UBO depth 2, sanctions hits 0."
CP-01078,Counterparty 01078 Holdings,AE,high,2025-05-18,0,3,"Grounded summary for CP-01078: jurisdictional exposure, UBO depth 3, sanctions hits 0."
CP-01079,Counterparty 01079 Holdings,SG,medium,2025-05-17,0,4,"Grounded summary for CP-01079: jurisdictional exposure, UBO depth 4, sanctions hits 0."
CP-01080,Counterparty 01080 Holdings,US,low,2025-05-16,0,1,"Grounded summary for CP-01080: jurisdictional exposure, UBO depth 1, sanctions hits 0."
CP-01081,Counterparty 01081 Holdings,GB,critical,2025-05-15,0,2,"Grounded summary for CP-01081: jurisdictional exposure, UBO depth 2, sanctions hits 0."
CP-01082,Counterparty 01082 Holdings,KY,high,2025-05-14,0,3,"Grounded summary for CP-01082: jurisdictional exposure, UBO depth 3, sanctions hits 0."
CP-01083,Counterparty 01083 Holdings,DE,medium,2025-05-13,0,4,"Grounded summary for CP-01083: jurisdictional exposure, UBO depth 4, sanctions hits 0."
CP-01084,Counterparty 01084 Holdings,AE,low,2025-05-12,0,1,"Grounded summary for CP-01084: jurisdictional exposure, UBO depth 1, sanctions hits 0."
CP-01085,Counterparty 01085 Holdings,SG,critical,2025-05-11,0,2,"Grounded summary for CP-01085: jurisdictional exposure, UBO depth 2, sanctions hits 0."
CP-01086,Counterparty 01086 Holdings,US,high,2025-05-10,0,3,"Grounded summary for CP-01086: jurisdictional exposure, UBO depth 3, sanctions hits 0."
CP-01087,Counterparty 01087 Holdings,GB,medium,2025-05-09,0,4,"Grounded summary for CP-01087: jurisdictional exposure, UBO depth 4, sanctions hits 0."
CP-01088,Counterparty 01088 Holdings,KY,low,2025-05-08,0,1,"Grounded summary for CP-01088: jurisdictional exposure, UBO depth 1, sanctions hits 0."
CP-01089,Counterparty 01089 Holdings,DE,critical,2025-05-07,0,2,"Grounded summary for CP-01089: jurisdictional exposure, UBO depth 2, sanctions hits 0."
CP-01090,Counterparty 01090 Holdings,AE,high,2025-05-06,0,3,"Grounded summary for CP-01090: jurisdictional exposure, UBO depth 3, sanctions hits 0."
CP-01091,Counterparty 01091 Holdings,SG,medium,2025-05-05,0,4,"Grounded summary for CP-01091: jurisdictional exposure, UBO depth 4, sanctions hits 0."
CP-01092,Counterparty 01092 Holdings,US,low,2025-05-04,0,1,"Grounded summary for CP-01092: jurisdictional exposure, UBO depth 1, sanctions hits 0."
CP-01093,Counterparty 01093 Holdings,GB,critical,2025-05-03,0,2,"Grounded summary for CP-01093: jurisdictional exposure, UBO depth 2, sanctions hits 0."
CP-01094,Counterparty 01094 Holdings,KY,high,2025-05-02,0,3,"Grounded summary for CP-01094: jurisdictional exposure, UBO depth 3, sanctions hits 0."
CP-01095,Counterparty 01095 Holdings,DE,medium,2026-05-01,0,4,"Grounded summary for CP-01095: jurisdictional exposure, UBO depth 4, sanctions hits 0."
CP-01096,Counterparty 01096 Holdings,AE,low,2026-04-30,0,1,"Grounded summary for CP-01096: jurisdictional exposure, UBO depth 1, sanctions hits 0."
CP-01097,Counterparty 01097 Holdings,SG,critical,2026-04-29,0,2,"Grounded summary for CP-01097: jurisdictional exposure, UBO depth 2, sanctions hits 0."
CP-01098,Counterparty 01098 Holdings,US,high,2026-04-28,0,3,"Grounded summary for CP-01098: jurisdictional exposure, UBO depth 3, sanctions hits 0."
CP-01099,Counterparty 01099 Holdings,GB,medium,2026-04-27,0,4,"Grounded summary for CP-01099: jurisdictional exposure, UBO depth 4, sanctions hits 0."
CP-01100,Counterparty 01100 Holdings,KY,low,2026-04-26,0,1,"Grounded summary for CP-01100: jurisdictional exposure, UBO depth 1, sanctions hits 0."
CP-01101,Counterparty 01101 Holdings,DE,critical,2026-04-25,0,2,"Grounded summary for CP-01101: jurisdictional exposure, UBO depth 2, sanctions hits 0."
CP-01102,Counterparty 01102 Holdings,AE,high,2026-04-24,0,3,"Grounded summary for CP-01102: jurisdictional exposure, UBO depth 3, sanctions hits 0."
CP-01103,Counterparty 01103 Holdings,SG,medium,2026-04-23,0,4,"Grounded summary for CP-01103: jurisdictional exposure, UBO depth 4, sanctions hits 0."
CP-01104,Counterparty 01104 Holdings,US,low,2026-04-22,0,1,"Grounded summary for CP-01104: jurisdictional exposure, UBO depth 1, sanctions hits 0."
CP-01105,Counterparty 01105 Holdings,GB,critical,2026-04-21,0,2,"Grounded summary for CP-01105: jurisdictional exposure, UBO depth 2, sanctions hits 0."
CP-01106,Counterparty 01106 Holdings,KY,high,2026-04-20,0,3,"Grounded summary for CP-01106: jurisdictional exposure, UBO depth 3, sanctions hits 0."
CP-01107,Counterparty 01107 Holdings,DE,medium,2026-04-19,0,4,"Grounded summary for CP-01107: jurisdictional exposure, UBO depth 4, sanctions hits 0."
CP-01108,Counterparty 01108 Holdings,AE,low,2026-04-18,0,1,"Grounded summary for CP-01108: jurisdictional exposure, UBO depth 1, sanctions hits 0."
CP-01109,Counterparty 01109 Holdings,SG,critical,2026-04-17,0,2,"Grounded summary for CP-01109: jurisdictional exposure, UBO depth 2, sanctions hits 0."
CP-01110,Counterparty 01110 Holdings,US,high,2026-04-16,0,3,"Grounded summary for CP-01110: jurisdictional exposure, UBO depth 3, sanctions hits 0."
CP-01111,Counterparty 01111 Holdings,GB,medium,2026-04-15,0,4,"Grounded summary for CP-01111: jurisdictional exposure, UBO depth 4, sanctions hits 0."
CP-01112,Counterparty 01112 Holdings,KY,low,2026-04-14,0,1,"Grounded summary for CP-01112: jurisdictional exposure, UBO depth 1, sanctions hits 0."
CP-01113,Counterparty 01113 Holdings,DE,critical,2026-04-13,0,2,"Grounded summary for CP-01113: jurisdictional exposure, UBO depth 2, sanctions hits 0."
CP-01114,Counterparty 01114 Holdings,AE,high,2026-04-12,0,3,"Grounded summary for CP-01114: jurisdictional exposure, UBO depth 3, sanctions hits 0."
CP-01115,Counterparty 01115 Holdings,SG,medium,2026-04-11,0,4,"Grounded summary for CP-01115: jurisdictional exposure, UBO depth 4, sanctions hits 0."
CP-01116,Counterparty 01116 Holdings,US,low,2026-04-10,0,1,"Grounded summary for CP-01116: jurisdictional exposure, UBO depth 1, sanctions hits 0."
CP-01117,Counterparty 01117 Holdings,GB,critical,2026-04-09,0,2,"Grounded summary for CP-01117: jurisdictional exposure, UBO depth 2, sanctions hits 0."
CP-01118,Counterparty 01118 Holdings,KY,high,2026-04-08,0,3,"Grounded summary for CP-01118: jurisdictional exposure, UBO depth 3, sanctions hits 0."
CP-01119,Counterparty 01119 Holdings,DE,medium,2026-04-07,0,4,"Grounded summary for CP-01119: jurisdictional exposure, UBO depth 4, sanctions hits 0."
CP-01120,Counterparty 01120 Holdings,AE,low,2026-04-06,0,1,"Grounded summary for CP-01120: jurisdictional exposure, UBO depth 1, sanctions hits 0."
CP-01121,Counterparty 01121 Holdings,SG,critical,2026-04-05,0,2,"Grounded summary for CP-01121: jurisdictional exposure, UBO depth 2, sanctions hits 0."
CP-01122,Counterparty 01122 Holdings,US,high,2026-04-04,0,3,"Grounded summary for CP-01122: jurisdictional exposure, UBO depth 3, sanctions hits 0."
CP-01123,Counterparty 01123 Holdings,GB,medium,2026-04-03,0,4,"Grounded summary for CP-01123: jurisdictional exposure, UBO depth 4, sanctions hits 0."
CP-01124,Counterparty 01124 Holdings,KY,low,2026-04-02,0,1,"Grounded summary for CP-01124: jurisdictional exposure, UBO depth 1, sanctions hits 0."
CP-01125,Counterparty 01125 Holdings,DE,critical,2026-04-01,0,2,"Grounded summary for CP-01125: jurisdictional exposure, UBO depth 2, sanctions hits 0."
CP-01126,Counterparty 01126 Holdings,AE,high,2026-03-31,0,3,"Grounded summary for CP-01126: jurisdictional exposure, UBO depth 3, sanctions hits 0."
CP-01127,Counterparty 01127 Holdings,SG,medium,2026-03-30,0,4,"Grounded summary for CP-01127: jurisdictional exposure, UBO depth 4, sanctions hits 0."
CP-01128,Counterparty 01128 Holdings,US,low,2026-03-29,0,1,"Grounded summary for CP-01128: jurisdictional exposure, UBO depth 1, sanctions hits 0."
CP-01129,Counterparty 01129 Holdings,GB,critical,2026-03-28,0,2,"Grounded summary for CP-01129: jurisdictional exposure, UBO depth 2, sanctions hits 0."
CP-01130,Counterparty 01130 Holdings,KY,high,2026-03-27,0,3,"Grounded summary for CP-01130: jurisdictional exposure, UBO depth 3, sanctions hits 0."
CP-01131,Counterparty 01131 Holdings,DE,medium,2026-03-26,0,4,"Grounded summary for CP-01131: jurisdictional exposure, UBO depth 4, sanctions hits 0."
CP-01132,Counterparty 01132 Holdings,AE,low,2026-03-25,0,1,"Grounded summary for CP-01132: jurisdictional exposure, UBO depth 1, sanctions hits 0."
CP-01133,Counterparty 01133 Holdings,SG,critical,2026-03-24,0,2,"Grounded summary for CP-01133: jurisdictional exposure, UBO depth 2, sanctions hits 0."
CP-01134,Counterparty 01134 Holdings,US,high,2026-03-23,0,3,"Grounded summary for CP-01134: jurisdictional exposure, UBO depth 3, sanctions hits 0."
CP-01135,Counterparty 01135 Holdings,GB,medium,2026-03-22,0,4,"Grounded summary for CP-01135: jurisdictional exposure, UBO depth 4, sanctions hits 0."
CP-01136,Counterparty 01136 Holdings,KY,low,2026-03-21,0,1,"Grounded summary for CP-01136: jurisdictional exposure, UBO depth 1, sanctions hits 0."
CP-01137,Counterparty 01137 Holdings,DE,critical,2026-03-20,0,2,"Grounded summary for CP-01137: jurisdictional exposure, UBO depth 2, sanctions hits 0."
CP-01138,Counterparty 01138 Holdings,AE,high,2026-03-19,0,3,"Grounded summary for CP-01138: jurisdictional exposure, UBO depth 3, sanctions hits 0."
CP-01139,Counterparty 01139 Holdings,SG,medium,2026-03-18,0,4,"Grounded summary for CP-01139: jurisdictional exposure, UBO depth 4, sanctions hits 0."
CP-01140,Counterparty 01140 Holdings,US,low,2026-03-17,0,1,"Grounded summary for CP-01140: jurisdictional exposure, UBO depth 1, sanctions hits 0."
CP-01141,Counterparty 01141 Holdings,GB,critical,2026-03-16,0,2,"Grounded summary for CP-01141: jurisdictional exposure, UBO depth 2, sanctions hits 0."
CP-01142,Counterparty 01142 Holdings,KY,high,2026-03-15,0,3,"Grounded summary for CP-01142: jurisdictional exposure, UBO depth 3, sanctions hits 0."
CP-01143,Counterparty 01143 Holdings,DE,medium,2026-03-14,0,4,"Grounded summary for CP-01143: jurisdictional exposure, UBO depth 4, sanctions hits 0."
CP-01144,Counterparty 01144 Holdings,AE,low,2026-03-13,0,1,"Grounded summary for CP-01144: jurisdictional exposure, UBO depth 1, sanctions hits 0."
CP-01145,Counterparty 01145 Holdings,SG,critical,2026-03-12,0,2,"Grounded summary for CP-01145: jurisdictional exposure, UBO depth 2, sanctions hits 0."
CP-01146,Counterparty 01146 Holdings,US,high,2026-03-11,0,3,"Grounded summary for CP-01146: jurisdictional exposure, UBO depth 3, sanctions hits 0."
CP-01147,Counterparty 01147 Holdings,GB,medium,2026-03-10,0,4,"Grounded summary for CP-01147: jurisdictional exposure, UBO depth 4, sanctions hits 0."
CP-01148,Counterparty 01148 Holdings,KY,low,2026-03-09,0,1,"Grounded summary for CP-01148: jurisdictional exposure, UBO depth 1, sanctions hits 0."
CP-01149,Counterparty 01149 Holdings,DE,critical,2026-03-08,0,2,"Grounded summary for CP-01149: jurisdictional exposure, UBO depth 2, sanctions hits 0."
CP-01150,Counterparty 01150 Holdings,AE,high,2026-03-07,0,3,"Grounded summary for CP-01150: jurisdictional exposure, UBO depth 3, sanctions hits 0."
CP-01151,Counterparty 01151 Holdings,SG,medium,2026-03-06,0,4,"Grounded summary for CP-01151: jurisdictional exposure, UBO depth 4, sanctions hits 0."
CP-01152,Counterparty 01152 Holdings,US,low,2026-03-05,0,1,"Grounded summary for CP-01152: jurisdictional exposure, UBO depth 1, sanctions hits 0."
CP-01153,Counterparty 01153 Holdings,GB,critical,2026-03-04,0,2,"Grounded summary for CP-01153: jurisdictional exposure, UBO depth 2, sanctions hits 0."
CP-01154,Counterparty 01154 Holdings,KY,high,2026-03-03,0,3,"Grounded summary for CP-01154: jurisdictional exposure, UBO depth 3, sanctions hits 0."
CP-01155,Counterparty 01155 Holdings,DE,medium,2026-03-02,0,4,"Grounded summary for CP-01155: jurisdictional exposure, UBO depth 4, sanctions hits 0."
CP-01156,Counterparty 01156 Holdings,AE,low,2026-03-01,0,1,"Grounded summary for CP-01156: jurisdictional exposure, UBO depth 1, sanctions hits 0."
CP-01157,Counterparty 01157 Holdings,SG,critical,2026-02-28,0,2,"Grounded summary for CP-01157: jurisdictional exposure, UBO depth 2, sanctions hits 0."
CP-01158,Counterparty 01158 Holdings,US,high,2026-02-27,0,3,"Grounded summary for CP-01158: jurisdictional exposure, UBO depth 3, sanctions hits 0."
CP-01159,Counterparty 01159 Holdings,GB,medium,2026-02-26,0,4,"Grounded summary for CP-01159: jurisdictional exposure, UBO depth 4, sanctions hits 0."
CP-01160,Counterparty 01160 Holdings,KY,low,2026-02-25,0,1,"Grounded summary for CP-01160: jurisdictional exposure, UBO depth 1, sanctions hits 0."
CP-01161,Counterparty 01161 Holdings,DE,critical,2026-02-24,0,2,"Grounded summary for CP-01161: jurisdictional exposure, UBO depth 2, sanctions hits 0."
CP-01162,Counterparty 01162 Holdings,AE,high,2026-02-23,0,3,"Grounded summary for CP-01162: jurisdictional exposure, UBO depth 3, sanctions hits 0."
CP-01163,Counterparty 01163 Holdings,SG,medium,2026-02-22,0,4,"Grounded summary for CP-01163: jurisdictional exposure, UBO depth 4, sanctions hits 0."
CP-01164,Counterparty 01164 Holdings,US,low,2026-02-21,0,1,"Grounded summary for CP-01164: jurisdictional exposure, UBO depth 1, sanctions hits 0."
CP-01165,Counterparty 01165 Holdings,GB,critical,2026-02-20,0,2,"Grounded summary for CP-01165: jurisdictional exposure, UBO depth 2, sanctions hits 0."
CP-01166,Counterparty 01166 Holdings,KY,high,2026-02-19,0,3,"Grounded summary for CP-01166: jurisdictional exposure, UBO depth 3, sanctions hits 0."
CP-01167,Counterparty 01167 Holdings,DE,medium,2026-02-18,0,4,"Grounded summary for CP-01167: jurisdictional exposure, UBO depth 4, sanctions hits 0."
CP-01168,Counterparty 01168 Holdings,AE,low,2026-02-17,0,1,"Grounded summary for CP-01168: jurisdictional exposure, UBO depth 1, sanctions hits 0."
CP-01169,Counterparty 01169 Holdings,SG,critical,2026-02-16,0,2,"Grounded summary for CP-01169: jurisdictional exposure, UBO depth 2, sanctions hits 0."
CP-01170,Counterparty 01170 Holdings,US,high,2026-02-15,0,3,"Grounded summary for CP-01170: jurisdictional exposure, UBO depth 3, sanctions hits 0."
CP-01171,Counterparty 01171 Holdings,GB,medium,2026-02-14,0,4,"Grounded summary for CP-01171: jurisdictional exposure, UBO depth 4, sanctions hits 0."
CP-01172,Counterparty 01172 Holdings,KY,low,2026-02-13,0,1,"Grounded summary for CP-01172: jurisdictional exposure, UBO depth 1, sanctions hits 0."
CP-01173,Counterparty 01173 Holdings,DE,critical,2026-02-12,0,2,"Grounded summary for CP-01173: jurisdictional exposure, UBO depth 2, sanctions hits 0."
CP-01174,Counterparty 01174 Holdings,AE,high,2026-02-11,0,3,"Grounded summary for CP-01174: jurisdictional exposure, UBO depth 3, sanctions hits 0."
CP-01175,Counterparty 01175 Holdings,SG,medium,2026-02-10,0,4,"Grounded summary for CP-01175: jurisdictional exposure, UBO depth 4, sanctions hits 0."
CP-01176,Counterparty 01176 Holdings,US,low,2026-02-09,0,1,"Grounded summary for CP-01176: jurisdictional exposure, UBO depth 1, sanctions hits 0."
CP-01177,Counterparty 01177 Holdings,GB,critical,2026-02-08,0,2,"Grounded summary for CP-01177: jurisdictional exposure, UBO depth 2, sanctions hits 0."
CP-01178,Counterparty 01178 Holdings,KY,high,2026-02-07,0,3,"Grounded summary for CP-01178: jurisdictional exposure, UBO depth 3, sanctions hits 0."
CP-01179,Counterparty 01179 Holdings,DE,medium,2026-02-06,0,4,"Grounded summary for CP-01179: jurisdictional exposure, UBO depth 4, sanctions hits 0."
CP-01180,Counterparty 01180 Holdings,AE,low,2026-02-05,0,1,"Grounded summary for CP-01180: jurisdictional exposure, UBO depth 1, sanctions hits 0."
CP-01181,Counterparty 01181 Holdings,SG,critical,2026-02-04,0,2,"Grounded summary for CP-01181: jurisdictional exposure, UBO depth 2, sanctions hits 0."
CP-01182,Counterparty 01182 Holdings,US,high,2026-02-03,0,3,"Grounded summary for CP-01182: jurisdictional exposure, UBO depth 3, sanctions hits 0."
CP-01183,Counterparty 01183 Holdings,GB,medium,2026-02-02,0,4,"Grounded summary for CP-01183: jurisdictional exposure, UBO depth 4, sanctions hits 0."
CP-01184,Counterparty 01184 Holdings,KY,low,2026-02-01,0,1,"Grounded summary for CP-01184: jurisdictional exposure, UBO depth 1, sanctions hits 0."
CP-01185,Counterparty 01185 Holdings,DE,critical,2026-01-31,0,2,"Grounded summary for CP-01185: jurisdictional exposure, UBO depth 2, sanctions hits 0."
CP-01186,Counterparty 01186 Holdings,AE,high,2026-01-30,0,3,"Grounded summary for CP-01186: jurisdictional exposure, UBO depth 3, sanctions hits 0."
CP-01187,Counterparty 01187 Holdings,SG,medium,2026-01-29,0,4,"Grounded summary for CP-01187: jurisdictional exposure, UBO depth 4, sanctions hits 0."
CP-01188,Counterparty 01188 Holdings,US,low,2026-01-28,0,1,"Grounded summary for CP-01188: jurisdictional exposure, UBO depth 1, sanctions hits 0."
CP-01189,Counterparty 01189 Holdings,GB,critical,2026-01-27,0,2,"Grounded summary for CP-01189: jurisdictional exposure, UBO depth 2, sanctions hits 0."
CP-01190,Counterparty 01190 Holdings,KY,high,2026-01-26,0,3,"Grounded summary for CP-01190: jurisdictional exposure, UBO depth 3, sanctions hits 0."
CP-01191,Counterparty 01191 Holdings,DE,medium,2026-01-25,0,4,"Grounded summary for CP-01191: jurisdictional exposure, UBO depth 4, sanctions hits 0."
CP-01192,Counterparty 01192 Holdings,AE,low,2026-01-24,0,1,"Grounded summary for CP-01192: jurisdictional exposure, UBO depth 1, sanctions hits 0."
CP-01193,Counterparty 01193 Holdings,SG,critical,2026-01-23,0,2,"Grounded summary for CP-01193: jurisdictional exposure, UBO depth 2, sanctions hits 0."
CP-01194,Counterparty 01194 Holdings,US,high,2026-01-22,0,3,"Grounded summary for CP-01194: jurisdictional exposure, UBO depth 3, sanctions hits 0."
CP-01195,Counterparty 01195 Holdings,GB,medium,2026-01-21,0,4,"Grounded summary for CP-01195: jurisdictional exposure, UBO depth 4, sanctions hits 0."
CP-01196,Counterparty 01196 Holdings,KY,low,2026-01-20,0,1,"Grounded summary for CP-01196: jurisdictional exposure, UBO depth 1, sanctions hits 0."
CP-01197,Counterparty 01197 Holdings,DE,critical,2026-01-19,0,2,"Grounded summary for CP-01197: jurisdictional exposure, UBO depth 2, sanctions hits 0."
CP-01198,Counterparty 01198 Holdings,AE,high,2026-01-18,0,3,"Grounded summary for CP-01198: jurisdictional exposure, UBO depth 3, sanctions hits 0."
CP-01199,Counterparty 01199 Holdings,SG,medium,2026-01-17,0,4,"Grounded summary for CP-01199: jurisdictional exposure, UBO depth 4, sanctions hits 0."
CP-01200,Counterparty 01200 Holdings,US,low,2026-01-16,0,1,"Grounded summary for CP-01200: jurisdictional exposure, UBO depth 1, sanctions hits 0."
CP-01201,Counterparty 01201 Holdings,GB,critical,2026-01-15,0,2,"Grounded summary for CP-01201: jurisdictional exposure, UBO depth 2, sanctions hits 0."
CP-01202,Counterparty 01202 Holdings,KY,high,2026-01-14,0,3,"Grounded summary for CP-01202: jurisdictional exposure, UBO depth 3, sanctions hits 0."
CP-01203,Counterparty 01203 Holdings,DE,medium,2026-01-13,0,4,"Grounded summary for CP-01203: jurisdictional exposure, UBO depth 4, sanctions hits 0."
CP-01204,Counterparty 01204 Holdings,AE,low,2026-01-12,0,1,"Grounded summary for CP-01204: jurisdictional exposure, UBO depth 1, sanctions hits 0."
CP-01205,Counterparty 01205 Holdings,SG,critical,2026-01-11,0,2,"Grounded summary for CP-01205: jurisdictional exposure, UBO depth 2, sanctions hits 0."
CP-01206,Counterparty 01206 Holdings,US,high,2026-01-10,0,3,"Grounded summary for CP-01206: jurisdictional exposure, UBO depth 3, sanctions hits 0."
CP-01207,Counterparty 01207 Holdings,GB,medium,2026-01-09,0,4,"Grounded summary for CP-01207: jurisdictional exposure, UBO depth 4, sanctions hits 0."
CP-01208,Counterparty 01208 Holdings,KY,low,2026-01-08,0,1,"Grounded summary for CP-01208: jurisdictional exposure, UBO depth 1, sanctions hits 0."
CP-01209,Counterparty 01209 Holdings,DE,critical,2026-01-07,0,2,"Grounded summary for CP-01209: jurisdictional exposure, UBO depth 2, sanctions hits 0."
CP-01210,Counterparty 01210 Holdings,AE,high,2026-01-06,0,3,"Grounded summary for CP-01210: jurisdictional exposure, UBO depth 3, sanctions hits 0."
CP-01211,Counterparty 01211 Holdings,SG,medium,2026-01-05,0,4,"Grounded summary for CP-01211: jurisdictional exposure, UBO depth 4, sanctions hits 0."
CP-01212,Counterparty 01212 Holdings,US,low,2026-01-04,0,1,"Grounded summary for CP-01212: jurisdictional exposure, UBO depth 1, sanctions hits 0."
CP-01213,Counterparty 01213 Holdings,GB,critical,2026-01-03,0,2,"Grounded summary for CP-01213: jurisdictional exposure, UBO depth 2, sanctions hits 0."
CP-01214,Counterparty 01214 Holdings,KY,high,2026-01-02,0,3,"Grounded summary for CP-01214: jurisdictional exposure, UBO depth 3, sanctions hits 0."
CP-01215,Counterparty 01215 Holdings,DE,medium,2026-01-01,0,4,"Grounded summary for CP-01215: jurisdictional exposure, UBO depth 4, sanctions hits 0."
CP-01216,Counterparty 01216 Holdings,AE,low,2025-12-31,0,1,"Grounded summary for CP-01216: jurisdictional exposure, UBO depth 1, sanctions hits 0."
CP-01217,Counterparty 01217 Holdings,SG,critical,2025-12-30,0,2,"Grounded summary for CP-01217: jurisdictional exposure, UBO depth 2, sanctions hits 0."
CP-01218,Counterparty 01218 Holdings,US,high,2025-12-29,0,3,"Grounded summary for CP-01218: jurisdictional exposure, UBO depth 3, sanctions hits 0."
CP-01219,Counterparty 01219 Holdings,GB,medium,2025-12-28,0,4,"Grounded summary for CP-01219: jurisdictional exposure, UBO depth 4, sanctions hits 0."
CP-01220,Counterparty 01220 Holdings,KY,low,2025-12-27,0,1,"Grounded summary for CP-01220: jurisdictional exposure, UBO depth 1, sanctions hits 0."
CP-01221,Counterparty 01221 Holdings,DE,critical,2025-12-26,0,2,"Grounded summary for CP-01221: jurisdictional exposure, UBO depth 2, sanctions hits 0."
CP-01222,Counterparty 01222 Holdings,AE,high,2025-12-25,0,3,"Grounded summary for CP-01222: jurisdictional exposure, UBO depth 3, sanctions hits 0."
CP-01223,Counterparty 01223 Holdings,SG,medium,2025-12-24,0,4,"Grounded summary for CP-01223: jurisdictional exposure, UBO depth 4, sanctions hits 0."
CP-01224,Counterparty 01224 Holdings,US,low,2025-12-23,0,1,"Grounded summary for CP-01224: jurisdictional exposure, UBO depth 1, sanctions hits 0."
CP-01225,Counterparty 01225 Holdings,GB,critical,2025-12-22,0,2,"Grounded summary for CP-01225: jurisdictional exposure, UBO depth 2, sanctions hits 0."
CP-01226,Counterparty 01226 Holdings,KY,high,2025-12-21,0,3,"Grounded summary for CP-01226: jurisdictional exposure, UBO depth 3, sanctions hits 0."
CP-01227,Counterparty 01227 Holdings,DE,medium,2025-12-20,0,4,"Grounded summary for CP-01227: jurisdictional exposure, UBO depth 4, sanctions hits 0."
CP-01228,Counterparty 01228 Holdings,AE,low,2025-12-19,0,1,"Grounded summary for CP-01228: jurisdictional exposure, UBO depth 1, sanctions hits 0."
CP-01229,Counterparty 01229 Holdings,SG,critical,2025-12-18,0,2,"Grounded summary for CP-01229: jurisdictional exposure, UBO depth 2, sanctions hits 0."
CP-01230,Counterparty 01230 Holdings,US,high,2025-12-17,0,3,"Grounded summary for CP-01230: jurisdictional exposure, UBO depth 3, sanctions hits 0."
CP-01231,Counterparty 01231 Holdings,GB,medium,2025-12-16,0,4,"Grounded summary for CP-01231: jurisdictional exposure, UBO depth 4, sanctions hits 0."
CP-01232,Counterparty 01232 Holdings,KY,low,2025-12-15,0,1,"Grounded summary for CP-01232: jurisdictional exposure, UBO depth 1, sanctions hits 0."
CP-01233,Counterparty 01233 Holdings,DE,critical,2025-12-14,0,2,"Grounded summary for CP-01233: jurisdictional exposure, UBO depth 2, sanctions hits 0."
CP-01234,Counterparty 01234 Holdings,AE,high,2025-12-13,0,3,"Grounded summary for CP-01234: jurisdictional exposure, UBO depth 3, sanctions hits 0."
CP-01235,Counterparty 01235 Holdings,SG,medium,2025-12-12,0,4,"Grounded summary for CP-01235: jurisdictional exposure, UBO depth 4, sanctions hits 0."
CP-01236,Counterparty 01236 Holdings,US,low,2025-12-11,0,1,"Grounded summary for CP-01236: jurisdictional exposure, UBO depth 1, sanctions hits 0."
CP-01237,Counterparty 01237 Holdings,GB,critical,2025-12-10,0,2,"Grounded summary for CP-01237: jurisdictional exposure, UBO depth 2, sanctions hits 0."
CP-01238,Counterparty 01238 Holdings,KY,high,2025-12-09,0,3,"Grounded summary for CP-01238: jurisdictional exposure, UBO depth 3, sanctions hits 0."
CP-01239,Counterparty 01239 Holdings,DE,medium,2025-12-08,0,4,"Grounded summary for CP-01239: jurisdictional exposure, UBO depth 4, sanctions hits 0."
CP-01240,Counterparty 01240 Holdings,AE,low,2025-12-07,0,1,"Grounded summary for CP-01240: jurisdictional exposure, UBO depth 1, sanctions hits 0."
CP-01241,Counterparty 01241 Holdings,SG,critical,2025-12-06,0,2,"Grounded summary for CP-01241: jurisdictional exposure, UBO depth 2, sanctions hits 0."
CP-01242,Counterparty 01242 Holdings,US,high,2025-12-05,0,3,"Grounded summary for CP-01242: jurisdictional exposure, UBO depth 3, sanctions hits 0."
CP-01243,Counterparty 01243 Holdings,GB,medium,2025-12-04,0,4,"Grounded summary for CP-01243: jurisdictional exposure, UBO depth 4, sanctions hits 0."
CP-01244,Counterparty 01244 Holdings,KY,low,2025-12-03,0,1,"Grounded summary for CP-01244: jurisdictional exposure, UBO depth 1, sanctions hits 0."
CP-01245,Counterparty 01245 Holdings,DE,critical,2025-12-02,0,2,"Grounded summary for CP-01245: jurisdictional exposure, UBO depth 2, sanctions hits 0."
CP-01246,Counterparty 01246 Holdings,AE,high,2025-12-01,0,3,"Grounded summary for CP-01246: jurisdictional exposure, UBO depth 3, sanctions hits 0."
CP-01247,Counterparty 01247 Holdings,SG,medium,2025-11-30,0,4,"Grounded summary for CP-01247: jurisdictional exposure, UBO depth 4, sanctions hits 0."
CP-01248,Counterparty 01248 Holdings,US,low,2025-11-29,0,1,"Grounded summary for CP-01248: jurisdictional exposure, UBO depth 1, sanctions hits 0."
CP-01249,Counterparty 01249 Holdings,GB,critical,2025-11-28,0,2,"Grounded summary for CP-01249: jurisdictional exposure, UBO depth 2, sanctions hits 0."
CP-01250,Counterparty 01250 Holdings,KY,high,2025-11-27,0,3,"Grounded summary for CP-01250: jurisdictional exposure, UBO depth 3, sanctions hits 0."
CP-01251,Counterparty 01251 Holdings,DE,medium,2025-11-26,0,4,"Grounded summary for CP-01251: jurisdictional exposure, UBO depth 4, sanctions hits 0."
CP-01252,Counterparty 01252 Holdings,AE,low,2025-11-25,0,1,"Grounded summary for CP-01252: jurisdictional exposure, UBO depth 1, sanctions hits 0."
CP-01253,Counterparty 01253 Holdings,SG,critical,2025-11-24,0,2,"Grounded summary for CP-01253: jurisdictional exposure, UBO depth 2, sanctions hits 0."
CP-01254,Counterparty 01254 Holdings,US,high,2025-11-23,0,3,"Grounded summary for CP-01254: jurisdictional exposure, UBO depth 3, sanctions hits 0."
CP-01255,Counterparty 01255 Holdings,GB,medium,2025-11-22,0,4,"Grounded summary for CP-01255: jurisdictional exposure, UBO depth 4, sanctions hits 0."
CP-01256,Counterparty 01256 Holdings,KY,low,2025-11-21,0,1,"Grounded summary for CP-01256: jurisdictional exposure, UBO depth 1, sanctions hits 0."
CP-01257,Counterparty 01257 Holdings,DE,critical,2025-11-20,0,2,"Grounded summary for CP-01257: jurisdictional exposure, UBO depth 2, sanctions hits 0."
CP-01258,Counterparty 01258 Holdings,AE,high,2025-11-19,0,3,"Grounded summary for CP-01258: jurisdictional exposure, UBO depth 3, sanctions hits 0."
CP-01259,Counterparty 01259 Holdings,SG,medium,2025-11-18,0,4,"Grounded summary for CP-01259: jurisdictional exposure, UBO depth 4, sanctions hits 0."
CP-01260,Counterparty 01260 Holdings,US,low,2025-11-17,0,1,"Grounded summary for CP-01260: jurisdictional exposure, UBO depth 1, sanctions hits 0."
CP-01261,Counterparty 01261 Holdings,GB,critical,2025-11-16,0,2,"Grounded summary for CP-01261: jurisdictional exposure, UBO depth 2, sanctions hits 0."
CP-01262,Counterparty 01262 Holdings,KY,high,2025-11-15,0,3,"Grounded summary for CP-01262: jurisdictional exposure, UBO depth 3, sanctions hits 0."
CP-01263,Counterparty 01263 Holdings,DE,medium,2025-11-14,0,4,"Grounded summary for CP-01263: jurisdictional exposure, UBO depth 4, sanctions hits 0."
CP-01264,Counterparty 01264 Holdings,AE,low,2025-11-13,0,1,"Grounded summary for CP-01264: jurisdictional exposure, UBO depth 1, sanctions hits 0."
CP-01265,Counterparty 01265 Holdings,SG,critical,2025-11-12,0,2,"Grounded summary for CP-01265: jurisdictional exposure, UBO depth 2, sanctions hits 0."
CP-01266,Counterparty 01266 Holdings,US,high,2025-11-11,0,3,"Grounded summary for CP-01266: jurisdictional exposure, UBO depth 3, sanctions hits 0."
CP-01267,Counterparty 01267 Holdings,GB,medium,2025-11-10,0,4,"Grounded summary for CP-01267: jurisdictional exposure, UBO depth 4, sanctions hits 0."
CP-01268,Counterparty 01268 Holdings,KY,low,2025-11-09,0,1,"Grounded summary for CP-01268: jurisdictional exposure, UBO depth 1, sanctions hits 0."
CP-01269,Counterparty 01269 Holdings,DE,critical,2025-11-08,0,2,"Grounded summary for CP-01269: jurisdictional exposure, UBO depth 2, sanctions hits 0."
CP-01270,Counterparty 01270 Holdings,AE,high,2025-11-07,0,3,"Grounded summary for CP-01270: jurisdictional exposure, UBO depth 3, sanctions hits 0."
CP-01271,Counterparty 01271 Holdings,SG,medium,2025-11-06,0,4,"Grounded summary for CP-01271: jurisdictional exposure, UBO depth 4, sanctions hits 0."
CP-01272,Counterparty 01272 Holdings,US,low,2025-11-05,0,1,"Grounded summary for CP-01272: jurisdictional exposure, UBO depth 1, sanctions hits 0."
CP-01273,Counterparty 01273 Holdings,GB,critical,2025-11-04,0,2,"Grounded summary for CP-01273: jurisdictional exposure, UBO depth 2, sanctions hits 0."
CP-01274,Counterparty 01274 Holdings,KY,high,2025-11-03,0,3,"Grounded summary for CP-01274: jurisdictional exposure, UBO depth 3, sanctions hits 0."
CP-01275,Counterparty 01275 Holdings,DE,medium,2025-11-02,0,4,"Grounded summary for CP-01275: jurisdictional exposure, UBO depth 4, sanctions hits 0."
CP-01276,Counterparty 01276 Holdings,AE,low,2025-11-01,0,1,"Grounded summary for CP-01276: jurisdictional exposure, UBO depth 1, sanctions hits 0."
CP-01277,Counterparty 01277 Holdings,SG,critical,2025-10-31,0,2,"Grounded summary for CP-01277: jurisdictional exposure, UBO depth 2, sanctions hits 0."
CP-01278,Counterparty 01278 Holdings,US,high,2025-10-30,0,3,"Grounded summary for CP-01278: jurisdictional exposure, UBO depth 3, sanctions hits 0."
CP-01279,Counterparty 01279 Holdings,GB,medium,2025-10-29,0,4,"Grounded summary for CP-01279: jurisdictional exposure, UBO depth 4, sanctions hits 0."
CP-01280,Counterparty 01280 Holdings,KY,low,2025-10-28,0,1,"Grounded summary for CP-01280: jurisdictional exposure, UBO depth 1, sanctions hits 0."
CP-01281,Counterparty 01281 Holdings,DE,critical,2025-10-27,0,2,"Grounded summary for CP-01281: jurisdictional exposure, UBO depth 2, sanctions hits 0."
CP-01282,Counterparty 01282 Holdings,AE,high,2025-10-26,0,3,"Grounded summary for CP-01282: jurisdictional exposure, UBO depth 3, sanctions hits 0."
CP-01283,Counterparty 01283 Holdings,SG,medium,2025-10-25,0,4,"Grounded summary for CP-01283: jurisdictional exposure, UBO depth 4, sanctions hits 0."
CP-01284,Counterparty 01284 Holdings,US,low,2025-10-24,0,1,"Grounded summary for CP-01284: jurisdictional exposure, UBO depth 1, sanctions hits 0."
CP-01285,Counterparty 01285 Holdings,GB,critical,2025-10-23,0,2,"Grounded summary for CP-01285: jurisdictional exposure, UBO depth 2, sanctions hits 0."
CP-01286,Counterparty 01286 Holdings,KY,high,2025-10-22,0,3,"Grounded summary for CP-01286: jurisdictional exposure, UBO depth 3, sanctions hits 0."
CP-01287,Counterparty 01287 Holdings,DE,medium,2025-10-21,0,4,"Grounded summary for CP-01287: jurisdictional exposure, UBO depth 4, sanctions hits 0."
CP-01288,Counterparty 01288 Holdings,AE,low,2025-10-20,0,1,"Grounded summary for CP-01288: jurisdictional exposure, UBO depth 1, sanctions hits 0."
CP-01289,Counterparty 01289 Holdings,SG,critical,2025-10-19,0,2,"Grounded summary for CP-01289: jurisdictional exposure, UBO depth 2, sanctions hits 0."
CP-01290,Counterparty 01290 Holdings,US,high,2025-10-18,0,3,"Grounded summary for CP-01290: jurisdictional exposure, UBO depth 3, sanctions hits 0."
CP-01291,Counterparty 01291 Holdings,GB,medium,2025-10-17,0,4,"Grounded summary for CP-01291: jurisdictional exposure, UBO depth 4, sanctions hits 0."
CP-01292,Counterparty 01292 Holdings,KY,low,2025-10-16,0,1,"Grounded summary for CP-01292: jurisdictional exposure, UBO depth 1, sanctions hits 0."
CP-01293,Counterparty 01293 Holdings,DE,critical,2025-10-15,0,2,"Grounded summary for CP-01293: jurisdictional exposure, UBO depth 2, sanctions hits 0."
CP-01294,Counterparty 01294 Holdings,AE,high,2025-10-14,0,3,"Grounded summary for CP-01294: jurisdictional exposure, UBO depth 3, sanctions hits 0."
CP-01295,Counterparty 01295 Holdings,SG,medium,2025-10-13,0,4,"Grounded summary for CP-01295: jurisdictional exposure, UBO depth 4, sanctions hits 0."
CP-01296,Counterparty 01296 Holdings,US,low,2025-10-12,0,1,"Grounded summary for CP-01296: jurisdictional exposure, UBO depth 1, sanctions hits 0."
CP-01297,Counterparty 01297 Holdings,GB,critical,2025-10-11,0,2,"Grounded summary for CP-01297: jurisdictional exposure, UBO depth 2, sanctions hits 0."
CP-01298,Counterparty 01298 Holdings,KY,high,2025-10-10,0,3,"Grounded summary for CP-01298: jurisdictional exposure, UBO depth 3, sanctions hits 0."
CP-01299,Counterparty 01299 Holdings,DE,medium,2025-10-09,0,4,"Grounded summary for CP-01299: jurisdictional exposure, UBO depth 4, sanctions hits 0."
CP-01300,Counterparty 01300 Holdings,AE,low,2025-10-08,0,1,"Grounded summary for CP-01300: jurisdictional exposure, UBO depth 1, sanctions hits 0."
CP-01301,Counterparty 01301 Holdings,SG,critical,2025-10-07,0,2,"Grounded summary for CP-01301: jurisdictional exposure, UBO depth 2, sanctions hits 0."
CP-01302,Counterparty 01302 Holdings,US,high,2025-10-06,0,3,"Grounded summary for CP-01302: jurisdictional exposure, UBO depth 3, sanctions hits 0."
CP-01303,Counterparty 01303 Holdings,GB,medium,2025-10-05,0,4,"Grounded summary for CP-01303: jurisdictional exposure, UBO depth 4, sanctions hits 0."
CP-01304,Counterparty 01304 Holdings,KY,low,2025-10-04,0,1,"Grounded summary for CP-01304: jurisdictional exposure, UBO depth 1, sanctions hits 0."
CP-01305,Counterparty 01305 Holdings,DE,critical,2025-10-03,0,2,"Grounded summary for CP-01305: jurisdictional exposure, UBO depth 2, sanctions hits 0."
CP-01306,Counterparty 01306 Holdings,AE,high,2025-10-02,0,3,"Grounded summary for CP-01306: jurisdictional exposure, UBO depth 3, sanctions hits 0."
CP-01307,Counterparty 01307 Holdings,SG,medium,2025-10-01,0,4,"Grounded summary for CP-01307: jurisdictional exposure, UBO depth 4, sanctions hits 0."
CP-01308,Counterparty 01308 Holdings,US,low,2025-09-30,0,1,"Grounded summary for CP-01308: jurisdictional exposure, UBO depth 1, sanctions hits 0."
CP-01309,Counterparty 01309 Holdings,GB,critical,2025-09-29,0,2,"Grounded summary for CP-01309: jurisdictional exposure, UBO depth 2, sanctions hits 0."
CP-01310,Counterparty 01310 Holdings,KY,high,2025-09-28,0,3,"Grounded summary for CP-01310: jurisdictional exposure, UBO depth 3, sanctions hits 0."
CP-01311,Counterparty 01311 Holdings,DE,medium,2025-09-27,0,4,"Grounded summary for CP-01311: jurisdictional exposure, UBO depth 4, sanctions hits 0."
CP-01312,Counterparty 01312 Holdings,AE,low,2025-09-26,0,1,"Grounded summary for CP-01312: jurisdictional exposure, UBO depth 1, sanctions hits 0."
CP-01313,Counterparty 01313 Holdings,SG,critical,2025-09-25,0,2,"Grounded summary for CP-01313: jurisdictional exposure, UBO depth 2, sanctions hits 0."
CP-01314,Counterparty 01314 Holdings,US,high,2025-09-24,0,3,"Grounded summary for CP-01314: jurisdictional exposure, UBO depth 3, sanctions hits 0."
CP-01315,Counterparty 01315 Holdings,GB,medium,2025-09-23,0,4,"Grounded summary for CP-01315: jurisdictional exposure, UBO depth 4, sanctions hits 0."
CP-01316,Counterparty 01316 Holdings,KY,low,2025-09-22,0,1,"Grounded summary for CP-01316: jurisdictional exposure, UBO depth 1, sanctions hits 0."
CP-01317,Counterparty 01317 Holdings,DE,critical,2025-09-21,0,2,"Grounded summary for CP-01317: jurisdictional exposure, UBO depth 2, sanctions hits 0."
CP-01318,Counterparty 01318 Holdings,AE,high,2025-09-20,0,3,"Grounded summary for CP-01318: jurisdictional exposure, UBO depth 3, sanctions hits 0."
CP-01319,Counterparty 01319 Holdings,SG,medium,2025-09-19,0,4,"Grounded summary for CP-01319: jurisdictional exposure, UBO depth 4, sanctions hits 0."
CP-01320,Counterparty 01320 Holdings,US,low,2025-09-18,0,1,"Grounded summary for CP-01320: jurisdictional exposure, UBO depth 1, sanctions hits 0."
CP-01321,Counterparty 01321 Holdings,GB,critical,2025-09-17,0,2,"Grounded summary for CP-01321: jurisdictional exposure, UBO depth 2, sanctions hits 0."
CP-01322,Counterparty 01322 Holdings,KY,high,2025-09-16,0,3,"Grounded summary for CP-01322: jurisdictional exposure, UBO depth 3, sanctions hits 0."
CP-01323,Counterparty 01323 Holdings,DE,medium,2025-09-15,0,4,"Grounded summary for CP-01323: jurisdictional exposure, UBO depth 4, sanctions hits 0."
CP-01324,Counterparty 01324 Holdings,AE,low,2025-09-14,0,1,"Grounded summary for CP-01324: jurisdictional exposure, UBO depth 1, sanctions hits 0."
CP-01325,Counterparty 01325 Holdings,SG,critical,2025-09-13,0,2,"Grounded summary for CP-01325: jurisdictional exposure, UBO depth 2, sanctions hits 0."
CP-01326,Counterparty 01326 Holdings,US,high,2025-09-12,0,3,"Grounded summary for CP-01326: jurisdictional exposure, UBO depth 3, sanctions hits 0."
CP-01327,Counterparty 01327 Holdings,GB,medium,2025-09-11,0,4,"Grounded summary for CP-01327: jurisdictional exposure, UBO depth 4, sanctions hits 0."
CP-01328,Counterparty 01328 Holdings,KY,low,2025-09-10,0,1,"Grounded summary for CP-01328: jurisdictional exposure, UBO depth 1, sanctions hits 0."
CP-01329,Counterparty 01329 Holdings,DE,critical,2025-09-09,0,2,"Grounded summary for CP-01329: jurisdictional exposure, UBO depth 2, sanctions hits 0."
CP-01330,Counterparty 01330 Holdings,AE,high,2025-09-08,0,3,"Grounded summary for CP-01330: jurisdictional exposure, UBO depth 3, sanctions hits 0."
CP-01331,Counterparty 01331 Holdings,SG,medium,2025-09-07,0,4,"Grounded summary for CP-01331: jurisdictional exposure, UBO depth 4, sanctions hits 0."
CP-01332,Counterparty 01332 Holdings,US,low,2025-09-06,0,1,"Grounded summary for CP-01332: jurisdictional exposure, UBO depth 1, sanctions hits 0."
CP-01333,Counterparty 01333 Holdings,GB,critical,2025-09-05,0,2,"Grounded summary for CP-01333: jurisdictional exposure, UBO depth 2, sanctions hits 0."
CP-01334,Counterparty 01334 Holdings,KY,high,2025-09-04,0,3,"Grounded summary for CP-01334: jurisdictional exposure, UBO depth 3, sanctions hits 0."
CP-01335,Counterparty 01335 Holdings,DE,medium,2025-09-03,0,4,"Grounded summary for CP-01335: jurisdictional exposure, UBO depth 4, sanctions hits 0."
CP-01336,Counterparty 01336 Holdings,AE,low,2025-09-02,0,1,"Grounded summary for CP-01336: jurisdictional exposure, UBO depth 1, sanctions hits 0."
CP-01337,Counterparty 01337 Holdings,SG,critical,2025-09-01,0,2,"Grounded summary for CP-01337: jurisdictional exposure, UBO depth 2, sanctions hits 0."
CP-01338,Counterparty 01338 Holdings,US,high,2025-08-31,0,3,"Grounded summary for CP-01338: jurisdictional exposure, UBO depth 3, sanctions hits 0."
CP-01339,Counterparty 01339 Holdings,GB,medium,2025-08-30,0,4,"Grounded summary for CP-01339: jurisdictional exposure, UBO depth 4, sanctions hits 0."
CP-01340,Counterparty 01340 Holdings,KY,low,2025-08-29,0,1,"Grounded summary for CP-01340: jurisdictional exposure, UBO depth 1, sanctions hits 0."
CP-01341,Counterparty 01341 Holdings,DE,critical,2025-08-28,0,2,"Grounded summary for CP-01341: jurisdictional exposure, UBO depth 2, sanctions hits 0."
CP-01342,Counterparty 01342 Holdings,AE,high,2025-08-27,0,3,"Grounded summary for CP-01342: jurisdictional exposure, UBO depth 3, sanctions hits 0."
CP-01343,Counterparty 01343 Holdings,SG,medium,2025-08-26,0,4,"Grounded summary for CP-01343: jurisdictional exposure, UBO depth 4, sanctions hits 0."
CP-01344,Counterparty 01344 Holdings,US,low,2025-08-25,0,1,"Grounded summary for CP-01344: jurisdictional exposure, UBO depth 1, sanctions hits 0."
CP-01345,Counterparty 01345 Holdings,GB,critical,2025-08-24,0,2,"Grounded summary for CP-01345: jurisdictional exposure, UBO depth 2, sanctions hits 0."
CP-01346,Counterparty 01346 Holdings,KY,high,2025-08-23,0,3,"Grounded summary for CP-01346: jurisdictional exposure, UBO depth 3, sanctions hits 0."
CP-01347,Counterparty 01347 Holdings,DE,medium,2025-08-22,0,4,"Grounded summary for CP-01347: jurisdictional exposure, UBO depth 4, sanctions hits 0."
CP-01348,Counterparty 01348 Holdings,AE,low,2025-08-21,0,1,"Grounded summary for CP-01348: jurisdictional exposure, UBO depth 1, sanctions hits 0."
CP-01349,Counterparty 01349 Holdings,SG,critical,2025-08-20,0,2,"Grounded summary for CP-01349: jurisdictional exposure, UBO depth 2, sanctions hits 0."
CP-01350,Counterparty 01350 Holdings,US,high,2025-08-19,0,3,"Grounded summary for CP-01350: jurisdictional exposure, UBO depth 3, sanctions hits 0."
CP-01351,Counterparty 01351 Holdings,GB,medium,2025-08-18,0,4,"Grounded summary for CP-01351: jurisdictional exposure, UBO depth 4, sanctions hits 0."
CP-01352,Counterparty 01352 Holdings,KY,low,2025-08-17,0,1,"Grounded summary for CP-01352: jurisdictional exposure, UBO depth 1, sanctions hits 0."
CP-01353,Counterparty 01353 Holdings,DE,critical,2025-08-16,0,2,"Grounded summary for CP-01353: jurisdictional exposure, UBO depth 2, sanctions hits 0."
CP-01354,Counterparty 01354 Holdings,AE,high,2025-08-15,0,3,"Grounded summary for CP-01354: jurisdictional exposure, UBO depth 3, sanctions hits 0."
CP-01355,Counterparty 01355 Holdings,SG,medium,2025-08-14,0,4,"Grounded summary for CP-01355: jurisdictional exposure, UBO depth 4, sanctions hits 0."
CP-01356,Counterparty 01356 Holdings,US,low,2025-08-13,0,1,"Grounded summary for CP-01356: jurisdictional exposure, UBO depth 1, sanctions hits 0."
CP-01357,Counterparty 01357 Holdings,GB,critical,2025-08-12,0,2,"Grounded summary for CP-01357: jurisdictional exposure, UBO depth 2, sanctions hits 0."
CP-01358,Counterparty 01358 Holdings,KY,high,2025-08-11,0,3,"Grounded summary for CP-01358: jurisdictional exposure, UBO depth 3, sanctions hits 0."
CP-01359,Counterparty 01359 Holdings,DE,medium,2025-08-10,0,4,"Grounded summary for CP-01359: jurisdictional exposure, UBO depth 4, sanctions hits 0."
CP-01360,Counterparty 01360 Holdings,AE,low,2025-08-09,0,1,"Grounded summary for CP-01360: jurisdictional exposure, UBO depth 1, sanctions hits 0."
CP-01361,Counterparty 01361 Holdings,SG,critical,2025-08-08,0,2,"Grounded summary for CP-01361: jurisdictional exposure, UBO depth 2, sanctions hits 0."
CP-01362,Counterparty 01362 Holdings,US,high,2025-08-07,0,3,"Grounded summary for CP-01362: jurisdictional exposure, UBO depth 3, sanctions hits 0."
CP-01363,Counterparty 01363 Holdings,GB,medium,2025-08-06,0,4,"Grounded summary for CP-01363: jurisdictional exposure, UBO depth 4, sanctions hits 0."
CP-01364,Counterparty 01364 Holdings,KY,low,2025-08-05,0,1,"Grounded summary for CP-01364: jurisdictional exposure, UBO depth 1, sanctions hits 0."
CP-01365,Counterparty 01365 Holdings,DE,critical,2025-08-04,0,2,"Grounded summary for CP-01365: jurisdictional exposure, UBO depth 2, sanctions hits 0."
CP-01366,Counterparty 01366 Holdings,AE,high,2025-08-03,0,3,"Grounded summary for CP-01366: jurisdictional exposure, UBO depth 3, sanctions hits 0."
CP-01367,Counterparty 01367 Holdings,SG,medium,2025-08-02,0,4,"Grounded summary for CP-01367: jurisdictional exposure, UBO depth 4, sanctions hits 0."
CP-01368,Counterparty 01368 Holdings,US,low,2025-08-01,0,1,"Grounded summary for CP-01368: jurisdictional exposure, UBO depth 1, sanctions hits 0."
CP-01369,Counterparty 01369 Holdings,GB,critical,2025-07-31,0,2,"Grounded summary for CP-01369: jurisdictional exposure, UBO depth 2, sanctions hits 0."
CP-01370,Counterparty 01370 Holdings,KY,high,2025-07-30,0,3,"Grounded summary for CP-01370: jurisdictional exposure, UBO depth 3, sanctions hits 0."
CP-01371,Counterparty 01371 Holdings,DE,medium,2025-07-29,0,4,"Grounded summary for CP-01371: jurisdictional exposure, UBO depth 4, sanctions hits 0."
CP-01372,Counterparty 01372 Holdings,AE,low,2025-07-28,0,1,"Grounded summary for CP-01372: jurisdictional exposure, UBO depth 1, sanctions hits 0."
CP-01373,Counterparty 01373 Holdings,SG,critical,2025-07-27,0,2,"Grounded summary for CP-01373: jurisdictional exposure, UBO depth 2, sanctions hits 0."
CP-01374,Counterparty 01374 Holdings,US,high,2025-07-26,0,3,"Grounded summary for CP-01374: jurisdictional exposure, UBO depth 3, sanctions hits 0."
CP-01375,Counterparty 01375 Holdings,GB,medium,2025-07-25,0,4,"Grounded summary for CP-01375: jurisdictional exposure, UBO depth 4, sanctions hits 0."
CP-01376,Counterparty 01376 Holdings,KY,low,2025-07-24,0,1,"Grounded summary for CP-01376: jurisdictional exposure, UBO depth 1, sanctions hits 0."
CP-01377,Counterparty 01377 Holdings,DE,critical,2025-07-23,0,2,"Grounded summary for CP-01377: jurisdictional exposure, UBO depth 2, sanctions hits 0."
CP-01378,Counterparty 01378 Holdings,AE,high,2025-07-22,0,3,"Grounded summary for CP-01378: jurisdictional exposure, UBO depth 3, sanctions hits 0."
CP-01379,Counterparty 01379 Holdings,SG,medium,2025-07-21,0,4,"Grounded summary for CP-01379: jurisdictional exposure, UBO depth 4, sanctions hits 0."
CP-01380,Counterparty 01380 Holdings,US,low,2025-07-20,0,1,"Grounded summary for CP-01380: jurisdictional exposure, UBO depth 1, sanctions hits 0."
CP-01381,Counterparty 01381 Holdings,GB,critical,2025-07-19,0,2,"Grounded summary for CP-01381: jurisdictional exposure, UBO depth 2, sanctions hits 0."
CP-01382,Counterparty 01382 Holdings,KY,high,2025-07-18,0,3,"Grounded summary for CP-01382: jurisdictional exposure, UBO depth 3, sanctions hits 0."
CP-01383,Counterparty 01383 Holdings,DE,medium,2025-07-17,0,4,"Grounded summary for CP-01383: jurisdictional exposure, UBO depth 4, sanctions hits 0."
CP-01384,Counterparty 01384 Holdings,AE,low,2025-07-16,0,1,"Grounded summary for CP-01384: jurisdictional exposure, UBO depth 1, sanctions hits 0."
CP-01385,Counterparty 01385 Holdings,SG,critical,2025-07-15,0,2,"Grounded summary for CP-01385: jurisdictional exposure, UBO depth 2, sanctions hits 0."
CP-01386,Counterparty 01386 Holdings,US,high,2025-07-14,0,3,"Grounded summary for CP-01386: jurisdictional exposure, UBO depth 3, sanctions hits 0."
CP-01387,Counterparty 01387 Holdings,GB,medium,2025-07-13,0,4,"Grounded summary for CP-01387: jurisdictional exposure, UBO depth 4, sanctions hits 0."
CP-01388,Counterparty 01388 Holdings,KY,low,2025-07-12,0,1,"Grounded summary for CP-01388: jurisdictional exposure, UBO depth 1, sanctions hits 0."
CP-01389,Counterparty 01389 Holdings,DE,critical,2025-07-11,0,2,"Grounded summary for CP-01389: jurisdictional exposure, UBO depth 2, sanctions hits 0."
CP-01390,Counterparty 01390 Holdings,AE,high,2025-07-10,0,3,"Grounded summary for CP-01390: jurisdictional exposure, UBO depth 3, sanctions hits 0."
CP-01391,Counterparty 01391 Holdings,SG,medium,2025-07-09,0,4,"Grounded summary for CP-01391: jurisdictional exposure, UBO depth 4, sanctions hits 0."
CP-01392,Counterparty 01392 Holdings,US,low,2025-07-08,0,1,"Grounded summary for CP-01392: jurisdictional exposure, UBO depth 1, sanctions hits 0."
CP-01393,Counterparty 01393 Holdings,GB,critical,2025-07-07,0,2,"Grounded summary for CP-01393: jurisdictional exposure, UBO depth 2, sanctions hits 0."
CP-01394,Counterparty 01394 Holdings,KY,high,2025-07-06,0,3,"Grounded summary for CP-01394: jurisdictional exposure, UBO depth 3, sanctions hits 0."
CP-01395,Counterparty 01395 Holdings,DE,medium,2025-07-05,0,4,"Grounded summary for CP-01395: jurisdictional exposure, UBO depth 4, sanctions hits 0."
CP-01396,Counterparty 01396 Holdings,AE,low,2025-07-04,0,1,"Grounded summary for CP-01396: jurisdictional exposure, UBO depth 1, sanctions hits 0."
CP-01397,Counterparty 01397 Holdings,SG,critical,2025-07-03,0,2,"Grounded summary for CP-01397: jurisdictional exposure, UBO depth 2, sanctions hits 0."
CP-01398,Counterparty 01398 Holdings,US,high,2025-07-02,0,3,"Grounded summary for CP-01398: jurisdictional exposure, UBO depth 3, sanctions hits 0."
CP-01399,Counterparty 01399 Holdings,GB,medium,2025-07-01,0,4,"Grounded summary for CP-01399: jurisdictional exposure, UBO depth 4, sanctions hits 0."
CP-01400,Counterparty 01400 Holdings,KY,low,2025-06-30,0,1,"Grounded summary for CP-01400: jurisdictional exposure, UBO depth 1, sanctions hits 0."
CP-01401,Counterparty 01401 Holdings,DE,critical,2025-06-29,0,2,"Grounded summary for CP-01401: jurisdictional exposure, UBO depth 2, sanctions hits 0."
CP-01402,Counterparty 01402 Holdings,AE,high,2025-06-28,0,3,"Grounded summary for CP-01402: jurisdictional exposure, UBO depth 3, sanctions hits 0."
CP-01403,Counterparty 01403 Holdings,SG,medium,2025-06-27,0,4,"Grounded summary for CP-01403: jurisdictional exposure, UBO depth 4, sanctions hits 0."
CP-01404,Counterparty 01404 Holdings,US,low,2025-06-26,0,1,"Grounded summary for CP-01404: jurisdictional exposure, UBO depth 1, sanctions hits 0."
CP-01405,Counterparty 01405 Holdings,GB,critical,2025-06-25,0,2,"Grounded summary for CP-01405: jurisdictional exposure, UBO depth 2, sanctions hits 0."
CP-01406,Counterparty 01406 Holdings,KY,high,2025-06-24,0,3,"Grounded summary for CP-01406: jurisdictional exposure, UBO depth 3, sanctions hits 0."
CP-01407,Counterparty 01407 Holdings,DE,medium,2025-06-23,0,4,"Grounded summary for CP-01407: jurisdictional exposure, UBO depth 4, sanctions hits 0."
CP-01408,Counterparty 01408 Holdings,AE,low,2025-06-22,0,1,"Grounded summary for CP-01408: jurisdictional exposure, UBO depth 1, sanctions hits 0."
CP-01409,Counterparty 01409 Holdings,SG,critical,2025-06-21,0,2,"Grounded summary for CP-01409: jurisdictional exposure, UBO depth 2, sanctions hits 0."
CP-01410,Counterparty 01410 Holdings,US,high,2025-06-20,0,3,"Grounded summary for CP-01410: jurisdictional exposure, UBO depth 3, sanctions hits 0."
CP-01411,Counterparty 01411 Holdings,GB,medium,2025-06-19,0,4,"Grounded summary for CP-01411: jurisdictional exposure, UBO depth 4, sanctions hits 0."
CP-01412,Counterparty 01412 Holdings,KY,low,2025-06-18,0,1,"Grounded summary for CP-01412: jurisdictional exposure, UBO depth 1, sanctions hits 0."
CP-01413,Counterparty 01413 Holdings,DE,critical,2025-06-17,0,2,"Grounded summary for CP-01413: jurisdictional exposure, UBO depth 2, sanctions hits 0."
CP-01414,Counterparty 01414 Holdings,AE,high,2025-06-16,0,3,"Grounded summary for CP-01414: jurisdictional exposure, UBO depth 3, sanctions hits 0."
CP-01415,Counterparty 01415 Holdings,SG,medium,2025-06-15,0,4,"Grounded summary for CP-01415: jurisdictional exposure, UBO depth 4, sanctions hits 0."
CP-01416,Counterparty 01416 Holdings,US,low,2025-06-14,0,1,"Grounded summary for CP-01416: jurisdictional exposure, UBO depth 1, sanctions hits 0."
CP-01417,Counterparty 01417 Holdings,GB,critical,2025-06-13,0,2,"Grounded summary for CP-01417: jurisdictional exposure, UBO depth 2, sanctions hits 0."
CP-01418,Counterparty 01418 Holdings,KY,high,2025-06-12,0,3,"Grounded summary for CP-01418: jurisdictional exposure, UBO depth 3, sanctions hits 0."
CP-01419,Counterparty 01419 Holdings,DE,medium,2025-06-11,0,4,"Grounded summary for CP-01419: jurisdictional exposure, UBO depth 4, sanctions hits 0."
CP-01420,Counterparty 01420 Holdings,AE,low,2025-06-10,0,1,"Grounded summary for CP-01420: jurisdictional exposure, UBO depth 1, sanctions hits 0."
CP-01421,Counterparty 01421 Holdings,SG,critical,2025-06-09,0,2,"Grounded summary for CP-01421: jurisdictional exposure, UBO depth 2, sanctions hits 0."
CP-01422,Counterparty 01422 Holdings,US,high,2025-06-08,0,3,"Grounded summary for CP-01422: jurisdictional exposure, UBO depth 3, sanctions hits 0."
CP-01423,Counterparty 01423 Holdings,GB,medium,2025-06-07,0,4,"Grounded summary for CP-01423: jurisdictional exposure, UBO depth 4, sanctions hits 0."
CP-01424,Counterparty 01424 Holdings,KY,low,2025-06-06,0,1,"Grounded summary for CP-01424: jurisdictional exposure, UBO depth 1, sanctions hits 0."
CP-01425,Counterparty 01425 Holdings,DE,critical,2025-06-05,0,2,"Grounded summary for CP-01425: jurisdictional exposure, UBO depth 2, sanctions hits 0."
CP-01426,Counterparty 01426 Holdings,AE,high,2025-06-04,0,3,"Grounded summary for CP-01426: jurisdictional exposure, UBO depth 3, sanctions hits 0."
CP-01427,Counterparty 01427 Holdings,SG,medium,2025-06-03,0,4,"Grounded summary for CP-01427: jurisdictional exposure, UBO depth 4, sanctions hits 0."
CP-01428,Counterparty 01428 Holdings,US,low,2025-06-02,0,1,"Grounded summary for CP-01428: jurisdictional exposure, UBO depth 1, sanctions hits 0."
CP-01429,Counterparty 01429 Holdings,GB,critical,2025-06-01,0,2,"Grounded summary for CP-01429: jurisdictional exposure, UBO depth 2, sanctions hits 0."
CP-01430,Counterparty 01430 Holdings,KY,high,2025-05-31,0,3,"Grounded summary for CP-01430: jurisdictional exposure, UBO depth 3, sanctions hits 0."
CP-01431,Counterparty 01431 Holdings,DE,medium,2025-05-30,0,4,"Grounded summary for CP-01431: jurisdictional exposure, UBO depth 4, sanctions hits 0."
CP-01432,Counterparty 01432 Holdings,AE,low,2025-05-29,0,1,"Grounded summary for CP-01432: jurisdictional exposure, UBO depth 1, sanctions hits 0."
CP-01433,Counterparty 01433 Holdings,SG,critical,2025-05-28,0,2,"Grounded summary for CP-01433: jurisdictional exposure, UBO depth 2, sanctions hits 0."
CP-01434,Counterparty 01434 Holdings,US,high,2025-05-27,0,3,"Grounded summary for CP-01434: jurisdictional exposure, UBO depth 3, sanctions hits 0."
CP-01435,Counterparty 01435 Holdings,GB,medium,2025-05-26,0,4,"Grounded summary for CP-01435: jurisdictional exposure, UBO depth 4, sanctions hits 0."
CP-01436,Counterparty 01436 Holdings,KY,low,2025-05-25,0,1,"Grounded summary for CP-01436: jurisdictional exposure, UBO depth 1, sanctions hits 0."
CP-01437,Counterparty 01437 Holdings,DE,critical,2025-05-24,0,2,"Grounded summary for CP-01437: jurisdictional exposure, UBO depth 2, sanctions hits 0."
CP-01438,Counterparty 01438 Holdings,AE,high,2025-05-23,0,3,"Grounded summary for CP-01438: jurisdictional exposure, UBO depth 3, sanctions hits 0."
CP-01439,Counterparty 01439 Holdings,SG,medium,2025-05-22,0,4,"Grounded summary for CP-01439: jurisdictional exposure, UBO depth 4, sanctions hits 0."
CP-01440,Counterparty 01440 Holdings,US,low,2025-05-21,0,1,"Grounded summary for CP-01440: jurisdictional exposure, UBO depth 1, sanctions hits 0."
CP-01441,Counterparty 01441 Holdings,GB,critical,2025-05-20,0,2,"Grounded summary for CP-01441: jurisdictional exposure, UBO depth 2, sanctions hits 0."
CP-01442,Counterparty 01442 Holdings,KY,high,2025-05-19,0,3,"Grounded summary for CP-01442: jurisdictional exposure, UBO depth 3, sanctions hits 0."
CP-01443,Counterparty 01443 Holdings,DE,medium,2025-05-18,0,4,"Grounded summary for CP-01443: jurisdictional exposure, UBO depth 4, sanctions hits 0."
CP-01444,Counterparty 01444 Holdings,AE,low,2025-05-17,0,1,"Grounded summary for CP-01444: jurisdictional exposure, UBO depth 1, sanctions hits 0."
CP-01445,Counterparty 01445 Holdings,SG,critical,2025-05-16,0,2,"Grounded summary for CP-01445: jurisdictional exposure, UBO depth 2, sanctions hits 0."
CP-01446,Counterparty 01446 Holdings,US,high,2025-05-15,0,3,"Grounded summary for CP-01446: jurisdictional exposure, UBO depth 3, sanctions hits 0."
CP-01447,Counterparty 01447 Holdings,GB,medium,2025-05-14,0,4,"Grounded summary for CP-01447: jurisdictional exposure, UBO depth 4, sanctions hits 0."
CP-01448,Counterparty 01448 Holdings,KY,low,2025-05-13,0,1,"Grounded summary for CP-01448: jurisdictional exposure, UBO depth 1, sanctions hits 0."
CP-01449,Counterparty 01449 Holdings,DE,critical,2025-05-12,0,2,"Grounded summary for CP-01449: jurisdictional exposure, UBO depth 2, sanctions hits 0."
CP-01450,Counterparty 01450 Holdings,AE,high,2025-05-11,0,3,"Grounded summary for CP-01450: jurisdictional exposure, UBO depth 3, sanctions hits 0."
CP-01451,Counterparty 01451 Holdings,SG,medium,2025-05-10,0,4,"Grounded summary for CP-01451: jurisdictional exposure, UBO depth 4, sanctions hits 0."
CP-01452,Counterparty 01452 Holdings,US,low,2025-05-09,0,1,"Grounded summary for CP-01452: jurisdictional exposure, UBO depth 1, sanctions hits 0."
CP-01453,Counterparty 01453 Holdings,GB,critical,2025-05-08,0,2,"Grounded summary for CP-01453: jurisdictional exposure, UBO depth 2, sanctions hits 0."
CP-01454,Counterparty 01454 Holdings,KY,high,2025-05-07,0,3,"Grounded summary for CP-01454: jurisdictional exposure, UBO depth 3, sanctions hits 0."
CP-01455,Counterparty 01455 Holdings,DE,medium,2025-05-06,0,4,"Grounded summary for CP-01455: jurisdictional exposure, UBO depth 4, sanctions hits 0."
CP-01456,Counterparty 01456 Holdings,AE,low,2025-05-05,0,1,"Grounded summary for CP-01456: jurisdictional exposure, UBO depth 1, sanctions hits 0."
CP-01457,Counterparty 01457 Holdings,SG,critical,2025-05-04,0,2,"Grounded summary for CP-01457: jurisdictional exposure, UBO depth 2, sanctions hits 0."
CP-01458,Counterparty 01458 Holdings,US,high,2025-05-03,0,3,"Grounded summary for CP-01458: jurisdictional exposure, UBO depth 3, sanctions hits 0."
CP-01459,Counterparty 01459 Holdings,GB,medium,2025-05-02,0,4,"Grounded summary for CP-01459: jurisdictional exposure, UBO depth 4, sanctions hits 0."
CP-01460,Counterparty 01460 Holdings,KY,low,2026-05-01,0,1,"Grounded summary for CP-01460: jurisdictional exposure, UBO depth 1, sanctions hits 0."
CP-01461,Counterparty 01461 Holdings,DE,critical,2026-04-30,0,2,"Grounded summary for CP-01461: jurisdictional exposure, UBO depth 2, sanctions hits 0."
CP-01462,Counterparty 01462 Holdings,AE,high,2026-04-29,0,3,"Grounded summary for CP-01462: jurisdictional exposure, UBO depth 3, sanctions hits 0."
CP-01463,Counterparty 01463 Holdings,SG,medium,2026-04-28,0,4,"Grounded summary for CP-01463: jurisdictional exposure, UBO depth 4, sanctions hits 0."
CP-01464,Counterparty 01464 Holdings,US,low,2026-04-27,0,1,"Grounded summary for CP-01464: jurisdictional exposure, UBO depth 1, sanctions hits 0."
CP-01465,Counterparty 01465 Holdings,GB,critical,2026-04-26,0,2,"Grounded summary for CP-01465: jurisdictional exposure, UBO depth 2, sanctions hits 0."
CP-01466,Counterparty 01466 Holdings,KY,high,2026-04-25,0,3,"Grounded summary for CP-01466: jurisdictional exposure, UBO depth 3, sanctions hits 0."
CP-01467,Counterparty 01467 Holdings,DE,medium,2026-04-24,0,4,"Grounded summary for CP-01467: jurisdictional exposure, UBO depth 4, sanctions hits 0."
CP-01468,Counterparty 01468 Holdings,AE,low,2026-04-23,0,1,"Grounded summary for CP-01468: jurisdictional exposure, UBO depth 1, sanctions hits 0."
CP-01469,Counterparty 01469 Holdings,SG,critical,2026-04-22,0,2,"Grounded summary for CP-01469: jurisdictional exposure, UBO depth 2, sanctions hits 0."
CP-01470,Counterparty 01470 Holdings,US,high,2026-04-21,0,3,"Grounded summary for CP-01470: jurisdictional exposure, UBO depth 3, sanctions hits 0."
CP-01471,Counterparty 01471 Holdings,GB,medium,2026-04-20,0,4,"Grounded summary for CP-01471: jurisdictional exposure, UBO depth 4, sanctions hits 0."
CP-01472,Counterparty 01472 Holdings,KY,low,2026-04-19,0,1,"Grounded summary for CP-01472: jurisdictional exposure, UBO depth 1, sanctions hits 0."
CP-01473,Counterparty 01473 Holdings,DE,critical,2026-04-18,0,2,"Grounded summary for CP-01473: jurisdictional exposure, UBO depth 2, sanctions hits 0."
CP-01474,Counterparty 01474 Holdings,AE,high,2026-04-17,0,3,"Grounded summary for CP-01474: jurisdictional exposure, UBO depth 3, sanctions hits 0."
CP-01475,Counterparty 01475 Holdings,SG,medium,2026-04-16,0,4,"Grounded summary for CP-01475: jurisdictional exposure, UBO depth 4, sanctions hits 0."
CP-01476,Counterparty 01476 Holdings,US,low,2026-04-15,0,1,"Grounded summary for CP-01476: jurisdictional exposure, UBO depth 1, sanctions hits 0."
CP-01477,Counterparty 01477 Holdings,GB,critical,2026-04-14,0,2,"Grounded summary for CP-01477: jurisdictional exposure, UBO depth 2, sanctions hits 0."
CP-01478,Counterparty 01478 Holdings,KY,high,2026-04-13,0,3,"Grounded summary for CP-01478: jurisdictional exposure, UBO depth 3, sanctions hits 0."
CP-01479,Counterparty 01479 Holdings,DE,medium,2026-04-12,0,4,"Grounded summary for CP-01479: jurisdictional exposure, UBO depth 4, sanctions hits 0."
CP-01480,Counterparty 01480 Holdings,AE,low,2026-04-11,0,1,"Grounded summary for CP-01480: jurisdictional exposure, UBO depth 1, sanctions hits 0."
CP-01481,Counterparty 01481 Holdings,SG,critical,2026-04-10,0,2,"Grounded summary for CP-01481: jurisdictional exposure, UBO depth 2, sanctions hits 0."
CP-01482,Counterparty 01482 Holdings,US,high,2026-04-09,0,3,"Grounded summary for CP-01482: jurisdictional exposure, UBO depth 3, sanctions hits 0."
CP-01483,Counterparty 01483 Holdings,GB,medium,2026-04-08,0,4,"Grounded summary for CP-01483: jurisdictional exposure, UBO depth 4, sanctions hits 0."
CP-01484,Counterparty 01484 Holdings,KY,low,2026-04-07,0,1,"Grounded summary for CP-01484: jurisdictional exposure, UBO depth 1, sanctions hits 0."
CP-01485,Counterparty 01485 Holdings,DE,critical,2026-04-06,0,2,"Grounded summary for CP-01485: jurisdictional exposure, UBO depth 2, sanctions hits 0."
CP-01486,Counterparty 01486 Holdings,AE,high,2026-04-05,0,3,"Grounded summary for CP-01486: jurisdictional exposure, UBO depth 3, sanctions hits 0."
CP-01487,Counterparty 01487 Holdings,SG,medium,2026-04-04,0,4,"Grounded summary for CP-01487: jurisdictional exposure, UBO depth 4, sanctions hits 0."
CP-01488,Counterparty 01488 Holdings,US,low,2026-04-03,0,1,"Grounded summary for CP-01488: jurisdictional exposure, UBO depth 1, sanctions hits 0."
CP-01489,Counterparty 01489 Holdings,GB,critical,2026-04-02,0,2,"Grounded summary for CP-01489: jurisdictional exposure, UBO depth 2, sanctions hits 0."
CP-01490,Counterparty 01490 Holdings,KY,high,2026-04-01,0,3,"Grounded summary for CP-01490: jurisdictional exposure, UBO depth 3, sanctions hits 0."
CP-01491,Counterparty 01491 Holdings,DE,medium,2026-03-31,0,4,"Grounded summary for CP-01491: jurisdictional exposure, UBO depth 4, sanctions hits 0."
CP-01492,Counterparty 01492 Holdings,AE,low,2026-03-30,0,1,"Grounded summary for CP-01492: jurisdictional exposure, UBO depth 1, sanctions hits 0."
CP-01493,Counterparty 01493 Holdings,SG,critical,2026-03-29,0,2,"Grounded summary for CP-01493: jurisdictional exposure, UBO depth 2, sanctions hits 0."
CP-01494,Counterparty 01494 Holdings,US,high,2026-03-28,0,3,"Grounded summary for CP-01494: jurisdictional exposure, UBO depth 3, sanctions hits 0."
CP-01495,Counterparty 01495 Holdings,GB,medium,2026-03-27,0,4,"Grounded summary for CP-01495: jurisdictional exposure, UBO depth 4, sanctions hits 0."
CP-01496,Counterparty 01496 Holdings,KY,low,2026-03-26,0,1,"Grounded summary for CP-01496: jurisdictional exposure, UBO depth 1, sanctions hits 0."
CP-01497,Counterparty 01497 Holdings,DE,critical,2026-03-25,0,2,"Grounded summary for CP-01497: jurisdictional exposure, UBO depth 2, sanctions hits 0."
CP-01498,Counterparty 01498 Holdings,AE,high,2026-03-24,0,3,"Grounded summary for CP-01498: jurisdictional exposure, UBO depth 3, sanctions hits 0."
CP-01499,Counterparty 01499 Holdings,SG,medium,2026-03-23,0,4,"Grounded summary for CP-01499: jurisdictional exposure, UBO depth 4, sanctions hits 0."
CP-01500,Counterparty 01500 Holdings,US,low,2026-03-22,0,1,"Grounded summary for CP-01500: jurisdictional exposure, UBO depth 1, sanctions hits 0."
CP-01501,Counterparty 01501 Holdings,GB,critical,2026-03-21,0,2,"Grounded summary for CP-01501: jurisdictional exposure, UBO depth 2, sanctions hits 0."
CP-01502,Counterparty 01502 Holdings,KY,high,2026-03-20,0,3,"Grounded summary for CP-01502: jurisdictional exposure, UBO depth 3, sanctions hits 0."
CP-01503,Counterparty 01503 Holdings,DE,medium,2026-03-19,0,4,"Grounded summary for CP-01503: jurisdictional exposure, UBO depth 4, sanctions hits 0."
CP-01504,Counterparty 01504 Holdings,AE,low,2026-03-18,0,1,"Grounded summary for CP-01504: jurisdictional exposure, UBO depth 1, sanctions hits 0."
CP-01505,Counterparty 01505 Holdings,SG,critical,2026-03-17,0,2,"Grounded summary for CP-01505: jurisdictional exposure, UBO depth 2, sanctions hits 0."
CP-01506,Counterparty 01506 Holdings,US,high,2026-03-16,0,3,"Grounded summary for CP-01506: jurisdictional exposure, UBO depth 3, sanctions hits 0."
CP-01507,Counterparty 01507 Holdings,GB,medium,2026-03-15,0,4,"Grounded summary for CP-01507: jurisdictional exposure, UBO depth 4, sanctions hits 0."
CP-01508,Counterparty 01508 Holdings,KY,low,2026-03-14,0,1,"Grounded summary for CP-01508: jurisdictional exposure, UBO depth 1, sanctions hits 0."
CP-01509,Counterparty 01509 Holdings,DE,critical,2026-03-13,0,2,"Grounded summary for CP-01509: jurisdictional exposure, UBO depth 2, sanctions hits 0."
CP-01510,Counterparty 01510 Holdings,AE,high,2026-03-12,0,3,"Grounded summary for CP-01510: jurisdictional exposure, UBO depth 3, sanctions hits 0."
CP-01511,Counterparty 01511 Holdings,SG,medium,2026-03-11,0,4,"Grounded summary for CP-01511: jurisdictional exposure, UBO depth 4, sanctions hits 0."
CP-01512,Counterparty 01512 Holdings,US,low,2026-03-10,0,1,"Grounded summary for CP-01512: jurisdictional exposure, UBO depth 1, sanctions hits 0."
CP-01513,Counterparty 01513 Holdings,GB,critical,2026-03-09,0,2,"Grounded summary for CP-01513: jurisdictional exposure, UBO depth 2, sanctions hits 0."
CP-01514,Counterparty 01514 Holdings,KY,high,2026-03-08,0,3,"Grounded summary for CP-01514: jurisdictional exposure, UBO depth 3, sanctions hits 0."
CP-01515,Counterparty 01515 Holdings,DE,medium,2026-03-07,0,4,"Grounded summary for CP-01515: jurisdictional exposure, UBO depth 4, sanctions hits 0."
CP-01516,Counterparty 01516 Holdings,AE,low,2026-03-06,0,1,"Grounded summary for CP-01516: jurisdictional exposure, UBO depth 1, sanctions hits 0."
CP-01517,Counterparty 01517 Holdings,SG,critical,2026-03-05,0,2,"Grounded summary for CP-01517: jurisdictional exposure, UBO depth 2, sanctions hits 0."
CP-01518,Counterparty 01518 Holdings,US,high,2026-03-04,0,3,"Grounded summary for CP-01518: jurisdictional exposure, UBO depth 3, sanctions hits 0."
CP-01519,Counterparty 01519 Holdings,GB,medium,2026-03-03,0,4,"Grounded summary for CP-01519: jurisdictional exposure, UBO depth 4, sanctions hits 0."
CP-01520,Counterparty 01520 Holdings,KY,low,2026-03-02,0,1,"Grounded summary for CP-01520: jurisdictional exposure, UBO depth 1, sanctions hits 0."
CP-01521,Counterparty 01521 Holdings,DE,critical,2026-03-01,0,2,"Grounded summary for CP-01521: jurisdictional exposure, UBO depth 2, sanctions hits 0."
CP-01522,Counterparty 01522 Holdings,AE,high,2026-02-28,0,3,"Grounded summary for CP-01522: jurisdictional exposure, UBO depth 3, sanctions hits 0."
CP-01523,Counterparty 01523 Holdings,SG,medium,2026-02-27,0,4,"Grounded summary for CP-01523: jurisdictional exposure, UBO depth 4, sanctions hits 0."
CP-01524,Counterparty 01524 Holdings,US,low,2026-02-26,0,1,"Grounded summary for CP-01524: jurisdictional exposure, UBO depth 1, sanctions hits 0."
CP-01525,Counterparty 01525 Holdings,GB,critical,2026-02-25,0,2,"Grounded summary for CP-01525: jurisdictional exposure, UBO depth 2, sanctions hits 0."
CP-01526,Counterparty 01526 Holdings,KY,high,2026-02-24,0,3,"Grounded summary for CP-01526: jurisdictional exposure, UBO depth 3, sanctions hits 0."
CP-01527,Counterparty 01527 Holdings,DE,medium,2026-02-23,0,4,"Grounded summary for CP-01527: jurisdictional exposure, UBO depth 4, sanctions hits 0."
CP-01528,Counterparty 01528 Holdings,AE,low,2026-02-22,0,1,"Grounded summary for CP-01528: jurisdictional exposure, UBO depth 1, sanctions hits 0."
CP-01529,Counterparty 01529 Holdings,SG,critical,2026-02-21,0,2,"Grounded summary for CP-01529: jurisdictional exposure, UBO depth 2, sanctions hits 0."
CP-01530,Counterparty 01530 Holdings,US,high,2026-02-20,0,3,"Grounded summary for CP-01530: jurisdictional exposure, UBO depth 3, sanctions hits 0."
CP-01531,Counterparty 01531 Holdings,GB,medium,2026-02-19,0,4,"Grounded summary for CP-01531: jurisdictional exposure, UBO depth 4, sanctions hits 0."
CP-01532,Counterparty 01532 Holdings,KY,low,2026-02-18,0,1,"Grounded summary for CP-01532: jurisdictional exposure, UBO depth 1, sanctions hits 0."
CP-01533,Counterparty 01533 Holdings,DE,critical,2026-02-17,0,2,"Grounded summary for CP-01533: jurisdictional exposure, UBO depth 2, sanctions hits 0."
CP-01534,Counterparty 01534 Holdings,AE,high,2026-02-16,0,3,"Grounded summary for CP-01534: jurisdictional exposure, UBO depth 3, sanctions hits 0."
CP-01535,Counterparty 01535 Holdings,SG,medium,2026-02-15,0,4,"Grounded summary for CP-01535: jurisdictional exposure, UBO depth 4, sanctions hits 0."
CP-01536,Counterparty 01536 Holdings,US,low,2026-02-14,0,1,"Grounded summary for CP-01536: jurisdictional exposure, UBO depth 1, sanctions hits 0."
CP-01537,Counterparty 01537 Holdings,GB,critical,2026-02-13,0,2,"Grounded summary for CP-01537: jurisdictional exposure, UBO depth 2, sanctions hits 0."
CP-01538,Counterparty 01538 Holdings,KY,high,2026-02-12,0,3,"Grounded summary for CP-01538: jurisdictional exposure, UBO depth 3, sanctions hits 0."
CP-01539,Counterparty 01539 Holdings,DE,medium,2026-02-11,0,4,"Grounded summary for CP-01539: jurisdictional exposure, UBO depth 4, sanctions hits 0."
CP-01540,Counterparty 01540 Holdings,AE,low,2026-02-10,0,1,"Grounded summary for CP-01540: jurisdictional exposure, UBO depth 1, sanctions hits 0."
CP-01541,Counterparty 01541 Holdings,SG,critical,2026-02-09,0,2,"Grounded summary for CP-01541: jurisdictional exposure, UBO depth 2, sanctions hits 0."
CP-01542,Counterparty 01542 Holdings,US,high,2026-02-08,0,3,"Grounded summary for CP-01542: jurisdictional exposure, UBO depth 3, sanctions hits 0."
CP-01543,Counterparty 01543 Holdings,GB,medium,2026-02-07,0,4,"Grounded summary for CP-01543: jurisdictional exposure, UBO depth 4, sanctions hits 0."
CP-01544,Counterparty 01544 Holdings,KY,low,2026-02-06,0,1,"Grounded summary for CP-01544: jurisdictional exposure, UBO depth 1, sanctions hits 0."
CP-01545,Counterparty 01545 Holdings,DE,critical,2026-02-05,0,2,"Grounded summary for CP-01545: jurisdictional exposure, UBO depth 2, sanctions hits 0."
CP-01546,Counterparty 01546 Holdings,AE,high,2026-02-04,0,3,"Grounded summary for CP-01546: jurisdictional exposure, UBO depth 3, sanctions hits 0."
CP-01547,Counterparty 01547 Holdings,SG,medium,2026-02-03,0,4,"Grounded summary for CP-01547: jurisdictional exposure, UBO depth 4, sanctions hits 0."
CP-01548,Counterparty 01548 Holdings,US,low,2026-02-02,0,1,"Grounded summary for CP-01548: jurisdictional exposure, UBO depth 1, sanctions hits 0."
CP-01549,Counterparty 01549 Holdings,GB,critical,2026-02-01,0,2,"Grounded summary for CP-01549: jurisdictional exposure, UBO depth 2, sanctions hits 0."
CP-01550,Counterparty 01550 Holdings,KY,high,2026-01-31,0,3,"Grounded summary for CP-01550: jurisdictional exposure, UBO depth 3, sanctions hits 0."
CP-01551,Counterparty 01551 Holdings,DE,medium,2026-01-30,0,4,"Grounded summary for CP-01551: jurisdictional exposure, UBO depth 4, sanctions hits 0."
CP-01552,Counterparty 01552 Holdings,AE,low,2026-01-29,0,1,"Grounded summary for CP-01552: jurisdictional exposure, UBO depth 1, sanctions hits 0."
CP-01553,Counterparty 01553 Holdings,SG,critical,2026-01-28,0,2,"Grounded summary for CP-01553: jurisdictional exposure, UBO depth 2, sanctions hits 0."
CP-01554,Counterparty 01554 Holdings,US,high,2026-01-27,0,3,"Grounded summary for CP-01554: jurisdictional exposure, UBO depth 3, sanctions hits 0."
CP-01555,Counterparty 01555 Holdings,GB,medium,2026-01-26,0,4,"Grounded summary for CP-01555: jurisdictional exposure, UBO depth 4, sanctions hits 0."
CP-01556,Counterparty 01556 Holdings,KY,low,2026-01-25,0,1,"Grounded summary for CP-01556: jurisdictional exposure, UBO depth 1, sanctions hits 0."
CP-01557,Counterparty 01557 Holdings,DE,critical,2026-01-24,0,2,"Grounded summary for CP-01557: jurisdictional exposure, UBO depth 2, sanctions hits 0."
CP-01558,Counterparty 01558 Holdings,AE,high,2026-01-23,0,3,"Grounded summary for CP-01558: jurisdictional exposure, UBO depth 3, sanctions hits 0."
CP-01559,Counterparty 01559 Holdings,SG,medium,2026-01-22,0,4,"Grounded summary for CP-01559: jurisdictional exposure, UBO depth 4, sanctions hits 0."
CP-01560,Counterparty 01560 Holdings,US,low,2026-01-21,0,1,"Grounded summary for CP-01560: jurisdictional exposure, UBO depth 1, sanctions hits 0."
CP-01561,Counterparty 01561 Holdings,GB,critical,2026-01-20,0,2,"Grounded summary for CP-01561: jurisdictional exposure, UBO depth 2, sanctions hits 0."
CP-01562,Counterparty 01562 Holdings,KY,high,2026-01-19,0,3,"Grounded summary for CP-01562: jurisdictional exposure, UBO depth 3, sanctions hits 0."
CP-01563,Counterparty 01563 Holdings,DE,medium,2026-01-18,0,4,"Grounded summary for CP-01563: jurisdictional exposure, UBO depth 4, sanctions hits 0."
CP-01564,Counterparty 01564 Holdings,AE,low,2026-01-17,0,1,"Grounded summary for CP-01564: jurisdictional exposure, UBO depth 1, sanctions hits 0."
CP-01565,Counterparty 01565 Holdings,SG,critical,2026-01-16,0,2,"Grounded summary for CP-01565: jurisdictional exposure, UBO depth 2, sanctions hits 0."
CP-01566,Counterparty 01566 Holdings,US,high,2026-01-15,0,3,"Grounded summary for CP-01566: jurisdictional exposure, UBO depth 3, sanctions hits 0."
CP-01567,Counterparty 01567 Holdings,GB,medium,2026-01-14,0,4,"Grounded summary for CP-01567: jurisdictional exposure, UBO depth 4, sanctions hits 0."
CP-01568,Counterparty 01568 Holdings,KY,low,2026-01-13,0,1,"Grounded summary for CP-01568: jurisdictional exposure, UBO depth 1, sanctions hits 0."
CP-01569,Counterparty 01569 Holdings,DE,critical,2026-01-12,0,2,"Grounded summary for CP-01569: jurisdictional exposure, UBO depth 2, sanctions hits 0."
CP-01570,Counterparty 01570 Holdings,AE,high,2026-01-11,0,3,"Grounded summary for CP-01570: jurisdictional exposure, UBO depth 3, sanctions hits 0."
CP-01571,Counterparty 01571 Holdings,SG,medium,2026-01-10,0,4,"Grounded summary for CP-01571: jurisdictional exposure, UBO depth 4, sanctions hits 0."
CP-01572,Counterparty 01572 Holdings,US,low,2026-01-09,0,1,"Grounded summary for CP-01572: jurisdictional exposure, UBO depth 1, sanctions hits 0."
CP-01573,Counterparty 01573 Holdings,GB,critical,2026-01-08,0,2,"Grounded summary for CP-01573: jurisdictional exposure, UBO depth 2, sanctions hits 0."
CP-01574,Counterparty 01574 Holdings,KY,high,2026-01-07,0,3,"Grounded summary for CP-01574: jurisdictional exposure, UBO depth 3, sanctions hits 0."
CP-01575,Counterparty 01575 Holdings,DE,medium,2026-01-06,0,4,"Grounded summary for CP-01575: jurisdictional exposure, UBO depth 4, sanctions hits 0."
CP-01576,Counterparty 01576 Holdings,AE,low,2026-01-05,0,1,"Grounded summary for CP-01576: jurisdictional exposure, UBO depth 1, sanctions hits 0."
CP-01577,Counterparty 01577 Holdings,SG,critical,2026-01-04,0,2,"Grounded summary for CP-01577: jurisdictional exposure, UBO depth 2, sanctions hits 0."
CP-01578,Counterparty 01578 Holdings,US,high,2026-01-03,0,3,"Grounded summary for CP-01578: jurisdictional exposure, UBO depth 3, sanctions hits 0."
CP-01579,Counterparty 01579 Holdings,GB,medium,2026-01-02,0,4,"Grounded summary for CP-01579: jurisdictional exposure, UBO depth 4, sanctions hits 0."
CP-01580,Counterparty 01580 Holdings,KY,low,2026-01-01,0,1,"Grounded summary for CP-01580: jurisdictional exposure, UBO depth 1, sanctions hits 0."
CP-01581,Counterparty 01581 Holdings,DE,critical,2025-12-31,0,2,"Grounded summary for CP-01581: jurisdictional exposure, UBO depth 2, sanctions hits 0."
CP-01582,Counterparty 01582 Holdings,AE,high,2025-12-30,0,3,"Grounded summary for CP-01582: jurisdictional exposure, UBO depth 3, sanctions hits 0."
CP-01583,Counterparty 01583 Holdings,SG,medium,2025-12-29,0,4,"Grounded summary for CP-01583: jurisdictional exposure, UBO depth 4, sanctions hits 0."
CP-01584,Counterparty 01584 Holdings,US,low,2025-12-28,0,1,"Grounded summary for CP-01584: jurisdictional exposure, UBO depth 1, sanctions hits 0."
CP-01585,Counterparty 01585 Holdings,GB,critical,2025-12-27,0,2,"Grounded summary for CP-01585: jurisdictional exposure, UBO depth 2, sanctions hits 0."
CP-01586,Counterparty 01586 Holdings,KY,high,2025-12-26,0,3,"Grounded summary for CP-01586: jurisdictional exposure, UBO depth 3, sanctions hits 0."
CP-01587,Counterparty 01587 Holdings,DE,medium,2025-12-25,0,4,"Grounded summary for CP-01587: jurisdictional exposure, UBO depth 4, sanctions hits 0."
CP-01588,Counterparty 01588 Holdings,AE,low,2025-12-24,0,1,"Grounded summary for CP-01588: jurisdictional exposure, UBO depth 1, sanctions hits 0."
CP-01589,Counterparty 01589 Holdings,SG,critical,2025-12-23,0,2,"Grounded summary for CP-01589: jurisdictional exposure, UBO depth 2, sanctions hits 0."
CP-01590,Counterparty 01590 Holdings,US,high,2025-12-22,0,3,"Grounded summary for CP-01590: jurisdictional exposure, UBO depth 3, sanctions hits 0."
CP-01591,Counterparty 01591 Holdings,GB,medium,2025-12-21,0,4,"Grounded summary for CP-01591: jurisdictional exposure, UBO depth 4, sanctions hits 0."
CP-01592,Counterparty 01592 Holdings,KY,low,2025-12-20,0,1,"Grounded summary for CP-01592: jurisdictional exposure, UBO depth 1, sanctions hits 0."
CP-01593,Counterparty 01593 Holdings,DE,critical,2025-12-19,0,2,"Grounded summary for CP-01593: jurisdictional exposure, UBO depth 2, sanctions hits 0."
CP-01594,Counterparty 01594 Holdings,AE,high,2025-12-18,0,3,"Grounded summary for CP-01594: jurisdictional exposure, UBO depth 3, sanctions hits 0."
CP-01595,Counterparty 01595 Holdings,SG,medium,2025-12-17,0,4,"Grounded summary for CP-01595: jurisdictional exposure, UBO depth 4, sanctions hits 0."
CP-01596,Counterparty 01596 Holdings,US,low,2025-12-16,0,1,"Grounded summary for CP-01596: jurisdictional exposure, UBO depth 1, sanctions hits 0."
CP-01597,Counterparty 01597 Holdings,GB,critical,2025-12-15,0,2,"Grounded summary for CP-01597: jurisdictional exposure, UBO depth 2, sanctions hits 0."
CP-01598,Counterparty 01598 Holdings,KY,high,2025-12-14,0,3,"Grounded summary for CP-01598: jurisdictional exposure, UBO depth 3, sanctions hits 0."
CP-01599,Counterparty 01599 Holdings,DE,medium,2025-12-13,0,4,"Grounded summary for CP-01599: jurisdictional exposure, UBO depth 4, sanctions hits 0."
CP-01600,Counterparty 01600 Holdings,AE,low,2025-12-12,0,1,"Grounded summary for CP-01600: jurisdictional exposure, UBO depth 1, sanctions hits 0."
CP-01601,Counterparty 01601 Holdings,SG,critical,2025-12-11,0,2,"Grounded summary for CP-01601: jurisdictional exposure, UBO depth 2, sanctions hits 0."
CP-01602,Counterparty 01602 Holdings,US,high,2025-12-10,0,3,"Grounded summary for CP-01602: jurisdictional exposure, UBO depth 3, sanctions hits 0."
CP-01603,Counterparty 01603 Holdings,GB,medium,2025-12-09,0,4,"Grounded summary for CP-01603: jurisdictional exposure, UBO depth 4, sanctions hits 0."
CP-01604,Counterparty 01604 Holdings,KY,low,2025-12-08,0,1,"Grounded summary for CP-01604: jurisdictional exposure, UBO depth 1, sanctions hits 0."
CP-01605,Counterparty 01605 Holdings,DE,critical,2025-12-07,0,2,"Grounded summary for CP-01605: jurisdictional exposure, UBO depth 2, sanctions hits 0."
CP-01606,Counterparty 01606 Holdings,AE,high,2025-12-06,0,3,"Grounded summary for CP-01606: jurisdictional exposure, UBO depth 3, sanctions hits 0."
CP-01607,Counterparty 01607 Holdings,SG,medium,2025-12-05,0,4,"Grounded summary for CP-01607: jurisdictional exposure, UBO depth 4, sanctions hits 0."
CP-01608,Counterparty 01608 Holdings,US,low,2025-12-04,0,1,"Grounded summary for CP-01608: jurisdictional exposure, UBO depth 1, sanctions hits 0."
CP-01609,Counterparty 01609 Holdings,GB,critical,2025-12-03,0,2,"Grounded summary for CP-01609: jurisdictional exposure, UBO depth 2, sanctions hits 0."
CP-01610,Counterparty 01610 Holdings,KY,high,2025-12-02,0,3,"Grounded summary for CP-01610: jurisdictional exposure, UBO depth 3, sanctions hits 0."
CP-01611,Counterparty 01611 Holdings,DE,medium,2025-12-01,0,4,"Grounded summary for CP-01611: jurisdictional exposure, UBO depth 4, sanctions hits 0."
CP-01612,Counterparty 01612 Holdings,AE,low,2025-11-30,0,1,"Grounded summary for CP-01612: jurisdictional exposure, UBO depth 1, sanctions hits 0."
CP-01613,Counterparty 01613 Holdings,SG,critical,2025-11-29,0,2,"Grounded summary for CP-01613: jurisdictional exposure, UBO depth 2, sanctions hits 0."
CP-01614,Counterparty 01614 Holdings,US,high,2025-11-28,0,3,"Grounded summary for CP-01614: jurisdictional exposure, UBO depth 3, sanctions hits 0."
CP-01615,Counterparty 01615 Holdings,GB,medium,2025-11-27,0,4,"Grounded summary for CP-01615: jurisdictional exposure, UBO depth 4, sanctions hits 0."
CP-01616,Counterparty 01616 Holdings,KY,low,2025-11-26,0,1,"Grounded summary for CP-01616: jurisdictional exposure, UBO depth 1, sanctions hits 0."
CP-01617,Counterparty 01617 Holdings,DE,critical,2025-11-25,0,2,"Grounded summary for CP-01617: jurisdictional exposure, UBO depth 2, sanctions hits 0."
CP-01618,Counterparty 01618 Holdings,AE,high,2025-11-24,0,3,"Grounded summary for CP-01618: jurisdictional exposure, UBO depth 3, sanctions hits 0."
CP-01619,Counterparty 01619 Holdings,SG,medium,2025-11-23,0,4,"Grounded summary for CP-01619: jurisdictional exposure, UBO depth 4, sanctions hits 0."
CP-01620,Counterparty 01620 Holdings,US,low,2025-11-22,0,1,"Grounded summary for CP-01620: jurisdictional exposure, UBO depth 1, sanctions hits 0."
CP-01621,Counterparty 01621 Holdings,GB,critical,2025-11-21,0,2,"Grounded summary for CP-01621: jurisdictional exposure, UBO depth 2, sanctions hits 0."
CP-01622,Counterparty 01622 Holdings,KY,high,2025-11-20,0,3,"Grounded summary for CP-01622: jurisdictional exposure, UBO depth 3, sanctions hits 0."
CP-01623,Counterparty 01623 Holdings,DE,medium,2025-11-19,0,4,"Grounded summary for CP-01623: jurisdictional exposure, UBO depth 4, sanctions hits 0."
CP-01624,Counterparty 01624 Holdings,AE,low,2025-11-18,0,1,"Grounded summary for CP-01624: jurisdictional exposure, UBO depth 1, sanctions hits 0."
CP-01625,Counterparty 01625 Holdings,SG,critical,2025-11-17,0,2,"Grounded summary for CP-01625: jurisdictional exposure, UBO depth 2, sanctions hits 0."
CP-01626,Counterparty 01626 Holdings,US,high,2025-11-16,0,3,"Grounded summary for CP-01626: jurisdictional exposure, UBO depth 3, sanctions hits 0."
CP-01627,Counterparty 01627 Holdings,GB,medium,2025-11-15,0,4,"Grounded summary for CP-01627: jurisdictional exposure, UBO depth 4, sanctions hits 0."
CP-01628,Counterparty 01628 Holdings,KY,low,2025-11-14,0,1,"Grounded summary for CP-01628: jurisdictional exposure, UBO depth 1, sanctions hits 0."
CP-01629,Counterparty 01629 Holdings,DE,critical,2025-11-13,0,2,"Grounded summary for CP-01629: jurisdictional exposure, UBO depth 2, sanctions hits 0."
CP-01630,Counterparty 01630 Holdings,AE,high,2025-11-12,0,3,"Grounded summary for CP-01630: jurisdictional exposure, UBO depth 3, sanctions hits 0."
CP-01631,Counterparty 01631 Holdings,SG,medium,2025-11-11,0,4,"Grounded summary for CP-01631: jurisdictional exposure, UBO depth 4, sanctions hits 0."
CP-01632,Counterparty 01632 Holdings,US,low,2025-11-10,0,1,"Grounded summary for CP-01632: jurisdictional exposure, UBO depth 1, sanctions hits 0."
CP-01633,Counterparty 01633 Holdings,GB,critical,2025-11-09,0,2,"Grounded summary for CP-01633: jurisdictional exposure, UBO depth 2, sanctions hits 0."
CP-01634,Counterparty 01634 Holdings,KY,high,2025-11-08,0,3,"Grounded summary for CP-01634: jurisdictional exposure, UBO depth 3, sanctions hits 0."
CP-01635,Counterparty 01635 Holdings,DE,medium,2025-11-07,0,4,"Grounded summary for CP-01635: jurisdictional exposure, UBO depth 4, sanctions hits 0."
CP-01636,Counterparty 01636 Holdings,AE,low,2025-11-06,0,1,"Grounded summary for CP-01636: jurisdictional exposure, UBO depth 1, sanctions hits 0."
CP-01637,Counterparty 01637 Holdings,SG,critical,2025-11-05,0,2,"Grounded summary for CP-01637: jurisdictional exposure, UBO depth 2, sanctions hits 0."
CP-01638,Counterparty 01638 Holdings,US,high,2025-11-04,0,3,"Grounded summary for CP-01638: jurisdictional exposure, UBO depth 3, sanctions hits 0."
CP-01639,Counterparty 01639 Holdings,GB,medium,2025-11-03,0,4,"Grounded summary for CP-01639: jurisdictional exposure, UBO depth 4, sanctions hits 0."
CP-01640,Counterparty 01640 Holdings,KY,low,2025-11-02,0,1,"Grounded summary for CP-01640: jurisdictional exposure, UBO depth 1, sanctions hits 0."
CP-01641,Counterparty 01641 Holdings,DE,critical,2025-11-01,0,2,"Grounded summary for CP-01641: jurisdictional exposure, UBO depth 2, sanctions hits 0."
CP-01642,Counterparty 01642 Holdings,AE,high,2025-10-31,0,3,"Grounded summary for CP-01642: jurisdictional exposure, UBO depth 3, sanctions hits 0."
CP-01643,Counterparty 01643 Holdings,SG,medium,2025-10-30,0,4,"Grounded summary for CP-01643: jurisdictional exposure, UBO depth 4, sanctions hits 0."
CP-01644,Counterparty 01644 Holdings,US,low,2025-10-29,0,1,"Grounded summary for CP-01644: jurisdictional exposure, UBO depth 1, sanctions hits 0."
CP-01645,Counterparty 01645 Holdings,GB,critical,2025-10-28,0,2,"Grounded summary for CP-01645: jurisdictional exposure, UBO depth 2, sanctions hits 0."
CP-01646,Counterparty 01646 Holdings,KY,high,2025-10-27,0,3,"Grounded summary for CP-01646: jurisdictional exposure, UBO depth 3, sanctions hits 0."
CP-01647,Counterparty 01647 Holdings,DE,medium,2025-10-26,0,4,"Grounded summary for CP-01647: jurisdictional exposure, UBO depth 4, sanctions hits 0."
CP-01648,Counterparty 01648 Holdings,AE,low,2025-10-25,0,1,"Grounded summary for CP-01648: jurisdictional exposure, UBO depth 1, sanctions hits 0."
CP-01649,Counterparty 01649 Holdings,SG,critical,2025-10-24,0,2,"Grounded summary for CP-01649: jurisdictional exposure, UBO depth 2, sanctions hits 0."
CP-01650,Counterparty 01650 Holdings,US,high,2025-10-23,0,3,"Grounded summary for CP-01650: jurisdictional exposure, UBO depth 3, sanctions hits 0."
CP-01651,Counterparty 01651 Holdings,GB,medium,2025-10-22,0,4,"Grounded summary for CP-01651: jurisdictional exposure, UBO depth 4, sanctions hits 0."
CP-01652,Counterparty 01652 Holdings,KY,low,2025-10-21,0,1,"Grounded summary for CP-01652: jurisdictional exposure, UBO depth 1, sanctions hits 0."
CP-01653,Counterparty 01653 Holdings,DE,critical,2025-10-20,0,2,"Grounded summary for CP-01653: jurisdictional exposure, UBO depth 2, sanctions hits 0."
CP-01654,Counterparty 01654 Holdings,AE,high,2025-10-19,0,3,"Grounded summary for CP-01654: jurisdictional exposure, UBO depth 3, sanctions hits 0."
CP-01655,Counterparty 01655 Holdings,SG,medium,2025-10-18,0,4,"Grounded summary for CP-01655: jurisdictional exposure, UBO depth 4, sanctions hits 0."
CP-01656,Counterparty 01656 Holdings,US,low,2025-10-17,0,1,"Grounded summary for CP-01656: jurisdictional exposure, UBO depth 1, sanctions hits 0."
CP-01657,Counterparty 01657 Holdings,GB,critical,2025-10-16,0,2,"Grounded summary for CP-01657: jurisdictional exposure, UBO depth 2, sanctions hits 0."
CP-01658,Counterparty 01658 Holdings,KY,high,2025-10-15,0,3,"Grounded summary for CP-01658: jurisdictional exposure, UBO depth 3, sanctions hits 0."
CP-01659,Counterparty 01659 Holdings,DE,medium,2025-10-14,0,4,"Grounded summary for CP-01659: jurisdictional exposure, UBO depth 4, sanctions hits 0."
CP-01660,Counterparty 01660 Holdings,AE,low,2025-10-13,0,1,"Grounded summary for CP-01660: jurisdictional exposure, UBO depth 1, sanctions hits 0."
CP-01661,Counterparty 01661 Holdings,SG,critical,2025-10-12,0,2,"Grounded summary for CP-01661: jurisdictional exposure, UBO depth 2, sanctions hits 0."
CP-01662,Counterparty 01662 Holdings,US,high,2025-10-11,0,3,"Grounded summary for CP-01662: jurisdictional exposure, UBO depth 3, sanctions hits 0."
CP-01663,Counterparty 01663 Holdings,GB,medium,2025-10-10,0,4,"Grounded summary for CP-01663: jurisdictional exposure, UBO depth 4, sanctions hits 0."
CP-01664,Counterparty 01664 Holdings,KY,low,2025-10-09,0,1,"Grounded summary for CP-01664: jurisdictional exposure, UBO depth 1, sanctions hits 0."
CP-01665,Counterparty 01665 Holdings,DE,critical,2025-10-08,0,2,"Grounded summary for CP-01665: jurisdictional exposure, UBO depth 2, sanctions hits 0."
CP-01666,Counterparty 01666 Holdings,AE,high,2025-10-07,0,3,"Grounded summary for CP-01666: jurisdictional exposure, UBO depth 3, sanctions hits 0."
CP-01667,Counterparty 01667 Holdings,SG,medium,2025-10-06,0,4,"Grounded summary for CP-01667: jurisdictional exposure, UBO depth 4, sanctions hits 0."
CP-01668,Counterparty 01668 Holdings,US,low,2025-10-05,0,1,"Grounded summary for CP-01668: jurisdictional exposure, UBO depth 1, sanctions hits 0."
CP-01669,Counterparty 01669 Holdings,GB,critical,2025-10-04,0,2,"Grounded summary for CP-01669: jurisdictional exposure, UBO depth 2, sanctions hits 0."
CP-01670,Counterparty 01670 Holdings,KY,high,2025-10-03,0,3,"Grounded summary for CP-01670: jurisdictional exposure, UBO depth 3, sanctions hits 0."
CP-01671,Counterparty 01671 Holdings,DE,medium,2025-10-02,0,4,"Grounded summary for CP-01671: jurisdictional exposure, UBO depth 4, sanctions hits 0."
CP-01672,Counterparty 01672 Holdings,AE,low,2025-10-01,0,1,"Grounded summary for CP-01672: jurisdictional exposure, UBO depth 1, sanctions hits 0."
CP-01673,Counterparty 01673 Holdings,SG,critical,2025-09-30,0,2,"Grounded summary for CP-01673: jurisdictional exposure, UBO depth 2, sanctions hits 0."
CP-01674,Counterparty 01674 Holdings,US,high,2025-09-29,0,3,"Grounded summary for CP-01674: jurisdictional exposure, UBO depth 3, sanctions hits 0."
CP-01675,Counterparty 01675 Holdings,GB,medium,2025-09-28,0,4,"Grounded summary for CP-01675: jurisdictional exposure, UBO depth 4, sanctions hits 0."
CP-01676,Counterparty 01676 Holdings,KY,low,2025-09-27,0,1,"Grounded summary for CP-01676: jurisdictional exposure, UBO depth 1, sanctions hits 0."
CP-01677,Counterparty 01677 Holdings,DE,critical,2025-09-26,0,2,"Grounded summary for CP-01677: jurisdictional exposure, UBO depth 2, sanctions hits 0."
CP-01678,Counterparty 01678 Holdings,AE,high,2025-09-25,0,3,"Grounded summary for CP-01678: jurisdictional exposure, UBO depth 3, sanctions hits 0."
CP-01679,Counterparty 01679 Holdings,SG,medium,2025-09-24,0,4,"Grounded summary for CP-01679: jurisdictional exposure, UBO depth 4, sanctions hits 0."
CP-01680,Counterparty 01680 Holdings,US,low,2025-09-23,0,1,"Grounded summary for CP-01680: jurisdictional exposure, UBO depth 1, sanctions hits 0."
CP-01681,Counterparty 01681 Holdings,GB,critical,2025-09-22,0,2,"Grounded summary for CP-01681: jurisdictional exposure, UBO depth 2, sanctions hits 0."
CP-01682,Counterparty 01682 Holdings,KY,high,2025-09-21,0,3,"Grounded summary for CP-01682: jurisdictional exposure, UBO depth 3, sanctions hits 0."
CP-01683,Counterparty 01683 Holdings,DE,medium,2025-09-20,0,4,"Grounded summary for CP-01683: jurisdictional exposure, UBO depth 4, sanctions hits 0."
CP-01684,Counterparty 01684 Holdings,AE,low,2025-09-19,0,1,"Grounded summary for CP-01684: jurisdictional exposure, UBO depth 1, sanctions hits 0."
CP-01685,Counterparty 01685 Holdings,SG,critical,2025-09-18,0,2,"Grounded summary for CP-01685: jurisdictional exposure, UBO depth 2, sanctions hits 0."
CP-01686,Counterparty 01686 Holdings,US,high,2025-09-17,0,3,"Grounded summary for CP-01686: jurisdictional exposure, UBO depth 3, sanctions hits 0."
CP-01687,Counterparty 01687 Holdings,GB,medium,2025-09-16,0,4,"Grounded summary for CP-01687: jurisdictional exposure, UBO depth 4, sanctions hits 0."
CP-01688,Counterparty 01688 Holdings,KY,low,2025-09-15,0,1,"Grounded summary for CP-01688: jurisdictional exposure, UBO depth 1, sanctions hits 0."
CP-01689,Counterparty 01689 Holdings,DE,critical,2025-09-14,0,2,"Grounded summary for CP-01689: jurisdictional exposure, UBO depth 2, sanctions hits 0."
CP-01690,Counterparty 01690 Holdings,AE,high,2025-09-13,0,3,"Grounded summary for CP-01690: jurisdictional exposure, UBO depth 3, sanctions hits 0."
CP-01691,Counterparty 01691 Holdings,SG,medium,2025-09-12,0,4,"Grounded summary for CP-01691: jurisdictional exposure, UBO depth 4, sanctions hits 0."
CP-01692,Counterparty 01692 Holdings,US,low,2025-09-11,0,1,"Grounded summary for CP-01692: jurisdictional exposure, UBO depth 1, sanctions hits 0."
CP-01693,Counterparty 01693 Holdings,GB,critical,2025-09-10,0,2,"Grounded summary for CP-01693: jurisdictional exposure, UBO depth 2, sanctions hits 0."
CP-01694,Counterparty 01694 Holdings,KY,high,2025-09-09,0,3,"Grounded summary for CP-01694: jurisdictional exposure, UBO depth 3, sanctions hits 0."
CP-01695,Counterparty 01695 Holdings,DE,medium,2025-09-08,0,4,"Grounded summary for CP-01695: jurisdictional exposure, UBO depth 4, sanctions hits 0."
CP-01696,Counterparty 01696 Holdings,AE,low,2025-09-07,0,1,"Grounded summary for CP-01696: jurisdictional exposure, UBO depth 1, sanctions hits 0."
CP-01697,Counterparty 01697 Holdings,SG,critical,2025-09-06,0,2,"Grounded summary for CP-01697: jurisdictional exposure, UBO depth 2, sanctions hits 0."
CP-01698,Counterparty 01698 Holdings,US,high,2025-09-05,0,3,"Grounded summary for CP-01698: jurisdictional exposure, UBO depth 3, sanctions hits 0."
CP-01699,Counterparty 01699 Holdings,GB,medium,2025-09-04,0,4,"Grounded summary for CP-01699: jurisdictional exposure, UBO depth 4, sanctions hits 0."
CP-01700,Counterparty 01700 Holdings,KY,low,2025-09-03,0,1,"Grounded summary for CP-01700: jurisdictional exposure, UBO depth 1, sanctions hits 0."
CP-01701,Counterparty 01701 Holdings,DE,critical,2025-09-02,0,2,"Grounded summary for CP-01701: jurisdictional exposure, UBO depth 2, sanctions hits 0."
CP-01702,Counterparty 01702 Holdings,AE,high,2025-09-01,0,3,"Grounded summary for CP-01702: jurisdictional exposure, UBO depth 3, sanctions hits 0."
CP-01703,Counterparty 01703 Holdings,SG,medium,2025-08-31,0,4,"Grounded summary for CP-01703: jurisdictional exposure, UBO depth 4, sanctions hits 0."
CP-01704,Counterparty 01704 Holdings,US,low,2025-08-30,0,1,"Grounded summary for CP-01704: jurisdictional exposure, UBO depth 1, sanctions hits 0."
CP-01705,Counterparty 01705 Holdings,GB,critical,2025-08-29,0,2,"Grounded summary for CP-01705: jurisdictional exposure, UBO depth 2, sanctions hits 0."
CP-01706,Counterparty 01706 Holdings,KY,high,2025-08-28,0,3,"Grounded summary for CP-01706: jurisdictional exposure, UBO depth 3, sanctions hits 0."
CP-01707,Counterparty 01707 Holdings,DE,medium,2025-08-27,0,4,"Grounded summary for CP-01707: jurisdictional exposure, UBO depth 4, sanctions hits 0."
CP-01708,Counterparty 01708 Holdings,AE,low,2025-08-26,0,1,"Grounded summary for CP-01708: jurisdictional exposure, UBO depth 1, sanctions hits 0."
CP-01709,Counterparty 01709 Holdings,SG,critical,2025-08-25,0,2,"Grounded summary for CP-01709: jurisdictional exposure, UBO depth 2, sanctions hits 0."
CP-01710,Counterparty 01710 Holdings,US,high,2025-08-24,0,3,"Grounded summary for CP-01710: jurisdictional exposure, UBO depth 3, sanctions hits 0."
CP-01711,Counterparty 01711 Holdings,GB,medium,2025-08-23,0,4,"Grounded summary for CP-01711: jurisdictional exposure, UBO depth 4, sanctions hits 0."
CP-01712,Counterparty 01712 Holdings,KY,low,2025-08-22,0,1,"Grounded summary for CP-01712: jurisdictional exposure, UBO depth 1, sanctions hits 0."
CP-01713,Counterparty 01713 Holdings,DE,critical,2025-08-21,0,2,"Grounded summary for CP-01713: jurisdictional exposure, UBO depth 2, sanctions hits 0."
CP-01714,Counterparty 01714 Holdings,AE,high,2025-08-20,0,3,"Grounded summary for CP-01714: jurisdictional exposure, UBO depth 3, sanctions hits 0."
CP-01715,Counterparty 01715 Holdings,SG,medium,2025-08-19,0,4,"Grounded summary for CP-01715: jurisdictional exposure, UBO depth 4, sanctions hits 0."
CP-01716,Counterparty 01716 Holdings,US,low,2025-08-18,0,1,"Grounded summary for CP-01716: jurisdictional exposure, UBO depth 1, sanctions hits 0."
CP-01717,Counterparty 01717 Holdings,GB,critical,2025-08-17,0,2,"Grounded summary for CP-01717: jurisdictional exposure, UBO depth 2, sanctions hits 0."
CP-01718,Counterparty 01718 Holdings,KY,high,2025-08-16,0,3,"Grounded summary for CP-01718: jurisdictional exposure, UBO depth 3, sanctions hits 0."
CP-01719,Counterparty 01719 Holdings,DE,medium,2025-08-15,0,4,"Grounded summary for CP-01719: jurisdictional exposure, UBO depth 4, sanctions hits 0."
CP-01720,Counterparty 01720 Holdings,AE,low,2025-08-14,0,1,"Grounded summary for CP-01720: jurisdictional exposure, UBO depth 1, sanctions hits 0."
CP-01721,Counterparty 01721 Holdings,SG,critical,2025-08-13,0,2,"Grounded summary for CP-01721: jurisdictional exposure, UBO depth 2, sanctions hits 0."
CP-01722,Counterparty 01722 Holdings,US,high,2025-08-12,0,3,"Grounded summary for CP-01722: jurisdictional exposure, UBO depth 3, sanctions hits 0."
CP-01723,Counterparty 01723 Holdings,GB,medium,2025-08-11,0,4,"Grounded summary for CP-01723: jurisdictional exposure, UBO depth 4, sanctions hits 0."
CP-01724,Counterparty 01724 Holdings,KY,low,2025-08-10,0,1,"Grounded summary for CP-01724: jurisdictional exposure, UBO depth 1, sanctions hits 0."
CP-01725,Counterparty 01725 Holdings,DE,critical,2025-08-09,0,2,"Grounded summary for CP-01725: jurisdictional exposure, UBO depth 2, sanctions hits 0."
CP-01726,Counterparty 01726 Holdings,AE,high,2025-08-08,0,3,"Grounded summary for CP-01726: jurisdictional exposure, UBO depth 3, sanctions hits 0."
CP-01727,Counterparty 01727 Holdings,SG,medium,2025-08-07,0,4,"Grounded summary for CP-01727: jurisdictional exposure, UBO depth 4, sanctions hits 0."
CP-01728,Counterparty 01728 Holdings,US,low,2025-08-06,0,1,"Grounded summary for CP-01728: jurisdictional exposure, UBO depth 1, sanctions hits 0."
CP-01729,Counterparty 01729 Holdings,GB,critical,2025-08-05,0,2,"Grounded summary for CP-01729: jurisdictional exposure, UBO depth 2, sanctions hits 0."
CP-01730,Counterparty 01730 Holdings,KY,high,2025-08-04,0,3,"Grounded summary for CP-01730: jurisdictional exposure, UBO depth 3, sanctions hits 0."
CP-01731,Counterparty 01731 Holdings,DE,medium,2025-08-03,0,4,"Grounded summary for CP-01731: jurisdictional exposure, UBO depth 4, sanctions hits 0."
CP-01732,Counterparty 01732 Holdings,AE,low,2025-08-02,0,1,"Grounded summary for CP-01732: jurisdictional exposure, UBO depth 1, sanctions hits 0."
CP-01733,Counterparty 01733 Holdings,SG,critical,2025-08-01,0,2,"Grounded summary for CP-01733: jurisdictional exposure, UBO depth 2, sanctions hits 0."
CP-01734,Counterparty 01734 Holdings,US,high,2025-07-31,0,3,"Grounded summary for CP-01734: jurisdictional exposure, UBO depth 3, sanctions hits 0."
CP-01735,Counterparty 01735 Holdings,GB,medium,2025-07-30,0,4,"Grounded summary for CP-01735: jurisdictional exposure, UBO depth 4, sanctions hits 0."
CP-01736,Counterparty 01736 Holdings,KY,low,2025-07-29,0,1,"Grounded summary for CP-01736: jurisdictional exposure, UBO depth 1, sanctions hits 0."
CP-01737,Counterparty 01737 Holdings,DE,critical,2025-07-28,0,2,"Grounded summary for CP-01737: jurisdictional exposure, UBO depth 2, sanctions hits 0."
CP-01738,Counterparty 01738 Holdings,AE,high,2025-07-27,0,3,"Grounded summary for CP-01738: jurisdictional exposure, UBO depth 3, sanctions hits 0."
CP-01739,Counterparty 01739 Holdings,SG,medium,2025-07-26,0,4,"Grounded summary for CP-01739: jurisdictional exposure, UBO depth 4, sanctions hits 0."
CP-01740,Counterparty 01740 Holdings,US,low,2025-07-25,0,1,"Grounded summary for CP-01740: jurisdictional exposure, UBO depth 1, sanctions hits 0."
CP-01741,Counterparty 01741 Holdings,GB,critical,2025-07-24,0,2,"Grounded summary for CP-01741: jurisdictional exposure, UBO depth 2, sanctions hits 0."
CP-01742,Counterparty 01742 Holdings,KY,high,2025-07-23,0,3,"Grounded summary for CP-01742: jurisdictional exposure, UBO depth 3, sanctions hits 0."
CP-01743,Counterparty 01743 Holdings,DE,medium,2025-07-22,0,4,"Grounded summary for CP-01743: jurisdictional exposure, UBO depth 4, sanctions hits 0."
CP-01744,Counterparty 01744 Holdings,AE,low,2025-07-21,0,1,"Grounded summary for CP-01744: jurisdictional exposure, UBO depth 1, sanctions hits 0."
CP-01745,Counterparty 01745 Holdings,SG,critical,2025-07-20,0,2,"Grounded summary for CP-01745: jurisdictional exposure, UBO depth 2, sanctions hits 0."
CP-01746,Counterparty 01746 Holdings,US,high,2025-07-19,0,3,"Grounded summary for CP-01746: jurisdictional exposure, UBO depth 3, sanctions hits 0."
CP-01747,Counterparty 01747 Holdings,GB,medium,2025-07-18,0,4,"Grounded summary for CP-01747: jurisdictional exposure, UBO depth 4, sanctions hits 0."
CP-01748,Counterparty 01748 Holdings,KY,low,2025-07-17,0,1,"Grounded summary for CP-01748: jurisdictional exposure, UBO depth 1, sanctions hits 0."
CP-01749,Counterparty 01749 Holdings,DE,critical,2025-07-16,0,2,"Grounded summary for CP-01749: jurisdictional exposure, UBO depth 2, sanctions hits 0."
CP-01750,Counterparty 01750 Holdings,AE,high,2025-07-15,0,3,"Grounded summary for CP-01750: jurisdictional exposure, UBO depth 3, sanctions hits 0."
CP-01751,Counterparty 01751 Holdings,SG,medium,2025-07-14,0,4,"Grounded summary for CP-01751: jurisdictional exposure, UBO depth 4, sanctions hits 0."
CP-01752,Counterparty 01752 Holdings,US,low,2025-07-13,0,1,"Grounded summary for CP-01752: jurisdictional exposure, UBO depth 1, sanctions hits 0."
CP-01753,Counterparty 01753 Holdings,GB,critical,2025-07-12,0,2,"Grounded summary for CP-01753: jurisdictional exposure, UBO depth 2, sanctions hits 0."
CP-01754,Counterparty 01754 Holdings,KY,high,2025-07-11,0,3,"Grounded summary for CP-01754: jurisdictional exposure, UBO depth 3, sanctions hits 0."
CP-01755,Counterparty 01755 Holdings,DE,medium,2025-07-10,0,4,"Grounded summary for CP-01755: jurisdictional exposure, UBO depth 4, sanctions hits 0."
CP-01756,Counterparty 01756 Holdings,AE,low,2025-07-09,0,1,"Grounded summary for CP-01756: jurisdictional exposure, UBO depth 1, sanctions hits 0."
CP-01757,Counterparty 01757 Holdings,SG,critical,2025-07-08,0,2,"Grounded summary for CP-01757: jurisdictional exposure, UBO depth 2, sanctions hits 0."
CP-01758,Counterparty 01758 Holdings,US,high,2025-07-07,0,3,"Grounded summary for CP-01758: jurisdictional exposure, UBO depth 3, sanctions hits 0."
CP-01759,Counterparty 01759 Holdings,GB,medium,2025-07-06,0,4,"Grounded summary for CP-01759: jurisdictional exposure, UBO depth 4, sanctions hits 0."
CP-01760,Counterparty 01760 Holdings,KY,low,2025-07-05,0,1,"Grounded summary for CP-01760: jurisdictional exposure, UBO depth 1, sanctions hits 0."
CP-01761,Counterparty 01761 Holdings,DE,critical,2025-07-04,0,2,"Grounded summary for CP-01761: jurisdictional exposure, UBO depth 2, sanctions hits 0."
CP-01762,Counterparty 01762 Holdings,AE,high,2025-07-03,0,3,"Grounded summary for CP-01762: jurisdictional exposure, UBO depth 3, sanctions hits 0."
CP-01763,Counterparty 01763 Holdings,SG,medium,2025-07-02,0,4,"Grounded summary for CP-01763: jurisdictional exposure, UBO depth 4, sanctions hits 0."
CP-01764,Counterparty 01764 Holdings,US,low,2025-07-01,0,1,"Grounded summary for CP-01764: jurisdictional exposure, UBO depth 1, sanctions hits 0."
CP-01765,Counterparty 01765 Holdings,GB,critical,2025-06-30,0,2,"Grounded summary for CP-01765: jurisdictional exposure, UBO depth 2, sanctions hits 0."
CP-01766,Counterparty 01766 Holdings,KY,high,2025-06-29,0,3,"Grounded summary for CP-01766: jurisdictional exposure, UBO depth 3, sanctions hits 0."
CP-01767,Counterparty 01767 Holdings,DE,medium,2025-06-28,0,4,"Grounded summary for CP-01767: jurisdictional exposure, UBO depth 4, sanctions hits 0."
CP-01768,Counterparty 01768 Holdings,AE,low,2025-06-27,0,1,"Grounded summary for CP-01768: jurisdictional exposure, UBO depth 1, sanctions hits 0."
CP-01769,Counterparty 01769 Holdings,SG,critical,2025-06-26,0,2,"Grounded summary for CP-01769: jurisdictional exposure, UBO depth 2, sanctions hits 0."
CP-01770,Counterparty 01770 Holdings,US,high,2025-06-25,0,3,"Grounded summary for CP-01770: jurisdictional exposure, UBO depth 3, sanctions hits 0."
CP-01771,Counterparty 01771 Holdings,GB,medium,2025-06-24,0,4,"Grounded summary for CP-01771: jurisdictional exposure, UBO depth 4, sanctions hits 0."
CP-01772,Counterparty 01772 Holdings,KY,low,2025-06-23,0,1,"Grounded summary for CP-01772: jurisdictional exposure, UBO depth 1, sanctions hits 0."
CP-01773,Counterparty 01773 Holdings,DE,critical,2025-06-22,0,2,"Grounded summary for CP-01773: jurisdictional exposure, UBO depth 2, sanctions hits 0."
CP-01774,Counterparty 01774 Holdings,AE,high,2025-06-21,0,3,"Grounded summary for CP-01774: jurisdictional exposure, UBO depth 3, sanctions hits 0."
CP-01775,Counterparty 01775 Holdings,SG,medium,2025-06-20,0,4,"Grounded summary for CP-01775: jurisdictional exposure, UBO depth 4, sanctions hits 0."
CP-01776,Counterparty 01776 Holdings,US,low,2025-06-19,0,1,"Grounded summary for CP-01776: jurisdictional exposure, UBO depth 1, sanctions hits 0."
CP-01777,Counterparty 01777 Holdings,GB,critical,2025-06-18,0,2,"Grounded summary for CP-01777: jurisdictional exposure, UBO depth 2, sanctions hits 0."
CP-01778,Counterparty 01778 Holdings,KY,high,2025-06-17,0,3,"Grounded summary for CP-01778: jurisdictional exposure, UBO depth 3, sanctions hits 0."
CP-01779,Counterparty 01779 Holdings,DE,medium,2025-06-16,0,4,"Grounded summary for CP-01779: jurisdictional exposure, UBO depth 4, sanctions hits 0."
CP-01780,Counterparty 01780 Holdings,AE,low,2025-06-15,0,1,"Grounded summary for CP-01780: jurisdictional exposure, UBO depth 1, sanctions hits 0."
CP-01781,Counterparty 01781 Holdings,SG,critical,2025-06-14,0,2,"Grounded summary for CP-01781: jurisdictional exposure, UBO depth 2, sanctions hits 0."
CP-01782,Counterparty 01782 Holdings,US,high,2025-06-13,0,3,"Grounded summary for CP-01782: jurisdictional exposure, UBO depth 3, sanctions hits 0."
CP-01783,Counterparty 01783 Holdings,GB,medium,2025-06-12,0,4,"Grounded summary for CP-01783: jurisdictional exposure, UBO depth 4, sanctions hits 0."
CP-01784,Counterparty 01784 Holdings,KY,low,2025-06-11,0,1,"Grounded summary for CP-01784: jurisdictional exposure, UBO depth 1, sanctions hits 0."
CP-01785,Counterparty 01785 Holdings,DE,critical,2025-06-10,0,2,"Grounded summary for CP-01785: jurisdictional exposure, UBO depth 2, sanctions hits 0."
CP-01786,Counterparty 01786 Holdings,AE,high,2025-06-09,0,3,"Grounded summary for CP-01786: jurisdictional exposure, UBO depth 3, sanctions hits 0."
CP-01787,Counterparty 01787 Holdings,SG,medium,2025-06-08,0,4,"Grounded summary for CP-01787: jurisdictional exposure, UBO depth 4, sanctions hits 0."
CP-01788,Counterparty 01788 Holdings,US,low,2025-06-07,0,1,"Grounded summary for CP-01788: jurisdictional exposure, UBO depth 1, sanctions hits 0."
CP-01789,Counterparty 01789 Holdings,GB,critical,2025-06-06,0,2,"Grounded summary for CP-01789: jurisdictional exposure, UBO depth 2, sanctions hits 0."
CP-01790,Counterparty 01790 Holdings,KY,high,2025-06-05,0,3,"Grounded summary for CP-01790: jurisdictional exposure, UBO depth 3, sanctions hits 0."
CP-01791,Counterparty 01791 Holdings,DE,medium,2025-06-04,0,4,"Grounded summary for CP-01791: jurisdictional exposure, UBO depth 4, sanctions hits 0."
CP-01792,Counterparty 01792 Holdings,AE,low,2025-06-03,0,1,"Grounded summary for CP-01792: jurisdictional exposure, UBO depth 1, sanctions hits 0."
CP-01793,Counterparty 01793 Holdings,SG,critical,2025-06-02,0,2,"Grounded summary for CP-01793: jurisdictional exposure, UBO depth 2, sanctions hits 0."
CP-01794,Counterparty 01794 Holdings,US,high,2025-06-01,0,3,"Grounded summary for CP-01794: jurisdictional exposure, UBO depth 3, sanctions hits 0."
CP-01795,Counterparty 01795 Holdings,GB,medium,2025-05-31,0,4,"Grounded summary for CP-01795: jurisdictional exposure, UBO depth 4, sanctions hits 0."
CP-01796,Counterparty 01796 Holdings,KY,low,2025-05-30,0,1,"Grounded summary for CP-01796: jurisdictional exposure, UBO depth 1, sanctions hits 0."
CP-01797,Counterparty 01797 Holdings,DE,critical,2025-05-29,0,2,"Grounded summary for CP-01797: jurisdictional exposure, UBO depth 2, sanctions hits 0."
CP-01798,Counterparty 01798 Holdings,AE,high,2025-05-28,0,3,"Grounded summary for CP-01798: jurisdictional exposure, UBO depth 3, sanctions hits 0."
CP-01799,Counterparty 01799 Holdings,SG,medium,2025-05-27,0,4,"Grounded summary for CP-01799: jurisdictional exposure, UBO depth 4, sanctions hits 0."
CP-01800,Counterparty 01800 Holdings,US,low,2025-05-26,0,1,"Grounded summary for CP-01800: jurisdictional exposure, UBO depth 1, sanctions hits 0."
CP-01801,Counterparty 01801 Holdings,GB,critical,2025-05-25,0,2,"Grounded summary for CP-01801: jurisdictional exposure, UBO depth 2, sanctions hits 0."
CP-01802,Counterparty 01802 Holdings,KY,high,2025-05-24,0,3,"Grounded summary for CP-01802: jurisdictional exposure, UBO depth 3, sanctions hits 0."
CP-01803,Counterparty 01803 Holdings,DE,medium,2025-05-23,0,4,"Grounded summary for CP-01803: jurisdictional exposure, UBO depth 4, sanctions hits 0."
CP-01804,Counterparty 01804 Holdings,AE,low,2025-05-22,0,1,"Grounded summary for CP-01804: jurisdictional exposure, UBO depth 1, sanctions hits 0."
CP-01805,Counterparty 01805 Holdings,SG,critical,2025-05-21,0,2,"Grounded summary for CP-01805: jurisdictional exposure, UBO depth 2, sanctions hits 0."
CP-01806,Counterparty 01806 Holdings,US,high,2025-05-20,0,3,"Grounded summary for CP-01806: jurisdictional exposure, UBO depth 3, sanctions hits 0."
CP-01807,Counterparty 01807 Holdings,GB,medium,2025-05-19,0,4,"Grounded summary for CP-01807: jurisdictional exposure, UBO depth 4, sanctions hits 0."
CP-01808,Counterparty 01808 Holdings,KY,low,2025-05-18,0,1,"Grounded summary for CP-01808: jurisdictional exposure, UBO depth 1, sanctions hits 0."
CP-01809,Counterparty 01809 Holdings,DE,critical,2025-05-17,0,2,"Grounded summary for CP-01809: jurisdictional exposure, UBO depth 2, sanctions hits 0."
CP-01810,Counterparty 01810 Holdings,AE,high,2025-05-16,0,3,"Grounded summary for CP-01810: jurisdictional exposure, UBO depth 3, sanctions hits 0."
CP-01811,Counterparty 01811 Holdings,SG,medium,2025-05-15,0,4,"Grounded summary for CP-01811: jurisdictional exposure, UBO depth 4, sanctions hits 0."
CP-01812,Counterparty 01812 Holdings,US,low,2025-05-14,0,1,"Grounded summary for CP-01812: jurisdictional exposure, UBO depth 1, sanctions hits 0."
CP-01813,Counterparty 01813 Holdings,GB,critical,2025-05-13,0,2,"Grounded summary for CP-01813: jurisdictional exposure, UBO depth 2, sanctions hits 0."
CP-01814,Counterparty 01814 Holdings,KY,high,2025-05-12,0,3,"Grounded summary for CP-01814: jurisdictional exposure, UBO depth 3, sanctions hits 0."
CP-01815,Counterparty 01815 Holdings,DE,medium,2025-05-11,0,4,"Grounded summary for CP-01815: jurisdictional exposure, UBO depth 4, sanctions hits 0."
CP-01816,Counterparty 01816 Holdings,AE,low,2025-05-10,0,1,"Grounded summary for CP-01816: jurisdictional exposure, UBO depth 1, sanctions hits 0."
CP-01817,Counterparty 01817 Holdings,SG,critical,2025-05-09,0,2,"Grounded summary for CP-01817: jurisdictional exposure, UBO depth 2, sanctions hits 0."
CP-01818,Counterparty 01818 Holdings,US,high,2025-05-08,0,3,"Grounded summary for CP-01818: jurisdictional exposure, UBO depth 3, sanctions hits 0."
CP-01819,Counterparty 01819 Holdings,GB,medium,2025-05-07,0,4,"Grounded summary for CP-01819: jurisdictional exposure, UBO depth 4, sanctions hits 0."
CP-01820,Counterparty 01820 Holdings,KY,low,2025-05-06,0,1,"Grounded summary for CP-01820: jurisdictional exposure, UBO depth 1, sanctions hits 0."
CP-01821,Counterparty 01821 Holdings,DE,critical,2025-05-05,0,2,"Grounded summary for CP-01821: jurisdictional exposure, UBO depth 2, sanctions hits 0."
CP-01822,Counterparty 01822 Holdings,AE,high,2025-05-04,0,3,"Grounded summary for CP-01822: jurisdictional exposure, UBO depth 3, sanctions hits 0."
CP-01823,Counterparty 01823 Holdings,SG,medium,2025-05-03,0,4,"Grounded summary for CP-01823: jurisdictional exposure, UBO depth 4, sanctions hits 0."
CP-01824,Counterparty 01824 Holdings,US,low,2025-05-02,0,1,"Grounded summary for CP-01824: jurisdictional exposure, UBO depth 1, sanctions hits 0."
CP-01825,Counterparty 01825 Holdings,GB,critical,2026-05-01,0,2,"Grounded summary for CP-01825: jurisdictional exposure, UBO depth 2, sanctions hits 0."
CP-01826,Counterparty 01826 Holdings,KY,high,2026-04-30,0,3,"Grounded summary for CP-01826: jurisdictional exposure, UBO depth 3, sanctions hits 0."
CP-01827,Counterparty 01827 Holdings,DE,medium,2026-04-29,0,4,"Grounded summary for CP-01827: jurisdictional exposure, UBO depth 4, sanctions hits 0."
CP-01828,Counterparty 01828 Holdings,AE,low,2026-04-28,0,1,"Grounded summary for CP-01828: jurisdictional exposure, UBO depth 1, sanctions hits 0."
CP-01829,Counterparty 01829 Holdings,SG,critical,2026-04-27,0,2,"Grounded summary for CP-01829: jurisdictional exposure, UBO depth 2, sanctions hits 0."
CP-01830,Counterparty 01830 Holdings,US,high,2026-04-26,0,3,"Grounded summary for CP-01830: jurisdictional exposure, UBO depth 3, sanctions hits 0."
CP-01831,Counterparty 01831 Holdings,GB,medium,2026-04-25,0,4,"Grounded summary for CP-01831: jurisdictional exposure, UBO depth 4, sanctions hits 0."
CP-01832,Counterparty 01832 Holdings,KY,low,2026-04-24,0,1,"Grounded summary for CP-01832: jurisdictional exposure, UBO depth 1, sanctions hits 0."
CP-01833,Counterparty 01833 Holdings,DE,critical,2026-04-23,0,2,"Grounded summary for CP-01833: jurisdictional exposure, UBO depth 2, sanctions hits 0."
CP-01834,Counterparty 01834 Holdings,AE,high,2026-04-22,0,3,"Grounded summary for CP-01834: jurisdictional exposure, UBO depth 3, sanctions hits 0."
CP-01835,Counterparty 01835 Holdings,SG,medium,2026-04-21,0,4,"Grounded summary for CP-01835: jurisdictional exposure, UBO depth 4, sanctions hits 0."
CP-01836,Counterparty 01836 Holdings,US,low,2026-04-20,0,1,"Grounded summary for CP-01836: jurisdictional exposure, UBO depth 1, sanctions hits 0."
CP-01837,Counterparty 01837 Holdings,GB,critical,2026-04-19,0,2,"Grounded summary for CP-01837: jurisdictional exposure, UBO depth 2, sanctions hits 0."
CP-01838,Counterparty 01838 Holdings,KY,high,2026-04-18,0,3,"Grounded summary for CP-01838: jurisdictional exposure, UBO depth 3, sanctions hits 0."
CP-01839,Counterparty 01839 Holdings,DE,medium,2026-04-17,0,4,"Grounded summary for CP-01839: jurisdictional exposure, UBO depth 4, sanctions hits 0."
CP-01840,Counterparty 01840 Holdings,AE,low,2026-04-16,0,1,"Grounded summary for CP-01840: jurisdictional exposure, UBO depth 1, sanctions hits 0."
CP-01841,Counterparty 01841 Holdings,SG,critical,2026-04-15,0,2,"Grounded summary for CP-01841: jurisdictional exposure, UBO depth 2, sanctions hits 0."
CP-01842,Counterparty 01842 Holdings,US,high,2026-04-14,0,3,"Grounded summary for CP-01842: jurisdictional exposure, UBO depth 3, sanctions hits 0."
CP-01843,Counterparty 01843 Holdings,GB,medium,2026-04-13,0,4,"Grounded summary for CP-01843: jurisdictional exposure, UBO depth 4, sanctions hits 0."
CP-01844,Counterparty 01844 Holdings,KY,low,2026-04-12,0,1,"Grounded summary for CP-01844: jurisdictional exposure, UBO depth 1, sanctions hits 0."
CP-01845,Counterparty 01845 Holdings,DE,critical,2026-04-11,0,2,"Grounded summary for CP-01845: jurisdictional exposure, UBO depth 2, sanctions hits 0."
CP-01846,Counterparty 01846 Holdings,AE,high,2026-04-10,0,3,"Grounded summary for CP-01846: jurisdictional exposure, UBO depth 3, sanctions hits 0."
CP-01847,Counterparty 01847 Holdings,SG,medium,2026-04-09,0,4,"Grounded summary for CP-01847: jurisdictional exposure, UBO depth 4, sanctions hits 0."
CP-01848,Counterparty 01848 Holdings,US,low,2026-04-08,0,1,"Grounded summary for CP-01848: jurisdictional exposure, UBO depth 1, sanctions hits 0."
CP-01849,Counterparty 01849 Holdings,GB,critical,2026-04-07,0,2,"Grounded summary for CP-01849: jurisdictional exposure, UBO depth 2, sanctions hits 0."
CP-01850,Counterparty 01850 Holdings,KY,high,2026-04-06,0,3,"Grounded summary for CP-01850: jurisdictional exposure, UBO depth 3, sanctions hits 0."
CP-01851,Counterparty 01851 Holdings,DE,medium,2026-04-05,0,4,"Grounded summary for CP-01851: jurisdictional exposure, UBO depth 4, sanctions hits 0."
CP-01852,Counterparty 01852 Holdings,AE,low,2026-04-04,0,1,"Grounded summary for CP-01852: jurisdictional exposure, UBO depth 1, sanctions hits 0."
CP-01853,Counterparty 01853 Holdings,SG,critical,2026-04-03,0,2,"Grounded summary for CP-01853: jurisdictional exposure, UBO depth 2, sanctions hits 0."
CP-01854,Counterparty 01854 Holdings,US,high,2026-04-02,0,3,"Grounded summary for CP-01854: jurisdictional exposure, UBO depth 3, sanctions hits 0."
CP-01855,Counterparty 01855 Holdings,GB,medium,2026-04-01,0,4,"Grounded summary for CP-01855: jurisdictional exposure, UBO depth 4, sanctions hits 0."
CP-01856,Counterparty 01856 Holdings,KY,low,2026-03-31,0,1,"Grounded summary for CP-01856: jurisdictional exposure, UBO depth 1, sanctions hits 0."
CP-01857,Counterparty 01857 Holdings,DE,critical,2026-03-30,0,2,"Grounded summary for CP-01857: jurisdictional exposure, UBO depth 2, sanctions hits 0."
CP-01858,Counterparty 01858 Holdings,AE,high,2026-03-29,0,3,"Grounded summary for CP-01858: jurisdictional exposure, UBO depth 3, sanctions hits 0."
CP-01859,Counterparty 01859 Holdings,SG,medium,2026-03-28,0,4,"Grounded summary for CP-01859: jurisdictional exposure, UBO depth 4, sanctions hits 0."
CP-01860,Counterparty 01860 Holdings,US,low,2026-03-27,0,1,"Grounded summary for CP-01860: jurisdictional exposure, UBO depth 1, sanctions hits 0."
CP-01861,Counterparty 01861 Holdings,GB,critical,2026-03-26,0,2,"Grounded summary for CP-01861: jurisdictional exposure, UBO depth 2, sanctions hits 0."
CP-01862,Counterparty 01862 Holdings,KY,high,2026-03-25,0,3,"Grounded summary for CP-01862: jurisdictional exposure, UBO depth 3, sanctions hits 0."
CP-01863,Counterparty 01863 Holdings,DE,medium,2026-03-24,0,4,"Grounded summary for CP-01863: jurisdictional exposure, UBO depth 4, sanctions hits 0."
CP-01864,Counterparty 01864 Holdings,AE,low,2026-03-23,0,1,"Grounded summary for CP-01864: jurisdictional exposure, UBO depth 1, sanctions hits 0."
CP-01865,Counterparty 01865 Holdings,SG,critical,2026-03-22,0,2,"Grounded summary for CP-01865: jurisdictional exposure, UBO depth 2, sanctions hits 0."
CP-01866,Counterparty 01866 Holdings,US,high,2026-03-21,0,3,"Grounded summary for CP-01866: jurisdictional exposure, UBO depth 3, sanctions hits 0."
CP-01867,Counterparty 01867 Holdings,GB,medium,2026-03-20,0,4,"Grounded summary for CP-01867: jurisdictional exposure, UBO depth 4, sanctions hits 0."
CP-01868,Counterparty 01868 Holdings,KY,low,2026-03-19,0,1,"Grounded summary for CP-01868: jurisdictional exposure, UBO depth 1, sanctions hits 0."
CP-01869,Counterparty 01869 Holdings,DE,critical,2026-03-18,0,2,"Grounded summary for CP-01869: jurisdictional exposure, UBO depth 2, sanctions hits 0."
CP-01870,Counterparty 01870 Holdings,AE,high,2026-03-17,0,3,"Grounded summary for CP-01870: jurisdictional exposure, UBO depth 3, sanctions hits 0."
CP-01871,Counterparty 01871 Holdings,SG,medium,2026-03-16,0,4,"Grounded summary for CP-01871: jurisdictional exposure, UBO depth 4, sanctions hits 0."
CP-01872,Counterparty 01872 Holdings,US,low,2026-03-15,0,1,"Grounded summary for CP-01872: jurisdictional exposure, UBO depth 1, sanctions hits 0."
CP-01873,Counterparty 01873 Holdings,GB,critical,2026-03-14,0,2,"Grounded summary for CP-01873: jurisdictional exposure, UBO depth 2, sanctions hits 0."
CP-01874,Counterparty 01874 Holdings,KY,high,2026-03-13,0,3,"Grounded summary for CP-01874: jurisdictional exposure, UBO depth 3, sanctions hits 0."
CP-01875,Counterparty 01875 Holdings,DE,medium,2026-03-12,0,4,"Grounded summary for CP-01875: jurisdictional exposure, UBO depth 4, sanctions hits 0."
CP-01876,Counterparty 01876 Holdings,AE,low,2026-03-11,0,1,"Grounded summary for CP-01876: jurisdictional exposure, UBO depth 1, sanctions hits 0."
CP-01877,Counterparty 01877 Holdings,SG,critical,2026-03-10,0,2,"Grounded summary for CP-01877: jurisdictional exposure, UBO depth 2, sanctions hits 0."
CP-01878,Counterparty 01878 Holdings,US,high,2026-03-09,0,3,"Grounded summary for CP-01878: jurisdictional exposure, UBO depth 3, sanctions hits 0."
CP-01879,Counterparty 01879 Holdings,GB,medium,2026-03-08,0,4,"Grounded summary for CP-01879: jurisdictional exposure, UBO depth 4, sanctions hits 0."
CP-01880,Counterparty 01880 Holdings,KY,low,2026-03-07,0,1,"Grounded summary for CP-01880: jurisdictional exposure, UBO depth 1, sanctions hits 0."
CP-01881,Counterparty 01881 Holdings,DE,critical,2026-03-06,0,2,"Grounded summary for CP-01881: jurisdictional exposure, UBO depth 2, sanctions hits 0."
CP-01882,Counterparty 01882 Holdings,AE,high,2026-03-05,0,3,"Grounded summary for CP-01882: jurisdictional exposure, UBO depth 3, sanctions hits 0."
CP-01883,Counterparty 01883 Holdings,SG,medium,2026-03-04,0,4,"Grounded summary for CP-01883: jurisdictional exposure, UBO depth 4, sanctions hits 0."
CP-01884,Counterparty 01884 Holdings,US,low,2026-03-03,0,1,"Grounded summary for CP-01884: jurisdictional exposure, UBO depth 1, sanctions hits 0."
CP-01885,Counterparty 01885 Holdings,GB,critical,2026-03-02,0,2,"Grounded summary for CP-01885: jurisdictional exposure, UBO depth 2, sanctions hits 0."
CP-01886,Counterparty 01886 Holdings,KY,high,2026-03-01,0,3,"Grounded summary for CP-01886: jurisdictional exposure, UBO depth 3, sanctions hits 0."
CP-01887,Counterparty 01887 Holdings,DE,medium,2026-02-28,0,4,"Grounded summary for CP-01887: jurisdictional exposure, UBO depth 4, sanctions hits 0."
CP-01888,Counterparty 01888 Holdings,AE,low,2026-02-27,0,1,"Grounded summary for CP-01888: jurisdictional exposure, UBO depth 1, sanctions hits 0."
CP-01889,Counterparty 01889 Holdings,SG,critical,2026-02-26,0,2,"Grounded summary for CP-01889: jurisdictional exposure, UBO depth 2, sanctions hits 0."
CP-01890,Counterparty 01890 Holdings,US,high,2026-02-25,0,3,"Grounded summary for CP-01890: jurisdictional exposure, UBO depth 3, sanctions hits 0."
CP-01891,Counterparty 01891 Holdings,GB,medium,2026-02-24,0,4,"Grounded summary for CP-01891: jurisdictional exposure, UBO depth 4, sanctions hits 0."
CP-01892,Counterparty 01892 Holdings,KY,low,2026-02-23,0,1,"Grounded summary for CP-01892: jurisdictional exposure, UBO depth 1, sanctions hits 0."
CP-01893,Counterparty 01893 Holdings,DE,critical,2026-02-22,0,2,"Grounded summary for CP-01893: jurisdictional exposure, UBO depth 2, sanctions hits 0."
CP-01894,Counterparty 01894 Holdings,AE,high,2026-02-21,0,3,"Grounded summary for CP-01894: jurisdictional exposure, UBO depth 3, sanctions hits 0."
CP-01895,Counterparty 01895 Holdings,SG,medium,2026-02-20,0,4,"Grounded summary for CP-01895: jurisdictional exposure, UBO depth 4, sanctions hits 0."
CP-01896,Counterparty 01896 Holdings,US,low,2026-02-19,0,1,"Grounded summary for CP-01896: jurisdictional exposure, UBO depth 1, sanctions hits 0."
CP-01897,Counterparty 01897 Holdings,GB,critical,2026-02-18,0,2,"Grounded summary for CP-01897: jurisdictional exposure, UBO depth 2, sanctions hits 0."
CP-01898,Counterparty 01898 Holdings,KY,high,2026-02-17,0,3,"Grounded summary for CP-01898: jurisdictional exposure, UBO depth 3, sanctions hits 0."
CP-01899,Counterparty 01899 Holdings,DE,medium,2026-02-16,0,4,"Grounded summary for CP-01899: jurisdictional exposure, UBO depth 4, sanctions hits 0."
CP-01900,Counterparty 01900 Holdings,AE,low,2026-02-15,0,1,"Grounded summary for CP-01900: jurisdictional exposure, UBO depth 1, sanctions hits 0."
CP-01901,Counterparty 01901 Holdings,SG,critical,2026-02-14,0,2,"Grounded summary for CP-01901: jurisdictional exposure, UBO depth 2, sanctions hits 0."
CP-01902,Counterparty 01902 Holdings,US,high,2026-02-13,0,3,"Grounded summary for CP-01902: jurisdictional exposure, UBO depth 3, sanctions hits 0."
CP-01903,Counterparty 01903 Holdings,GB,medium,2026-02-12,0,4,"Grounded summary for CP-01903: jurisdictional exposure, UBO depth 4, sanctions hits 0."
CP-01904,Counterparty 01904 Holdings,KY,low,2026-02-11,0,1,"Grounded summary for CP-01904: jurisdictional exposure, UBO depth 1, sanctions hits 0."
CP-01905,Counterparty 01905 Holdings,DE,critical,2026-02-10,0,2,"Grounded summary for CP-01905: jurisdictional exposure, UBO depth 2, sanctions hits 0."
CP-01906,Counterparty 01906 Holdings,AE,high,2026-02-09,0,3,"Grounded summary for CP-01906: jurisdictional exposure, UBO depth 3, sanctions hits 0."
CP-01907,Counterparty 01907 Holdings,SG,medium,2026-02-08,0,4,"Grounded summary for CP-01907: jurisdictional exposure, UBO depth 4, sanctions hits 0."
CP-01908,Counterparty 01908 Holdings,US,low,2026-02-07,0,1,"Grounded summary for CP-01908: jurisdictional exposure, UBO depth 1, sanctions hits 0."
CP-01909,Counterparty 01909 Holdings,GB,critical,2026-02-06,0,2,"Grounded summary for CP-01909: jurisdictional exposure, UBO depth 2, sanctions hits 0."
CP-01910,Counterparty 01910 Holdings,KY,high,2026-02-05,0,3,"Grounded summary for CP-01910: jurisdictional exposure, UBO depth 3, sanctions hits 0."
CP-01911,Counterparty 01911 Holdings,DE,medium,2026-02-04,0,4,"Grounded summary for CP-01911: jurisdictional exposure, UBO depth 4, sanctions hits 0."
CP-01912,Counterparty 01912 Holdings,AE,low,2026-02-03,0,1,"Grounded summary for CP-01912: jurisdictional exposure, UBO depth 1, sanctions hits 0."
CP-01913,Counterparty 01913 Holdings,SG,critical,2026-02-02,0,2,"Grounded summary for CP-01913: jurisdictional exposure, UBO depth 2, sanctions hits 0."
CP-01914,Counterparty 01914 Holdings,US,high,2026-02-01,0,3,"Grounded summary for CP-01914: jurisdictional exposure, UBO depth 3, sanctions hits 0."
CP-01915,Counterparty 01915 Holdings,GB,medium,2026-01-31,0,4,"Grounded summary for CP-01915: jurisdictional exposure, UBO depth 4, sanctions hits 0."
CP-01916,Counterparty 01916 Holdings,KY,low,2026-01-30,0,1,"Grounded summary for CP-01916: jurisdictional exposure, UBO depth 1, sanctions hits 0."
CP-01917,Counterparty 01917 Holdings,DE,critical,2026-01-29,0,2,"Grounded summary for CP-01917: jurisdictional exposure, UBO depth 2, sanctions hits 0."
CP-01918,Counterparty 01918 Holdings,AE,high,2026-01-28,0,3,"Grounded summary for CP-01918: jurisdictional exposure, UBO depth 3, sanctions hits 0."
CP-01919,Counterparty 01919 Holdings,SG,medium,2026-01-27,0,4,"Grounded summary for CP-01919: jurisdictional exposure, UBO depth 4, sanctions hits 0."
CP-01920,Counterparty 01920 Holdings,US,low,2026-01-26,0,1,"Grounded summary for CP-01920: jurisdictional exposure, UBO depth 1, sanctions hits 0."
CP-01921,Counterparty 01921 Holdings,GB,critical,2026-01-25,0,2,"Grounded summary for CP-01921: jurisdictional exposure, UBO depth 2, sanctions hits 0."
CP-01922,Counterparty 01922 Holdings,KY,high,2026-01-24,0,3,"Grounded summary for CP-01922: jurisdictional exposure, UBO depth 3, sanctions hits 0."
CP-01923,Counterparty 01923 Holdings,DE,medium,2026-01-23,0,4,"Grounded summary for CP-01923: jurisdictional exposure, UBO depth 4, sanctions hits 0."
CP-01924,Counterparty 01924 Holdings,AE,low,2026-01-22,0,1,"Grounded summary for CP-01924: jurisdictional exposure, UBO depth 1, sanctions hits 0."
CP-01925,Counterparty 01925 Holdings,SG,critical,2026-01-21,0,2,"Grounded summary for CP-01925: jurisdictional exposure, UBO depth 2, sanctions hits 0."
CP-01926,Counterparty 01926 Holdings,US,high,2026-01-20,0,3,"Grounded summary for CP-01926: jurisdictional exposure, UBO depth 3, sanctions hits 0."
CP-01927,Counterparty 01927 Holdings,GB,medium,2026-01-19,0,4,"Grounded summary for CP-01927: jurisdictional exposure, UBO depth 4, sanctions hits 0."
CP-01928,Counterparty 01928 Holdings,KY,low,2026-01-18,0,1,"Grounded summary for CP-01928: jurisdictional exposure, UBO depth 1, sanctions hits 0."
CP-01929,Counterparty 01929 Holdings,DE,critical,2026-01-17,0,2,"Grounded summary for CP-01929: jurisdictional exposure, UBO depth 2, sanctions hits 0."
CP-01930,Counterparty 01930 Holdings,AE,high,2026-01-16,0,3,"Grounded summary for CP-01930: jurisdictional exposure, UBO depth 3, sanctions hits 0."
CP-01931,Counterparty 01931 Holdings,SG,medium,2026-01-15,0,4,"Grounded summary for CP-01931: jurisdictional exposure, UBO depth 4, sanctions hits 0."
CP-01932,Counterparty 01932 Holdings,US,low,2026-01-14,0,1,"Grounded summary for CP-01932: jurisdictional exposure, UBO depth 1, sanctions hits 0."
CP-01933,Counterparty 01933 Holdings,GB,critical,2026-01-13,0,2,"Grounded summary for CP-01933: jurisdictional exposure, UBO depth 2, sanctions hits 0."
CP-01934,Counterparty 01934 Holdings,KY,high,2026-01-12,0,3,"Grounded summary for CP-01934: jurisdictional exposure, UBO depth 3, sanctions hits 0."
CP-01935,Counterparty 01935 Holdings,DE,medium,2026-01-11,0,4,"Grounded summary for CP-01935: jurisdictional exposure, UBO depth 4, sanctions hits 0."
CP-01936,Counterparty 01936 Holdings,AE,low,2026-01-10,0,1,"Grounded summary for CP-01936: jurisdictional exposure, UBO depth 1, sanctions hits 0."
CP-01937,Counterparty 01937 Holdings,SG,critical,2026-01-09,0,2,"Grounded summary for CP-01937: jurisdictional exposure, UBO depth 2, sanctions hits 0."
CP-01938,Counterparty 01938 Holdings,US,high,2026-01-08,0,3,"Grounded summary for CP-01938: jurisdictional exposure, UBO depth 3, sanctions hits 0."
CP-01939,Counterparty 01939 Holdings,GB,medium,2026-01-07,0,4,"Grounded summary for CP-01939: jurisdictional exposure, UBO depth 4, sanctions hits 0."
CP-01940,Counterparty 01940 Holdings,KY,low,2026-01-06,0,1,"Grounded summary for CP-01940: jurisdictional exposure, UBO depth 1, sanctions hits 0."
CP-01941,Counterparty 01941 Holdings,DE,critical,2026-01-05,0,2,"Grounded summary for CP-01941: jurisdictional exposure, UBO depth 2, sanctions hits 0."
CP-01942,Counterparty 01942 Holdings,AE,high,2026-01-04,0,3,"Grounded summary for CP-01942: jurisdictional exposure, UBO depth 3, sanctions hits 0."
CP-01943,Counterparty 01943 Holdings,SG,medium,2026-01-03,0,4,"Grounded summary for CP-01943: jurisdictional exposure, UBO depth 4, sanctions hits 0."
CP-01944,Counterparty 01944 Holdings,US,low,2026-01-02,0,1,"Grounded summary for CP-01944: jurisdictional exposure, UBO depth 1, sanctions hits 0."
CP-01945,Counterparty 01945 Holdings,GB,critical,2026-01-01,0,2,"Grounded summary for CP-01945: jurisdictional exposure, UBO depth 2, sanctions hits 0."
CP-01946,Counterparty 01946 Holdings,KY,high,2025-12-31,0,3,"Grounded summary for CP-01946: jurisdictional exposure, UBO depth 3, sanctions hits 0."
CP-01947,Counterparty 01947 Holdings,DE,medium,2025-12-30,0,4,"Grounded summary for CP-01947: jurisdictional exposure, UBO depth 4, sanctions hits 0."
CP-01948,Counterparty 01948 Holdings,AE,low,2025-12-29,0,1,"Grounded summary for CP-01948: jurisdictional exposure, UBO depth 1, sanctions hits 0."
CP-01949,Counterparty 01949 Holdings,SG,critical,2025-12-28,0,2,"Grounded summary for CP-01949: jurisdictional exposure, UBO depth 2, sanctions hits 0."
CP-01950,Counterparty 01950 Holdings,US,high,2025-12-27,0,3,"Grounded summary for CP-01950: jurisdictional exposure, UBO depth 3, sanctions hits 0."
CP-01951,Counterparty 01951 Holdings,GB,medium,2025-12-26,0,4,"Grounded summary for CP-01951: jurisdictional exposure, UBO depth 4, sanctions hits 0."
CP-01952,Counterparty 01952 Holdings,KY,low,2025-12-25,0,1,"Grounded summary for CP-01952: jurisdictional exposure, UBO depth 1, sanctions hits 0."
CP-01953,Counterparty 01953 Holdings,DE,critical,2025-12-24,0,2,"Grounded summary for CP-01953: jurisdictional exposure, UBO depth 2, sanctions hits 0."
CP-01954,Counterparty 01954 Holdings,AE,high,2025-12-23,0,3,"Grounded summary for CP-01954: jurisdictional exposure, UBO depth 3, sanctions hits 0."
CP-01955,Counterparty 01955 Holdings,SG,medium,2025-12-22,0,4,"Grounded summary for CP-01955: jurisdictional exposure, UBO depth 4, sanctions hits 0."
CP-01956,Counterparty 01956 Holdings,US,low,2025-12-21,0,1,"Grounded summary for CP-01956: jurisdictional exposure, UBO depth 1, sanctions hits 0."
CP-01957,Counterparty 01957 Holdings,GB,critical,2025-12-20,0,2,"Grounded summary for CP-01957: jurisdictional exposure, UBO depth 2, sanctions hits 0."
CP-01958,Counterparty 01958 Holdings,KY,high,2025-12-19,0,3,"Grounded summary for CP-01958: jurisdictional exposure, UBO depth 3, sanctions hits 0."
CP-01959,Counterparty 01959 Holdings,DE,medium,2025-12-18,0,4,"Grounded summary for CP-01959: jurisdictional exposure, UBO depth 4, sanctions hits 0."
CP-01960,Counterparty 01960 Holdings,AE,low,2025-12-17,0,1,"Grounded summary for CP-01960: jurisdictional exposure, UBO depth 1, sanctions hits 0."
CP-01961,Counterparty 01961 Holdings,SG,critical,2025-12-16,0,2,"Grounded summary for CP-01961: jurisdictional exposure, UBO depth 2, sanctions hits 0."
CP-01962,Counterparty 01962 Holdings,US,high,2025-12-15,0,3,"Grounded summary for CP-01962: jurisdictional exposure, UBO depth 3, sanctions hits 0."
CP-01963,Counterparty 01963 Holdings,GB,medium,2025-12-14,0,4,"Grounded summary for CP-01963: jurisdictional exposure, UBO depth 4, sanctions hits 0."
CP-01964,Counterparty 01964 Holdings,KY,low,2025-12-13,0,1,"Grounded summary for CP-01964: jurisdictional exposure, UBO depth 1, sanctions hits 0."
CP-01965,Counterparty 01965 Holdings,DE,critical,2025-12-12,0,2,"Grounded summary for CP-01965: jurisdictional exposure, UBO depth 2, sanctions hits 0."
CP-01966,Counterparty 01966 Holdings,AE,high,2025-12-11,0,3,"Grounded summary for CP-01966: jurisdictional exposure, UBO depth 3, sanctions hits 0."
CP-01967,Counterparty 01967 Holdings,SG,medium,2025-12-10,0,4,"Grounded summary for CP-01967: jurisdictional exposure, UBO depth 4, sanctions hits 0."
CP-01968,Counterparty 01968 Holdings,US,low,2025-12-09,0,1,"Grounded summary for CP-01968: jurisdictional exposure, UBO depth 1, sanctions hits 0."
CP-01969,Counterparty 01969 Holdings,GB,critical,2025-12-08,0,2,"Grounded summary for CP-01969: jurisdictional exposure, UBO depth 2, sanctions hits 0."
CP-01970,Counterparty 01970 Holdings,KY,high,2025-12-07,0,3,"Grounded summary for CP-01970: jurisdictional exposure, UBO depth 3, sanctions hits 0."
CP-01971,Counterparty 01971 Holdings,DE,medium,2025-12-06,0,4,"Grounded summary for CP-01971: jurisdictional exposure, UBO depth 4, sanctions hits 0."
CP-01972,Counterparty 01972 Holdings,AE,low,2025-12-05,0,1,"Grounded summary for CP-01972: jurisdictional exposure, UBO depth 1, sanctions hits 0."
CP-01973,Counterparty 01973 Holdings,SG,critical,2025-12-04,0,2,"Grounded summary for CP-01973: jurisdictional exposure, UBO depth 2, sanctions hits 0."
CP-01974,Counterparty 01974 Holdings,US,high,2025-12-03,0,3,"Grounded summary for CP-01974: jurisdictional exposure, UBO depth 3, sanctions hits 0."
CP-01975,Counterparty 01975 Holdings,GB,medium,2025-12-02,0,4,"Grounded summary for CP-01975: jurisdictional exposure, UBO depth 4, sanctions hits 0."
CP-01976,Counterparty 01976 Holdings,KY,low,2025-12-01,0,1,"Grounded summary for CP-01976: jurisdictional exposure, UBO depth 1, sanctions hits 0."
CP-01977,Counterparty 01977 Holdings,DE,critical,2025-11-30,0,2,"Grounded summary for CP-01977: jurisdictional exposure, UBO depth 2, sanctions hits 0."
CP-01978,Counterparty 01978 Holdings,AE,high,2025-11-29,0,3,"Grounded summary for CP-01978: jurisdictional exposure, UBO depth 3, sanctions hits 0."
CP-01979,Counterparty 01979 Holdings,SG,medium,2025-11-28,0,4,"Grounded summary for CP-01979: jurisdictional exposure, UBO depth 4, sanctions hits 0."
CP-01980,Counterparty 01980 Holdings,US,low,2025-11-27,0,1,"Grounded summary for CP-01980: jurisdictional exposure, UBO depth 1, sanctions hits 0."
CP-01981,Counterparty 01981 Holdings,GB,critical,2025-11-26,0,2,"Grounded summary for CP-01981: jurisdictional exposure, UBO depth 2, sanctions hits 0."
CP-01982,Counterparty 01982 Holdings,KY,high,2025-11-25,0,3,"Grounded summary for CP-01982: jurisdictional exposure, UBO depth 3, sanctions hits 0."
CP-01983,Counterparty 01983 Holdings,DE,medium,2025-11-24,0,4,"Grounded summary for CP-01983: jurisdictional exposure, UBO depth 4, sanctions hits 0."
CP-01984,Counterparty 01984 Holdings,AE,low,2025-11-23,0,1,"Grounded summary for CP-01984: jurisdictional exposure, UBO depth 1, sanctions hits 0."
CP-01985,Counterparty 01985 Holdings,SG,critical,2025-11-22,0,2,"Grounded summary for CP-01985: jurisdictional exposure, UBO depth 2, sanctions hits 0."
CP-01986,Counterparty 01986 Holdings,US,high,2025-11-21,0,3,"Grounded summary for CP-01986: jurisdictional exposure, UBO depth 3, sanctions hits 0."
CP-01987,Counterparty 01987 Holdings,GB,medium,2025-11-20,0,4,"Grounded summary for CP-01987: jurisdictional exposure, UBO depth 4, sanctions hits 0."
CP-01988,Counterparty 01988 Holdings,KY,low,2025-11-19,0,1,"Grounded summary for CP-01988: jurisdictional exposure, UBO depth 1, sanctions hits 0."
CP-01989,Counterparty 01989 Holdings,DE,critical,2025-11-18,0,2,"Grounded summary for CP-01989: jurisdictional exposure, UBO depth 2, sanctions hits 0."
CP-01990,Counterparty 01990 Holdings,AE,high,2025-11-17,0,3,"Grounded summary for CP-01990: jurisdictional exposure, UBO depth 3, sanctions hits 0."
CP-01991,Counterparty 01991 Holdings,SG,medium,2025-11-16,0,4,"Grounded summary for CP-01991: jurisdictional exposure, UBO depth 4, sanctions hits 0."
CP-01992,Counterparty 01992 Holdings,US,low,2025-11-15,0,1,"Grounded summary for CP-01992: jurisdictional exposure, UBO depth 1, sanctions hits 0."
CP-01993,Counterparty 01993 Holdings,GB,critical,2025-11-14,0,2,"Grounded summary for CP-01993: jurisdictional exposure, UBO depth 2, sanctions hits 0."
CP-01994,Counterparty 01994 Holdings,KY,high,2025-11-13,1,3,"Grounded summary for CP-01994: jurisdictional exposure, UBO depth 3, sanctions hits 1."
CP-01995,Counterparty 01995 Holdings,DE,medium,2025-11-12,0,4,"Grounded summary for CP-01995: jurisdictional exposure, UBO depth 4, sanctions hits 0."
CP-01996,Counterparty 01996 Holdings,AE,low,2025-11-11,0,1,"Grounded summary for CP-01996: jurisdictional exposure, UBO depth 1, sanctions hits 0."
CP-01997,Counterparty 01997 Holdings,SG,critical,2025-11-10,0,2,"Grounded summary for CP-01997: jurisdictional exposure, UBO depth 2, sanctions hits 0."
CP-01998,Counterparty 01998 Holdings,US,high,2025-11-09,0,3,"Grounded summary for CP-01998: jurisdictional exposure, UBO depth 3, sanctions hits 0."
CP-01999,Counterparty 01999 Holdings,GB,medium,2025-11-08,0,4,"Grounded summary for CP-01999: jurisdictional exposure, UBO depth 4, sanctions hits 0."
CP-02000,Counterparty 02000 Holdings,KY,low,2025-11-07,0,1,"Grounded summary for CP-02000: jurisdictional exposure, UBO depth 1, sanctions hits 0."
CP-02001,Counterparty 02001 Holdings,DE,critical,2025-11-06,0,2,"Grounded summary for CP-02001: jurisdictional exposure, UBO depth 2, sanctions hits 0."
CP-02002,Counterparty 02002 Holdings,AE,high,2025-11-05,0,3,"Grounded summary for CP-02002: jurisdictional exposure, UBO depth 3, sanctions hits 0."
CP-02003,Counterparty 02003 Holdings,SG,medium,2025-11-04,0,4,"Grounded summary for CP-02003: jurisdictional exposure, UBO depth 4, sanctions hits 0."
CP-02004,Counterparty 02004 Holdings,US,low,2025-11-03,0,1,"Grounded summary for CP-02004: jurisdictional exposure, UBO depth 1, sanctions hits 0."
CP-02005,Counterparty 02005 Holdings,GB,critical,2025-11-02,0,2,"Grounded summary for CP-02005: jurisdictional exposure, UBO depth 2, sanctions hits 0."
CP-02006,Counterparty 02006 Holdings,KY,high,2025-11-01,0,3,"Grounded summary for CP-02006: jurisdictional exposure, UBO depth 3, sanctions hits 0."
CP-02007,Counterparty 02007 Holdings,DE,medium,2025-10-31,0,4,"Grounded summary for CP-02007: jurisdictional exposure, UBO depth 4, sanctions hits 0."
CP-02008,Counterparty 02008 Holdings,AE,low,2025-10-30,0,1,"Grounded summary for CP-02008: jurisdictional exposure, UBO depth 1, sanctions hits 0."
CP-02009,Counterparty 02009 Holdings,SG,critical,2025-10-29,0,2,"Grounded summary for CP-02009: jurisdictional exposure, UBO depth 2, sanctions hits 0."
CP-02010,Counterparty 02010 Holdings,US,high,2025-10-28,0,3,"Grounded summary for CP-02010: jurisdictional exposure, UBO depth 3, sanctions hits 0."
CP-02011,Counterparty 02011 Holdings,GB,medium,2025-10-27,0,4,"Grounded summary for CP-02011: jurisdictional exposure, UBO depth 4, sanctions hits 0."
CP-02012,Counterparty 02012 Holdings,KY,low,2025-10-26,0,1,"Grounded summary for CP-02012: jurisdictional exposure, UBO depth 1, sanctions hits 0."
CP-02013,Counterparty 02013 Holdings,DE,critical,2025-10-25,0,2,"Grounded summary for CP-02013: jurisdictional exposure, UBO depth 2, sanctions hits 0."
CP-02014,Counterparty 02014 Holdings,AE,high,2025-10-24,0,3,"Grounded summary for CP-02014: jurisdictional exposure, UBO depth 3, sanctions hits 0."
CP-02015,Counterparty 02015 Holdings,SG,medium,2025-10-23,0,4,"Grounded summary for CP-02015: jurisdictional exposure, UBO depth 4, sanctions hits 0."
CP-02016,Counterparty 02016 Holdings,US,low,2025-10-22,0,1,"Grounded summary for CP-02016: jurisdictional exposure, UBO depth 1, sanctions hits 0."
CP-02017,Counterparty 02017 Holdings,GB,critical,2025-10-21,0,2,"Grounded summary for CP-02017: jurisdictional exposure, UBO depth 2, sanctions hits 0."
CP-02018,Counterparty 02018 Holdings,KY,high,2025-10-20,0,3,"Grounded summary for CP-02018: jurisdictional exposure, UBO depth 3, sanctions hits 0."
CP-02019,Counterparty 02019 Holdings,DE,medium,2025-10-19,0,4,"Grounded summary for CP-02019: jurisdictional exposure, UBO depth 4, sanctions hits 0."
CP-02020,Counterparty 02020 Holdings,AE,low,2025-10-18,0,1,"Grounded summary for CP-02020: jurisdictional exposure, UBO depth 1, sanctions hits 0."
CP-02021,Counterparty 02021 Holdings,SG,critical,2025-10-17,0,2,"Grounded summary for CP-02021: jurisdictional exposure, UBO depth 2, sanctions hits 0."
CP-02022,Counterparty 02022 Holdings,US,high,2025-10-16,0,3,"Grounded summary for CP-02022: jurisdictional exposure, UBO depth 3, sanctions hits 0."
CP-02023,Counterparty 02023 Holdings,GB,medium,2025-10-15,0,4,"Grounded summary for CP-02023: jurisdictional exposure, UBO depth 4, sanctions hits 0."
CP-02024,Counterparty 02024 Holdings,KY,low,2025-10-14,0,1,"Grounded summary for CP-02024: jurisdictional exposure, UBO depth 1, sanctions hits 0."
CP-02025,Counterparty 02025 Holdings,DE,critical,2025-10-13,0,2,"Grounded summary for CP-02025: jurisdictional exposure, UBO depth 2, sanctions hits 0."
CP-02026,Counterparty 02026 Holdings,AE,high,2025-10-12,0,3,"Grounded summary for CP-02026: jurisdictional exposure, UBO depth 3, sanctions hits 0."
CP-02027,Counterparty 02027 Holdings,SG,medium,2025-10-11,0,4,"Grounded summary for CP-02027: jurisdictional exposure, UBO depth 4, sanctions hits 0."
CP-02028,Counterparty 02028 Holdings,US,low,2025-10-10,0,1,"Grounded summary for CP-02028: jurisdictional exposure, UBO depth 1, sanctions hits 0."
CP-02029,Counterparty 02029 Holdings,GB,critical,2025-10-09,0,2,"Grounded summary for CP-02029: jurisdictional exposure, UBO depth 2, sanctions hits 0."
CP-02030,Counterparty 02030 Holdings,KY,high,2025-10-08,0,3,"Grounded summary for CP-02030: jurisdictional exposure, UBO depth 3, sanctions hits 0."
CP-02031,Counterparty 02031 Holdings,DE,medium,2025-10-07,0,4,"Grounded summary for CP-02031: jurisdictional exposure, UBO depth 4, sanctions hits 0."
CP-02032,Counterparty 02032 Holdings,AE,low,2025-10-06,0,1,"Grounded summary for CP-02032: jurisdictional exposure, UBO depth 1, sanctions hits 0."
CP-02033,Counterparty 02033 Holdings,SG,critical,2025-10-05,0,2,"Grounded summary for CP-02033: jurisdictional exposure, UBO depth 2, sanctions hits 0."
CP-02034,Counterparty 02034 Holdings,US,high,2025-10-04,0,3,"Grounded summary for CP-02034: jurisdictional exposure, UBO depth 3, sanctions hits 0."
CP-02035,Counterparty 02035 Holdings,GB,medium,2025-10-03,0,4,"Grounded summary for CP-02035: jurisdictional exposure, UBO depth 4, sanctions hits 0."
CP-02036,Counterparty 02036 Holdings,KY,low,2025-10-02,0,1,"Grounded summary for CP-02036: jurisdictional exposure, UBO depth 1, sanctions hits 0."
CP-02037,Counterparty 02037 Holdings,DE,critical,2025-10-01,0,2,"Grounded summary for CP-02037: jurisdictional exposure, UBO depth 2, sanctions hits 0."
CP-02038,Counterparty 02038 Holdings,AE,high,2025-09-30,0,3,"Grounded summary for CP-02038: jurisdictional exposure, UBO depth 3, sanctions hits 0."
CP-02039,Counterparty 02039 Holdings,SG,medium,2025-09-29,0,4,"Grounded summary for CP-02039: jurisdictional exposure, UBO depth 4, sanctions hits 0."
CP-02040,Counterparty 02040 Holdings,US,low,2025-09-28,0,1,"Grounded summary for CP-02040: jurisdictional exposure, UBO depth 1, sanctions hits 0."
CP-02041,Counterparty 02041 Holdings,GB,critical,2025-09-27,0,2,"Grounded summary for CP-02041: jurisdictional exposure, UBO depth 2, sanctions hits 0."
CP-02042,Counterparty 02042 Holdings,KY,high,2025-09-26,0,3,"Grounded summary for CP-02042: jurisdictional exposure, UBO depth 3, sanctions hits 0."
CP-02043,Counterparty 02043 Holdings,DE,medium,2025-09-25,0,4,"Grounded summary for CP-02043: jurisdictional exposure, UBO depth 4, sanctions hits 0."
CP-02044,Counterparty 02044 Holdings,AE,low,2025-09-24,0,1,"Grounded summary for CP-02044: jurisdictional exposure, UBO depth 1, sanctions hits 0."
CP-02045,Counterparty 02045 Holdings,SG,critical,2025-09-23,0,2,"Grounded summary for CP-02045: jurisdictional exposure, UBO depth 2, sanctions hits 0."
CP-02046,Counterparty 02046 Holdings,US,high,2025-09-22,0,3,"Grounded summary for CP-02046: jurisdictional exposure, UBO depth 3, sanctions hits 0."
CP-02047,Counterparty 02047 Holdings,GB,medium,2025-09-21,0,4,"Grounded summary for CP-02047: jurisdictional exposure, UBO depth 4, sanctions hits 0."
CP-02048,Counterparty 02048 Holdings,KY,low,2025-09-20,0,1,"Grounded summary for CP-02048: jurisdictional exposure, UBO depth 1, sanctions hits 0."
CP-02049,Counterparty 02049 Holdings,DE,critical,2025-09-19,0,2,"Grounded summary for CP-02049: jurisdictional exposure, UBO depth 2, sanctions hits 0."
CP-02050,Counterparty 02050 Holdings,AE,high,2025-09-18,0,3,"Grounded summary for CP-02050: jurisdictional exposure, UBO depth 3, sanctions hits 0."
CP-02051,Counterparty 02051 Holdings,SG,medium,2025-09-17,0,4,"Grounded summary for CP-02051: jurisdictional exposure, UBO depth 4, sanctions hits 0."
CP-02052,Counterparty 02052 Holdings,US,low,2025-09-16,0,1,"Grounded summary for CP-02052: jurisdictional exposure, UBO depth 1, sanctions hits 0."
CP-02053,Counterparty 02053 Holdings,GB,critical,2025-09-15,0,2,"Grounded summary for CP-02053: jurisdictional exposure, UBO depth 2, sanctions hits 0."
CP-02054,Counterparty 02054 Holdings,KY,high,2025-09-14,0,3,"Grounded summary for CP-02054: jurisdictional exposure, UBO depth 3, sanctions hits 0."
CP-02055,Counterparty 02055 Holdings,DE,medium,2025-09-13,0,4,"Grounded summary for CP-02055: jurisdictional exposure, UBO depth 4, sanctions hits 0."
CP-02056,Counterparty 02056 Holdings,AE,low,2025-09-12,0,1,"Grounded summary for CP-02056: jurisdictional exposure, UBO depth 1, sanctions hits 0."
CP-02057,Counterparty 02057 Holdings,SG,critical,2025-09-11,0,2,"Grounded summary for CP-02057: jurisdictional exposure, UBO depth 2, sanctions hits 0."
CP-02058,Counterparty 02058 Holdings,US,high,2025-09-10,0,3,"Grounded summary for CP-02058: jurisdictional exposure, UBO depth 3, sanctions hits 0."
CP-02059,Counterparty 02059 Holdings,GB,medium,2025-09-09,0,4,"Grounded summary for CP-02059: jurisdictional exposure, UBO depth 4, sanctions hits 0."
CP-02060,Counterparty 02060 Holdings,KY,low,2025-09-08,0,1,"Grounded summary for CP-02060: jurisdictional exposure, UBO depth 1, sanctions hits 0."
CP-02061,Counterparty 02061 Holdings,DE,critical,2025-09-07,0,2,"Grounded summary for CP-02061: jurisdictional exposure, UBO depth 2, sanctions hits 0."
CP-02062,Counterparty 02062 Holdings,AE,high,2025-09-06,0,3,"Grounded summary for CP-02062: jurisdictional exposure, UBO depth 3, sanctions hits 0."
CP-02063,Counterparty 02063 Holdings,SG,medium,2025-09-05,0,4,"Grounded summary for CP-02063: jurisdictional exposure, UBO depth 4, sanctions hits 0."
CP-02064,Counterparty 02064 Holdings,US,low,2025-09-04,0,1,"Grounded summary for CP-02064: jurisdictional exposure, UBO depth 1, sanctions hits 0."
CP-02065,Counterparty 02065 Holdings,GB,critical,2025-09-03,0,2,"Grounded summary for CP-02065: jurisdictional exposure, UBO depth 2, sanctions hits 0."
CP-02066,Counterparty 02066 Holdings,KY,high,2025-09-02,0,3,"Grounded summary for CP-02066: jurisdictional exposure, UBO depth 3, sanctions hits 0."
CP-02067,Counterparty 02067 Holdings,DE,medium,2025-09-01,0,4,"Grounded summary for CP-02067: jurisdictional exposure, UBO depth 4, sanctions hits 0."
CP-02068,Counterparty 02068 Holdings,AE,low,2025-08-31,0,1,"Grounded summary for CP-02068: jurisdictional exposure, UBO depth 1, sanctions hits 0."
CP-02069,Counterparty 02069 Holdings,SG,critical,2025-08-30,0,2,"Grounded summary for CP-02069: jurisdictional exposure, UBO depth 2, sanctions hits 0."
CP-02070,Counterparty 02070 Holdings,US,high,2025-08-29,0,3,"Grounded summary for CP-02070: jurisdictional exposure, UBO depth 3, sanctions hits 0."
CP-02071,Counterparty 02071 Holdings,GB,medium,2025-08-28,0,4,"Grounded summary for CP-02071: jurisdictional exposure, UBO depth 4, sanctions hits 0."
CP-02072,Counterparty 02072 Holdings,KY,low,2025-08-27,0,1,"Grounded summary for CP-02072: jurisdictional exposure, UBO depth 1, sanctions hits 0."
CP-02073,Counterparty 02073 Holdings,DE,critical,2025-08-26,0,2,"Grounded summary for CP-02073: jurisdictional exposure, UBO depth 2, sanctions hits 0."
CP-02074,Counterparty 02074 Holdings,AE,high,2025-08-25,0,3,"Grounded summary for CP-02074: jurisdictional exposure, UBO depth 3, sanctions hits 0."
CP-02075,Counterparty 02075 Holdings,SG,medium,2025-08-24,0,4,"Grounded summary for CP-02075: jurisdictional exposure, UBO depth 4, sanctions hits 0."
CP-02076,Counterparty 02076 Holdings,US,low,2025-08-23,0,1,"Grounded summary for CP-02076: jurisdictional exposure, UBO depth 1, sanctions hits 0."
CP-02077,Counterparty 02077 Holdings,GB,critical,2025-08-22,0,2,"Grounded summary for CP-02077: jurisdictional exposure, UBO depth 2, sanctions hits 0."
CP-02078,Counterparty 02078 Holdings,KY,high,2025-08-21,0,3,"Grounded summary for CP-02078: jurisdictional exposure, UBO depth 3, sanctions hits 0."
CP-02079,Counterparty 02079 Holdings,DE,medium,2025-08-20,0,4,"Grounded summary for CP-02079: jurisdictional exposure, UBO depth 4, sanctions hits 0."
CP-02080,Counterparty 02080 Holdings,AE,low,2025-08-19,0,1,"Grounded summary for CP-02080: jurisdictional exposure, UBO depth 1, sanctions hits 0."
CP-02081,Counterparty 02081 Holdings,SG,critical,2025-08-18,0,2,"Grounded summary for CP-02081: jurisdictional exposure, UBO depth 2, sanctions hits 0."
CP-02082,Counterparty 02082 Holdings,US,high,2025-08-17,0,3,"Grounded summary for CP-02082: jurisdictional exposure, UBO depth 3, sanctions hits 0."
CP-02083,Counterparty 02083 Holdings,GB,medium,2025-08-16,0,4,"Grounded summary for CP-02083: jurisdictional exposure, UBO depth 4, sanctions hits 0."
CP-02084,Counterparty 02084 Holdings,KY,low,2025-08-15,0,1,"Grounded summary for CP-02084: jurisdictional exposure, UBO depth 1, sanctions hits 0."
CP-02085,Counterparty 02085 Holdings,DE,critical,2025-08-14,0,2,"Grounded summary for CP-02085: jurisdictional exposure, UBO depth 2, sanctions hits 0."
CP-02086,Counterparty 02086 Holdings,AE,high,2025-08-13,0,3,"Grounded summary for CP-02086: jurisdictional exposure, UBO depth 3, sanctions hits 0."
CP-02087,Counterparty 02087 Holdings,SG,medium,2025-08-12,0,4,"Grounded summary for CP-02087: jurisdictional exposure, UBO depth 4, sanctions hits 0."
CP-02088,Counterparty 02088 Holdings,US,low,2025-08-11,0,1,"Grounded summary for CP-02088: jurisdictional exposure, UBO depth 1, sanctions hits 0."
CP-02089,Counterparty 02089 Holdings,GB,critical,2025-08-10,0,2,"Grounded summary for CP-02089: jurisdictional exposure, UBO depth 2, sanctions hits 0."
CP-02090,Counterparty 02090 Holdings,KY,high,2025-08-09,0,3,"Grounded summary for CP-02090: jurisdictional exposure, UBO depth 3, sanctions hits 0."
CP-02091,Counterparty 02091 Holdings,DE,medium,2025-08-08,0,4,"Grounded summary for CP-02091: jurisdictional exposure, UBO depth 4, sanctions hits 0."
CP-02092,Counterparty 02092 Holdings,AE,low,2025-08-07,0,1,"Grounded summary for CP-02092: jurisdictional exposure, UBO depth 1, sanctions hits 0."
CP-02093,Counterparty 02093 Holdings,SG,critical,2025-08-06,0,2,"Grounded summary for CP-02093: jurisdictional exposure, UBO depth 2, sanctions hits 0."
CP-02094,Counterparty 02094 Holdings,US,high,2025-08-05,0,3,"Grounded summary for CP-02094: jurisdictional exposure, UBO depth 3, sanctions hits 0."
CP-02095,Counterparty 02095 Holdings,GB,medium,2025-08-04,0,4,"Grounded summary for CP-02095: jurisdictional exposure, UBO depth 4, sanctions hits 0."
CP-02096,Counterparty 02096 Holdings,KY,low,2025-08-03,0,1,"Grounded summary for CP-02096: jurisdictional exposure, UBO depth 1, sanctions hits 0."
CP-02097,Counterparty 02097 Holdings,DE,critical,2025-08-02,0,2,"Grounded summary for CP-02097: jurisdictional exposure, UBO depth 2, sanctions hits 0."
CP-02098,Counterparty 02098 Holdings,AE,high,2025-08-01,0,3,"Grounded summary for CP-02098: jurisdictional exposure, UBO depth 3, sanctions hits 0."
CP-02099,Counterparty 02099 Holdings,SG,medium,2025-07-31,0,4,"Grounded summary for CP-02099: jurisdictional exposure, UBO depth 4, sanctions hits 0."
CP-02100,Counterparty 02100 Holdings,US,low,2025-07-30,0,1,"Grounded summary for CP-02100: jurisdictional exposure, UBO depth 1, sanctions hits 0."
CP-02101,Counterparty 02101 Holdings,GB,critical,2025-07-29,0,2,"Grounded summary for CP-02101: jurisdictional exposure, UBO depth 2, sanctions hits 0."
CP-02102,Counterparty 02102 Holdings,KY,high,2025-07-28,0,3,"Grounded summary for CP-02102: jurisdictional exposure, UBO depth 3, sanctions hits 0."
CP-02103,Counterparty 02103 Holdings,DE,medium,2025-07-27,0,4,"Grounded summary for CP-02103: jurisdictional exposure, UBO depth 4, sanctions hits 0."
CP-02104,Counterparty 02104 Holdings,AE,low,2025-07-26,0,1,"Grounded summary for CP-02104: jurisdictional exposure, UBO depth 1, sanctions hits 0."
CP-02105,Counterparty 02105 Holdings,SG,critical,2025-07-25,0,2,"Grounded summary for CP-02105: jurisdictional exposure, UBO depth 2, sanctions hits 0."
CP-02106,Counterparty 02106 Holdings,US,high,2025-07-24,0,3,"Grounded summary for CP-02106: jurisdictional exposure, UBO depth 3, sanctions hits 0."
CP-02107,Counterparty 02107 Holdings,GB,medium,2025-07-23,0,4,"Grounded summary for CP-02107: jurisdictional exposure, UBO depth 4, sanctions hits 0."
CP-02108,Counterparty 02108 Holdings,KY,low,2025-07-22,0,1,"Grounded summary for CP-02108: jurisdictional exposure, UBO depth 1, sanctions hits 0."
CP-02109,Counterparty 02109 Holdings,DE,critical,2025-07-21,0,2,"Grounded summary for CP-02109: jurisdictional exposure, UBO depth 2, sanctions hits 0."
CP-02110,Counterparty 02110 Holdings,AE,high,2025-07-20,0,3,"Grounded summary for CP-02110: jurisdictional exposure, UBO depth 3, sanctions hits 0."
CP-02111,Counterparty 02111 Holdings,SG,medium,2025-07-19,0,4,"Grounded summary for CP-02111: jurisdictional exposure, UBO depth 4, sanctions hits 0."
CP-02112,Counterparty 02112 Holdings,US,low,2025-07-18,0,1,"Grounded summary for CP-02112: jurisdictional exposure, UBO depth 1, sanctions hits 0."
CP-02113,Counterparty 02113 Holdings,GB,critical,2025-07-17,0,2,"Grounded summary for CP-02113: jurisdictional exposure, UBO depth 2, sanctions hits 0."
CP-02114,Counterparty 02114 Holdings,KY,high,2025-07-16,0,3,"Grounded summary for CP-02114: jurisdictional exposure, UBO depth 3, sanctions hits 0."
CP-02115,Counterparty 02115 Holdings,DE,medium,2025-07-15,0,4,"Grounded summary for CP-02115: jurisdictional exposure, UBO depth 4, sanctions hits 0."
CP-02116,Counterparty 02116 Holdings,AE,low,2025-07-14,0,1,"Grounded summary for CP-02116: jurisdictional exposure, UBO depth 1, sanctions hits 0."
CP-02117,Counterparty 02117 Holdings,SG,critical,2025-07-13,0,2,"Grounded summary for CP-02117: jurisdictional exposure, UBO depth 2, sanctions hits 0."
CP-02118,Counterparty 02118 Holdings,US,high,2025-07-12,0,3,"Grounded summary for CP-02118: jurisdictional exposure, UBO depth 3, sanctions hits 0."
CP-02119,Counterparty 02119 Holdings,GB,medium,2025-07-11,0,4,"Grounded summary for CP-02119: jurisdictional exposure, UBO depth 4, sanctions hits 0."
CP-02120,Counterparty 02120 Holdings,KY,low,2025-07-10,0,1,"Grounded summary for CP-02120: jurisdictional exposure, UBO depth 1, sanctions hits 0."
CP-02121,Counterparty 02121 Holdings,DE,critical,2025-07-09,0,2,"Grounded summary for CP-02121: jurisdictional exposure, UBO depth 2, sanctions hits 0."
CP-02122,Counterparty 02122 Holdings,AE,high,2025-07-08,0,3,"Grounded summary for CP-02122: jurisdictional exposure, UBO depth 3, sanctions hits 0."
CP-02123,Counterparty 02123 Holdings,SG,medium,2025-07-07,0,4,"Grounded summary for CP-02123: jurisdictional exposure, UBO depth 4, sanctions hits 0."
CP-02124,Counterparty 02124 Holdings,US,low,2025-07-06,0,1,"Grounded summary for CP-02124: jurisdictional exposure, UBO depth 1, sanctions hits 0."
CP-02125,Counterparty 02125 Holdings,GB,critical,2025-07-05,0,2,"Grounded summary for CP-02125: jurisdictional exposure, UBO depth 2, sanctions hits 0."
CP-02126,Counterparty 02126 Holdings,KY,high,2025-07-04,0,3,"Grounded summary for CP-02126: jurisdictional exposure, UBO depth 3, sanctions hits 0."
CP-02127,Counterparty 02127 Holdings,DE,medium,2025-07-03,0,4,"Grounded summary for CP-02127: jurisdictional exposure, UBO depth 4, sanctions hits 0."
CP-02128,Counterparty 02128 Holdings,AE,low,2025-07-02,0,1,"Grounded summary for CP-02128: jurisdictional exposure, UBO depth 1, sanctions hits 0."
CP-02129,Counterparty 02129 Holdings,SG,critical,2025-07-01,0,2,"Grounded summary for CP-02129: jurisdictional exposure, UBO depth 2, sanctions hits 0."
CP-02130,Counterparty 02130 Holdings,US,high,2025-06-30,0,3,"Grounded summary for CP-02130: jurisdictional exposure, UBO depth 3, sanctions hits 0."
CP-02131,Counterparty 02131 Holdings,GB,medium,2025-06-29,0,4,"Grounded summary for CP-02131: jurisdictional exposure, UBO depth 4, sanctions hits 0."
CP-02132,Counterparty 02132 Holdings,KY,low,2025-06-28,0,1,"Grounded summary for CP-02132: jurisdictional exposure, UBO depth 1, sanctions hits 0."
CP-02133,Counterparty 02133 Holdings,DE,critical,2025-06-27,0,2,"Grounded summary for CP-02133: jurisdictional exposure, UBO depth 2, sanctions hits 0."
CP-02134,Counterparty 02134 Holdings,AE,high,2025-06-26,0,3,"Grounded summary for CP-02134: jurisdictional exposure, UBO depth 3, sanctions hits 0."
CP-02135,Counterparty 02135 Holdings,SG,medium,2025-06-25,0,4,"Grounded summary for CP-02135: jurisdictional exposure, UBO depth 4, sanctions hits 0."
CP-02136,Counterparty 02136 Holdings,US,low,2025-06-24,0,1,"Grounded summary for CP-02136: jurisdictional exposure, UBO depth 1, sanctions hits 0."
CP-02137,Counterparty 02137 Holdings,GB,critical,2025-06-23,0,2,"Grounded summary for CP-02137: jurisdictional exposure, UBO depth 2, sanctions hits 0."
CP-02138,Counterparty 02138 Holdings,KY,high,2025-06-22,0,3,"Grounded summary for CP-02138: jurisdictional exposure, UBO depth 3, sanctions hits 0."
CP-02139,Counterparty 02139 Holdings,DE,medium,2025-06-21,0,4,"Grounded summary for CP-02139: jurisdictional exposure, UBO depth 4, sanctions hits 0."
CP-02140,Counterparty 02140 Holdings,AE,low,2025-06-20,0,1,"Grounded summary for CP-02140: jurisdictional exposure, UBO depth 1, sanctions hits 0."
CP-02141,Counterparty 02141 Holdings,SG,critical,2025-06-19,0,2,"Grounded summary for CP-02141: jurisdictional exposure, UBO depth 2, sanctions hits 0."
CP-02142,Counterparty 02142 Holdings,US,high,2025-06-18,0,3,"Grounded summary for CP-02142: jurisdictional exposure, UBO depth 3, sanctions hits 0."
CP-02143,Counterparty 02143 Holdings,GB,medium,2025-06-17,0,4,"Grounded summary for CP-02143: jurisdictional exposure, UBO depth 4, sanctions hits 0."
CP-02144,Counterparty 02144 Holdings,KY,low,2025-06-16,0,1,"Grounded summary for CP-02144: jurisdictional exposure, UBO depth 1, sanctions hits 0."
CP-02145,Counterparty 02145 Holdings,DE,critical,2025-06-15,0,2,"Grounded summary for CP-02145: jurisdictional exposure, UBO depth 2, sanctions hits 0."
CP-02146,Counterparty 02146 Holdings,AE,high,2025-06-14,0,3,"Grounded summary for CP-02146: jurisdictional exposure, UBO depth 3, sanctions hits 0."
CP-02147,Counterparty 02147 Holdings,SG,medium,2025-06-13,0,4,"Grounded summary for CP-02147: jurisdictional exposure, UBO depth 4, sanctions hits 0."
CP-02148,Counterparty 02148 Holdings,US,low,2025-06-12,0,1,"Grounded summary for CP-02148: jurisdictional exposure, UBO depth 1, sanctions hits 0."
CP-02149,Counterparty 02149 Holdings,GB,critical,2025-06-11,0,2,"Grounded summary for CP-02149: jurisdictional exposure, UBO depth 2, sanctions hits 0."
CP-02150,Counterparty 02150 Holdings,KY,high,2025-06-10,0,3,"Grounded summary for CP-02150: jurisdictional exposure, UBO depth 3, sanctions hits 0."
CP-02151,Counterparty 02151 Holdings,DE,medium,2025-06-09,0,4,"Grounded summary for CP-02151: jurisdictional exposure, UBO depth 4, sanctions hits 0."
CP-02152,Counterparty 02152 Holdings,AE,low,2025-06-08,0,1,"Grounded summary for CP-02152: jurisdictional exposure, UBO depth 1, sanctions hits 0."
CP-02153,Counterparty 02153 Holdings,SG,critical,2025-06-07,0,2,"Grounded summary for CP-02153: jurisdictional exposure, UBO depth 2, sanctions hits 0."
CP-02154,Counterparty 02154 Holdings,US,high,2025-06-06,0,3,"Grounded summary for CP-02154: jurisdictional exposure, UBO depth 3, sanctions hits 0."
CP-02155,Counterparty 02155 Holdings,GB,medium,2025-06-05,0,4,"Grounded summary for CP-02155: jurisdictional exposure, UBO depth 4, sanctions hits 0."
CP-02156,Counterparty 02156 Holdings,KY,low,2025-06-04,0,1,"Grounded summary for CP-02156: jurisdictional exposure, UBO depth 1, sanctions hits 0."
CP-02157,Counterparty 02157 Holdings,DE,critical,2025-06-03,0,2,"Grounded summary for CP-02157: jurisdictional exposure, UBO depth 2, sanctions hits 0."
CP-02158,Counterparty 02158 Holdings,AE,high,2025-06-02,0,3,"Grounded summary for CP-02158: jurisdictional exposure, UBO depth 3, sanctions hits 0."
CP-02159,Counterparty 02159 Holdings,SG,medium,2025-06-01,0,4,"Grounded summary for CP-02159: jurisdictional exposure, UBO depth 4, sanctions hits 0."
CP-02160,Counterparty 02160 Holdings,US,low,2025-05-31,0,1,"Grounded summary for CP-02160: jurisdictional exposure, UBO depth 1, sanctions hits 0."
CP-02161,Counterparty 02161 Holdings,GB,critical,2025-05-30,0,2,"Grounded summary for CP-02161: jurisdictional exposure, UBO depth 2, sanctions hits 0."
CP-02162,Counterparty 02162 Holdings,KY,high,2025-05-29,0,3,"Grounded summary for CP-02162: jurisdictional exposure, UBO depth 3, sanctions hits 0."
CP-02163,Counterparty 02163 Holdings,DE,medium,2025-05-28,0,4,"Grounded summary for CP-02163: jurisdictional exposure, UBO depth 4, sanctions hits 0."
CP-02164,Counterparty 02164 Holdings,AE,low,2025-05-27,0,1,"Grounded summary for CP-02164: jurisdictional exposure, UBO depth 1, sanctions hits 0."
CP-02165,Counterparty 02165 Holdings,SG,critical,2025-05-26,0,2,"Grounded summary for CP-02165: jurisdictional exposure, UBO depth 2, sanctions hits 0."
CP-02166,Counterparty 02166 Holdings,US,high,2025-05-25,0,3,"Grounded summary for CP-02166: jurisdictional exposure, UBO depth 3, sanctions hits 0."
CP-02167,Counterparty 02167 Holdings,GB,medium,2025-05-24,0,4,"Grounded summary for CP-02167: jurisdictional exposure, UBO depth 4, sanctions hits 0."
CP-02168,Counterparty 02168 Holdings,KY,low,2025-05-23,0,1,"Grounded summary for CP-02168: jurisdictional exposure, UBO depth 1, sanctions hits 0."
CP-02169,Counterparty 02169 Holdings,DE,critical,2025-05-22,0,2,"Grounded summary for CP-02169: jurisdictional exposure, UBO depth 2, sanctions hits 0."
CP-02170,Counterparty 02170 Holdings,AE,high,2025-05-21,0,3,"Grounded summary for CP-02170: jurisdictional exposure, UBO depth 3, sanctions hits 0."
CP-02171,Counterparty 02171 Holdings,SG,medium,2025-05-20,0,4,"Grounded summary for CP-02171: jurisdictional exposure, UBO depth 4, sanctions hits 0."
CP-02172,Counterparty 02172 Holdings,US,low,2025-05-19,0,1,"Grounded summary for CP-02172: jurisdictional exposure, UBO depth 1, sanctions hits 0."
CP-02173,Counterparty 02173 Holdings,GB,critical,2025-05-18,0,2,"Grounded summary for CP-02173: jurisdictional exposure, UBO depth 2, sanctions hits 0."
CP-02174,Counterparty 02174 Holdings,KY,high,2025-05-17,0,3,"Grounded summary for CP-02174: jurisdictional exposure, UBO depth 3, sanctions hits 0."
CP-02175,Counterparty 02175 Holdings,DE,medium,2025-05-16,0,4,"Grounded summary for CP-02175: jurisdictional exposure, UBO depth 4, sanctions hits 0."
CP-02176,Counterparty 02176 Holdings,AE,low,2025-05-15,0,1,"Grounded summary for CP-02176: jurisdictional exposure, UBO depth 1, sanctions hits 0."
CP-02177,Counterparty 02177 Holdings,SG,critical,2025-05-14,0,2,"Grounded summary for CP-02177: jurisdictional exposure, UBO depth 2, sanctions hits 0."
CP-02178,Counterparty 02178 Holdings,US,high,2025-05-13,0,3,"Grounded summary for CP-02178: jurisdictional exposure, UBO depth 3, sanctions hits 0."
CP-02179,Counterparty 02179 Holdings,GB,medium,2025-05-12,0,4,"Grounded summary for CP-02179: jurisdictional exposure, UBO depth 4, sanctions hits 0."
CP-02180,Counterparty 02180 Holdings,KY,low,2025-05-11,0,1,"Grounded summary for CP-02180: jurisdictional exposure, UBO depth 1, sanctions hits 0."
CP-02181,Counterparty 02181 Holdings,DE,critical,2025-05-10,0,2,"Grounded summary for CP-02181: jurisdictional exposure, UBO depth 2, sanctions hits 0."
CP-02182,Counterparty 02182 Holdings,AE,high,2025-05-09,0,3,"Grounded summary for CP-02182: jurisdictional exposure, UBO depth 3, sanctions hits 0."
CP-02183,Counterparty 02183 Holdings,SG,medium,2025-05-08,0,4,"Grounded summary for CP-02183: jurisdictional exposure, UBO depth 4, sanctions hits 0."
CP-02184,Counterparty 02184 Holdings,US,low,2025-05-07,0,1,"Grounded summary for CP-02184: jurisdictional exposure, UBO depth 1, sanctions hits 0."
CP-02185,Counterparty 02185 Holdings,GB,critical,2025-05-06,0,2,"Grounded summary for CP-02185: jurisdictional exposure, UBO depth 2, sanctions hits 0."
CP-02186,Counterparty 02186 Holdings,KY,high,2025-05-05,0,3,"Grounded summary for CP-02186: jurisdictional exposure, UBO depth 3, sanctions hits 0."
CP-02187,Counterparty 02187 Holdings,DE,medium,2025-05-04,0,4,"Grounded summary for CP-02187: jurisdictional exposure, UBO depth 4, sanctions hits 0."
CP-02188,Counterparty 02188 Holdings,AE,low,2025-05-03,0,1,"Grounded summary for CP-02188: jurisdictional exposure, UBO depth 1, sanctions hits 0."
CP-02189,Counterparty 02189 Holdings,SG,critical,2025-05-02,0,2,"Grounded summary for CP-02189: jurisdictional exposure, UBO depth 2, sanctions hits 0."
CP-02190,Counterparty 02190 Holdings,US,high,2026-05-01,0,3,"Grounded summary for CP-02190: jurisdictional exposure, UBO depth 3, sanctions hits 0."
CP-02191,Counterparty 02191 Holdings,GB,medium,2026-04-30,0,4,"Grounded summary for CP-02191: jurisdictional exposure, UBO depth 4, sanctions hits 0."
CP-02192,Counterparty 02192 Holdings,KY,low,2026-04-29,0,1,"Grounded summary for CP-02192: jurisdictional exposure, UBO depth 1, sanctions hits 0."
CP-02193,Counterparty 02193 Holdings,DE,critical,2026-04-28,0,2,"Grounded summary for CP-02193: jurisdictional exposure, UBO depth 2, sanctions hits 0."
CP-02194,Counterparty 02194 Holdings,AE,high,2026-04-27,0,3,"Grounded summary for CP-02194: jurisdictional exposure, UBO depth 3, sanctions hits 0."
CP-02195,Counterparty 02195 Holdings,SG,medium,2026-04-26,0,4,"Grounded summary for CP-02195: jurisdictional exposure, UBO depth 4, sanctions hits 0."
CP-02196,Counterparty 02196 Holdings,US,low,2026-04-25,0,1,"Grounded summary for CP-02196: jurisdictional exposure, UBO depth 1, sanctions hits 0."
CP-02197,Counterparty 02197 Holdings,GB,critical,2026-04-24,0,2,"Grounded summary for CP-02197: jurisdictional exposure, UBO depth 2, sanctions hits 0."
CP-02198,Counterparty 02198 Holdings,KY,high,2026-04-23,0,3,"Grounded summary for CP-02198: jurisdictional exposure, UBO depth 3, sanctions hits 0."
CP-02199,Counterparty 02199 Holdings,DE,medium,2026-04-22,0,4,"Grounded summary for CP-02199: jurisdictional exposure, UBO depth 4, sanctions hits 0."
CP-02200,Counterparty 02200 Holdings,AE,low,2026-04-21,0,1,"Grounded summary for CP-02200: jurisdictional exposure, UBO depth 1, sanctions hits 0."
CP-02201,Counterparty 02201 Holdings,SG,critical,2026-04-20,0,2,"Grounded summary for CP-02201: jurisdictional exposure, UBO depth 2, sanctions hits 0."
CP-02202,Counterparty 02202 Holdings,US,high,2026-04-19,0,3,"Grounded summary for CP-02202: jurisdictional exposure, UBO depth 3, sanctions hits 0."
CP-02203,Counterparty 02203 Holdings,GB,medium,2026-04-18,0,4,"Grounded summary for CP-02203: jurisdictional exposure, UBO depth 4, sanctions hits 0."
CP-02204,Counterparty 02204 Holdings,KY,low,2026-04-17,0,1,"Grounded summary for CP-02204: jurisdictional exposure, UBO depth 1, sanctions hits 0."
CP-02205,Counterparty 02205 Holdings,DE,critical,2026-04-16,0,2,"Grounded summary for CP-02205: jurisdictional exposure, UBO depth 2, sanctions hits 0."
CP-02206,Counterparty 02206 Holdings,AE,high,2026-04-15,0,3,"Grounded summary for CP-02206: jurisdictional exposure, UBO depth 3, sanctions hits 0."
CP-02207,Counterparty 02207 Holdings,SG,medium,2026-04-14,0,4,"Grounded summary for CP-02207: jurisdictional exposure, UBO depth 4, sanctions hits 0."
CP-02208,Counterparty 02208 Holdings,US,low,2026-04-13,0,1,"Grounded summary for CP-02208: jurisdictional exposure, UBO depth 1, sanctions hits 0."
CP-02209,Counterparty 02209 Holdings,GB,critical,2026-04-12,0,2,"Grounded summary for CP-02209: jurisdictional exposure, UBO depth 2, sanctions hits 0."
CP-02210,Counterparty 02210 Holdings,KY,high,2026-04-11,0,3,"Grounded summary for CP-02210: jurisdictional exposure, UBO depth 3, sanctions hits 0."
CP-02211,Counterparty 02211 Holdings,DE,medium,2026-04-10,0,4,"Grounded summary for CP-02211: jurisdictional exposure, UBO depth 4, sanctions hits 0."
CP-02212,Counterparty 02212 Holdings,AE,low,2026-04-09,0,1,"Grounded summary for CP-02212: jurisdictional exposure, UBO depth 1, sanctions hits 0."
CP-02213,Counterparty 02213 Holdings,SG,critical,2026-04-08,0,2,"Grounded summary for CP-02213: jurisdictional exposure, UBO depth 2, sanctions hits 0."
CP-02214,Counterparty 02214 Holdings,US,high,2026-04-07,0,3,"Grounded summary for CP-02214: jurisdictional exposure, UBO depth 3, sanctions hits 0."
CP-02215,Counterparty 02215 Holdings,GB,medium,2026-04-06,0,4,"Grounded summary for CP-02215: jurisdictional exposure, UBO depth 4, sanctions hits 0."
CP-02216,Counterparty 02216 Holdings,KY,low,2026-04-05,0,1,"Grounded summary for CP-02216: jurisdictional exposure, UBO depth 1, sanctions hits 0."
CP-02217,Counterparty 02217 Holdings,DE,critical,2026-04-04,0,2,"Grounded summary for CP-02217: jurisdictional exposure, UBO depth 2, sanctions hits 0."
CP-02218,Counterparty 02218 Holdings,AE,high,2026-04-03,0,3,"Grounded summary for CP-02218: jurisdictional exposure, UBO depth 3, sanctions hits 0."
CP-02219,Counterparty 02219 Holdings,SG,medium,2026-04-02,0,4,"Grounded summary for CP-02219: jurisdictional exposure, UBO depth 4, sanctions hits 0."
CP-02220,Counterparty 02220 Holdings,US,low,2026-04-01,0,1,"Grounded summary for CP-02220: jurisdictional exposure, UBO depth 1, sanctions hits 0."
CP-02221,Counterparty 02221 Holdings,GB,critical,2026-03-31,0,2,"Grounded summary for CP-02221: jurisdictional exposure, UBO depth 2, sanctions hits 0."
CP-02222,Counterparty 02222 Holdings,KY,high,2026-03-30,0,3,"Grounded summary for CP-02222: jurisdictional exposure, UBO depth 3, sanctions hits 0."
CP-02223,Counterparty 02223 Holdings,DE,medium,2026-03-29,0,4,"Grounded summary for CP-02223: jurisdictional exposure, UBO depth 4, sanctions hits 0."
CP-02224,Counterparty 02224 Holdings,AE,low,2026-03-28,0,1,"Grounded summary for CP-02224: jurisdictional exposure, UBO depth 1, sanctions hits 0."
CP-02225,Counterparty 02225 Holdings,SG,critical,2026-03-27,0,2,"Grounded summary for CP-02225: jurisdictional exposure, UBO depth 2, sanctions hits 0."
CP-02226,Counterparty 02226 Holdings,US,high,2026-03-26,0,3,"Grounded summary for CP-02226: jurisdictional exposure, UBO depth 3, sanctions hits 0."
CP-02227,Counterparty 02227 Holdings,GB,medium,2026-03-25,0,4,"Grounded summary for CP-02227: jurisdictional exposure, UBO depth 4, sanctions hits 0."
CP-02228,Counterparty 02228 Holdings,KY,low,2026-03-24,0,1,"Grounded summary for CP-02228: jurisdictional exposure, UBO depth 1, sanctions hits 0."
CP-02229,Counterparty 02229 Holdings,DE,critical,2026-03-23,0,2,"Grounded summary for CP-02229: jurisdictional exposure, UBO depth 2, sanctions hits 0."
CP-02230,Counterparty 02230 Holdings,AE,high,2026-03-22,0,3,"Grounded summary for CP-02230: jurisdictional exposure, UBO depth 3, sanctions hits 0."
CP-02231,Counterparty 02231 Holdings,SG,medium,2026-03-21,0,4,"Grounded summary for CP-02231: jurisdictional exposure, UBO depth 4, sanctions hits 0."
CP-02232,Counterparty 02232 Holdings,US,low,2026-03-20,0,1,"Grounded summary for CP-02232: jurisdictional exposure, UBO depth 1, sanctions hits 0."
CP-02233,Counterparty 02233 Holdings,GB,critical,2026-03-19,0,2,"Grounded summary for CP-02233: jurisdictional exposure, UBO depth 2, sanctions hits 0."
CP-02234,Counterparty 02234 Holdings,KY,high,2026-03-18,0,3,"Grounded summary for CP-02234: jurisdictional exposure, UBO depth 3, sanctions hits 0."
CP-02235,Counterparty 02235 Holdings,DE,medium,2026-03-17,0,4,"Grounded summary for CP-02235: jurisdictional exposure, UBO depth 4, sanctions hits 0."
CP-02236,Counterparty 02236 Holdings,AE,low,2026-03-16,0,1,"Grounded summary for CP-02236: jurisdictional exposure, UBO depth 1, sanctions hits 0."
CP-02237,Counterparty 02237 Holdings,SG,critical,2026-03-15,0,2,"Grounded summary for CP-02237: jurisdictional exposure, UBO depth 2, sanctions hits 0."
CP-02238,Counterparty 02238 Holdings,US,high,2026-03-14,0,3,"Grounded summary for CP-02238: jurisdictional exposure, UBO depth 3, sanctions hits 0."
CP-02239,Counterparty 02239 Holdings,GB,medium,2026-03-13,0,4,"Grounded summary for CP-02239: jurisdictional exposure, UBO depth 4, sanctions hits 0."
CP-02240,Counterparty 02240 Holdings,KY,low,2026-03-12,0,1,"Grounded summary for CP-02240: jurisdictional exposure, UBO depth 1, sanctions hits 0."
CP-02241,Counterparty 02241 Holdings,DE,critical,2026-03-11,0,2,"Grounded summary for CP-02241: jurisdictional exposure, UBO depth 2, sanctions hits 0."
CP-02242,Counterparty 02242 Holdings,AE,high,2026-03-10,0,3,"Grounded summary for CP-02242: jurisdictional exposure, UBO depth 3, sanctions hits 0."
CP-02243,Counterparty 02243 Holdings,SG,medium,2026-03-09,0,4,"Grounded summary for CP-02243: jurisdictional exposure, UBO depth 4, sanctions hits 0."
CP-02244,Counterparty 02244 Holdings,US,low,2026-03-08,0,1,"Grounded summary for CP-02244: jurisdictional exposure, UBO depth 1, sanctions hits 0."
CP-02245,Counterparty 02245 Holdings,GB,critical,2026-03-07,0,2,"Grounded summary for CP-02245: jurisdictional exposure, UBO depth 2, sanctions hits 0."
CP-02246,Counterparty 02246 Holdings,KY,high,2026-03-06,0,3,"Grounded summary for CP-02246: jurisdictional exposure, UBO depth 3, sanctions hits 0."
CP-02247,Counterparty 02247 Holdings,DE,medium,2026-03-05,0,4,"Grounded summary for CP-02247: jurisdictional exposure, UBO depth 4, sanctions hits 0."
CP-02248,Counterparty 02248 Holdings,AE,low,2026-03-04,0,1,"Grounded summary for CP-02248: jurisdictional exposure, UBO depth 1, sanctions hits 0."
CP-02249,Counterparty 02249 Holdings,SG,critical,2026-03-03,0,2,"Grounded summary for CP-02249: jurisdictional exposure, UBO depth 2, sanctions hits 0."
CP-02250,Counterparty 02250 Holdings,US,high,2026-03-02,0,3,"Grounded summary for CP-02250: jurisdictional exposure, UBO depth 3, sanctions hits 0."
CP-02251,Counterparty 02251 Holdings,GB,medium,2026-03-01,0,4,"Grounded summary for CP-02251: jurisdictional exposure, UBO depth 4, sanctions hits 0."
CP-02252,Counterparty 02252 Holdings,KY,low,2026-02-28,0,1,"Grounded summary for CP-02252: jurisdictional exposure, UBO depth 1, sanctions hits 0."
CP-02253,Counterparty 02253 Holdings,DE,critical,2026-02-27,0,2,"Grounded summary for CP-02253: jurisdictional exposure, UBO depth 2, sanctions hits 0."
CP-02254,Counterparty 02254 Holdings,AE,high,2026-02-26,0,3,"Grounded summary for CP-02254: jurisdictional exposure, UBO depth 3, sanctions hits 0."
CP-02255,Counterparty 02255 Holdings,SG,medium,2026-02-25,0,4,"Grounded summary for CP-02255: jurisdictional exposure, UBO depth 4, sanctions hits 0."
CP-02256,Counterparty 02256 Holdings,US,low,2026-02-24,0,1,"Grounded summary for CP-02256: jurisdictional exposure, UBO depth 1, sanctions hits 0."
CP-02257,Counterparty 02257 Holdings,GB,critical,2026-02-23,0,2,"Grounded summary for CP-02257: jurisdictional exposure, UBO depth 2, sanctions hits 0."
CP-02258,Counterparty 02258 Holdings,KY,high,2026-02-22,0,3,"Grounded summary for CP-02258: jurisdictional exposure, UBO depth 3, sanctions hits 0."
CP-02259,Counterparty 02259 Holdings,DE,medium,2026-02-21,0,4,"Grounded summary for CP-02259: jurisdictional exposure, UBO depth 4, sanctions hits 0."
CP-02260,Counterparty 02260 Holdings,AE,low,2026-02-20,0,1,"Grounded summary for CP-02260: jurisdictional exposure, UBO depth 1, sanctions hits 0."
CP-02261,Counterparty 02261 Holdings,SG,critical,2026-02-19,0,2,"Grounded summary for CP-02261: jurisdictional exposure, UBO depth 2, sanctions hits 0."
CP-02262,Counterparty 02262 Holdings,US,high,2026-02-18,0,3,"Grounded summary for CP-02262: jurisdictional exposure, UBO depth 3, sanctions hits 0."
CP-02263,Counterparty 02263 Holdings,GB,medium,2026-02-17,0,4,"Grounded summary for CP-02263: jurisdictional exposure, UBO depth 4, sanctions hits 0."
CP-02264,Counterparty 02264 Holdings,KY,low,2026-02-16,0,1,"Grounded summary for CP-02264: jurisdictional exposure, UBO depth 1, sanctions hits 0."
CP-02265,Counterparty 02265 Holdings,DE,critical,2026-02-15,0,2,"Grounded summary for CP-02265: jurisdictional exposure, UBO depth 2, sanctions hits 0."
CP-02266,Counterparty 02266 Holdings,AE,high,2026-02-14,0,3,"Grounded summary for CP-02266: jurisdictional exposure, UBO depth 3, sanctions hits 0."
CP-02267,Counterparty 02267 Holdings,SG,medium,2026-02-13,0,4,"Grounded summary for CP-02267: jurisdictional exposure, UBO depth 4, sanctions hits 0."
CP-02268,Counterparty 02268 Holdings,US,low,2026-02-12,0,1,"Grounded summary for CP-02268: jurisdictional exposure, UBO depth 1, sanctions hits 0."
CP-02269,Counterparty 02269 Holdings,GB,critical,2026-02-11,0,2,"Grounded summary for CP-02269: jurisdictional exposure, UBO depth 2, sanctions hits 0."
CP-02270,Counterparty 02270 Holdings,KY,high,2026-02-10,0,3,"Grounded summary for CP-02270: jurisdictional exposure, UBO depth 3, sanctions hits 0."
CP-02271,Counterparty 02271 Holdings,DE,medium,2026-02-09,0,4,"Grounded summary for CP-02271: jurisdictional exposure, UBO depth 4, sanctions hits 0."
CP-02272,Counterparty 02272 Holdings,AE,low,2026-02-08,0,1,"Grounded summary for CP-02272: jurisdictional exposure, UBO depth 1, sanctions hits 0."
CP-02273,Counterparty 02273 Holdings,SG,critical,2026-02-07,0,2,"Grounded summary for CP-02273: jurisdictional exposure, UBO depth 2, sanctions hits 0."
CP-02274,Counterparty 02274 Holdings,US,high,2026-02-06,0,3,"Grounded summary for CP-02274: jurisdictional exposure, UBO depth 3, sanctions hits 0."
CP-02275,Counterparty 02275 Holdings,GB,medium,2026-02-05,0,4,"Grounded summary for CP-02275: jurisdictional exposure, UBO depth 4, sanctions hits 0."
CP-02276,Counterparty 02276 Holdings,KY,low,2026-02-04,0,1,"Grounded summary for CP-02276: jurisdictional exposure, UBO depth 1, sanctions hits 0."
CP-02277,Counterparty 02277 Holdings,DE,critical,2026-02-03,0,2,"Grounded summary for CP-02277: jurisdictional exposure, UBO depth 2, sanctions hits 0."
CP-02278,Counterparty 02278 Holdings,AE,high,2026-02-02,0,3,"Grounded summary for CP-02278: jurisdictional exposure, UBO depth 3, sanctions hits 0."
CP-02279,Counterparty 02279 Holdings,SG,medium,2026-02-01,0,4,"Grounded summary for CP-02279: jurisdictional exposure, UBO depth 4, sanctions hits 0."
CP-02280,Counterparty 02280 Holdings,US,low,2026-01-31,0,1,"Grounded summary for CP-02280: jurisdictional exposure, UBO depth 1, sanctions hits 0."
CP-02281,Counterparty 02281 Holdings,GB,critical,2026-01-30,0,2,"Grounded summary for CP-02281: jurisdictional exposure, UBO depth 2, sanctions hits 0."
CP-02282,Counterparty 02282 Holdings,KY,high,2026-01-29,0,3,"Grounded summary for CP-02282: jurisdictional exposure, UBO depth 3, sanctions hits 0."
CP-02283,Counterparty 02283 Holdings,DE,medium,2026-01-28,0,4,"Grounded summary for CP-02283: jurisdictional exposure, UBO depth 4, sanctions hits 0."
CP-02284,Counterparty 02284 Holdings,AE,low,2026-01-27,0,1,"Grounded summary for CP-02284: jurisdictional exposure, UBO depth 1, sanctions hits 0."
CP-02285,Counterparty 02285 Holdings,SG,critical,2026-01-26,0,2,"Grounded summary for CP-02285: jurisdictional exposure, UBO depth 2, sanctions hits 0."
CP-02286,Counterparty 02286 Holdings,US,high,2026-01-25,0,3,"Grounded summary for CP-02286: jurisdictional exposure, UBO depth 3, sanctions hits 0."
CP-02287,Counterparty 02287 Holdings,GB,medium,2026-01-24,0,4,"Grounded summary for CP-02287: jurisdictional exposure, UBO depth 4, sanctions hits 0."
CP-02288,Counterparty 02288 Holdings,KY,low,2026-01-23,0,1,"Grounded summary for CP-02288: jurisdictional exposure, UBO depth 1, sanctions hits 0."
CP-02289,Counterparty 02289 Holdings,DE,critical,2026-01-22,0,2,"Grounded summary for CP-02289: jurisdictional exposure, UBO depth 2, sanctions hits 0."
CP-02290,Counterparty 02290 Holdings,AE,high,2026-01-21,0,3,"Grounded summary for CP-02290: jurisdictional exposure, UBO depth 3, sanctions hits 0."
CP-02291,Counterparty 02291 Holdings,SG,medium,2026-01-20,0,4,"Grounded summary for CP-02291: jurisdictional exposure, UBO depth 4, sanctions hits 0."
CP-02292,Counterparty 02292 Holdings,US,low,2026-01-19,0,1,"Grounded summary for CP-02292: jurisdictional exposure, UBO depth 1, sanctions hits 0."
CP-02293,Counterparty 02293 Holdings,GB,critical,2026-01-18,0,2,"Grounded summary for CP-02293: jurisdictional exposure, UBO depth 2, sanctions hits 0."
CP-02294,Counterparty 02294 Holdings,KY,high,2026-01-17,0,3,"Grounded summary for CP-02294: jurisdictional exposure, UBO depth 3, sanctions hits 0."
CP-02295,Counterparty 02295 Holdings,DE,medium,2026-01-16,0,4,"Grounded summary for CP-02295: jurisdictional exposure, UBO depth 4, sanctions hits 0."
CP-02296,Counterparty 02296 Holdings,AE,low,2026-01-15,0,1,"Grounded summary for CP-02296: jurisdictional exposure, UBO depth 1, sanctions hits 0."
CP-02297,Counterparty 02297 Holdings,SG,critical,2026-01-14,0,2,"Grounded summary for CP-02297: jurisdictional exposure, UBO depth 2, sanctions hits 0."
CP-02298,Counterparty 02298 Holdings,US,high,2026-01-13,0,3,"Grounded summary for CP-02298: jurisdictional exposure, UBO depth 3, sanctions hits 0."
CP-02299,Counterparty 02299 Holdings,GB,medium,2026-01-12,0,4,"Grounded summary for CP-02299: jurisdictional exposure, UBO depth 4, sanctions hits 0."
CP-02300,Counterparty 02300 Holdings,KY,low,2026-01-11,0,1,"Grounded summary for CP-02300: jurisdictional exposure, UBO depth 1, sanctions hits 0."
CP-02301,Counterparty 02301 Holdings,DE,critical,2026-01-10,0,2,"Grounded summary for CP-02301: jurisdictional exposure, UBO depth 2, sanctions hits 0."
CP-02302,Counterparty 02302 Holdings,AE,high,2026-01-09,0,3,"Grounded summary for CP-02302: jurisdictional exposure, UBO depth 3, sanctions hits 0."
CP-02303,Counterparty 02303 Holdings,SG,medium,2026-01-08,0,4,"Grounded summary for CP-02303: jurisdictional exposure, UBO depth 4, sanctions hits 0."
CP-02304,Counterparty 02304 Holdings,US,low,2026-01-07,0,1,"Grounded summary for CP-02304: jurisdictional exposure, UBO depth 1, sanctions hits 0."
CP-02305,Counterparty 02305 Holdings,GB,critical,2026-01-06,0,2,"Grounded summary for CP-02305: jurisdictional exposure, UBO depth 2, sanctions hits 0."
CP-02306,Counterparty 02306 Holdings,KY,high,2026-01-05,0,3,"Grounded summary for CP-02306: jurisdictional exposure, UBO depth 3, sanctions hits 0."
CP-02307,Counterparty 02307 Holdings,DE,medium,2026-01-04,0,4,"Grounded summary for CP-02307: jurisdictional exposure, UBO depth 4, sanctions hits 0."
CP-02308,Counterparty 02308 Holdings,AE,low,2026-01-03,0,1,"Grounded summary for CP-02308: jurisdictional exposure, UBO depth 1, sanctions hits 0."
CP-02309,Counterparty 02309 Holdings,SG,critical,2026-01-02,0,2,"Grounded summary for CP-02309: jurisdictional exposure, UBO depth 2, sanctions hits 0."
CP-02310,Counterparty 02310 Holdings,US,high,2026-01-01,0,3,"Grounded summary for CP-02310: jurisdictional exposure, UBO depth 3, sanctions hits 0."
CP-02311,Counterparty 02311 Holdings,GB,medium,2025-12-31,0,4,"Grounded summary for CP-02311: jurisdictional exposure, UBO depth 4, sanctions hits 0."
CP-02312,Counterparty 02312 Holdings,KY,low,2025-12-30,0,1,"Grounded summary for CP-02312: jurisdictional exposure, UBO depth 1, sanctions hits 0."
CP-02313,Counterparty 02313 Holdings,DE,critical,2025-12-29,0,2,"Grounded summary for CP-02313: jurisdictional exposure, UBO depth 2, sanctions hits 0."
CP-02314,Counterparty 02314 Holdings,AE,high,2025-12-28,0,3,"Grounded summary for CP-02314: jurisdictional exposure, UBO depth 3, sanctions hits 0."
CP-02315,Counterparty 02315 Holdings,SG,medium,2025-12-27,0,4,"Grounded summary for CP-02315: jurisdictional exposure, UBO depth 4, sanctions hits 0."
CP-02316,Counterparty 02316 Holdings,US,low,2025-12-26,0,1,"Grounded summary for CP-02316: jurisdictional exposure, UBO depth 1, sanctions hits 0."
CP-02317,Counterparty 02317 Holdings,GB,critical,2025-12-25,0,2,"Grounded summary for CP-02317: jurisdictional exposure, UBO depth 2, sanctions hits 0."
CP-02318,Counterparty 02318 Holdings,KY,high,2025-12-24,0,3,"Grounded summary for CP-02318: jurisdictional exposure, UBO depth 3, sanctions hits 0."
CP-02319,Counterparty 02319 Holdings,DE,medium,2025-12-23,0,4,"Grounded summary for CP-02319: jurisdictional exposure, UBO depth 4, sanctions hits 0."
CP-02320,Counterparty 02320 Holdings,AE,low,2025-12-22,0,1,"Grounded summary for CP-02320: jurisdictional exposure, UBO depth 1, sanctions hits 0."
CP-02321,Counterparty 02321 Holdings,SG,critical,2025-12-21,0,2,"Grounded summary for CP-02321: jurisdictional exposure, UBO depth 2, sanctions hits 0."
CP-02322,Counterparty 02322 Holdings,US,high,2025-12-20,0,3,"Grounded summary for CP-02322: jurisdictional exposure, UBO depth 3, sanctions hits 0."
CP-02323,Counterparty 02323 Holdings,GB,medium,2025-12-19,0,4,"Grounded summary for CP-02323: jurisdictional exposure, UBO depth 4, sanctions hits 0."
CP-02324,Counterparty 02324 Holdings,KY,low,2025-12-18,0,1,"Grounded summary for CP-02324: jurisdictional exposure, UBO depth 1, sanctions hits 0."
CP-02325,Counterparty 02325 Holdings,DE,critical,2025-12-17,0,2,"Grounded summary for CP-02325: jurisdictional exposure, UBO depth 2, sanctions hits 0."
CP-02326,Counterparty 02326 Holdings,AE,high,2025-12-16,0,3,"Grounded summary for CP-02326: jurisdictional exposure, UBO depth 3, sanctions hits 0."
CP-02327,Counterparty 02327 Holdings,SG,medium,2025-12-15,0,4,"Grounded summary for CP-02327: jurisdictional exposure, UBO depth 4, sanctions hits 0."
CP-02328,Counterparty 02328 Holdings,US,low,2025-12-14,0,1,"Grounded summary for CP-02328: jurisdictional exposure, UBO depth 1, sanctions hits 0."
CP-02329,Counterparty 02329 Holdings,GB,critical,2025-12-13,0,2,"Grounded summary for CP-02329: jurisdictional exposure, UBO depth 2, sanctions hits 0."
CP-02330,Counterparty 02330 Holdings,KY,high,2025-12-12,0,3,"Grounded summary for CP-02330: jurisdictional exposure, UBO depth 3, sanctions hits 0."
CP-02331,Counterparty 02331 Holdings,DE,medium,2025-12-11,0,4,"Grounded summary for CP-02331: jurisdictional exposure, UBO depth 4, sanctions hits 0."
CP-02332,Counterparty 02332 Holdings,AE,low,2025-12-10,0,1,"Grounded summary for CP-02332: jurisdictional exposure, UBO depth 1, sanctions hits 0."
CP-02333,Counterparty 02333 Holdings,SG,critical,2025-12-09,0,2,"Grounded summary for CP-02333: jurisdictional exposure, UBO depth 2, sanctions hits 0."
CP-02334,Counterparty 02334 Holdings,US,high,2025-12-08,0,3,"Grounded summary for CP-02334: jurisdictional exposure, UBO depth 3, sanctions hits 0."
CP-02335,Counterparty 02335 Holdings,GB,medium,2025-12-07,0,4,"Grounded summary for CP-02335: jurisdictional exposure, UBO depth 4, sanctions hits 0."
CP-02336,Counterparty 02336 Holdings,KY,low,2025-12-06,0,1,"Grounded summary for CP-02336: jurisdictional exposure, UBO depth 1, sanctions hits 0."
CP-02337,Counterparty 02337 Holdings,DE,critical,2025-12-05,0,2,"Grounded summary for CP-02337: jurisdictional exposure, UBO depth 2, sanctions hits 0."
CP-02338,Counterparty 02338 Holdings,AE,high,2025-12-04,0,3,"Grounded summary for CP-02338: jurisdictional exposure, UBO depth 3, sanctions hits 0."
CP-02339,Counterparty 02339 Holdings,SG,medium,2025-12-03,0,4,"Grounded summary for CP-02339: jurisdictional exposure, UBO depth 4, sanctions hits 0."
CP-02340,Counterparty 02340 Holdings,US,low,2025-12-02,0,1,"Grounded summary for CP-02340: jurisdictional exposure, UBO depth 1, sanctions hits 0."
CP-02341,Counterparty 02341 Holdings,GB,critical,2025-12-01,0,2,"Grounded summary for CP-02341: jurisdictional exposure, UBO depth 2, sanctions hits 0."
CP-02342,Counterparty 02342 Holdings,KY,high,2025-11-30,0,3,"Grounded summary for CP-02342: jurisdictional exposure, UBO depth 3, sanctions hits 0."
CP-02343,Counterparty 02343 Holdings,DE,medium,2025-11-29,0,4,"Grounded summary for CP-02343: jurisdictional exposure, UBO depth 4, sanctions hits 0."
CP-02344,Counterparty 02344 Holdings,AE,low,2025-11-28,0,1,"Grounded summary for CP-02344: jurisdictional exposure, UBO depth 1, sanctions hits 0."
CP-02345,Counterparty 02345 Holdings,SG,critical,2025-11-27,0,2,"Grounded summary for CP-02345: jurisdictional exposure, UBO depth 2, sanctions hits 0."
CP-02346,Counterparty 02346 Holdings,US,high,2025-11-26,0,3,"Grounded summary for CP-02346: jurisdictional exposure, UBO depth 3, sanctions hits 0."
CP-02347,Counterparty 02347 Holdings,GB,medium,2025-11-25,0,4,"Grounded summary for CP-02347: jurisdictional exposure, UBO depth 4, sanctions hits 0."
CP-02348,Counterparty 02348 Holdings,KY,low,2025-11-24,0,1,"Grounded summary for CP-02348: jurisdictional exposure, UBO depth 1, sanctions hits 0."
CP-02349,Counterparty 02349 Holdings,DE,critical,2025-11-23,0,2,"Grounded summary for CP-02349: jurisdictional exposure, UBO depth 2, sanctions hits 0."
CP-02350,Counterparty 02350 Holdings,AE,high,2025-11-22,0,3,"Grounded summary for CP-02350: jurisdictional exposure, UBO depth 3, sanctions hits 0."
CP-02351,Counterparty 02351 Holdings,SG,medium,2025-11-21,0,4,"Grounded summary for CP-02351: jurisdictional exposure, UBO depth 4, sanctions hits 0."
CP-02352,Counterparty 02352 Holdings,US,low,2025-11-20,0,1,"Grounded summary for CP-02352: jurisdictional exposure, UBO depth 1, sanctions hits 0."
CP-02353,Counterparty 02353 Holdings,GB,critical,2025-11-19,0,2,"Grounded summary for CP-02353: jurisdictional exposure, UBO depth 2, sanctions hits 0."
CP-02354,Counterparty 02354 Holdings,KY,high,2025-11-18,0,3,"Grounded summary for CP-02354: jurisdictional exposure, UBO depth 3, sanctions hits 0."
CP-02355,Counterparty 02355 Holdings,DE,medium,2025-11-17,0,4,"Grounded summary for CP-02355: jurisdictional exposure, UBO depth 4, sanctions hits 0."
CP-02356,Counterparty 02356 Holdings,AE,low,2025-11-16,0,1,"Grounded summary for CP-02356: jurisdictional exposure, UBO depth 1, sanctions hits 0."
CP-02357,Counterparty 02357 Holdings,SG,critical,2025-11-15,0,2,"Grounded summary for CP-02357: jurisdictional exposure, UBO depth 2, sanctions hits 0."
CP-02358,Counterparty 02358 Holdings,US,high,2025-11-14,0,3,"Grounded summary for CP-02358: jurisdictional exposure, UBO depth 3, sanctions hits 0."
CP-02359,Counterparty 02359 Holdings,GB,medium,2025-11-13,0,4,"Grounded summary for CP-02359: jurisdictional exposure, UBO depth 4, sanctions hits 0."
CP-02360,Counterparty 02360 Holdings,KY,low,2025-11-12,0,1,"Grounded summary for CP-02360: jurisdictional exposure, UBO depth 1, sanctions hits 0."
CP-02361,Counterparty 02361 Holdings,DE,critical,2025-11-11,0,2,"Grounded summary for CP-02361: jurisdictional exposure, UBO depth 2, sanctions hits 0."
CP-02362,Counterparty 02362 Holdings,AE,high,2025-11-10,0,3,"Grounded summary for CP-02362: jurisdictional exposure, UBO depth 3, sanctions hits 0."
CP-02363,Counterparty 02363 Holdings,SG,medium,2025-11-09,0,4,"Grounded summary for CP-02363: jurisdictional exposure, UBO depth 4, sanctions hits 0."
CP-02364,Counterparty 02364 Holdings,US,low,2025-11-08,0,1,"Grounded summary for CP-02364: jurisdictional exposure, UBO depth 1, sanctions hits 0."
CP-02365,Counterparty 02365 Holdings,GB,critical,2025-11-07,0,2,"Grounded summary for CP-02365: jurisdictional exposure, UBO depth 2, sanctions hits 0."
CP-02366,Counterparty 02366 Holdings,KY,high,2025-11-06,0,3,"Grounded summary for CP-02366: jurisdictional exposure, UBO depth 3, sanctions hits 0."
CP-02367,Counterparty 02367 Holdings,DE,medium,2025-11-05,0,4,"Grounded summary for CP-02367: jurisdictional exposure, UBO depth 4, sanctions hits 0."
CP-02368,Counterparty 02368 Holdings,AE,low,2025-11-04,0,1,"Grounded summary for CP-02368: jurisdictional exposure, UBO depth 1, sanctions hits 0."
CP-02369,Counterparty 02369 Holdings,SG,critical,2025-11-03,0,2,"Grounded summary for CP-02369: jurisdictional exposure, UBO depth 2, sanctions hits 0."
CP-02370,Counterparty 02370 Holdings,US,high,2025-11-02,0,3,"Grounded summary for CP-02370: jurisdictional exposure, UBO depth 3, sanctions hits 0."
CP-02371,Counterparty 02371 Holdings,GB,medium,2025-11-01,0,4,"Grounded summary for CP-02371: jurisdictional exposure, UBO depth 4, sanctions hits 0."
CP-02372,Counterparty 02372 Holdings,KY,low,2025-10-31,0,1,"Grounded summary for CP-02372: jurisdictional exposure, UBO depth 1, sanctions hits 0."
CP-02373,Counterparty 02373 Holdings,DE,critical,2025-10-30,0,2,"Grounded summary for CP-02373: jurisdictional exposure, UBO depth 2, sanctions hits 0."
CP-02374,Counterparty 02374 Holdings,AE,high,2025-10-29,0,3,"Grounded summary for CP-02374: jurisdictional exposure, UBO depth 3, sanctions hits 0."
CP-02375,Counterparty 02375 Holdings,SG,medium,2025-10-28,0,4,"Grounded summary for CP-02375: jurisdictional exposure, UBO depth 4, sanctions hits 0."
CP-02376,Counterparty 02376 Holdings,US,low,2025-10-27,0,1,"Grounded summary for CP-02376: jurisdictional exposure, UBO depth 1, sanctions hits 0."
CP-02377,Counterparty 02377 Holdings,GB,critical,2025-10-26,0,2,"Grounded summary for CP-02377: jurisdictional exposure, UBO depth 2, sanctions hits 0."
CP-02378,Counterparty 02378 Holdings,KY,high,2025-10-25,0,3,"Grounded summary for CP-02378: jurisdictional exposure, UBO depth 3, sanctions hits 0."
CP-02379,Counterparty 02379 Holdings,DE,medium,2025-10-24,0,4,"Grounded summary for CP-02379: jurisdictional exposure, UBO depth 4, sanctions hits 0."
CP-02380,Counterparty 02380 Holdings,AE,low,2025-10-23,0,1,"Grounded summary for CP-02380: jurisdictional exposure, UBO depth 1, sanctions hits 0."
CP-02381,Counterparty 02381 Holdings,SG,critical,2025-10-22,0,2,"Grounded summary for CP-02381: jurisdictional exposure, UBO depth 2, sanctions hits 0."
CP-02382,Counterparty 02382 Holdings,US,high,2025-10-21,0,3,"Grounded summary for CP-02382: jurisdictional exposure, UBO depth 3, sanctions hits 0."
CP-02383,Counterparty 02383 Holdings,GB,medium,2025-10-20,0,4,"Grounded summary for CP-02383: jurisdictional exposure, UBO depth 4, sanctions hits 0."
CP-02384,Counterparty 02384 Holdings,KY,low,2025-10-19,0,1,"Grounded summary for CP-02384: jurisdictional exposure, UBO depth 1, sanctions hits 0."
CP-02385,Counterparty 02385 Holdings,DE,critical,2025-10-18,0,2,"Grounded summary for CP-02385: jurisdictional exposure, UBO depth 2, sanctions hits 0."
CP-02386,Counterparty 02386 Holdings,AE,high,2025-10-17,0,3,"Grounded summary for CP-02386: jurisdictional exposure, UBO depth 3, sanctions hits 0."
CP-02387,Counterparty 02387 Holdings,SG,medium,2025-10-16,0,4,"Grounded summary for CP-02387: jurisdictional exposure, UBO depth 4, sanctions hits 0."
CP-02388,Counterparty 02388 Holdings,US,low,2025-10-15,0,1,"Grounded summary for CP-02388: jurisdictional exposure, UBO depth 1, sanctions hits 0."
CP-02389,Counterparty 02389 Holdings,GB,critical,2025-10-14,0,2,"Grounded summary for CP-02389: jurisdictional exposure, UBO depth 2, sanctions hits 0."
CP-02390,Counterparty 02390 Holdings,KY,high,2025-10-13,0,3,"Grounded summary for CP-02390: jurisdictional exposure, UBO depth 3, sanctions hits 0."
CP-02391,Counterparty 02391 Holdings,DE,medium,2025-10-12,0,4,"Grounded summary for CP-02391: jurisdictional exposure, UBO depth 4, sanctions hits 0."
CP-02392,Counterparty 02392 Holdings,AE,low,2025-10-11,0,1,"Grounded summary for CP-02392: jurisdictional exposure, UBO depth 1, sanctions hits 0."
CP-02393,Counterparty 02393 Holdings,SG,critical,2025-10-10,0,2,"Grounded summary for CP-02393: jurisdictional exposure, UBO depth 2, sanctions hits 0."
CP-02394,Counterparty 02394 Holdings,US,high,2025-10-09,0,3,"Grounded summary for CP-02394: jurisdictional exposure, UBO depth 3, sanctions hits 0."
CP-02395,Counterparty 02395 Holdings,GB,medium,2025-10-08,0,4,"Grounded summary for CP-02395: jurisdictional exposure, UBO depth 4, sanctions hits 0."
CP-02396,Counterparty 02396 Holdings,KY,low,2025-10-07,0,1,"Grounded summary for CP-02396: jurisdictional exposure, UBO depth 1, sanctions hits 0."
CP-02397,Counterparty 02397 Holdings,DE,critical,2025-10-06,0,2,"Grounded summary for CP-02397: jurisdictional exposure, UBO depth 2, sanctions hits 0."
CP-02398,Counterparty 02398 Holdings,AE,high,2025-10-05,0,3,"Grounded summary for CP-02398: jurisdictional exposure, UBO depth 3, sanctions hits 0."
CP-02399,Counterparty 02399 Holdings,SG,medium,2025-10-04,0,4,"Grounded summary for CP-02399: jurisdictional exposure, UBO depth 4, sanctions hits 0."
CP-02400,Counterparty 02400 Holdings,US,low,2025-10-03,0,1,"Grounded summary for CP-02400: jurisdictional exposure, UBO depth 1, sanctions hits 0."
CP-02401,Counterparty 02401 Holdings,GB,critical,2025-10-02,0,2,"Grounded summary for CP-02401: jurisdictional exposure, UBO depth 2, sanctions hits 0."
CP-02402,Counterparty 02402 Holdings,KY,high,2025-10-01,0,3,"Grounded summary for CP-02402: jurisdictional exposure, UBO depth 3, sanctions hits 0."
CP-02403,Counterparty 02403 Holdings,DE,medium,2025-09-30,0,4,"Grounded summary for CP-02403: jurisdictional exposure, UBO depth 4, sanctions hits 0."
CP-02404,Counterparty 02404 Holdings,AE,low,2025-09-29,0,1,"Grounded summary for CP-02404: jurisdictional exposure, UBO depth 1, sanctions hits 0."
CP-02405,Counterparty 02405 Holdings,SG,critical,2025-09-28,0,2,"Grounded summary for CP-02405: jurisdictional exposure, UBO depth 2, sanctions hits 0."
CP-02406,Counterparty 02406 Holdings,US,high,2025-09-27,0,3,"Grounded summary for CP-02406: jurisdictional exposure, UBO depth 3, sanctions hits 0."
CP-02407,Counterparty 02407 Holdings,GB,medium,2025-09-26,0,4,"Grounded summary for CP-02407: jurisdictional exposure, UBO depth 4, sanctions hits 0."
CP-02408,Counterparty 02408 Holdings,KY,low,2025-09-25,0,1,"Grounded summary for CP-02408: jurisdictional exposure, UBO depth 1, sanctions hits 0."
CP-02409,Counterparty 02409 Holdings,DE,critical,2025-09-24,0,2,"Grounded summary for CP-02409: jurisdictional exposure, UBO depth 2, sanctions hits 0."
CP-02410,Counterparty 02410 Holdings,AE,high,2025-09-23,0,3,"Grounded summary for CP-02410: jurisdictional exposure, UBO depth 3, sanctions hits 0."
CP-02411,Counterparty 02411 Holdings,SG,medium,2025-09-22,0,4,"Grounded summary for CP-02411: jurisdictional exposure, UBO depth 4, sanctions hits 0."
CP-02412,Counterparty 02412 Holdings,US,low,2025-09-21,0,1,"Grounded summary for CP-02412: jurisdictional exposure, UBO depth 1, sanctions hits 0."
CP-02413,Counterparty 02413 Holdings,GB,critical,2025-09-20,0,2,"Grounded summary for CP-02413: jurisdictional exposure, UBO depth 2, sanctions hits 0."
CP-02414,Counterparty 02414 Holdings,KY,high,2025-09-19,0,3,"Grounded summary for CP-02414: jurisdictional exposure, UBO depth 3, sanctions hits 0."
CP-02415,Counterparty 02415 Holdings,DE,medium,2025-09-18,0,4,"Grounded summary for CP-02415: jurisdictional exposure, UBO depth 4, sanctions hits 0."
CP-02416,Counterparty 02416 Holdings,AE,low,2025-09-17,0,1,"Grounded summary for CP-02416: jurisdictional exposure, UBO depth 1, sanctions hits 0."
CP-02417,Counterparty 02417 Holdings,SG,critical,2025-09-16,0,2,"Grounded summary for CP-02417: jurisdictional exposure, UBO depth 2, sanctions hits 0."
CP-02418,Counterparty 02418 Holdings,US,high,2025-09-15,0,3,"Grounded summary for CP-02418: jurisdictional exposure, UBO depth 3, sanctions hits 0."
CP-02419,Counterparty 02419 Holdings,GB,medium,2025-09-14,0,4,"Grounded summary for CP-02419: jurisdictional exposure, UBO depth 4, sanctions hits 0."
CP-02420,Counterparty 02420 Holdings,KY,low,2025-09-13,0,1,"Grounded summary for CP-02420: jurisdictional exposure, UBO depth 1, sanctions hits 0."
CP-02421,Counterparty 02421 Holdings,DE,critical,2025-09-12,0,2,"Grounded summary for CP-02421: jurisdictional exposure, UBO depth 2, sanctions hits 0."
CP-02422,Counterparty 02422 Holdings,AE,high,2025-09-11,0,3,"Grounded summary for CP-02422: jurisdictional exposure, UBO depth 3, sanctions hits 0."
CP-02423,Counterparty 02423 Holdings,SG,medium,2025-09-10,0,4,"Grounded summary for CP-02423: jurisdictional exposure, UBO depth 4, sanctions hits 0."
CP-02424,Counterparty 02424 Holdings,US,low,2025-09-09,0,1,"Grounded summary for CP-02424: jurisdictional exposure, UBO depth 1, sanctions hits 0."
CP-02425,Counterparty 02425 Holdings,GB,critical,2025-09-08,0,2,"Grounded summary for CP-02425: jurisdictional exposure, UBO depth 2, sanctions hits 0."
CP-02426,Counterparty 02426 Holdings,KY,high,2025-09-07,0,3,"Grounded summary for CP-02426: jurisdictional exposure, UBO depth 3, sanctions hits 0."
CP-02427,Counterparty 02427 Holdings,DE,medium,2025-09-06,0,4,"Grounded summary for CP-02427: jurisdictional exposure, UBO depth 4, sanctions hits 0."
CP-02428,Counterparty 02428 Holdings,AE,low,2025-09-05,0,1,"Grounded summary for CP-02428: jurisdictional exposure, UBO depth 1, sanctions hits 0."
CP-02429,Counterparty 02429 Holdings,SG,critical,2025-09-04,0,2,"Grounded summary for CP-02429: jurisdictional exposure, UBO depth 2, sanctions hits 0."
CP-02430,Counterparty 02430 Holdings,US,high,2025-09-03,0,3,"Grounded summary for CP-02430: jurisdictional exposure, UBO depth 3, sanctions hits 0."
CP-02431,Counterparty 02431 Holdings,GB,medium,2025-09-02,0,4,"Grounded summary for CP-02431: jurisdictional exposure, UBO depth 4, sanctions hits 0."
CP-02432,Counterparty 02432 Holdings,KY,low,2025-09-01,0,1,"Grounded summary for CP-02432: jurisdictional exposure, UBO depth 1, sanctions hits 0."
CP-02433,Counterparty 02433 Holdings,DE,critical,2025-08-31,0,2,"Grounded summary for CP-02433: jurisdictional exposure, UBO depth 2, sanctions hits 0."
CP-02434,Counterparty 02434 Holdings,AE,high,2025-08-30,0,3,"Grounded summary for CP-02434: jurisdictional exposure, UBO depth 3, sanctions hits 0."
CP-02435,Counterparty 02435 Holdings,SG,medium,2025-08-29,0,4,"Grounded summary for CP-02435: jurisdictional exposure, UBO depth 4, sanctions hits 0."
CP-02436,Counterparty 02436 Holdings,US,low,2025-08-28,0,1,"Grounded summary for CP-02436: jurisdictional exposure, UBO depth 1, sanctions hits 0."
CP-02437,Counterparty 02437 Holdings,GB,critical,2025-08-27,0,2,"Grounded summary for CP-02437: jurisdictional exposure, UBO depth 2, sanctions hits 0."
CP-02438,Counterparty 02438 Holdings,KY,high,2025-08-26,0,3,"Grounded summary for CP-02438: jurisdictional exposure, UBO depth 3, sanctions hits 0."
CP-02439,Counterparty 02439 Holdings,DE,medium,2025-08-25,0,4,"Grounded summary for CP-02439: jurisdictional exposure, UBO depth 4, sanctions hits 0."
CP-02440,Counterparty 02440 Holdings,AE,low,2025-08-24,0,1,"Grounded summary for CP-02440: jurisdictional exposure, UBO depth 1, sanctions hits 0."
CP-02441,Counterparty 02441 Holdings,SG,critical,2025-08-23,0,2,"Grounded summary for CP-02441: jurisdictional exposure, UBO depth 2, sanctions hits 0."
CP-02442,Counterparty 02442 Holdings,US,high,2025-08-22,0,3,"Grounded summary for CP-02442: jurisdictional exposure, UBO depth 3, sanctions hits 0."
CP-02443,Counterparty 02443 Holdings,GB,medium,2025-08-21,0,4,"Grounded summary for CP-02443: jurisdictional exposure, UBO depth 4, sanctions hits 0."
CP-02444,Counterparty 02444 Holdings,KY,low,2025-08-20,0,1,"Grounded summary for CP-02444: jurisdictional exposure, UBO depth 1, sanctions hits 0."
CP-02445,Counterparty 02445 Holdings,DE,critical,2025-08-19,0,2,"Grounded summary for CP-02445: jurisdictional exposure, UBO depth 2, sanctions hits 0."
CP-02446,Counterparty 02446 Holdings,AE,high,2025-08-18,0,3,"Grounded summary for CP-02446: jurisdictional exposure, UBO depth 3, sanctions hits 0."
CP-02447,Counterparty 02447 Holdings,SG,medium,2025-08-17,0,4,"Grounded summary for CP-02447: jurisdictional exposure, UBO depth 4, sanctions hits 0."
CP-02448,Counterparty 02448 Holdings,US,low,2025-08-16,0,1,"Grounded summary for CP-02448: jurisdictional exposure, UBO depth 1, sanctions hits 0."
CP-02449,Counterparty 02449 Holdings,GB,critical,2025-08-15,0,2,"Grounded summary for CP-02449: jurisdictional exposure, UBO depth 2, sanctions hits 0."
CP-02450,Counterparty 02450 Holdings,KY,high,2025-08-14,0,3,"Grounded summary for CP-02450: jurisdictional exposure, UBO depth 3, sanctions hits 0."
CP-02451,Counterparty 02451 Holdings,DE,medium,2025-08-13,0,4,"Grounded summary for CP-02451: jurisdictional exposure, UBO depth 4, sanctions hits 0."
CP-02452,Counterparty 02452 Holdings,AE,low,2025-08-12,0,1,"Grounded summary for CP-02452: jurisdictional exposure, UBO depth 1, sanctions hits 0."
CP-02453,Counterparty 02453 Holdings,SG,critical,2025-08-11,0,2,"Grounded summary for CP-02453: jurisdictional exposure, UBO depth 2, sanctions hits 0."
CP-02454,Counterparty 02454 Holdings,US,high,2025-08-10,0,3,"Grounded summary for CP-02454: jurisdictional exposure, UBO depth 3, sanctions hits 0."
CP-02455,Counterparty 02455 Holdings,GB,medium,2025-08-09,0,4,"Grounded summary for CP-02455: jurisdictional exposure, UBO depth 4, sanctions hits 0."
CP-02456,Counterparty 02456 Holdings,KY,low,2025-08-08,0,1,"Grounded summary for CP-02456: jurisdictional exposure, UBO depth 1, sanctions hits 0."
CP-02457,Counterparty 02457 Holdings,DE,critical,2025-08-07,0,2,"Grounded summary for CP-02457: jurisdictional exposure, UBO depth 2, sanctions hits 0."
CP-02458,Counterparty 02458 Holdings,AE,high,2025-08-06,0,3,"Grounded summary for CP-02458: jurisdictional exposure, UBO depth 3, sanctions hits 0."
CP-02459,Counterparty 02459 Holdings,SG,medium,2025-08-05,0,4,"Grounded summary for CP-02459: jurisdictional exposure, UBO depth 4, sanctions hits 0."
CP-02460,Counterparty 02460 Holdings,US,low,2025-08-04,0,1,"Grounded summary for CP-02460: jurisdictional exposure, UBO depth 1, sanctions hits 0."
CP-02461,Counterparty 02461 Holdings,GB,critical,2025-08-03,0,2,"Grounded summary for CP-02461: jurisdictional exposure, UBO depth 2, sanctions hits 0."
CP-02462,Counterparty 02462 Holdings,KY,high,2025-08-02,0,3,"Grounded summary for CP-02462: jurisdictional exposure, UBO depth 3, sanctions hits 0."
CP-02463,Counterparty 02463 Holdings,DE,medium,2025-08-01,0,4,"Grounded summary for CP-02463: jurisdictional exposure, UBO depth 4, sanctions hits 0."
CP-02464,Counterparty 02464 Holdings,AE,low,2025-07-31,0,1,"Grounded summary for CP-02464: jurisdictional exposure, UBO depth 1, sanctions hits 0."
CP-02465,Counterparty 02465 Holdings,SG,critical,2025-07-30,0,2,"Grounded summary for CP-02465: jurisdictional exposure, UBO depth 2, sanctions hits 0."
CP-02466,Counterparty 02466 Holdings,US,high,2025-07-29,0,3,"Grounded summary for CP-02466: jurisdictional exposure, UBO depth 3, sanctions hits 0."
CP-02467,Counterparty 02467 Holdings,GB,medium,2025-07-28,0,4,"Grounded summary for CP-02467: jurisdictional exposure, UBO depth 4, sanctions hits 0."
CP-02468,Counterparty 02468 Holdings,KY,low,2025-07-27,0,1,"Grounded summary for CP-02468: jurisdictional exposure, UBO depth 1, sanctions hits 0."
CP-02469,Counterparty 02469 Holdings,DE,critical,2025-07-26,0,2,"Grounded summary for CP-02469: jurisdictional exposure, UBO depth 2, sanctions hits 0."
CP-02470,Counterparty 02470 Holdings,AE,high,2025-07-25,0,3,"Grounded summary for CP-02470: jurisdictional exposure, UBO depth 3, sanctions hits 0."
CP-02471,Counterparty 02471 Holdings,SG,medium,2025-07-24,0,4,"Grounded summary for CP-02471: jurisdictional exposure, UBO depth 4, sanctions hits 0."
CP-02472,Counterparty 02472 Holdings,US,low,2025-07-23,0,1,"Grounded summary for CP-02472: jurisdictional exposure, UBO depth 1, sanctions hits 0."
CP-02473,Counterparty 02473 Holdings,GB,critical,2025-07-22,0,2,"Grounded summary for CP-02473: jurisdictional exposure, UBO depth 2, sanctions hits 0."
CP-02474,Counterparty 02474 Holdings,KY,high,2025-07-21,0,3,"Grounded summary for CP-02474: jurisdictional exposure, UBO depth 3, sanctions hits 0."
CP-02475,Counterparty 02475 Holdings,DE,medium,2025-07-20,0,4,"Grounded summary for CP-02475: jurisdictional exposure, UBO depth 4, sanctions hits 0."
CP-02476,Counterparty 02476 Holdings,AE,low,2025-07-19,0,1,"Grounded summary for CP-02476: jurisdictional exposure, UBO depth 1, sanctions hits 0."
CP-02477,Counterparty 02477 Holdings,SG,critical,2025-07-18,0,2,"Grounded summary for CP-02477: jurisdictional exposure, UBO depth 2, sanctions hits 0."
CP-02478,Counterparty 02478 Holdings,US,high,2025-07-17,0,3,"Grounded summary for CP-02478: jurisdictional exposure, UBO depth 3, sanctions hits 0."
CP-02479,Counterparty 02479 Holdings,GB,medium,2025-07-16,0,4,"Grounded summary for CP-02479: jurisdictional exposure, UBO depth 4, sanctions hits 0."
CP-02480,Counterparty 02480 Holdings,KY,low,2025-07-15,0,1,"Grounded summary for CP-02480: jurisdictional exposure, UBO depth 1, sanctions hits 0."
CP-02481,Counterparty 02481 Holdings,DE,critical,2025-07-14,0,2,"Grounded summary for CP-02481: jurisdictional exposure, UBO depth 2, sanctions hits 0."
CP-02482,Counterparty 02482 Holdings,AE,high,2025-07-13,0,3,"Grounded summary for CP-02482: jurisdictional exposure, UBO depth 3, sanctions hits 0."
CP-02483,Counterparty 02483 Holdings,SG,medium,2025-07-12,0,4,"Grounded summary for CP-02483: jurisdictional exposure, UBO depth 4, sanctions hits 0."
CP-02484,Counterparty 02484 Holdings,US,low,2025-07-11,0,1,"Grounded summary for CP-02484: jurisdictional exposure, UBO depth 1, sanctions hits 0."
CP-02485,Counterparty 02485 Holdings,GB,critical,2025-07-10,0,2,"Grounded summary for CP-02485: jurisdictional exposure, UBO depth 2, sanctions hits 0."
CP-02486,Counterparty 02486 Holdings,KY,high,2025-07-09,0,3,"Grounded summary for CP-02486: jurisdictional exposure, UBO depth 3, sanctions hits 0."
CP-02487,Counterparty 02487 Holdings,DE,medium,2025-07-08,0,4,"Grounded summary for CP-02487: jurisdictional exposure, UBO depth 4, sanctions hits 0."
CP-02488,Counterparty 02488 Holdings,AE,low,2025-07-07,0,1,"Grounded summary for CP-02488: jurisdictional exposure, UBO depth 1, sanctions hits 0."
CP-02489,Counterparty 02489 Holdings,SG,critical,2025-07-06,0,2,"Grounded summary for CP-02489: jurisdictional exposure, UBO depth 2, sanctions hits 0."
CP-02490,Counterparty 02490 Holdings,US,high,2025-07-05,0,3,"Grounded summary for CP-02490: jurisdictional exposure, UBO depth 3, sanctions hits 0."
CP-02491,Counterparty 02491 Holdings,GB,medium,2025-07-04,0,4,"Grounded summary for CP-02491: jurisdictional exposure, UBO depth 4, sanctions hits 0."
CP-02492,Counterparty 02492 Holdings,KY,low,2025-07-03,0,1,"Grounded summary for CP-02492: jurisdictional exposure, UBO depth 1, sanctions hits 0."
CP-02493,Counterparty 02493 Holdings,DE,critical,2025-07-02,0,2,"Grounded summary for CP-02493: jurisdictional exposure, UBO depth 2, sanctions hits 0."
CP-02494,Counterparty 02494 Holdings,AE,high,2025-07-01,0,3,"Grounded summary for CP-02494: jurisdictional exposure, UBO depth 3, sanctions hits 0."
CP-02495,Counterparty 02495 Holdings,SG,medium,2025-06-30,0,4,"Grounded summary for CP-02495: jurisdictional exposure, UBO depth 4, sanctions hits 0."
CP-02496,Counterparty 02496 Holdings,US,low,2025-06-29,0,1,"Grounded summary for CP-02496: jurisdictional exposure, UBO depth 1, sanctions hits 0."
CP-02497,Counterparty 02497 Holdings,GB,critical,2025-06-28,0,2,"Grounded summary for CP-02497: jurisdictional exposure, UBO depth 2, sanctions hits 0."
CP-02498,Counterparty 02498 Holdings,KY,high,2025-06-27,0,3,"Grounded summary for CP-02498: jurisdictional exposure, UBO depth 3, sanctions hits 0."
CP-02499,Counterparty 02499 Holdings,DE,medium,2025-06-26,0,4,"Grounded summary for CP-02499: jurisdictional exposure, UBO depth 4, sanctions hits 0."
CP-02500,Counterparty 02500 Holdings,AE,low,2025-06-25,0,1,"Grounded summary for CP-02500: jurisdictional exposure, UBO depth 1, sanctions hits 0."
CP-02501,Counterparty 02501 Holdings,SG,critical,2025-06-24,0,2,"Grounded summary for CP-02501: jurisdictional exposure, UBO depth 2, sanctions hits 0."
CP-02502,Counterparty 02502 Holdings,US,high,2025-06-23,0,3,"Grounded summary for CP-02502: jurisdictional exposure, UBO depth 3, sanctions hits 0."
CP-02503,Counterparty 02503 Holdings,GB,medium,2025-06-22,0,4,"Grounded summary for CP-02503: jurisdictional exposure, UBO depth 4, sanctions hits 0."
CP-02504,Counterparty 02504 Holdings,KY,low,2025-06-21,0,1,"Grounded summary for CP-02504: jurisdictional exposure, UBO depth 1, sanctions hits 0."
CP-02505,Counterparty 02505 Holdings,DE,critical,2025-06-20,0,2,"Grounded summary for CP-02505: jurisdictional exposure, UBO depth 2, sanctions hits 0."
CP-02506,Counterparty 02506 Holdings,AE,high,2025-06-19,0,3,"Grounded summary for CP-02506: jurisdictional exposure, UBO depth 3, sanctions hits 0."
CP-02507,Counterparty 02507 Holdings,SG,medium,2025-06-18,0,4,"Grounded summary for CP-02507: jurisdictional exposure, UBO depth 4, sanctions hits 0."
CP-02508,Counterparty 02508 Holdings,US,low,2025-06-17,0,1,"Grounded summary for CP-02508: jurisdictional exposure, UBO depth 1, sanctions hits 0."
CP-02509,Counterparty 02509 Holdings,GB,critical,2025-06-16,0,2,"Grounded summary for CP-02509: jurisdictional exposure, UBO depth 2, sanctions hits 0."
CP-02510,Counterparty 02510 Holdings,KY,high,2025-06-15,0,3,"Grounded summary for CP-02510: jurisdictional exposure, UBO depth 3, sanctions hits 0."
CP-02511,Counterparty 02511 Holdings,DE,medium,2025-06-14,0,4,"Grounded summary for CP-02511: jurisdictional exposure, UBO depth 4, sanctions hits 0."
CP-02512,Counterparty 02512 Holdings,AE,low,2025-06-13,0,1,"Grounded summary for CP-02512: jurisdictional exposure, UBO depth 1, sanctions hits 0."
CP-02513,Counterparty 02513 Holdings,SG,critical,2025-06-12,0,2,"Grounded summary for CP-02513: jurisdictional exposure, UBO depth 2, sanctions hits 0."
CP-02514,Counterparty 02514 Holdings,US,high,2025-06-11,0,3,"Grounded summary for CP-02514: jurisdictional exposure, UBO depth 3, sanctions hits 0."
CP-02515,Counterparty 02515 Holdings,GB,medium,2025-06-10,0,4,"Grounded summary for CP-02515: jurisdictional exposure, UBO depth 4, sanctions hits 0."
CP-02516,Counterparty 02516 Holdings,KY,low,2025-06-09,0,1,"Grounded summary for CP-02516: jurisdictional exposure, UBO depth 1, sanctions hits 0."
CP-02517,Counterparty 02517 Holdings,DE,critical,2025-06-08,0,2,"Grounded summary for CP-02517: jurisdictional exposure, UBO depth 2, sanctions hits 0."
CP-02518,Counterparty 02518 Holdings,AE,high,2025-06-07,0,3,"Grounded summary for CP-02518: jurisdictional exposure, UBO depth 3, sanctions hits 0."
CP-02519,Counterparty 02519 Holdings,SG,medium,2025-06-06,0,4,"Grounded summary for CP-02519: jurisdictional exposure, UBO depth 4, sanctions hits 0."
CP-02520,Counterparty 02520 Holdings,US,low,2025-06-05,0,1,"Grounded summary for CP-02520: jurisdictional exposure, UBO depth 1, sanctions hits 0."
CP-02521,Counterparty 02521 Holdings,GB,critical,2025-06-04,0,2,"Grounded summary for CP-02521: jurisdictional exposure, UBO depth 2, sanctions hits 0."
CP-02522,Counterparty 02522 Holdings,KY,high,2025-06-03,0,3,"Grounded summary for CP-02522: jurisdictional exposure, UBO depth 3, sanctions hits 0."
CP-02523,Counterparty 02523 Holdings,DE,medium,2025-06-02,0,4,"Grounded summary for CP-02523: jurisdictional exposure, UBO depth 4, sanctions hits 0."
CP-02524,Counterparty 02524 Holdings,AE,low,2025-06-01,0,1,"Grounded summary for CP-02524: jurisdictional exposure, UBO depth 1, sanctions hits 0."
CP-02525,Counterparty 02525 Holdings,SG,critical,2025-05-31,0,2,"Grounded summary for CP-02525: jurisdictional exposure, UBO depth 2, sanctions hits 0."
CP-02526,Counterparty 02526 Holdings,US,high,2025-05-30,0,3,"Grounded summary for CP-02526: jurisdictional exposure, UBO depth 3, sanctions hits 0."
CP-02527,Counterparty 02527 Holdings,GB,medium,2025-05-29,0,4,"Grounded summary for CP-02527: jurisdictional exposure, UBO depth 4, sanctions hits 0."
CP-02528,Counterparty 02528 Holdings,KY,low,2025-05-28,0,1,"Grounded summary for CP-02528: jurisdictional exposure, UBO depth 1, sanctions hits 0."
CP-02529,Counterparty 02529 Holdings,DE,critical,2025-05-27,0,2,"Grounded summary for CP-02529: jurisdictional exposure, UBO depth 2, sanctions hits 0."
CP-02530,Counterparty 02530 Holdings,AE,high,2025-05-26,0,3,"Grounded summary for CP-02530: jurisdictional exposure, UBO depth 3, sanctions hits 0."
CP-02531,Counterparty 02531 Holdings,SG,medium,2025-05-25,0,4,"Grounded summary for CP-02531: jurisdictional exposure, UBO depth 4, sanctions hits 0."
CP-02532,Counterparty 02532 Holdings,US,low,2025-05-24,0,1,"Grounded summary for CP-02532: jurisdictional exposure, UBO depth 1, sanctions hits 0."
CP-02533,Counterparty 02533 Holdings,GB,critical,2025-05-23,0,2,"Grounded summary for CP-02533: jurisdictional exposure, UBO depth 2, sanctions hits 0."
CP-02534,Counterparty 02534 Holdings,KY,high,2025-05-22,0,3,"Grounded summary for CP-02534: jurisdictional exposure, UBO depth 3, sanctions hits 0."
CP-02535,Counterparty 02535 Holdings,DE,medium,2025-05-21,0,4,"Grounded summary for CP-02535: jurisdictional exposure, UBO depth 4, sanctions hits 0."
CP-02536,Counterparty 02536 Holdings,AE,low,2025-05-20,0,1,"Grounded summary for CP-02536: jurisdictional exposure, UBO depth 1, sanctions hits 0."
CP-02537,Counterparty 02537 Holdings,SG,critical,2025-05-19,0,2,"Grounded summary for CP-02537: jurisdictional exposure, UBO depth 2, sanctions hits 0."
CP-02538,Counterparty 02538 Holdings,US,high,2025-05-18,0,3,"Grounded summary for CP-02538: jurisdictional exposure, UBO depth 3, sanctions hits 0."
CP-02539,Counterparty 02539 Holdings,GB,medium,2025-05-17,0,4,"Grounded summary for CP-02539: jurisdictional exposure, UBO depth 4, sanctions hits 0."
CP-02540,Counterparty 02540 Holdings,KY,low,2025-05-16,0,1,"Grounded summary for CP-02540: jurisdictional exposure, UBO depth 1, sanctions hits 0."
CP-02541,Counterparty 02541 Holdings,DE,critical,2025-05-15,0,2,"Grounded summary for CP-02541: jurisdictional exposure, UBO depth 2, sanctions hits 0."
CP-02542,Counterparty 02542 Holdings,AE,high,2025-05-14,0,3,"Grounded summary for CP-02542: jurisdictional exposure, UBO depth 3, sanctions hits 0."
CP-02543,Counterparty 02543 Holdings,SG,medium,2025-05-13,0,4,"Grounded summary for CP-02543: jurisdictional exposure, UBO depth 4, sanctions hits 0."
CP-02544,Counterparty 02544 Holdings,US,low,2025-05-12,0,1,"Grounded summary for CP-02544: jurisdictional exposure, UBO depth 1, sanctions hits 0."
CP-02545,Counterparty 02545 Holdings,GB,critical,2025-05-11,0,2,"Grounded summary for CP-02545: jurisdictional exposure, UBO depth 2, sanctions hits 0."
CP-02546,Counterparty 02546 Holdings,KY,high,2025-05-10,0,3,"Grounded summary for CP-02546: jurisdictional exposure, UBO depth 3, sanctions hits 0."
CP-02547,Counterparty 02547 Holdings,DE,medium,2025-05-09,0,4,"Grounded summary for CP-02547: jurisdictional exposure, UBO depth 4, sanctions hits 0."
CP-02548,Counterparty 02548 Holdings,AE,low,2025-05-08,0,1,"Grounded summary for CP-02548: jurisdictional exposure, UBO depth 1, sanctions hits 0."
CP-02549,Counterparty 02549 Holdings,SG,critical,2025-05-07,0,2,"Grounded summary for CP-02549: jurisdictional exposure, UBO depth 2, sanctions hits 0."
CP-02550,Counterparty 02550 Holdings,US,high,2025-05-06,0,3,"Grounded summary for CP-02550: jurisdictional exposure, UBO depth 3, sanctions hits 0."
CP-02551,Counterparty 02551 Holdings,GB,medium,2025-05-05,0,4,"Grounded summary for CP-02551: jurisdictional exposure, UBO depth 4, sanctions hits 0."
CP-02552,Counterparty 02552 Holdings,KY,low,2025-05-04,0,1,"Grounded summary for CP-02552: jurisdictional exposure, UBO depth 1, sanctions hits 0."
CP-02553,Counterparty 02553 Holdings,DE,critical,2025-05-03,0,2,"Grounded summary for CP-02553: jurisdictional exposure, UBO depth 2, sanctions hits 0."
CP-02554,Counterparty 02554 Holdings,AE,high,2025-05-02,0,3,"Grounded summary for CP-02554: jurisdictional exposure, UBO depth 3, sanctions hits 0."
CP-02555,Counterparty 02555 Holdings,SG,medium,2026-05-01,0,4,"Grounded summary for CP-02555: jurisdictional exposure, UBO depth 4, sanctions hits 0."
CP-02556,Counterparty 02556 Holdings,US,low,2026-04-30,0,1,"Grounded summary for CP-02556: jurisdictional exposure, UBO depth 1, sanctions hits 0."
CP-02557,Counterparty 02557 Holdings,GB,critical,2026-04-29,0,2,"Grounded summary for CP-02557: jurisdictional exposure, UBO depth 2, sanctions hits 0."
CP-02558,Counterparty 02558 Holdings,KY,high,2026-04-28,0,3,"Grounded summary for CP-02558: jurisdictional exposure, UBO depth 3, sanctions hits 0."
CP-02559,Counterparty 02559 Holdings,DE,medium,2026-04-27,0,4,"Grounded summary for CP-02559: jurisdictional exposure, UBO depth 4, sanctions hits 0."
CP-02560,Counterparty 02560 Holdings,AE,low,2026-04-26,0,1,"Grounded summary for CP-02560: jurisdictional exposure, UBO depth 1, sanctions hits 0."
CP-02561,Counterparty 02561 Holdings,SG,critical,2026-04-25,0,2,"Grounded summary for CP-02561: jurisdictional exposure, UBO depth 2, sanctions hits 0."
CP-02562,Counterparty 02562 Holdings,US,high,2026-04-24,0,3,"Grounded summary for CP-02562: jurisdictional exposure, UBO depth 3, sanctions hits 0."
CP-02563,Counterparty 02563 Holdings,GB,medium,2026-04-23,0,4,"Grounded summary for CP-02563: jurisdictional exposure, UBO depth 4, sanctions hits 0."
CP-02564,Counterparty 02564 Holdings,KY,low,2026-04-22,0,1,"Grounded summary for CP-02564: jurisdictional exposure, UBO depth 1, sanctions hits 0."
CP-02565,Counterparty 02565 Holdings,DE,critical,2026-04-21,0,2,"Grounded summary for CP-02565: jurisdictional exposure, UBO depth 2, sanctions hits 0."
CP-02566,Counterparty 02566 Holdings,AE,high,2026-04-20,0,3,"Grounded summary for CP-02566: jurisdictional exposure, UBO depth 3, sanctions hits 0."
CP-02567,Counterparty 02567 Holdings,SG,medium,2026-04-19,0,4,"Grounded summary for CP-02567: jurisdictional exposure, UBO depth 4, sanctions hits 0."
CP-02568,Counterparty 02568 Holdings,US,low,2026-04-18,0,1,"Grounded summary for CP-02568: jurisdictional exposure, UBO depth 1, sanctions hits 0."
CP-02569,Counterparty 02569 Holdings,GB,critical,2026-04-17,0,2,"Grounded summary for CP-02569: jurisdictional exposure, UBO depth 2, sanctions hits 0."
CP-02570,Counterparty 02570 Holdings,KY,high,2026-04-16,0,3,"Grounded summary for CP-02570: jurisdictional exposure, UBO depth 3, sanctions hits 0."
CP-02571,Counterparty 02571 Holdings,DE,medium,2026-04-15,0,4,"Grounded summary for CP-02571: jurisdictional exposure, UBO depth 4, sanctions hits 0."
CP-02572,Counterparty 02572 Holdings,AE,low,2026-04-14,0,1,"Grounded summary for CP-02572: jurisdictional exposure, UBO depth 1, sanctions hits 0."
CP-02573,Counterparty 02573 Holdings,SG,critical,2026-04-13,0,2,"Grounded summary for CP-02573: jurisdictional exposure, UBO depth 2, sanctions hits 0."
CP-02574,Counterparty 02574 Holdings,US,high,2026-04-12,0,3,"Grounded summary for CP-02574: jurisdictional exposure, UBO depth 3, sanctions hits 0."
CP-02575,Counterparty 02575 Holdings,GB,medium,2026-04-11,0,4,"Grounded summary for CP-02575: jurisdictional exposure, UBO depth 4, sanctions hits 0."
CP-02576,Counterparty 02576 Holdings,KY,low,2026-04-10,0,1,"Grounded summary for CP-02576: jurisdictional exposure, UBO depth 1, sanctions hits 0."
CP-02577,Counterparty 02577 Holdings,DE,critical,2026-04-09,0,2,"Grounded summary for CP-02577: jurisdictional exposure, UBO depth 2, sanctions hits 0."
CP-02578,Counterparty 02578 Holdings,AE,high,2026-04-08,0,3,"Grounded summary for CP-02578: jurisdictional exposure, UBO depth 3, sanctions hits 0."
CP-02579,Counterparty 02579 Holdings,SG,medium,2026-04-07,0,4,"Grounded summary for CP-02579: jurisdictional exposure, UBO depth 4, sanctions hits 0."
CP-02580,Counterparty 02580 Holdings,US,low,2026-04-06,0,1,"Grounded summary for CP-02580: jurisdictional exposure, UBO depth 1, sanctions hits 0."
CP-02581,Counterparty 02581 Holdings,GB,critical,2026-04-05,0,2,"Grounded summary for CP-02581: jurisdictional exposure, UBO depth 2, sanctions hits 0."
CP-02582,Counterparty 02582 Holdings,KY,high,2026-04-04,0,3,"Grounded summary for CP-02582: jurisdictional exposure, UBO depth 3, sanctions hits 0."
CP-02583,Counterparty 02583 Holdings,DE,medium,2026-04-03,0,4,"Grounded summary for CP-02583: jurisdictional exposure, UBO depth 4, sanctions hits 0."
CP-02584,Counterparty 02584 Holdings,AE,low,2026-04-02,0,1,"Grounded summary for CP-02584: jurisdictional exposure, UBO depth 1, sanctions hits 0."
CP-02585,Counterparty 02585 Holdings,SG,critical,2026-04-01,0,2,"Grounded summary for CP-02585: jurisdictional exposure, UBO depth 2, sanctions hits 0."
CP-02586,Counterparty 02586 Holdings,US,high,2026-03-31,0,3,"Grounded summary for CP-02586: jurisdictional exposure, UBO depth 3, sanctions hits 0."
CP-02587,Counterparty 02587 Holdings,GB,medium,2026-03-30,0,4,"Grounded summary for CP-02587: jurisdictional exposure, UBO depth 4, sanctions hits 0."
CP-02588,Counterparty 02588 Holdings,KY,low,2026-03-29,0,1,"Grounded summary for CP-02588: jurisdictional exposure, UBO depth 1, sanctions hits 0."
CP-02589,Counterparty 02589 Holdings,DE,critical,2026-03-28,0,2,"Grounded summary for CP-02589: jurisdictional exposure, UBO depth 2, sanctions hits 0."
CP-02590,Counterparty 02590 Holdings,AE,high,2026-03-27,0,3,"Grounded summary for CP-02590: jurisdictional exposure, UBO depth 3, sanctions hits 0."
CP-02591,Counterparty 02591 Holdings,SG,medium,2026-03-26,0,4,"Grounded summary for CP-02591: jurisdictional exposure, UBO depth 4, sanctions hits 0."
CP-02592,Counterparty 02592 Holdings,US,low,2026-03-25,0,1,"Grounded summary for CP-02592: jurisdictional exposure, UBO depth 1, sanctions hits 0."
CP-02593,Counterparty 02593 Holdings,GB,critical,2026-03-24,0,2,"Grounded summary for CP-02593: jurisdictional exposure, UBO depth 2, sanctions hits 0."
CP-02594,Counterparty 02594 Holdings,KY,high,2026-03-23,0,3,"Grounded summary for CP-02594: jurisdictional exposure, UBO depth 3, sanctions hits 0."
CP-02595,Counterparty 02595 Holdings,DE,medium,2026-03-22,0,4,"Grounded summary for CP-02595: jurisdictional exposure, UBO depth 4, sanctions hits 0."
CP-02596,Counterparty 02596 Holdings,AE,low,2026-03-21,0,1,"Grounded summary for CP-02596: jurisdictional exposure, UBO depth 1, sanctions hits 0."
CP-02597,Counterparty 02597 Holdings,SG,critical,2026-03-20,0,2,"Grounded summary for CP-02597: jurisdictional exposure, UBO depth 2, sanctions hits 0."
CP-02598,Counterparty 02598 Holdings,US,high,2026-03-19,0,3,"Grounded summary for CP-02598: jurisdictional exposure, UBO depth 3, sanctions hits 0."
CP-02599,Counterparty 02599 Holdings,GB,medium,2026-03-18,0,4,"Grounded summary for CP-02599: jurisdictional exposure, UBO depth 4, sanctions hits 0."
CP-02600,Counterparty 02600 Holdings,KY,low,2026-03-17,0,1,"Grounded summary for CP-02600: jurisdictional exposure, UBO depth 1, sanctions hits 0."
CP-02601,Counterparty 02601 Holdings,DE,critical,2026-03-16,0,2,"Grounded summary for CP-02601: jurisdictional exposure, UBO depth 2, sanctions hits 0."
CP-02602,Counterparty 02602 Holdings,AE,high,2026-03-15,0,3,"Grounded summary for CP-02602: jurisdictional exposure, UBO depth 3, sanctions hits 0."
CP-02603,Counterparty 02603 Holdings,SG,medium,2026-03-14,0,4,"Grounded summary for CP-02603: jurisdictional exposure, UBO depth 4, sanctions hits 0."
CP-02604,Counterparty 02604 Holdings,US,low,2026-03-13,0,1,"Grounded summary for CP-02604: jurisdictional exposure, UBO depth 1, sanctions hits 0."
CP-02605,Counterparty 02605 Holdings,GB,critical,2026-03-12,0,2,"Grounded summary for CP-02605: jurisdictional exposure, UBO depth 2, sanctions hits 0."
CP-02606,Counterparty 02606 Holdings,KY,high,2026-03-11,0,3,"Grounded summary for CP-02606: jurisdictional exposure, UBO depth 3, sanctions hits 0."
CP-02607,Counterparty 02607 Holdings,DE,medium,2026-03-10,0,4,"Grounded summary for CP-02607: jurisdictional exposure, UBO depth 4, sanctions hits 0."
CP-02608,Counterparty 02608 Holdings,AE,low,2026-03-09,0,1,"Grounded summary for CP-02608: jurisdictional exposure, UBO depth 1, sanctions hits 0."
CP-02609,Counterparty 02609 Holdings,SG,critical,2026-03-08,0,2,"Grounded summary for CP-02609: jurisdictional exposure, UBO depth 2, sanctions hits 0."
CP-02610,Counterparty 02610 Holdings,US,high,2026-03-07,0,3,"Grounded summary for CP-02610: jurisdictional exposure, UBO depth 3, sanctions hits 0."
CP-02611,Counterparty 02611 Holdings,GB,medium,2026-03-06,0,4,"Grounded summary for CP-02611: jurisdictional exposure, UBO depth 4, sanctions hits 0."
CP-02612,Counterparty 02612 Holdings,KY,low,2026-03-05,0,1,"Grounded summary for CP-02612: jurisdictional exposure, UBO depth 1, sanctions hits 0."
CP-02613,Counterparty 02613 Holdings,DE,critical,2026-03-04,0,2,"Grounded summary for CP-02613: jurisdictional exposure, UBO depth 2, sanctions hits 0."
CP-02614,Counterparty 02614 Holdings,AE,high,2026-03-03,0,3,"Grounded summary for CP-02614: jurisdictional exposure, UBO depth 3, sanctions hits 0."
CP-02615,Counterparty 02615 Holdings,SG,medium,2026-03-02,0,4,"Grounded summary for CP-02615: jurisdictional exposure, UBO depth 4, sanctions hits 0."
CP-02616,Counterparty 02616 Holdings,US,low,2026-03-01,0,1,"Grounded summary for CP-02616: jurisdictional exposure, UBO depth 1, sanctions hits 0."
CP-02617,Counterparty 02617 Holdings,GB,critical,2026-02-28,0,2,"Grounded summary for CP-02617: jurisdictional exposure, UBO depth 2, sanctions hits 0."
CP-02618,Counterparty 02618 Holdings,KY,high,2026-02-27,0,3,"Grounded summary for CP-02618: jurisdictional exposure, UBO depth 3, sanctions hits 0."
CP-02619,Counterparty 02619 Holdings,DE,medium,2026-02-26,0,4,"Grounded summary for CP-02619: jurisdictional exposure, UBO depth 4, sanctions hits 0."
CP-02620,Counterparty 02620 Holdings,AE,low,2026-02-25,0,1,"Grounded summary for CP-02620: jurisdictional exposure, UBO depth 1, sanctions hits 0."
CP-02621,Counterparty 02621 Holdings,SG,critical,2026-02-24,0,2,"Grounded summary for CP-02621: jurisdictional exposure, UBO depth 2, sanctions hits 0."
CP-02622,Counterparty 02622 Holdings,US,high,2026-02-23,0,3,"Grounded summary for CP-02622: jurisdictional exposure, UBO depth 3, sanctions hits 0."
CP-02623,Counterparty 02623 Holdings,GB,medium,2026-02-22,0,4,"Grounded summary for CP-02623: jurisdictional exposure, UBO depth 4, sanctions hits 0."
CP-02624,Counterparty 02624 Holdings,KY,low,2026-02-21,0,1,"Grounded summary for CP-02624: jurisdictional exposure, UBO depth 1, sanctions hits 0."
CP-02625,Counterparty 02625 Holdings,DE,critical,2026-02-20,0,2,"Grounded summary for CP-02625: jurisdictional exposure, UBO depth 2, sanctions hits 0."
CP-02626,Counterparty 02626 Holdings,AE,high,2026-02-19,0,3,"Grounded summary for CP-02626: jurisdictional exposure, UBO depth 3, sanctions hits 0."
CP-02627,Counterparty 02627 Holdings,SG,medium,2026-02-18,0,4,"Grounded summary for CP-02627: jurisdictional exposure, UBO depth 4, sanctions hits 0."
CP-02628,Counterparty 02628 Holdings,US,low,2026-02-17,0,1,"Grounded summary for CP-02628: jurisdictional exposure, UBO depth 1, sanctions hits 0."
CP-02629,Counterparty 02629 Holdings,GB,critical,2026-02-16,0,2,"Grounded summary for CP-02629: jurisdictional exposure, UBO depth 2, sanctions hits 0."
CP-02630,Counterparty 02630 Holdings,KY,high,2026-02-15,0,3,"Grounded summary for CP-02630: jurisdictional exposure, UBO depth 3, sanctions hits 0."
CP-02631,Counterparty 02631 Holdings,DE,medium,2026-02-14,0,4,"Grounded summary for CP-02631: jurisdictional exposure, UBO depth 4, sanctions hits 0."
CP-02632,Counterparty 02632 Holdings,AE,low,2026-02-13,0,1,"Grounded summary for CP-02632: jurisdictional exposure, UBO depth 1, sanctions hits 0."
CP-02633,Counterparty 02633 Holdings,SG,critical,2026-02-12,0,2,"Grounded summary for CP-02633: jurisdictional exposure, UBO depth 2, sanctions hits 0."
CP-02634,Counterparty 02634 Holdings,US,high,2026-02-11,0,3,"Grounded summary for CP-02634: jurisdictional exposure, UBO depth 3, sanctions hits 0."
CP-02635,Counterparty 02635 Holdings,GB,medium,2026-02-10,0,4,"Grounded summary for CP-02635: jurisdictional exposure, UBO depth 4, sanctions hits 0."
CP-02636,Counterparty 02636 Holdings,KY,low,2026-02-09,0,1,"Grounded summary for CP-02636: jurisdictional exposure, UBO depth 1, sanctions hits 0."
CP-02637,Counterparty 02637 Holdings,DE,critical,2026-02-08,0,2,"Grounded summary for CP-02637: jurisdictional exposure, UBO depth 2, sanctions hits 0."
CP-02638,Counterparty 02638 Holdings,AE,high,2026-02-07,0,3,"Grounded summary for CP-02638: jurisdictional exposure, UBO depth 3, sanctions hits 0."
CP-02639,Counterparty 02639 Holdings,SG,medium,2026-02-06,0,4,"Grounded summary for CP-02639: jurisdictional exposure, UBO depth 4, sanctions hits 0."
CP-02640,Counterparty 02640 Holdings,US,low,2026-02-05,0,1,"Grounded summary for CP-02640: jurisdictional exposure, UBO depth 1, sanctions hits 0."
CP-02641,Counterparty 02641 Holdings,GB,critical,2026-02-04,0,2,"Grounded summary for CP-02641: jurisdictional exposure, UBO depth 2, sanctions hits 0."
CP-02642,Counterparty 02642 Holdings,KY,high,2026-02-03,0,3,"Grounded summary for CP-02642: jurisdictional exposure, UBO depth 3, sanctions hits 0."
CP-02643,Counterparty 02643 Holdings,DE,medium,2026-02-02,0,4,"Grounded summary for CP-02643: jurisdictional exposure, UBO depth 4, sanctions hits 0."
CP-02644,Counterparty 02644 Holdings,AE,low,2026-02-01,0,1,"Grounded summary for CP-02644: jurisdictional exposure, UBO depth 1, sanctions hits 0."
CP-02645,Counterparty 02645 Holdings,SG,critical,2026-01-31,0,2,"Grounded summary for CP-02645: jurisdictional exposure, UBO depth 2, sanctions hits 0."
CP-02646,Counterparty 02646 Holdings,US,high,2026-01-30,0,3,"Grounded summary for CP-02646: jurisdictional exposure, UBO depth 3, sanctions hits 0."
CP-02647,Counterparty 02647 Holdings,GB,medium,2026-01-29,0,4,"Grounded summary for CP-02647: jurisdictional exposure, UBO depth 4, sanctions hits 0."
CP-02648,Counterparty 02648 Holdings,KY,low,2026-01-28,0,1,"Grounded summary for CP-02648: jurisdictional exposure, UBO depth 1, sanctions hits 0."
CP-02649,Counterparty 02649 Holdings,DE,critical,2026-01-27,0,2,"Grounded summary for CP-02649: jurisdictional exposure, UBO depth 2, sanctions hits 0."
CP-02650,Counterparty 02650 Holdings,AE,high,2026-01-26,0,3,"Grounded summary for CP-02650: jurisdictional exposure, UBO depth 3, sanctions hits 0."
CP-02651,Counterparty 02651 Holdings,SG,medium,2026-01-25,0,4,"Grounded summary for CP-02651: jurisdictional exposure, UBO depth 4, sanctions hits 0."
CP-02652,Counterparty 02652 Holdings,US,low,2026-01-24,0,1,"Grounded summary for CP-02652: jurisdictional exposure, UBO depth 1, sanctions hits 0."
CP-02653,Counterparty 02653 Holdings,GB,critical,2026-01-23,0,2,"Grounded summary for CP-02653: jurisdictional exposure, UBO depth 2, sanctions hits 0."
CP-02654,Counterparty 02654 Holdings,KY,high,2026-01-22,0,3,"Grounded summary for CP-02654: jurisdictional exposure, UBO depth 3, sanctions hits 0."
CP-02655,Counterparty 02655 Holdings,DE,medium,2026-01-21,0,4,"Grounded summary for CP-02655: jurisdictional exposure, UBO depth 4, sanctions hits 0."
CP-02656,Counterparty 02656 Holdings,AE,low,2026-01-20,0,1,"Grounded summary for CP-02656: jurisdictional exposure, UBO depth 1, sanctions hits 0."
CP-02657,Counterparty 02657 Holdings,SG,critical,2026-01-19,0,2,"Grounded summary for CP-02657: jurisdictional exposure, UBO depth 2, sanctions hits 0."
CP-02658,Counterparty 02658 Holdings,US,high,2026-01-18,0,3,"Grounded summary for CP-02658: jurisdictional exposure, UBO depth 3, sanctions hits 0."
CP-02659,Counterparty 02659 Holdings,GB,medium,2026-01-17,0,4,"Grounded summary for CP-02659: jurisdictional exposure, UBO depth 4, sanctions hits 0."
CP-02660,Counterparty 02660 Holdings,KY,low,2026-01-16,0,1,"Grounded summary for CP-02660: jurisdictional exposure, UBO depth 1, sanctions hits 0."
CP-02661,Counterparty 02661 Holdings,DE,critical,2026-01-15,0,2,"Grounded summary for CP-02661: jurisdictional exposure, UBO depth 2, sanctions hits 0."
CP-02662,Counterparty 02662 Holdings,AE,high,2026-01-14,0,3,"Grounded summary for CP-02662: jurisdictional exposure, UBO depth 3, sanctions hits 0."
CP-02663,Counterparty 02663 Holdings,SG,medium,2026-01-13,0,4,"Grounded summary for CP-02663: jurisdictional exposure, UBO depth 4, sanctions hits 0."
CP-02664,Counterparty 02664 Holdings,US,low,2026-01-12,0,1,"Grounded summary for CP-02664: jurisdictional exposure, UBO depth 1, sanctions hits 0."
CP-02665,Counterparty 02665 Holdings,GB,critical,2026-01-11,0,2,"Grounded summary for CP-02665: jurisdictional exposure, UBO depth 2, sanctions hits 0."
CP-02666,Counterparty 02666 Holdings,KY,high,2026-01-10,0,3,"Grounded summary for CP-02666: jurisdictional exposure, UBO depth 3, sanctions hits 0."
CP-02667,Counterparty 02667 Holdings,DE,medium,2026-01-09,0,4,"Grounded summary for CP-02667: jurisdictional exposure, UBO depth 4, sanctions hits 0."
CP-02668,Counterparty 02668 Holdings,AE,low,2026-01-08,0,1,"Grounded summary for CP-02668: jurisdictional exposure, UBO depth 1, sanctions hits 0."
CP-02669,Counterparty 02669 Holdings,SG,critical,2026-01-07,0,2,"Grounded summary for CP-02669: jurisdictional exposure, UBO depth 2, sanctions hits 0."
CP-02670,Counterparty 02670 Holdings,US,high,2026-01-06,0,3,"Grounded summary for CP-02670: jurisdictional exposure, UBO depth 3, sanctions hits 0."
CP-02671,Counterparty 02671 Holdings,GB,medium,2026-01-05,0,4,"Grounded summary for CP-02671: jurisdictional exposure, UBO depth 4, sanctions hits 0."
CP-02672,Counterparty 02672 Holdings,KY,low,2026-01-04,0,1,"Grounded summary for CP-02672: jurisdictional exposure, UBO depth 1, sanctions hits 0."
CP-02673,Counterparty 02673 Holdings,DE,critical,2026-01-03,0,2,"Grounded summary for CP-02673: jurisdictional exposure, UBO depth 2, sanctions hits 0."
CP-02674,Counterparty 02674 Holdings,AE,high,2026-01-02,0,3,"Grounded summary for CP-02674: jurisdictional exposure, UBO depth 3, sanctions hits 0."
CP-02675,Counterparty 02675 Holdings,SG,medium,2026-01-01,0,4,"Grounded summary for CP-02675: jurisdictional exposure, UBO depth 4, sanctions hits 0."
CP-02676,Counterparty 02676 Holdings,US,low,2025-12-31,0,1,"Grounded summary for CP-02676: jurisdictional exposure, UBO depth 1, sanctions hits 0."
CP-02677,Counterparty 02677 Holdings,GB,critical,2025-12-30,0,2,"Grounded summary for CP-02677: jurisdictional exposure, UBO depth 2, sanctions hits 0."
CP-02678,Counterparty 02678 Holdings,KY,high,2025-12-29,0,3,"Grounded summary for CP-02678: jurisdictional exposure, UBO depth 3, sanctions hits 0."
CP-02679,Counterparty 02679 Holdings,DE,medium,2025-12-28,0,4,"Grounded summary for CP-02679: jurisdictional exposure, UBO depth 4, sanctions hits 0."
CP-02680,Counterparty 02680 Holdings,AE,low,2025-12-27,0,1,"Grounded summary for CP-02680: jurisdictional exposure, UBO depth 1, sanctions hits 0."
CP-02681,Counterparty 02681 Holdings,SG,critical,2025-12-26,0,2,"Grounded summary for CP-02681: jurisdictional exposure, UBO depth 2, sanctions hits 0."
CP-02682,Counterparty 02682 Holdings,US,high,2025-12-25,0,3,"Grounded summary for CP-02682: jurisdictional exposure, UBO depth 3, sanctions hits 0."
CP-02683,Counterparty 02683 Holdings,GB,medium,2025-12-24,0,4,"Grounded summary for CP-02683: jurisdictional exposure, UBO depth 4, sanctions hits 0."
CP-02684,Counterparty 02684 Holdings,KY,low,2025-12-23,0,1,"Grounded summary for CP-02684: jurisdictional exposure, UBO depth 1, sanctions hits 0."
CP-02685,Counterparty 02685 Holdings,DE,critical,2025-12-22,0,2,"Grounded summary for CP-02685: jurisdictional exposure, UBO depth 2, sanctions hits 0."
CP-02686,Counterparty 02686 Holdings,AE,high,2025-12-21,0,3,"Grounded summary for CP-02686: jurisdictional exposure, UBO depth 3, sanctions hits 0."
CP-02687,Counterparty 02687 Holdings,SG,medium,2025-12-20,0,4,"Grounded summary for CP-02687: jurisdictional exposure, UBO depth 4, sanctions hits 0."
CP-02688,Counterparty 02688 Holdings,US,low,2025-12-19,0,1,"Grounded summary for CP-02688: jurisdictional exposure, UBO depth 1, sanctions hits 0."
CP-02689,Counterparty 02689 Holdings,GB,critical,2025-12-18,0,2,"Grounded summary for CP-02689: jurisdictional exposure, UBO depth 2, sanctions hits 0."
CP-02690,Counterparty 02690 Holdings,KY,high,2025-12-17,0,3,"Grounded summary for CP-02690: jurisdictional exposure, UBO depth 3, sanctions hits 0."
CP-02691,Counterparty 02691 Holdings,DE,medium,2025-12-16,0,4,"Grounded summary for CP-02691: jurisdictional exposure, UBO depth 4, sanctions hits 0."
CP-02692,Counterparty 02692 Holdings,AE,low,2025-12-15,0,1,"Grounded summary for CP-02692: jurisdictional exposure, UBO depth 1, sanctions hits 0."
CP-02693,Counterparty 02693 Holdings,SG,critical,2025-12-14,0,2,"Grounded summary for CP-02693: jurisdictional exposure, UBO depth 2, sanctions hits 0."
CP-02694,Counterparty 02694 Holdings,US,high,2025-12-13,0,3,"Grounded summary for CP-02694: jurisdictional exposure, UBO depth 3, sanctions hits 0."
CP-02695,Counterparty 02695 Holdings,GB,medium,2025-12-12,0,4,"Grounded summary for CP-02695: jurisdictional exposure, UBO depth 4, sanctions hits 0."
CP-02696,Counterparty 02696 Holdings,KY,low,2025-12-11,0,1,"Grounded summary for CP-02696: jurisdictional exposure, UBO depth 1, sanctions hits 0."
CP-02697,Counterparty 02697 Holdings,DE,critical,2025-12-10,0,2,"Grounded summary for CP-02697: jurisdictional exposure, UBO depth 2, sanctions hits 0."
CP-02698,Counterparty 02698 Holdings,AE,high,2025-12-09,0,3,"Grounded summary for CP-02698: jurisdictional exposure, UBO depth 3, sanctions hits 0."
CP-02699,Counterparty 02699 Holdings,SG,medium,2025-12-08,0,4,"Grounded summary for CP-02699: jurisdictional exposure, UBO depth 4, sanctions hits 0."
CP-02700,Counterparty 02700 Holdings,US,low,2025-12-07,0,1,"Grounded summary for CP-02700: jurisdictional exposure, UBO depth 1, sanctions hits 0."
CP-02701,Counterparty 02701 Holdings,GB,critical,2025-12-06,0,2,"Grounded summary for CP-02701: jurisdictional exposure, UBO depth 2, sanctions hits 0."
CP-02702,Counterparty 02702 Holdings,KY,high,2025-12-05,0,3,"Grounded summary for CP-02702: jurisdictional exposure, UBO depth 3, sanctions hits 0."
CP-02703,Counterparty 02703 Holdings,DE,medium,2025-12-04,0,4,"Grounded summary for CP-02703: jurisdictional exposure, UBO depth 4, sanctions hits 0."
CP-02704,Counterparty 02704 Holdings,AE,low,2025-12-03,0,1,"Grounded summary for CP-02704: jurisdictional exposure, UBO depth 1, sanctions hits 0."
CP-02705,Counterparty 02705 Holdings,SG,critical,2025-12-02,0,2,"Grounded summary for CP-02705: jurisdictional exposure, UBO depth 2, sanctions hits 0."
CP-02706,Counterparty 02706 Holdings,US,high,2025-12-01,0,3,"Grounded summary for CP-02706: jurisdictional exposure, UBO depth 3, sanctions hits 0."
CP-02707,Counterparty 02707 Holdings,GB,medium,2025-11-30,0,4,"Grounded summary for CP-02707: jurisdictional exposure, UBO depth 4, sanctions hits 0."
CP-02708,Counterparty 02708 Holdings,KY,low,2025-11-29,0,1,"Grounded summary for CP-02708: jurisdictional exposure, UBO depth 1, sanctions hits 0."
CP-02709,Counterparty 02709 Holdings,DE,critical,2025-11-28,0,2,"Grounded summary for CP-02709: jurisdictional exposure, UBO depth 2, sanctions hits 0."
CP-02710,Counterparty 02710 Holdings,AE,high,2025-11-27,0,3,"Grounded summary for CP-02710: jurisdictional exposure, UBO depth 3, sanctions hits 0."
CP-02711,Counterparty 02711 Holdings,SG,medium,2025-11-26,0,4,"Grounded summary for CP-02711: jurisdictional exposure, UBO depth 4, sanctions hits 0."
CP-02712,Counterparty 02712 Holdings,US,low,2025-11-25,0,1,"Grounded summary for CP-02712: jurisdictional exposure, UBO depth 1, sanctions hits 0."
CP-02713,Counterparty 02713 Holdings,GB,critical,2025-11-24,0,2,"Grounded summary for CP-02713: jurisdictional exposure, UBO depth 2, sanctions hits 0."
CP-02714,Counterparty 02714 Holdings,KY,high,2025-11-23,0,3,"Grounded summary for CP-02714: jurisdictional exposure, UBO depth 3, sanctions hits 0."
CP-02715,Counterparty 02715 Holdings,DE,medium,2025-11-22,0,4,"Grounded summary for CP-02715: jurisdictional exposure, UBO depth 4, sanctions hits 0."
CP-02716,Counterparty 02716 Holdings,AE,low,2025-11-21,0,1,"Grounded summary for CP-02716: jurisdictional exposure, UBO depth 1, sanctions hits 0."
CP-02717,Counterparty 02717 Holdings,SG,critical,2025-11-20,0,2,"Grounded summary for CP-02717: jurisdictional exposure, UBO depth 2, sanctions hits 0."
CP-02718,Counterparty 02718 Holdings,US,high,2025-11-19,0,3,"Grounded summary for CP-02718: jurisdictional exposure, UBO depth 3, sanctions hits 0."
CP-02719,Counterparty 02719 Holdings,GB,medium,2025-11-18,0,4,"Grounded summary for CP-02719: jurisdictional exposure, UBO depth 4, sanctions hits 0."
CP-02720,Counterparty 02720 Holdings,KY,low,2025-11-17,0,1,"Grounded summary for CP-02720: jurisdictional exposure, UBO depth 1, sanctions hits 0."
CP-02721,Counterparty 02721 Holdings,DE,critical,2025-11-16,0,2,"Grounded summary for CP-02721: jurisdictional exposure, UBO depth 2, sanctions hits 0."
CP-02722,Counterparty 02722 Holdings,AE,high,2025-11-15,0,3,"Grounded summary for CP-02722: jurisdictional exposure, UBO depth 3, sanctions hits 0."
CP-02723,Counterparty 02723 Holdings,SG,medium,2025-11-14,0,4,"Grounded summary for CP-02723: jurisdictional exposure, UBO depth 4, sanctions hits 0."
CP-02724,Counterparty 02724 Holdings,US,low,2025-11-13,0,1,"Grounded summary for CP-02724: jurisdictional exposure, UBO depth 1, sanctions hits 0."
CP-02725,Counterparty 02725 Holdings,GB,critical,2025-11-12,0,2,"Grounded summary for CP-02725: jurisdictional exposure, UBO depth 2, sanctions hits 0."
CP-02726,Counterparty 02726 Holdings,KY,high,2025-11-11,0,3,"Grounded summary for CP-02726: jurisdictional exposure, UBO depth 3, sanctions hits 0."
CP-02727,Counterparty 02727 Holdings,DE,medium,2025-11-10,0,4,"Grounded summary for CP-02727: jurisdictional exposure, UBO depth 4, sanctions hits 0."
CP-02728,Counterparty 02728 Holdings,AE,low,2025-11-09,0,1,"Grounded summary for CP-02728: jurisdictional exposure, UBO depth 1, sanctions hits 0."
CP-02729,Counterparty 02729 Holdings,SG,critical,2025-11-08,0,2,"Grounded summary for CP-02729: jurisdictional exposure, UBO depth 2, sanctions hits 0."
CP-02730,Counterparty 02730 Holdings,US,high,2025-11-07,0,3,"Grounded summary for CP-02730: jurisdictional exposure, UBO depth 3, sanctions hits 0."
CP-02731,Counterparty 02731 Holdings,GB,medium,2025-11-06,0,4,"Grounded summary for CP-02731: jurisdictional exposure, UBO depth 4, sanctions hits 0."
CP-02732,Counterparty 02732 Holdings,KY,low,2025-11-05,0,1,"Grounded summary for CP-02732: jurisdictional exposure, UBO depth 1, sanctions hits 0."
CP-02733,Counterparty 02733 Holdings,DE,critical,2025-11-04,0,2,"Grounded summary for CP-02733: jurisdictional exposure, UBO depth 2, sanctions hits 0."
CP-02734,Counterparty 02734 Holdings,AE,high,2025-11-03,0,3,"Grounded summary for CP-02734: jurisdictional exposure, UBO depth 3, sanctions hits 0."
CP-02735,Counterparty 02735 Holdings,SG,medium,2025-11-02,0,4,"Grounded summary for CP-02735: jurisdictional exposure, UBO depth 4, sanctions hits 0."
CP-02736,Counterparty 02736 Holdings,US,low,2025-11-01,0,1,"Grounded summary for CP-02736: jurisdictional exposure, UBO depth 1, sanctions hits 0."
CP-02737,Counterparty 02737 Holdings,GB,critical,2025-10-31,0,2,"Grounded summary for CP-02737: jurisdictional exposure, UBO depth 2, sanctions hits 0."
CP-02738,Counterparty 02738 Holdings,KY,high,2025-10-30,0,3,"Grounded summary for CP-02738: jurisdictional exposure, UBO depth 3, sanctions hits 0."
CP-02739,Counterparty 02739 Holdings,DE,medium,2025-10-29,0,4,"Grounded summary for CP-02739: jurisdictional exposure, UBO depth 4, sanctions hits 0."
CP-02740,Counterparty 02740 Holdings,AE,low,2025-10-28,0,1,"Grounded summary for CP-02740: jurisdictional exposure, UBO depth 1, sanctions hits 0."
CP-02741,Counterparty 02741 Holdings,SG,critical,2025-10-27,0,2,"Grounded summary for CP-02741: jurisdictional exposure, UBO depth 2, sanctions hits 0."
CP-02742,Counterparty 02742 Holdings,US,high,2025-10-26,0,3,"Grounded summary for CP-02742: jurisdictional exposure, UBO depth 3, sanctions hits 0."
CP-02743,Counterparty 02743 Holdings,GB,medium,2025-10-25,0,4,"Grounded summary for CP-02743: jurisdictional exposure, UBO depth 4, sanctions hits 0."
CP-02744,Counterparty 02744 Holdings,KY,low,2025-10-24,0,1,"Grounded summary for CP-02744: jurisdictional exposure, UBO depth 1, sanctions hits 0."
CP-02745,Counterparty 02745 Holdings,DE,critical,2025-10-23,0,2,"Grounded summary for CP-02745: jurisdictional exposure, UBO depth 2, sanctions hits 0."
CP-02746,Counterparty 02746 Holdings,AE,high,2025-10-22,0,3,"Grounded summary for CP-02746: jurisdictional exposure, UBO depth 3, sanctions hits 0."
CP-02747,Counterparty 02747 Holdings,SG,medium,2025-10-21,0,4,"Grounded summary for CP-02747: jurisdictional exposure, UBO depth 4, sanctions hits 0."
CP-02748,Counterparty 02748 Holdings,US,low,2025-10-20,0,1,"Grounded summary for CP-02748: jurisdictional exposure, UBO depth 1, sanctions hits 0."
CP-02749,Counterparty 02749 Holdings,GB,critical,2025-10-19,0,2,"Grounded summary for CP-02749: jurisdictional exposure, UBO depth 2, sanctions hits 0."
CP-02750,Counterparty 02750 Holdings,KY,high,2025-10-18,0,3,"Grounded summary for CP-02750: jurisdictional exposure, UBO depth 3, sanctions hits 0."
CP-02751,Counterparty 02751 Holdings,DE,medium,2025-10-17,0,4,"Grounded summary for CP-02751: jurisdictional exposure, UBO depth 4, sanctions hits 0."
CP-02752,Counterparty 02752 Holdings,AE,low,2025-10-16,0,1,"Grounded summary for CP-02752: jurisdictional exposure, UBO depth 1, sanctions hits 0."
CP-02753,Counterparty 02753 Holdings,SG,critical,2025-10-15,0,2,"Grounded summary for CP-02753: jurisdictional exposure, UBO depth 2, sanctions hits 0."
CP-02754,Counterparty 02754 Holdings,US,high,2025-10-14,0,3,"Grounded summary for CP-02754: jurisdictional exposure, UBO depth 3, sanctions hits 0."
CP-02755,Counterparty 02755 Holdings,GB,medium,2025-10-13,0,4,"Grounded summary for CP-02755: jurisdictional exposure, UBO depth 4, sanctions hits 0."
CP-02756,Counterparty 02756 Holdings,KY,low,2025-10-12,0,1,"Grounded summary for CP-02756: jurisdictional exposure, UBO depth 1, sanctions hits 0."
CP-02757,Counterparty 02757 Holdings,DE,critical,2025-10-11,0,2,"Grounded summary for CP-02757: jurisdictional exposure, UBO depth 2, sanctions hits 0."
CP-02758,Counterparty 02758 Holdings,AE,high,2025-10-10,0,3,"Grounded summary for CP-02758: jurisdictional exposure, UBO depth 3, sanctions hits 0."
CP-02759,Counterparty 02759 Holdings,SG,medium,2025-10-09,0,4,"Grounded summary for CP-02759: jurisdictional exposure, UBO depth 4, sanctions hits 0."
CP-02760,Counterparty 02760 Holdings,US,low,2025-10-08,0,1,"Grounded summary for CP-02760: jurisdictional exposure, UBO depth 1, sanctions hits 0."
CP-02761,Counterparty 02761 Holdings,GB,critical,2025-10-07,0,2,"Grounded summary for CP-02761: jurisdictional exposure, UBO depth 2, sanctions hits 0."
CP-02762,Counterparty 02762 Holdings,KY,high,2025-10-06,0,3,"Grounded summary for CP-02762: jurisdictional exposure, UBO depth 3, sanctions hits 0."
CP-02763,Counterparty 02763 Holdings,DE,medium,2025-10-05,0,4,"Grounded summary for CP-02763: jurisdictional exposure, UBO depth 4, sanctions hits 0."
CP-02764,Counterparty 02764 Holdings,AE,low,2025-10-04,0,1,"Grounded summary for CP-02764: jurisdictional exposure, UBO depth 1, sanctions hits 0."
CP-02765,Counterparty 02765 Holdings,SG,critical,2025-10-03,0,2,"Grounded summary for CP-02765: jurisdictional exposure, UBO depth 2, sanctions hits 0."
CP-02766,Counterparty 02766 Holdings,US,high,2025-10-02,0,3,"Grounded summary for CP-02766: jurisdictional exposure, UBO depth 3, sanctions hits 0."
CP-02767,Counterparty 02767 Holdings,GB,medium,2025-10-01,0,4,"Grounded summary for CP-02767: jurisdictional exposure, UBO depth 4, sanctions hits 0."
CP-02768,Counterparty 02768 Holdings,KY,low,2025-09-30,0,1,"Grounded summary for CP-02768: jurisdictional exposure, UBO depth 1, sanctions hits 0."
CP-02769,Counterparty 02769 Holdings,DE,critical,2025-09-29,0,2,"Grounded summary for CP-02769: jurisdictional exposure, UBO depth 2, sanctions hits 0."
CP-02770,Counterparty 02770 Holdings,AE,high,2025-09-28,0,3,"Grounded summary for CP-02770: jurisdictional exposure, UBO depth 3, sanctions hits 0."
CP-02771,Counterparty 02771 Holdings,SG,medium,2025-09-27,0,4,"Grounded summary for CP-02771: jurisdictional exposure, UBO depth 4, sanctions hits 0."
CP-02772,Counterparty 02772 Holdings,US,low,2025-09-26,0,1,"Grounded summary for CP-02772: jurisdictional exposure, UBO depth 1, sanctions hits 0."
CP-02773,Counterparty 02773 Holdings,GB,critical,2025-09-25,0,2,"Grounded summary for CP-02773: jurisdictional exposure, UBO depth 2, sanctions hits 0."
CP-02774,Counterparty 02774 Holdings,KY,high,2025-09-24,0,3,"Grounded summary for CP-02774: jurisdictional exposure, UBO depth 3, sanctions hits 0."
CP-02775,Counterparty 02775 Holdings,DE,medium,2025-09-23,0,4,"Grounded summary for CP-02775: jurisdictional exposure, UBO depth 4, sanctions hits 0."
CP-02776,Counterparty 02776 Holdings,AE,low,2025-09-22,0,1,"Grounded summary for CP-02776: jurisdictional exposure, UBO depth 1, sanctions hits 0."
CP-02777,Counterparty 02777 Holdings,SG,critical,2025-09-21,0,2,"Grounded summary for CP-02777: jurisdictional exposure, UBO depth 2, sanctions hits 0."
CP-02778,Counterparty 02778 Holdings,US,high,2025-09-20,0,3,"Grounded summary for CP-02778: jurisdictional exposure, UBO depth 3, sanctions hits 0."
CP-02779,Counterparty 02779 Holdings,GB,medium,2025-09-19,0,4,"Grounded summary for CP-02779: jurisdictional exposure, UBO depth 4, sanctions hits 0."
CP-02780,Counterparty 02780 Holdings,KY,low,2025-09-18,0,1,"Grounded summary for CP-02780: jurisdictional exposure, UBO depth 1, sanctions hits 0."
CP-02781,Counterparty 02781 Holdings,DE,critical,2025-09-17,0,2,"Grounded summary for CP-02781: jurisdictional exposure, UBO depth 2, sanctions hits 0."
CP-02782,Counterparty 02782 Holdings,AE,high,2025-09-16,0,3,"Grounded summary for CP-02782: jurisdictional exposure, UBO depth 3, sanctions hits 0."
CP-02783,Counterparty 02783 Holdings,SG,medium,2025-09-15,0,4,"Grounded summary for CP-02783: jurisdictional exposure, UBO depth 4, sanctions hits 0."
CP-02784,Counterparty 02784 Holdings,US,low,2025-09-14,0,1,"Grounded summary for CP-02784: jurisdictional exposure, UBO depth 1, sanctions hits 0."
CP-02785,Counterparty 02785 Holdings,GB,critical,2025-09-13,0,2,"Grounded summary for CP-02785: jurisdictional exposure, UBO depth 2, sanctions hits 0."
CP-02786,Counterparty 02786 Holdings,KY,high,2025-09-12,0,3,"Grounded summary for CP-02786: jurisdictional exposure, UBO depth 3, sanctions hits 0."
CP-02787,Counterparty 02787 Holdings,DE,medium,2025-09-11,0,4,"Grounded summary for CP-02787: jurisdictional exposure, UBO depth 4, sanctions hits 0."
CP-02788,Counterparty 02788 Holdings,AE,low,2025-09-10,0,1,"Grounded summary for CP-02788: jurisdictional exposure, UBO depth 1, sanctions hits 0."
CP-02789,Counterparty 02789 Holdings,SG,critical,2025-09-09,0,2,"Grounded summary for CP-02789: jurisdictional exposure, UBO depth 2, sanctions hits 0."
CP-02790,Counterparty 02790 Holdings,US,high,2025-09-08,0,3,"Grounded summary for CP-02790: jurisdictional exposure, UBO depth 3, sanctions hits 0."
CP-02791,Counterparty 02791 Holdings,GB,medium,2025-09-07,0,4,"Grounded summary for CP-02791: jurisdictional exposure, UBO depth 4, sanctions hits 0."
CP-02792,Counterparty 02792 Holdings,KY,low,2025-09-06,0,1,"Grounded summary for CP-02792: jurisdictional exposure, UBO depth 1, sanctions hits 0."
CP-02793,Counterparty 02793 Holdings,DE,critical,2025-09-05,0,2,"Grounded summary for CP-02793: jurisdictional exposure, UBO depth 2, sanctions hits 0."
CP-02794,Counterparty 02794 Holdings,AE,high,2025-09-04,0,3,"Grounded summary for CP-02794: jurisdictional exposure, UBO depth 3, sanctions hits 0."
CP-02795,Counterparty 02795 Holdings,SG,medium,2025-09-03,0,4,"Grounded summary for CP-02795: jurisdictional exposure, UBO depth 4, sanctions hits 0."
CP-02796,Counterparty 02796 Holdings,US,low,2025-09-02,0,1,"Grounded summary for CP-02796: jurisdictional exposure, UBO depth 1, sanctions hits 0."
CP-02797,Counterparty 02797 Holdings,GB,critical,2025-09-01,0,2,"Grounded summary for CP-02797: jurisdictional exposure, UBO depth 2, sanctions hits 0."
CP-02798,Counterparty 02798 Holdings,KY,high,2025-08-31,0,3,"Grounded summary for CP-02798: jurisdictional exposure, UBO depth 3, sanctions hits 0."
CP-02799,Counterparty 02799 Holdings,DE,medium,2025-08-30,0,4,"Grounded summary for CP-02799: jurisdictional exposure, UBO depth 4, sanctions hits 0."
CP-02800,Counterparty 02800 Holdings,AE,low,2025-08-29,0,1,"Grounded summary for CP-02800: jurisdictional exposure, UBO depth 1, sanctions hits 0."
CP-02801,Counterparty 02801 Holdings,SG,critical,2025-08-28,0,2,"Grounded summary for CP-02801: jurisdictional exposure, UBO depth 2, sanctions hits 0."
CP-02802,Counterparty 02802 Holdings,US,high,2025-08-27,0,3,"Grounded summary for CP-02802: jurisdictional exposure, UBO depth 3, sanctions hits 0."
CP-02803,Counterparty 02803 Holdings,GB,medium,2025-08-26,0,4,"Grounded summary for CP-02803: jurisdictional exposure, UBO depth 4, sanctions hits 0."
CP-02804,Counterparty 02804 Holdings,KY,low,2025-08-25,0,1,"Grounded summary for CP-02804: jurisdictional exposure, UBO depth 1, sanctions hits 0."
CP-02805,Counterparty 02805 Holdings,DE,critical,2025-08-24,0,2,"Grounded summary for CP-02805: jurisdictional exposure, UBO depth 2, sanctions hits 0."
CP-02806,Counterparty 02806 Holdings,AE,high,2025-08-23,0,3,"Grounded summary for CP-02806: jurisdictional exposure, UBO depth 3, sanctions hits 0."
CP-02807,Counterparty 02807 Holdings,SG,medium,2025-08-22,0,4,"Grounded summary for CP-02807: jurisdictional exposure, UBO depth 4, sanctions hits 0."
CP-02808,Counterparty 02808 Holdings,US,low,2025-08-21,0,1,"Grounded summary for CP-02808: jurisdictional exposure, UBO depth 1, sanctions hits 0."
CP-02809,Counterparty 02809 Holdings,GB,critical,2025-08-20,0,2,"Grounded summary for CP-02809: jurisdictional exposure, UBO depth 2, sanctions hits 0."
CP-02810,Counterparty 02810 Holdings,KY,high,2025-08-19,0,3,"Grounded summary for CP-02810: jurisdictional exposure, UBO depth 3, sanctions hits 0."
CP-02811,Counterparty 02811 Holdings,DE,medium,2025-08-18,0,4,"Grounded summary for CP-02811: jurisdictional exposure, UBO depth 4, sanctions hits 0."
CP-02812,Counterparty 02812 Holdings,AE,low,2025-08-17,0,1,"Grounded summary for CP-02812: jurisdictional exposure, UBO depth 1, sanctions hits 0."
CP-02813,Counterparty 02813 Holdings,SG,critical,2025-08-16,0,2,"Grounded summary for CP-02813: jurisdictional exposure, UBO depth 2, sanctions hits 0."
CP-02814,Counterparty 02814 Holdings,US,high,2025-08-15,0,3,"Grounded summary for CP-02814: jurisdictional exposure, UBO depth 3, sanctions hits 0."
CP-02815,Counterparty 02815 Holdings,GB,medium,2025-08-14,0,4,"Grounded summary for CP-02815: jurisdictional exposure, UBO depth 4, sanctions hits 0."
CP-02816,Counterparty 02816 Holdings,KY,low,2025-08-13,0,1,"Grounded summary for CP-02816: jurisdictional exposure, UBO depth 1, sanctions hits 0."
CP-02817,Counterparty 02817 Holdings,DE,critical,2025-08-12,0,2,"Grounded summary for CP-02817: jurisdictional exposure, UBO depth 2, sanctions hits 0."
CP-02818,Counterparty 02818 Holdings,AE,high,2025-08-11,0,3,"Grounded summary for CP-02818: jurisdictional exposure, UBO depth 3, sanctions hits 0."
CP-02819,Counterparty 02819 Holdings,SG,medium,2025-08-10,0,4,"Grounded summary for CP-02819: jurisdictional exposure, UBO depth 4, sanctions hits 0."
CP-02820,Counterparty 02820 Holdings,US,low,2025-08-09,0,1,"Grounded summary for CP-02820: jurisdictional exposure, UBO depth 1, sanctions hits 0."
CP-02821,Counterparty 02821 Holdings,GB,critical,2025-08-08,0,2,"Grounded summary for CP-02821: jurisdictional exposure, UBO depth 2, sanctions hits 0."
CP-02822,Counterparty 02822 Holdings,KY,high,2025-08-07,0,3,"Grounded summary for CP-02822: jurisdictional exposure, UBO depth 3, sanctions hits 0."
CP-02823,Counterparty 02823 Holdings,DE,medium,2025-08-06,0,4,"Grounded summary for CP-02823: jurisdictional exposure, UBO depth 4, sanctions hits 0."
CP-02824,Counterparty 02824 Holdings,AE,low,2025-08-05,0,1,"Grounded summary for CP-02824: jurisdictional exposure, UBO depth 1, sanctions hits 0."
CP-02825,Counterparty 02825 Holdings,SG,critical,2025-08-04,0,2,"Grounded summary for CP-02825: jurisdictional exposure, UBO depth 2, sanctions hits 0."
CP-02826,Counterparty 02826 Holdings,US,high,2025-08-03,0,3,"Grounded summary for CP-02826: jurisdictional exposure, UBO depth 3, sanctions hits 0."
CP-02827,Counterparty 02827 Holdings,GB,medium,2025-08-02,0,4,"Grounded summary for CP-02827: jurisdictional exposure, UBO depth 4, sanctions hits 0."
CP-02828,Counterparty 02828 Holdings,KY,low,2025-08-01,0,1,"Grounded summary for CP-02828: jurisdictional exposure, UBO depth 1, sanctions hits 0."
CP-02829,Counterparty 02829 Holdings,DE,critical,2025-07-31,0,2,"Grounded summary for CP-02829: jurisdictional exposure, UBO depth 2, sanctions hits 0."
CP-02830,Counterparty 02830 Holdings,AE,high,2025-07-30,0,3,"Grounded summary for CP-02830: jurisdictional exposure, UBO depth 3, sanctions hits 0."
CP-02831,Counterparty 02831 Holdings,SG,medium,2025-07-29,0,4,"Grounded summary for CP-02831: jurisdictional exposure, UBO depth 4, sanctions hits 0."
CP-02832,Counterparty 02832 Holdings,US,low,2025-07-28,0,1,"Grounded summary for CP-02832: jurisdictional exposure, UBO depth 1, sanctions hits 0."
CP-02833,Counterparty 02833 Holdings,GB,critical,2025-07-27,0,2,"Grounded summary for CP-02833: jurisdictional exposure, UBO depth 2, sanctions hits 0."
CP-02834,Counterparty 02834 Holdings,KY,high,2025-07-26,0,3,"Grounded summary for CP-02834: jurisdictional exposure, UBO depth 3, sanctions hits 0."
CP-02835,Counterparty 02835 Holdings,DE,medium,2025-07-25,0,4,"Grounded summary for CP-02835: jurisdictional exposure, UBO depth 4, sanctions hits 0."
CP-02836,Counterparty 02836 Holdings,AE,low,2025-07-24,0,1,"Grounded summary for CP-02836: jurisdictional exposure, UBO depth 1, sanctions hits 0."
CP-02837,Counterparty 02837 Holdings,SG,critical,2025-07-23,0,2,"Grounded summary for CP-02837: jurisdictional exposure, UBO depth 2, sanctions hits 0."
CP-02838,Counterparty 02838 Holdings,US,high,2025-07-22,0,3,"Grounded summary for CP-02838: jurisdictional exposure, UBO depth 3, sanctions hits 0."
CP-02839,Counterparty 02839 Holdings,GB,medium,2025-07-21,0,4,"Grounded summary for CP-02839: jurisdictional exposure, UBO depth 4, sanctions hits 0."
CP-02840,Counterparty 02840 Holdings,KY,low,2025-07-20,0,1,"Grounded summary for CP-02840: jurisdictional exposure, UBO depth 1, sanctions hits 0."
CP-02841,Counterparty 02841 Holdings,DE,critical,2025-07-19,0,2,"Grounded summary for CP-02841: jurisdictional exposure, UBO depth 2, sanctions hits 0."
CP-02842,Counterparty 02842 Holdings,AE,high,2025-07-18,0,3,"Grounded summary for CP-02842: jurisdictional exposure, UBO depth 3, sanctions hits 0."
CP-02843,Counterparty 02843 Holdings,SG,medium,2025-07-17,0,4,"Grounded summary for CP-02843: jurisdictional exposure, UBO depth 4, sanctions hits 0."
CP-02844,Counterparty 02844 Holdings,US,low,2025-07-16,0,1,"Grounded summary for CP-02844: jurisdictional exposure, UBO depth 1, sanctions hits 0."
CP-02845,Counterparty 02845 Holdings,GB,critical,2025-07-15,0,2,"Grounded summary for CP-02845: jurisdictional exposure, UBO depth 2, sanctions hits 0."
CP-02846,Counterparty 02846 Holdings,KY,high,2025-07-14,0,3,"Grounded summary for CP-02846: jurisdictional exposure, UBO depth 3, sanctions hits 0."
CP-02847,Counterparty 02847 Holdings,DE,medium,2025-07-13,0,4,"Grounded summary for CP-02847: jurisdictional exposure, UBO depth 4, sanctions hits 0."
CP-02848,Counterparty 02848 Holdings,AE,low,2025-07-12,0,1,"Grounded summary for CP-02848: jurisdictional exposure, UBO depth 1, sanctions hits 0."
CP-02849,Counterparty 02849 Holdings,SG,critical,2025-07-11,0,2,"Grounded summary for CP-02849: jurisdictional exposure, UBO depth 2, sanctions hits 0."
CP-02850,Counterparty 02850 Holdings,US,high,2025-07-10,0,3,"Grounded summary for CP-02850: jurisdictional exposure, UBO depth 3, sanctions hits 0."
CP-02851,Counterparty 02851 Holdings,GB,medium,2025-07-09,0,4,"Grounded summary for CP-02851: jurisdictional exposure, UBO depth 4, sanctions hits 0."
CP-02852,Counterparty 02852 Holdings,KY,low,2025-07-08,0,1,"Grounded summary for CP-02852: jurisdictional exposure, UBO depth 1, sanctions hits 0."
CP-02853,Counterparty 02853 Holdings,DE,critical,2025-07-07,0,2,"Grounded summary for CP-02853: jurisdictional exposure, UBO depth 2, sanctions hits 0."
CP-02854,Counterparty 02854 Holdings,AE,high,2025-07-06,0,3,"Grounded summary for CP-02854: jurisdictional exposure, UBO depth 3, sanctions hits 0."
CP-02855,Counterparty 02855 Holdings,SG,medium,2025-07-05,0,4,"Grounded summary for CP-02855: jurisdictional exposure, UBO depth 4, sanctions hits 0."
CP-02856,Counterparty 02856 Holdings,US,low,2025-07-04,0,1,"Grounded summary for CP-02856: jurisdictional exposure, UBO depth 1, sanctions hits 0."
CP-02857,Counterparty 02857 Holdings,GB,critical,2025-07-03,0,2,"Grounded summary for CP-02857: jurisdictional exposure, UBO depth 2, sanctions hits 0."
CP-02858,Counterparty 02858 Holdings,KY,high,2025-07-02,0,3,"Grounded summary for CP-02858: jurisdictional exposure, UBO depth 3, sanctions hits 0."
CP-02859,Counterparty 02859 Holdings,DE,medium,2025-07-01,0,4,"Grounded summary for CP-02859: jurisdictional exposure, UBO depth 4, sanctions hits 0."
CP-02860,Counterparty 02860 Holdings,AE,low,2025-06-30,0,1,"Grounded summary for CP-02860: jurisdictional exposure, UBO depth 1, sanctions hits 0."
CP-02861,Counterparty 02861 Holdings,SG,critical,2025-06-29,0,2,"Grounded summary for CP-02861: jurisdictional exposure, UBO depth 2, sanctions hits 0."
CP-02862,Counterparty 02862 Holdings,US,high,2025-06-28,0,3,"Grounded summary for CP-02862: jurisdictional exposure, UBO depth 3, sanctions hits 0."
CP-02863,Counterparty 02863 Holdings,GB,medium,2025-06-27,0,4,"Grounded summary for CP-02863: jurisdictional exposure, UBO depth 4, sanctions hits 0."
CP-02864,Counterparty 02864 Holdings,KY,low,2025-06-26,0,1,"Grounded summary for CP-02864: jurisdictional exposure, UBO depth 1, sanctions hits 0."
CP-02865,Counterparty 02865 Holdings,DE,critical,2025-06-25,0,2,"Grounded summary for CP-02865: jurisdictional exposure, UBO depth 2, sanctions hits 0."
CP-02866,Counterparty 02866 Holdings,AE,high,2025-06-24,0,3,"Grounded summary for CP-02866: jurisdictional exposure, UBO depth 3, sanctions hits 0."
CP-02867,Counterparty 02867 Holdings,SG,medium,2025-06-23,0,4,"Grounded summary for CP-02867: jurisdictional exposure, UBO depth 4, sanctions hits 0."
CP-02868,Counterparty 02868 Holdings,US,low,2025-06-22,0,1,"Grounded summary for CP-02868: jurisdictional exposure, UBO depth 1, sanctions hits 0."
CP-02869,Counterparty 02869 Holdings,GB,critical,2025-06-21,0,2,"Grounded summary for CP-02869: jurisdictional exposure, UBO depth 2, sanctions hits 0."
CP-02870,Counterparty 02870 Holdings,KY,high,2025-06-20,0,3,"Grounded summary for CP-02870: jurisdictional exposure, UBO depth 3, sanctions hits 0."
CP-02871,Counterparty 02871 Holdings,DE,medium,2025-06-19,0,4,"Grounded summary for CP-02871: jurisdictional exposure, UBO depth 4, sanctions hits 0."
CP-02872,Counterparty 02872 Holdings,AE,low,2025-06-18,0,1,"Grounded summary for CP-02872: jurisdictional exposure, UBO depth 1, sanctions hits 0."
CP-02873,Counterparty 02873 Holdings,SG,critical,2025-06-17,0,2,"Grounded summary for CP-02873: jurisdictional exposure, UBO depth 2, sanctions hits 0."
CP-02874,Counterparty 02874 Holdings,US,high,2025-06-16,0,3,"Grounded summary for CP-02874: jurisdictional exposure, UBO depth 3, sanctions hits 0."
CP-02875,Counterparty 02875 Holdings,GB,medium,2025-06-15,0,4,"Grounded summary for CP-02875: jurisdictional exposure, UBO depth 4, sanctions hits 0."
CP-02876,Counterparty 02876 Holdings,KY,low,2025-06-14,0,1,"Grounded summary for CP-02876: jurisdictional exposure, UBO depth 1, sanctions hits 0."
CP-02877,Counterparty 02877 Holdings,DE,critical,2025-06-13,0,2,"Grounded summary for CP-02877: jurisdictional exposure, UBO depth 2, sanctions hits 0."
CP-02878,Counterparty 02878 Holdings,AE,high,2025-06-12,0,3,"Grounded summary for CP-02878: jurisdictional exposure, UBO depth 3, sanctions hits 0."
CP-02879,Counterparty 02879 Holdings,SG,medium,2025-06-11,0,4,"Grounded summary for CP-02879: jurisdictional exposure, UBO depth 4, sanctions hits 0."
CP-02880,Counterparty 02880 Holdings,US,low,2025-06-10,0,1,"Grounded summary for CP-02880: jurisdictional exposure, UBO depth 1, sanctions hits 0."
CP-02881,Counterparty 02881 Holdings,GB,critical,2025-06-09,0,2,"Grounded summary for CP-02881: jurisdictional exposure, UBO depth 2, sanctions hits 0."
CP-02882,Counterparty 02882 Holdings,KY,high,2025-06-08,0,3,"Grounded summary for CP-02882: jurisdictional exposure, UBO depth 3, sanctions hits 0."
CP-02883,Counterparty 02883 Holdings,DE,medium,2025-06-07,0,4,"Grounded summary for CP-02883: jurisdictional exposure, UBO depth 4, sanctions hits 0."
CP-02884,Counterparty 02884 Holdings,AE,low,2025-06-06,0,1,"Grounded summary for CP-02884: jurisdictional exposure, UBO depth 1, sanctions hits 0."
CP-02885,Counterparty 02885 Holdings,SG,critical,2025-06-05,0,2,"Grounded summary for CP-02885: jurisdictional exposure, UBO depth 2, sanctions hits 0."
CP-02886,Counterparty 02886 Holdings,US,high,2025-06-04,0,3,"Grounded summary for CP-02886: jurisdictional exposure, UBO depth 3, sanctions hits 0."
CP-02887,Counterparty 02887 Holdings,GB,medium,2025-06-03,0,4,"Grounded summary for CP-02887: jurisdictional exposure, UBO depth 4, sanctions hits 0."
CP-02888,Counterparty 02888 Holdings,KY,low,2025-06-02,0,1,"Grounded summary for CP-02888: jurisdictional exposure, UBO depth 1, sanctions hits 0."
CP-02889,Counterparty 02889 Holdings,DE,critical,2025-06-01,0,2,"Grounded summary for CP-02889: jurisdictional exposure, UBO depth 2, sanctions hits 0."
CP-02890,Counterparty 02890 Holdings,AE,high,2025-05-31,0,3,"Grounded summary for CP-02890: jurisdictional exposure, UBO depth 3, sanctions hits 0."
CP-02891,Counterparty 02891 Holdings,SG,medium,2025-05-30,0,4,"Grounded summary for CP-02891: jurisdictional exposure, UBO depth 4, sanctions hits 0."
CP-02892,Counterparty 02892 Holdings,US,low,2025-05-29,0,1,"Grounded summary for CP-02892: jurisdictional exposure, UBO depth 1, sanctions hits 0."
CP-02893,Counterparty 02893 Holdings,GB,critical,2025-05-28,0,2,"Grounded summary for CP-02893: jurisdictional exposure, UBO depth 2, sanctions hits 0."
CP-02894,Counterparty 02894 Holdings,KY,high,2025-05-27,0,3,"Grounded summary for CP-02894: jurisdictional exposure, UBO depth 3, sanctions hits 0."
CP-02895,Counterparty 02895 Holdings,DE,medium,2025-05-26,0,4,"Grounded summary for CP-02895: jurisdictional exposure, UBO depth 4, sanctions hits 0."
CP-02896,Counterparty 02896 Holdings,AE,low,2025-05-25,0,1,"Grounded summary for CP-02896: jurisdictional exposure, UBO depth 1, sanctions hits 0."
CP-02897,Counterparty 02897 Holdings,SG,critical,2025-05-24,0,2,"Grounded summary for CP-02897: jurisdictional exposure, UBO depth 2, sanctions hits 0."
CP-02898,Counterparty 02898 Holdings,US,high,2025-05-23,0,3,"Grounded summary for CP-02898: jurisdictional exposure, UBO depth 3, sanctions hits 0."
CP-02899,Counterparty 02899 Holdings,GB,medium,2025-05-22,0,4,"Grounded summary for CP-02899: jurisdictional exposure, UBO depth 4, sanctions hits 0."
CP-02900,Counterparty 02900 Holdings,KY,low,2025-05-21,0,1,"Grounded summary for CP-02900: jurisdictional exposure, UBO depth 1, sanctions hits 0."
CP-02901,Counterparty 02901 Holdings,DE,critical,2025-05-20,0,2,"Grounded summary for CP-02901: jurisdictional exposure, UBO depth 2, sanctions hits 0."
CP-02902,Counterparty 02902 Holdings,AE,high,2025-05-19,0,3,"Grounded summary for CP-02902: jurisdictional exposure, UBO depth 3, sanctions hits 0."
CP-02903,Counterparty 02903 Holdings,SG,medium,2025-05-18,0,4,"Grounded summary for CP-02903: jurisdictional exposure, UBO depth 4, sanctions hits 0."
CP-02904,Counterparty 02904 Holdings,US,low,2025-05-17,0,1,"Grounded summary for CP-02904: jurisdictional exposure, UBO depth 1, sanctions hits 0."
CP-02905,Counterparty 02905 Holdings,GB,critical,2025-05-16,0,2,"Grounded summary for CP-02905: jurisdictional exposure, UBO depth 2, sanctions hits 0."
CP-02906,Counterparty 02906 Holdings,KY,high,2025-05-15,0,3,"Grounded summary for CP-02906: jurisdictional exposure, UBO depth 3, sanctions hits 0."
CP-02907,Counterparty 02907 Holdings,DE,medium,2025-05-14,0,4,"Grounded summary for CP-02907: jurisdictional exposure, UBO depth 4, sanctions hits 0."
CP-02908,Counterparty 02908 Holdings,AE,low,2025-05-13,0,1,"Grounded summary for CP-02908: jurisdictional exposure, UBO depth 1, sanctions hits 0."
CP-02909,Counterparty 02909 Holdings,SG,critical,2025-05-12,0,2,"Grounded summary for CP-02909: jurisdictional exposure, UBO depth 2, sanctions hits 0."
CP-02910,Counterparty 02910 Holdings,US,high,2025-05-11,0,3,"Grounded summary for CP-02910: jurisdictional exposure, UBO depth 3, sanctions hits 0."
CP-02911,Counterparty 02911 Holdings,GB,medium,2025-05-10,0,4,"Grounded summary for CP-02911: jurisdictional exposure, UBO depth 4, sanctions hits 0."
CP-02912,Counterparty 02912 Holdings,KY,low,2025-05-09,0,1,"Grounded summary for CP-02912: jurisdictional exposure, UBO depth 1, sanctions hits 0."
CP-02913,Counterparty 02913 Holdings,DE,critical,2025-05-08,0,2,"Grounded summary for CP-02913: jurisdictional exposure, UBO depth 2, sanctions hits 0."
CP-02914,Counterparty 02914 Holdings,AE,high,2025-05-07,0,3,"Grounded summary for CP-02914: jurisdictional exposure, UBO depth 3, sanctions hits 0."
CP-02915,Counterparty 02915 Holdings,SG,medium,2025-05-06,0,4,"Grounded summary for CP-02915: jurisdictional exposure, UBO depth 4, sanctions hits 0."
CP-02916,Counterparty 02916 Holdings,US,low,2025-05-05,0,1,"Grounded summary for CP-02916: jurisdictional exposure, UBO depth 1, sanctions hits 0."
CP-02917,Counterparty 02917 Holdings,GB,critical,2025-05-04,0,2,"Grounded summary for CP-02917: jurisdictional exposure, UBO depth 2, sanctions hits 0."
CP-02918,Counterparty 02918 Holdings,KY,high,2025-05-03,0,3,"Grounded summary for CP-02918: jurisdictional exposure, UBO depth 3, sanctions hits 0."
CP-02919,Counterparty 02919 Holdings,DE,medium,2025-05-02,0,4,"Grounded summary for CP-02919: jurisdictional exposure, UBO depth 4, sanctions hits 0."
CP-02920,Counterparty 02920 Holdings,AE,low,2026-05-01,0,1,"Grounded summary for CP-02920: jurisdictional exposure, UBO depth 1, sanctions hits 0."
CP-02921,Counterparty 02921 Holdings,SG,critical,2026-04-30,0,2,"Grounded summary for CP-02921: jurisdictional exposure, UBO depth 2, sanctions hits 0."
CP-02922,Counterparty 02922 Holdings,US,high,2026-04-29,0,3,"Grounded summary for CP-02922: jurisdictional exposure, UBO depth 3, sanctions hits 0."
CP-02923,Counterparty 02923 Holdings,GB,medium,2026-04-28,0,4,"Grounded summary for CP-02923: jurisdictional exposure, UBO depth 4, sanctions hits 0."
CP-02924,Counterparty 02924 Holdings,KY,low,2026-04-27,0,1,"Grounded summary for CP-02924: jurisdictional exposure, UBO depth 1, sanctions hits 0."
CP-02925,Counterparty 02925 Holdings,DE,critical,2026-04-26,0,2,"Grounded summary for CP-02925: jurisdictional exposure, UBO depth 2, sanctions hits 0."
CP-02926,Counterparty 02926 Holdings,AE,high,2026-04-25,0,3,"Grounded summary for CP-02926: jurisdictional exposure, UBO depth 3, sanctions hits 0."
CP-02927,Counterparty 02927 Holdings,SG,medium,2026-04-24,0,4,"Grounded summary for CP-02927: jurisdictional exposure, UBO depth 4, sanctions hits 0."
CP-02928,Counterparty 02928 Holdings,US,low,2026-04-23,0,1,"Grounded summary for CP-02928: jurisdictional exposure, UBO depth 1, sanctions hits 0."
CP-02929,Counterparty 02929 Holdings,GB,critical,2026-04-22,0,2,"Grounded summary for CP-02929: jurisdictional exposure, UBO depth 2, sanctions hits 0."
CP-02930,Counterparty 02930 Holdings,KY,high,2026-04-21,0,3,"Grounded summary for CP-02930: jurisdictional exposure, UBO depth 3, sanctions hits 0."
CP-02931,Counterparty 02931 Holdings,DE,medium,2026-04-20,0,4,"Grounded summary for CP-02931: jurisdictional exposure, UBO depth 4, sanctions hits 0."
CP-02932,Counterparty 02932 Holdings,AE,low,2026-04-19,0,1,"Grounded summary for CP-02932: jurisdictional exposure, UBO depth 1, sanctions hits 0."
CP-02933,Counterparty 02933 Holdings,SG,critical,2026-04-18,0,2,"Grounded summary for CP-02933: jurisdictional exposure, UBO depth 2, sanctions hits 0."
CP-02934,Counterparty 02934 Holdings,US,high,2026-04-17,0,3,"Grounded summary for CP-02934: jurisdictional exposure, UBO depth 3, sanctions hits 0."
CP-02935,Counterparty 02935 Holdings,GB,medium,2026-04-16,0,4,"Grounded summary for CP-02935: jurisdictional exposure, UBO depth 4, sanctions hits 0."
CP-02936,Counterparty 02936 Holdings,KY,low,2026-04-15,0,1,"Grounded summary for CP-02936: jurisdictional exposure, UBO depth 1, sanctions hits 0."
CP-02937,Counterparty 02937 Holdings,DE,critical,2026-04-14,0,2,"Grounded summary for CP-02937: jurisdictional exposure, UBO depth 2, sanctions hits 0."
CP-02938,Counterparty 02938 Holdings,AE,high,2026-04-13,0,3,"Grounded summary for CP-02938: jurisdictional exposure, UBO depth 3, sanctions hits 0."
CP-02939,Counterparty 02939 Holdings,SG,medium,2026-04-12,0,4,"Grounded summary for CP-02939: jurisdictional exposure, UBO depth 4, sanctions hits 0."
CP-02940,Counterparty 02940 Holdings,US,low,2026-04-11,0,1,"Grounded summary for CP-02940: jurisdictional exposure, UBO depth 1, sanctions hits 0."
CP-02941,Counterparty 02941 Holdings,GB,critical,2026-04-10,0,2,"Grounded summary for CP-02941: jurisdictional exposure, UBO depth 2, sanctions hits 0."
CP-02942,Counterparty 02942 Holdings,KY,high,2026-04-09,0,3,"Grounded summary for CP-02942: jurisdictional exposure, UBO depth 3, sanctions hits 0."
CP-02943,Counterparty 02943 Holdings,DE,medium,2026-04-08,0,4,"Grounded summary for CP-02943: jurisdictional exposure, UBO depth 4, sanctions hits 0."
CP-02944,Counterparty 02944 Holdings,AE,low,2026-04-07,0,1,"Grounded summary for CP-02944: jurisdictional exposure, UBO depth 1, sanctions hits 0."
CP-02945,Counterparty 02945 Holdings,SG,critical,2026-04-06,0,2,"Grounded summary for CP-02945: jurisdictional exposure, UBO depth 2, sanctions hits 0."
CP-02946,Counterparty 02946 Holdings,US,high,2026-04-05,0,3,"Grounded summary for CP-02946: jurisdictional exposure, UBO depth 3, sanctions hits 0."
CP-02947,Counterparty 02947 Holdings,GB,medium,2026-04-04,0,4,"Grounded summary for CP-02947: jurisdictional exposure, UBO depth 4, sanctions hits 0."
CP-02948,Counterparty 02948 Holdings,KY,low,2026-04-03,0,1,"Grounded summary for CP-02948: jurisdictional exposure, UBO depth 1, sanctions hits 0."
CP-02949,Counterparty 02949 Holdings,DE,critical,2026-04-02,0,2,"Grounded summary for CP-02949: jurisdictional exposure, UBO depth 2, sanctions hits 0."
CP-02950,Counterparty 02950 Holdings,AE,high,2026-04-01,0,3,"Grounded summary for CP-02950: jurisdictional exposure, UBO depth 3, sanctions hits 0."
CP-02951,Counterparty 02951 Holdings,SG,medium,2026-03-31,0,4,"Grounded summary for CP-02951: jurisdictional exposure, UBO depth 4, sanctions hits 0."
CP-02952,Counterparty 02952 Holdings,US,low,2026-03-30,0,1,"Grounded summary for CP-02952: jurisdictional exposure, UBO depth 1, sanctions hits 0."
CP-02953,Counterparty 02953 Holdings,GB,critical,2026-03-29,0,2,"Grounded summary for CP-02953: jurisdictional exposure, UBO depth 2, sanctions hits 0."
CP-02954,Counterparty 02954 Holdings,KY,high,2026-03-28,0,3,"Grounded summary for CP-02954: jurisdictional exposure, UBO depth 3, sanctions hits 0."
CP-02955,Counterparty 02955 Holdings,DE,medium,2026-03-27,0,4,"Grounded summary for CP-02955: jurisdictional exposure, UBO depth 4, sanctions hits 0."
CP-02956,Counterparty 02956 Holdings,AE,low,2026-03-26,0,1,"Grounded summary for CP-02956: jurisdictional exposure, UBO depth 1, sanctions hits 0."
CP-02957,Counterparty 02957 Holdings,SG,critical,2026-03-25,0,2,"Grounded summary for CP-02957: jurisdictional exposure, UBO depth 2, sanctions hits 0."
CP-02958,Counterparty 02958 Holdings,US,high,2026-03-24,0,3,"Grounded summary for CP-02958: jurisdictional exposure, UBO depth 3, sanctions hits 0."
CP-02959,Counterparty 02959 Holdings,GB,medium,2026-03-23,0,4,"Grounded summary for CP-02959: jurisdictional exposure, UBO depth 4, sanctions hits 0."
CP-02960,Counterparty 02960 Holdings,KY,low,2026-03-22,0,1,"Grounded summary for CP-02960: jurisdictional exposure, UBO depth 1, sanctions hits 0."
CP-02961,Counterparty 02961 Holdings,DE,critical,2026-03-21,0,2,"Grounded summary for CP-02961: jurisdictional exposure, UBO depth 2, sanctions hits 0."
CP-02962,Counterparty 02962 Holdings,AE,high,2026-03-20,0,3,"Grounded summary for CP-02962: jurisdictional exposure, UBO depth 3, sanctions hits 0."
CP-02963,Counterparty 02963 Holdings,SG,medium,2026-03-19,0,4,"Grounded summary for CP-02963: jurisdictional exposure, UBO depth 4, sanctions hits 0."
CP-02964,Counterparty 02964 Holdings,US,low,2026-03-18,0,1,"Grounded summary for CP-02964: jurisdictional exposure, UBO depth 1, sanctions hits 0."
CP-02965,Counterparty 02965 Holdings,GB,critical,2026-03-17,0,2,"Grounded summary for CP-02965: jurisdictional exposure, UBO depth 2, sanctions hits 0."
CP-02966,Counterparty 02966 Holdings,KY,high,2026-03-16,0,3,"Grounded summary for CP-02966: jurisdictional exposure, UBO depth 3, sanctions hits 0."
CP-02967,Counterparty 02967 Holdings,DE,medium,2026-03-15,0,4,"Grounded summary for CP-02967: jurisdictional exposure, UBO depth 4, sanctions hits 0."
CP-02968,Counterparty 02968 Holdings,AE,low,2026-03-14,0,1,"Grounded summary for CP-02968: jurisdictional exposure, UBO depth 1, sanctions hits 0."
CP-02969,Counterparty 02969 Holdings,SG,critical,2026-03-13,0,2,"Grounded summary for CP-02969: jurisdictional exposure, UBO depth 2, sanctions hits 0."
CP-02970,Counterparty 02970 Holdings,US,high,2026-03-12,0,3,"Grounded summary for CP-02970: jurisdictional exposure, UBO depth 3, sanctions hits 0."
CP-02971,Counterparty 02971 Holdings,GB,medium,2026-03-11,0,4,"Grounded summary for CP-02971: jurisdictional exposure, UBO depth 4, sanctions hits 0."
CP-02972,Counterparty 02972 Holdings,KY,low,2026-03-10,0,1,"Grounded summary for CP-02972: jurisdictional exposure, UBO depth 1, sanctions hits 0."
CP-02973,Counterparty 02973 Holdings,DE,critical,2026-03-09,0,2,"Grounded summary for CP-02973: jurisdictional exposure, UBO depth 2, sanctions hits 0."
CP-02974,Counterparty 02974 Holdings,AE,high,2026-03-08,0,3,"Grounded summary for CP-02974: jurisdictional exposure, UBO depth 3, sanctions hits 0."
CP-02975,Counterparty 02975 Holdings,SG,medium,2026-03-07,0,4,"Grounded summary for CP-02975: jurisdictional exposure, UBO depth 4, sanctions hits 0."
CP-02976,Counterparty 02976 Holdings,US,low,2026-03-06,0,1,"Grounded summary for CP-02976: jurisdictional exposure, UBO depth 1, sanctions hits 0."
CP-02977,Counterparty 02977 Holdings,GB,critical,2026-03-05,0,2,"Grounded summary for CP-02977: jurisdictional exposure, UBO depth 2, sanctions hits 0."
CP-02978,Counterparty 02978 Holdings,KY,high,2026-03-04,0,3,"Grounded summary for CP-02978: jurisdictional exposure, UBO depth 3, sanctions hits 0."
CP-02979,Counterparty 02979 Holdings,DE,medium,2026-03-03,0,4,"Grounded summary for CP-02979: jurisdictional exposure, UBO depth 4, sanctions hits 0."
CP-02980,Counterparty 02980 Holdings,AE,low,2026-03-02,0,1,"Grounded summary for CP-02980: jurisdictional exposure, UBO depth 1, sanctions hits 0."
CP-02981,Counterparty 02981 Holdings,SG,critical,2026-03-01,0,2,"Grounded summary for CP-02981: jurisdictional exposure, UBO depth 2, sanctions hits 0."
CP-02982,Counterparty 02982 Holdings,US,high,2026-02-28,0,3,"Grounded summary for CP-02982: jurisdictional exposure, UBO depth 3, sanctions hits 0."
CP-02983,Counterparty 02983 Holdings,GB,medium,2026-02-27,0,4,"Grounded summary for CP-02983: jurisdictional exposure, UBO depth 4, sanctions hits 0."
CP-02984,Counterparty 02984 Holdings,KY,low,2026-02-26,0,1,"Grounded summary for CP-02984: jurisdictional exposure, UBO depth 1, sanctions hits 0."
CP-02985,Counterparty 02985 Holdings,DE,critical,2026-02-25,0,2,"Grounded summary for CP-02985: jurisdictional exposure, UBO depth 2, sanctions hits 0."
CP-02986,Counterparty 02986 Holdings,AE,high,2026-02-24,0,3,"Grounded summary for CP-02986: jurisdictional exposure, UBO depth 3, sanctions hits 0."
CP-02987,Counterparty 02987 Holdings,SG,medium,2026-02-23,0,4,"Grounded summary for CP-02987: jurisdictional exposure, UBO depth 4, sanctions hits 0."
CP-02988,Counterparty 02988 Holdings,US,low,2026-02-22,0,1,"Grounded summary for CP-02988: jurisdictional exposure, UBO depth 1, sanctions hits 0."
CP-02989,Counterparty 02989 Holdings,GB,critical,2026-02-21,0,2,"Grounded summary for CP-02989: jurisdictional exposure, UBO depth 2, sanctions hits 0."
CP-02990,Counterparty 02990 Holdings,KY,high,2026-02-20,0,3,"Grounded summary for CP-02990: jurisdictional exposure, UBO depth 3, sanctions hits 0."
CP-02991,Counterparty 02991 Holdings,DE,medium,2026-02-19,1,4,"Grounded summary for CP-02991: jurisdictional exposure, UBO depth 4, sanctions hits 1."
CP-02992,Counterparty 02992 Holdings,AE,low,2026-02-18,0,1,"Grounded summary for CP-02992: jurisdictional exposure, UBO depth 1, sanctions hits 0."
CP-02993,Counterparty 02993 Holdings,SG,critical,2026-02-17,0,2,"Grounded summary for CP-02993: jurisdictional exposure, UBO depth 2, sanctions hits 0."
CP-02994,Counterparty 02994 Holdings,US,high,2026-02-16,0,3,"Grounded summary for CP-02994: jurisdictional exposure, UBO depth 3, sanctions hits 0."
CP-02995,Counterparty 02995 Holdings,GB,medium,2026-02-15,0,4,"Grounded summary for CP-02995: jurisdictional exposure, UBO depth 4, sanctions hits 0."
CP-02996,Counterparty 02996 Holdings,KY,low,2026-02-14,0,1,"Grounded summary for CP-02996: jurisdictional exposure, UBO depth 1, sanctions hits 0."
CP-02997,Counterparty 02997 Holdings,DE,critical,2026-02-13,0,2,"Grounded summary for CP-02997: jurisdictional exposure, UBO depth 2, sanctions hits 0."
CP-02998,Counterparty 02998 Holdings,AE,high,2026-02-12,0,3,"Grounded summary for CP-02998: jurisdictional exposure, UBO depth 3, sanctions hits 0."
CP-02999,Counterparty 02999 Holdings,SG,medium,2026-02-11,0,4,"Grounded summary for CP-02999: jurisdictional exposure, UBO depth 4, sanctions hits 0."
CP-03000,Counterparty 03000 Holdings,US,low,2026-02-10,0,1,"Grounded summary for CP-03000: jurisdictional exposure, UBO depth 1, sanctions hits 0."
CP-03001,Counterparty 03001 Holdings,GB,critical,2026-02-09,0,2,"Grounded summary for CP-03001: jurisdictional exposure, UBO depth 2, sanctions hits 0."
CP-03002,Counterparty 03002 Holdings,KY,high,2026-02-08,0,3,"Grounded summary for CP-03002: jurisdictional exposure, UBO depth 3, sanctions hits 0."
CP-03003,Counterparty 03003 Holdings,DE,medium,2026-02-07,0,4,"Grounded summary for CP-03003: jurisdictional exposure, UBO depth 4, sanctions hits 0."
CP-03004,Counterparty 03004 Holdings,AE,low,2026-02-06,0,1,"Grounded summary for CP-03004: jurisdictional exposure, UBO depth 1, sanctions hits 0."
CP-03005,Counterparty 03005 Holdings,SG,critical,2026-02-05,0,2,"Grounded summary for CP-03005: jurisdictional exposure, UBO depth 2, sanctions hits 0."
CP-03006,Counterparty 03006 Holdings,US,high,2026-02-04,0,3,"Grounded summary for CP-03006: jurisdictional exposure, UBO depth 3, sanctions hits 0."
CP-03007,Counterparty 03007 Holdings,GB,medium,2026-02-03,0,4,"Grounded summary for CP-03007: jurisdictional exposure, UBO depth 4, sanctions hits 0."
CP-03008,Counterparty 03008 Holdings,KY,low,2026-02-02,0,1,"Grounded summary for CP-03008: jurisdictional exposure, UBO depth 1, sanctions hits 0."
CP-03009,Counterparty 03009 Holdings,DE,critical,2026-02-01,0,2,"Grounded summary for CP-03009: jurisdictional exposure, UBO depth 2, sanctions hits 0."
CP-03010,Counterparty 03010 Holdings,AE,high,2026-01-31,0,3,"Grounded summary for CP-03010: jurisdictional exposure, UBO depth 3, sanctions hits 0."
CP-03011,Counterparty 03011 Holdings,SG,medium,2026-01-30,0,4,"Grounded summary for CP-03011: jurisdictional exposure, UBO depth 4, sanctions hits 0."
CP-03012,Counterparty 03012 Holdings,US,low,2026-01-29,0,1,"Grounded summary for CP-03012: jurisdictional exposure, UBO depth 1, sanctions hits 0."
CP-03013,Counterparty 03013 Holdings,GB,critical,2026-01-28,0,2,"Grounded summary for CP-03013: jurisdictional exposure, UBO depth 2, sanctions hits 0."
CP-03014,Counterparty 03014 Holdings,KY,high,2026-01-27,0,3,"Grounded summary for CP-03014: jurisdictional exposure, UBO depth 3, sanctions hits 0."
CP-03015,Counterparty 03015 Holdings,DE,medium,2026-01-26,0,4,"Grounded summary for CP-03015: jurisdictional exposure, UBO depth 4, sanctions hits 0."
CP-03016,Counterparty 03016 Holdings,AE,low,2026-01-25,0,1,"Grounded summary for CP-03016: jurisdictional exposure, UBO depth 1, sanctions hits 0."
CP-03017,Counterparty 03017 Holdings,SG,critical,2026-01-24,0,2,"Grounded summary for CP-03017: jurisdictional exposure, UBO depth 2, sanctions hits 0."
CP-03018,Counterparty 03018 Holdings,US,high,2026-01-23,0,3,"Grounded summary for CP-03018: jurisdictional exposure, UBO depth 3, sanctions hits 0."
CP-03019,Counterparty 03019 Holdings,GB,medium,2026-01-22,0,4,"Grounded summary for CP-03019: jurisdictional exposure, UBO depth 4, sanctions hits 0."
CP-03020,Counterparty 03020 Holdings,KY,low,2026-01-21,0,1,"Grounded summary for CP-03020: jurisdictional exposure, UBO depth 1, sanctions hits 0."
CP-03021,Counterparty 03021 Holdings,DE,critical,2026-01-20,0,2,"Grounded summary for CP-03021: jurisdictional exposure, UBO depth 2, sanctions hits 0."
CP-03022,Counterparty 03022 Holdings,AE,high,2026-01-19,0,3,"Grounded summary for CP-03022: jurisdictional exposure, UBO depth 3, sanctions hits 0."
CP-03023,Counterparty 03023 Holdings,SG,medium,2026-01-18,0,4,"Grounded summary for CP-03023: jurisdictional exposure, UBO depth 4, sanctions hits 0."
CP-03024,Counterparty 03024 Holdings,US,low,2026-01-17,0,1,"Grounded summary for CP-03024: jurisdictional exposure, UBO depth 1, sanctions hits 0."
CP-03025,Counterparty 03025 Holdings,GB,critical,2026-01-16,0,2,"Grounded summary for CP-03025: jurisdictional exposure, UBO depth 2, sanctions hits 0."
CP-03026,Counterparty 03026 Holdings,KY,high,2026-01-15,0,3,"Grounded summary for CP-03026: jurisdictional exposure, UBO depth 3, sanctions hits 0."
CP-03027,Counterparty 03027 Holdings,DE,medium,2026-01-14,0,4,"Grounded summary for CP-03027: jurisdictional exposure, UBO depth 4, sanctions hits 0."
CP-03028,Counterparty 03028 Holdings,AE,low,2026-01-13,0,1,"Grounded summary for CP-03028: jurisdictional exposure, UBO depth 1, sanctions hits 0."
CP-03029,Counterparty 03029 Holdings,SG,critical,2026-01-12,0,2,"Grounded summary for CP-03029: jurisdictional exposure, UBO depth 2, sanctions hits 0."
CP-03030,Counterparty 03030 Holdings,US,high,2026-01-11,0,3,"Grounded summary for CP-03030: jurisdictional exposure, UBO depth 3, sanctions hits 0."
CP-03031,Counterparty 03031 Holdings,GB,medium,2026-01-10,0,4,"Grounded summary for CP-03031: jurisdictional exposure, UBO depth 4, sanctions hits 0."
CP-03032,Counterparty 03032 Holdings,KY,low,2026-01-09,0,1,"Grounded summary for CP-03032: jurisdictional exposure, UBO depth 1, sanctions hits 0."
CP-03033,Counterparty 03033 Holdings,DE,critical,2026-01-08,0,2,"Grounded summary for CP-03033: jurisdictional exposure, UBO depth 2, sanctions hits 0."
CP-03034,Counterparty 03034 Holdings,AE,high,2026-01-07,0,3,"Grounded summary for CP-03034: jurisdictional exposure, UBO depth 3, sanctions hits 0."
CP-03035,Counterparty 03035 Holdings,SG,medium,2026-01-06,0,4,"Grounded summary for CP-03035: jurisdictional exposure, UBO depth 4, sanctions hits 0."
CP-03036,Counterparty 03036 Holdings,US,low,2026-01-05,0,1,"Grounded summary for CP-03036: jurisdictional exposure, UBO depth 1, sanctions hits 0."
CP-03037,Counterparty 03037 Holdings,GB,critical,2026-01-04,0,2,"Grounded summary for CP-03037: jurisdictional exposure, UBO depth 2, sanctions hits 0."
CP-03038,Counterparty 03038 Holdings,KY,high,2026-01-03,0,3,"Grounded summary for CP-03038: jurisdictional exposure, UBO depth 3, sanctions hits 0."
CP-03039,Counterparty 03039 Holdings,DE,medium,2026-01-02,0,4,"Grounded summary for CP-03039: jurisdictional exposure, UBO depth 4, sanctions hits 0."
CP-03040,Counterparty 03040 Holdings,AE,low,2026-01-01,0,1,"Grounded summary for CP-03040: jurisdictional exposure, UBO depth 1, sanctions hits 0."
CP-03041,Counterparty 03041 Holdings,SG,critical,2025-12-31,0,2,"Grounded summary for CP-03041: jurisdictional exposure, UBO depth 2, sanctions hits 0."
CP-03042,Counterparty 03042 Holdings,US,high,2025-12-30,0,3,"Grounded summary for CP-03042: jurisdictional exposure, UBO depth 3, sanctions hits 0."
CP-03043,Counterparty 03043 Holdings,GB,medium,2025-12-29,0,4,"Grounded summary for CP-03043: jurisdictional exposure, UBO depth 4, sanctions hits 0."
CP-03044,Counterparty 03044 Holdings,KY,low,2025-12-28,0,1,"Grounded summary for CP-03044: jurisdictional exposure, UBO depth 1, sanctions hits 0."
CP-03045,Counterparty 03045 Holdings,DE,critical,2025-12-27,0,2,"Grounded summary for CP-03045: jurisdictional exposure, UBO depth 2, sanctions hits 0."
CP-03046,Counterparty 03046 Holdings,AE,high,2025-12-26,0,3,"Grounded summary for CP-03046: jurisdictional exposure, UBO depth 3, sanctions hits 0."
CP-03047,Counterparty 03047 Holdings,SG,medium,2025-12-25,0,4,"Grounded summary for CP-03047: jurisdictional exposure, UBO depth 4, sanctions hits 0."
CP-03048,Counterparty 03048 Holdings,US,low,2025-12-24,0,1,"Grounded summary for CP-03048: jurisdictional exposure, UBO depth 1, sanctions hits 0."
CP-03049,Counterparty 03049 Holdings,GB,critical,2025-12-23,0,2,"Grounded summary for CP-03049: jurisdictional exposure, UBO depth 2, sanctions hits 0."
CP-03050,Counterparty 03050 Holdings,KY,high,2025-12-22,0,3,"Grounded summary for CP-03050: jurisdictional exposure, UBO depth 3, sanctions hits 0."
CP-03051,Counterparty 03051 Holdings,DE,medium,2025-12-21,0,4,"Grounded summary for CP-03051: jurisdictional exposure, UBO depth 4, sanctions hits 0."
CP-03052,Counterparty 03052 Holdings,AE,low,2025-12-20,0,1,"Grounded summary for CP-03052: jurisdictional exposure, UBO depth 1, sanctions hits 0."
CP-03053,Counterparty 03053 Holdings,SG,critical,2025-12-19,0,2,"Grounded summary for CP-03053: jurisdictional exposure, UBO depth 2, sanctions hits 0."
CP-03054,Counterparty 03054 Holdings,US,high,2025-12-18,0,3,"Grounded summary for CP-03054: jurisdictional exposure, UBO depth 3, sanctions hits 0."
CP-03055,Counterparty 03055 Holdings,GB,medium,2025-12-17,0,4,"Grounded summary for CP-03055: jurisdictional exposure, UBO depth 4, sanctions hits 0."
CP-03056,Counterparty 03056 Holdings,KY,low,2025-12-16,0,1,"Grounded summary for CP-03056: jurisdictional exposure, UBO depth 1, sanctions hits 0."
CP-03057,Counterparty 03057 Holdings,DE,critical,2025-12-15,0,2,"Grounded summary for CP-03057: jurisdictional exposure, UBO depth 2, sanctions hits 0."
CP-03058,Counterparty 03058 Holdings,AE,high,2025-12-14,0,3,"Grounded summary for CP-03058: jurisdictional exposure, UBO depth 3, sanctions hits 0."
CP-03059,Counterparty 03059 Holdings,SG,medium,2025-12-13,0,4,"Grounded summary for CP-03059: jurisdictional exposure, UBO depth 4, sanctions hits 0."
CP-03060,Counterparty 03060 Holdings,US,low,2025-12-12,0,1,"Grounded summary for CP-03060: jurisdictional exposure, UBO depth 1, sanctions hits 0."
CP-03061,Counterparty 03061 Holdings,GB,critical,2025-12-11,0,2,"Grounded summary for CP-03061: jurisdictional exposure, UBO depth 2, sanctions hits 0."
CP-03062,Counterparty 03062 Holdings,KY,high,2025-12-10,0,3,"Grounded summary for CP-03062: jurisdictional exposure, UBO depth 3, sanctions hits 0."
CP-03063,Counterparty 03063 Holdings,DE,medium,2025-12-09,0,4,"Grounded summary for CP-03063: jurisdictional exposure, UBO depth 4, sanctions hits 0."
CP-03064,Counterparty 03064 Holdings,AE,low,2025-12-08,0,1,"Grounded summary for CP-03064: jurisdictional exposure, UBO depth 1, sanctions hits 0."
CP-03065,Counterparty 03065 Holdings,SG,critical,2025-12-07,0,2,"Grounded summary for CP-03065: jurisdictional exposure, UBO depth 2, sanctions hits 0."
CP-03066,Counterparty 03066 Holdings,US,high,2025-12-06,0,3,"Grounded summary for CP-03066: jurisdictional exposure, UBO depth 3, sanctions hits 0."
CP-03067,Counterparty 03067 Holdings,GB,medium,2025-12-05,0,4,"Grounded summary for CP-03067: jurisdictional exposure, UBO depth 4, sanctions hits 0."
CP-03068,Counterparty 03068 Holdings,KY,low,2025-12-04,0,1,"Grounded summary for CP-03068: jurisdictional exposure, UBO depth 1, sanctions hits 0."
CP-03069,Counterparty 03069 Holdings,DE,critical,2025-12-03,0,2,"Grounded summary for CP-03069: jurisdictional exposure, UBO depth 2, sanctions hits 0."
CP-03070,Counterparty 03070 Holdings,AE,high,2025-12-02,0,3,"Grounded summary for CP-03070: jurisdictional exposure, UBO depth 3, sanctions hits 0."
CP-03071,Counterparty 03071 Holdings,SG,medium,2025-12-01,0,4,"Grounded summary for CP-03071: jurisdictional exposure, UBO depth 4, sanctions hits 0."
CP-03072,Counterparty 03072 Holdings,US,low,2025-11-30,0,1,"Grounded summary for CP-03072: jurisdictional exposure, UBO depth 1, sanctions hits 0."
CP-03073,Counterparty 03073 Holdings,GB,critical,2025-11-29,0,2,"Grounded summary for CP-03073: jurisdictional exposure, UBO depth 2, sanctions hits 0."
CP-03074,Counterparty 03074 Holdings,KY,high,2025-11-28,0,3,"Grounded summary for CP-03074: jurisdictional exposure, UBO depth 3, sanctions hits 0."
CP-03075,Counterparty 03075 Holdings,DE,medium,2025-11-27,0,4,"Grounded summary for CP-03075: jurisdictional exposure, UBO depth 4, sanctions hits 0."
CP-03076,Counterparty 03076 Holdings,AE,low,2025-11-26,0,1,"Grounded summary for CP-03076: jurisdictional exposure, UBO depth 1, sanctions hits 0."
CP-03077,Counterparty 03077 Holdings,SG,critical,2025-11-25,0,2,"Grounded summary for CP-03077: jurisdictional exposure, UBO depth 2, sanctions hits 0."
CP-03078,Counterparty 03078 Holdings,US,high,2025-11-24,0,3,"Grounded summary for CP-03078: jurisdictional exposure, UBO depth 3, sanctions hits 0."
CP-03079,Counterparty 03079 Holdings,GB,medium,2025-11-23,0,4,"Grounded summary for CP-03079: jurisdictional exposure, UBO depth 4, sanctions hits 0."
CP-03080,Counterparty 03080 Holdings,KY,low,2025-11-22,0,1,"Grounded summary for CP-03080: jurisdictional exposure, UBO depth 1, sanctions hits 0."
CP-03081,Counterparty 03081 Holdings,DE,critical,2025-11-21,0,2,"Grounded summary for CP-03081: jurisdictional exposure, UBO depth 2, sanctions hits 0."
CP-03082,Counterparty 03082 Holdings,AE,high,2025-11-20,0,3,"Grounded summary for CP-03082: jurisdictional exposure, UBO depth 3, sanctions hits 0."
CP-03083,Counterparty 03083 Holdings,SG,medium,2025-11-19,0,4,"Grounded summary for CP-03083: jurisdictional exposure, UBO depth 4, sanctions hits 0."
CP-03084,Counterparty 03084 Holdings,US,low,2025-11-18,0,1,"Grounded summary for CP-03084: jurisdictional exposure, UBO depth 1, sanctions hits 0."
CP-03085,Counterparty 03085 Holdings,GB,critical,2025-11-17,0,2,"Grounded summary for CP-03085: jurisdictional exposure, UBO depth 2, sanctions hits 0."
CP-03086,Counterparty 03086 Holdings,KY,high,2025-11-16,0,3,"Grounded summary for CP-03086: jurisdictional exposure, UBO depth 3, sanctions hits 0."
CP-03087,Counterparty 03087 Holdings,DE,medium,2025-11-15,0,4,"Grounded summary for CP-03087: jurisdictional exposure, UBO depth 4, sanctions hits 0."
CP-03088,Counterparty 03088 Holdings,AE,low,2025-11-14,0,1,"Grounded summary for CP-03088: jurisdictional exposure, UBO depth 1, sanctions hits 0."
CP-03089,Counterparty 03089 Holdings,SG,critical,2025-11-13,0,2,"Grounded summary for CP-03089: jurisdictional exposure, UBO depth 2, sanctions hits 0."
CP-03090,Counterparty 03090 Holdings,US,high,2025-11-12,0,3,"Grounded summary for CP-03090: jurisdictional exposure, UBO depth 3, sanctions hits 0."
CP-03091,Counterparty 03091 Holdings,GB,medium,2025-11-11,0,4,"Grounded summary for CP-03091: jurisdictional exposure, UBO depth 4, sanctions hits 0."
CP-03092,Counterparty 03092 Holdings,KY,low,2025-11-10,0,1,"Grounded summary for CP-03092: jurisdictional exposure, UBO depth 1, sanctions hits 0."
CP-03093,Counterparty 03093 Holdings,DE,critical,2025-11-09,0,2,"Grounded summary for CP-03093: jurisdictional exposure, UBO depth 2, sanctions hits 0."
CP-03094,Counterparty 03094 Holdings,AE,high,2025-11-08,0,3,"Grounded summary for CP-03094: jurisdictional exposure, UBO depth 3, sanctions hits 0."
CP-03095,Counterparty 03095 Holdings,SG,medium,2025-11-07,0,4,"Grounded summary for CP-03095: jurisdictional exposure, UBO depth 4, sanctions hits 0."
CP-03096,Counterparty 03096 Holdings,US,low,2025-11-06,0,1,"Grounded summary for CP-03096: jurisdictional exposure, UBO depth 1, sanctions hits 0."
CP-03097,Counterparty 03097 Holdings,GB,critical,2025-11-05,0,2,"Grounded summary for CP-03097: jurisdictional exposure, UBO depth 2, sanctions hits 0."
CP-03098,Counterparty 03098 Holdings,KY,high,2025-11-04,0,3,"Grounded summary for CP-03098: jurisdictional exposure, UBO depth 3, sanctions hits 0."
CP-03099,Counterparty 03099 Holdings,DE,medium,2025-11-03,0,4,"Grounded summary for CP-03099: jurisdictional exposure, UBO depth 4, sanctions hits 0."
CP-03100,Counterparty 03100 Holdings,AE,low,2025-11-02,0,1,"Grounded summary for CP-03100: jurisdictional exposure, UBO depth 1, sanctions hits 0."
CP-03101,Counterparty 03101 Holdings,SG,critical,2025-11-01,0,2,"Grounded summary for CP-03101: jurisdictional exposure, UBO depth 2, sanctions hits 0."
CP-03102,Counterparty 03102 Holdings,US,high,2025-10-31,0,3,"Grounded summary for CP-03102: jurisdictional exposure, UBO depth 3, sanctions hits 0."
CP-03103,Counterparty 03103 Holdings,GB,medium,2025-10-30,0,4,"Grounded summary for CP-03103: jurisdictional exposure, UBO depth 4, sanctions hits 0."
CP-03104,Counterparty 03104 Holdings,KY,low,2025-10-29,0,1,"Grounded summary for CP-03104: jurisdictional exposure, UBO depth 1, sanctions hits 0."
CP-03105,Counterparty 03105 Holdings,DE,critical,2025-10-28,0,2,"Grounded summary for CP-03105: jurisdictional exposure, UBO depth 2, sanctions hits 0."
CP-03106,Counterparty 03106 Holdings,AE,high,2025-10-27,0,3,"Grounded summary for CP-03106: jurisdictional exposure, UBO depth 3, sanctions hits 0."
CP-03107,Counterparty 03107 Holdings,SG,medium,2025-10-26,0,4,"Grounded summary for CP-03107: jurisdictional exposure, UBO depth 4, sanctions hits 0."
CP-03108,Counterparty 03108 Holdings,US,low,2025-10-25,0,1,"Grounded summary for CP-03108: jurisdictional exposure, UBO depth 1, sanctions hits 0."
CP-03109,Counterparty 03109 Holdings,GB,critical,2025-10-24,0,2,"Grounded summary for CP-03109: jurisdictional exposure, UBO depth 2, sanctions hits 0."
CP-03110,Counterparty 03110 Holdings,KY,high,2025-10-23,0,3,"Grounded summary for CP-03110: jurisdictional exposure, UBO depth 3, sanctions hits 0."
CP-03111,Counterparty 03111 Holdings,DE,medium,2025-10-22,0,4,"Grounded summary for CP-03111: jurisdictional exposure, UBO depth 4, sanctions hits 0."
CP-03112,Counterparty 03112 Holdings,AE,low,2025-10-21,0,1,"Grounded summary for CP-03112: jurisdictional exposure, UBO depth 1, sanctions hits 0."
CP-03113,Counterparty 03113 Holdings,SG,critical,2025-10-20,0,2,"Grounded summary for CP-03113: jurisdictional exposure, UBO depth 2, sanctions hits 0."
CP-03114,Counterparty 03114 Holdings,US,high,2025-10-19,0,3,"Grounded summary for CP-03114: jurisdictional exposure, UBO depth 3, sanctions hits 0."
CP-03115,Counterparty 03115 Holdings,GB,medium,2025-10-18,0,4,"Grounded summary for CP-03115: jurisdictional exposure, UBO depth 4, sanctions hits 0."
CP-03116,Counterparty 03116 Holdings,KY,low,2025-10-17,0,1,"Grounded summary for CP-03116: jurisdictional exposure, UBO depth 1, sanctions hits 0."
CP-03117,Counterparty 03117 Holdings,DE,critical,2025-10-16,0,2,"Grounded summary for CP-03117: jurisdictional exposure, UBO depth 2, sanctions hits 0."
CP-03118,Counterparty 03118 Holdings,AE,high,2025-10-15,0,3,"Grounded summary for CP-03118: jurisdictional exposure, UBO depth 3, sanctions hits 0."
CP-03119,Counterparty 03119 Holdings,SG,medium,2025-10-14,0,4,"Grounded summary for CP-03119: jurisdictional exposure, UBO depth 4, sanctions hits 0."
CP-03120,Counterparty 03120 Holdings,US,low,2025-10-13,0,1,"Grounded summary for CP-03120: jurisdictional exposure, UBO depth 1, sanctions hits 0."
CP-03121,Counterparty 03121 Holdings,GB,critical,2025-10-12,0,2,"Grounded summary for CP-03121: jurisdictional exposure, UBO depth 2, sanctions hits 0."
CP-03122,Counterparty 03122 Holdings,KY,high,2025-10-11,0,3,"Grounded summary for CP-03122: jurisdictional exposure, UBO depth 3, sanctions hits 0."
CP-03123,Counterparty 03123 Holdings,DE,medium,2025-10-10,0,4,"Grounded summary for CP-03123: jurisdictional exposure, UBO depth 4, sanctions hits 0."
CP-03124,Counterparty 03124 Holdings,AE,low,2025-10-09,0,1,"Grounded summary for CP-03124: jurisdictional exposure, UBO depth 1, sanctions hits 0."
CP-03125,Counterparty 03125 Holdings,SG,critical,2025-10-08,0,2,"Grounded summary for CP-03125: jurisdictional exposure, UBO depth 2, sanctions hits 0."
CP-03126,Counterparty 03126 Holdings,US,high,2025-10-07,0,3,"Grounded summary for CP-03126: jurisdictional exposure, UBO depth 3, sanctions hits 0."
CP-03127,Counterparty 03127 Holdings,GB,medium,2025-10-06,0,4,"Grounded summary for CP-03127: jurisdictional exposure, UBO depth 4, sanctions hits 0."
CP-03128,Counterparty 03128 Holdings,KY,low,2025-10-05,0,1,"Grounded summary for CP-03128: jurisdictional exposure, UBO depth 1, sanctions hits 0."
CP-03129,Counterparty 03129 Holdings,DE,critical,2025-10-04,0,2,"Grounded summary for CP-03129: jurisdictional exposure, UBO depth 2, sanctions hits 0."
CP-03130,Counterparty 03130 Holdings,AE,high,2025-10-03,0,3,"Grounded summary for CP-03130: jurisdictional exposure, UBO depth 3, sanctions hits 0."
CP-03131,Counterparty 03131 Holdings,SG,medium,2025-10-02,0,4,"Grounded summary for CP-03131: jurisdictional exposure, UBO depth 4, sanctions hits 0."
CP-03132,Counterparty 03132 Holdings,US,low,2025-10-01,0,1,"Grounded summary for CP-03132: jurisdictional exposure, UBO depth 1, sanctions hits 0."
CP-03133,Counterparty 03133 Holdings,GB,critical,2025-09-30,0,2,"Grounded summary for CP-03133: jurisdictional exposure, UBO depth 2, sanctions hits 0."
CP-03134,Counterparty 03134 Holdings,KY,high,2025-09-29,0,3,"Grounded summary for CP-03134: jurisdictional exposure, UBO depth 3, sanctions hits 0."
CP-03135,Counterparty 03135 Holdings,DE,medium,2025-09-28,0,4,"Grounded summary for CP-03135: jurisdictional exposure, UBO depth 4, sanctions hits 0."
CP-03136,Counterparty 03136 Holdings,AE,low,2025-09-27,0,1,"Grounded summary for CP-03136: jurisdictional exposure, UBO depth 1, sanctions hits 0."
CP-03137,Counterparty 03137 Holdings,SG,critical,2025-09-26,0,2,"Grounded summary for CP-03137: jurisdictional exposure, UBO depth 2, sanctions hits 0."
CP-03138,Counterparty 03138 Holdings,US,high,2025-09-25,0,3,"Grounded summary for CP-03138: jurisdictional exposure, UBO depth 3, sanctions hits 0."
CP-03139,Counterparty 03139 Holdings,GB,medium,2025-09-24,0,4,"Grounded summary for CP-03139: jurisdictional exposure, UBO depth 4, sanctions hits 0."
CP-03140,Counterparty 03140 Holdings,KY,low,2025-09-23,0,1,"Grounded summary for CP-03140: jurisdictional exposure, UBO depth 1, sanctions hits 0."
CP-03141,Counterparty 03141 Holdings,DE,critical,2025-09-22,0,2,"Grounded summary for CP-03141: jurisdictional exposure, UBO depth 2, sanctions hits 0."
CP-03142,Counterparty 03142 Holdings,AE,high,2025-09-21,0,3,"Grounded summary for CP-03142: jurisdictional exposure, UBO depth 3, sanctions hits 0."
CP-03143,Counterparty 03143 Holdings,SG,medium,2025-09-20,0,4,"Grounded summary for CP-03143: jurisdictional exposure, UBO depth 4, sanctions hits 0."
CP-03144,Counterparty 03144 Holdings,US,low,2025-09-19,0,1,"Grounded summary for CP-03144: jurisdictional exposure, UBO depth 1, sanctions hits 0."
CP-03145,Counterparty 03145 Holdings,GB,critical,2025-09-18,0,2,"Grounded summary for CP-03145: jurisdictional exposure, UBO depth 2, sanctions hits 0."
CP-03146,Counterparty 03146 Holdings,KY,high,2025-09-17,0,3,"Grounded summary for CP-03146: jurisdictional exposure, UBO depth 3, sanctions hits 0."
CP-03147,Counterparty 03147 Holdings,DE,medium,2025-09-16,0,4,"Grounded summary for CP-03147: jurisdictional exposure, UBO depth 4, sanctions hits 0."
CP-03148,Counterparty 03148 Holdings,AE,low,2025-09-15,0,1,"Grounded summary for CP-03148: jurisdictional exposure, UBO depth 1, sanctions hits 0."
CP-03149,Counterparty 03149 Holdings,SG,critical,2025-09-14,0,2,"Grounded summary for CP-03149: jurisdictional exposure, UBO depth 2, sanctions hits 0."
CP-03150,Counterparty 03150 Holdings,US,high,2025-09-13,0,3,"Grounded summary for CP-03150: jurisdictional exposure, UBO depth 3, sanctions hits 0."
CP-03151,Counterparty 03151 Holdings,GB,medium,2025-09-12,0,4,"Grounded summary for CP-03151: jurisdictional exposure, UBO depth 4, sanctions hits 0."
CP-03152,Counterparty 03152 Holdings,KY,low,2025-09-11,0,1,"Grounded summary for CP-03152: jurisdictional exposure, UBO depth 1, sanctions hits 0."
CP-03153,Counterparty 03153 Holdings,DE,critical,2025-09-10,0,2,"Grounded summary for CP-03153: jurisdictional exposure, UBO depth 2, sanctions hits 0."
CP-03154,Counterparty 03154 Holdings,AE,high,2025-09-09,0,3,"Grounded summary for CP-03154: jurisdictional exposure, UBO depth 3, sanctions hits 0."
CP-03155,Counterparty 03155 Holdings,SG,medium,2025-09-08,0,4,"Grounded summary for CP-03155: jurisdictional exposure, UBO depth 4, sanctions hits 0."
CP-03156,Counterparty 03156 Holdings,US,low,2025-09-07,0,1,"Grounded summary for CP-03156: jurisdictional exposure, UBO depth 1, sanctions hits 0."
CP-03157,Counterparty 03157 Holdings,GB,critical,2025-09-06,0,2,"Grounded summary for CP-03157: jurisdictional exposure, UBO depth 2, sanctions hits 0."
CP-03158,Counterparty 03158 Holdings,KY,high,2025-09-05,0,3,"Grounded summary for CP-03158: jurisdictional exposure, UBO depth 3, sanctions hits 0."
CP-03159,Counterparty 03159 Holdings,DE,medium,2025-09-04,0,4,"Grounded summary for CP-03159: jurisdictional exposure, UBO depth 4, sanctions hits 0."
CP-03160,Counterparty 03160 Holdings,AE,low,2025-09-03,0,1,"Grounded summary for CP-03160: jurisdictional exposure, UBO depth 1, sanctions hits 0."
CP-03161,Counterparty 03161 Holdings,SG,critical,2025-09-02,0,2,"Grounded summary for CP-03161: jurisdictional exposure, UBO depth 2, sanctions hits 0."
CP-03162,Counterparty 03162 Holdings,US,high,2025-09-01,0,3,"Grounded summary for CP-03162: jurisdictional exposure, UBO depth 3, sanctions hits 0."
CP-03163,Counterparty 03163 Holdings,GB,medium,2025-08-31,0,4,"Grounded summary for CP-03163: jurisdictional exposure, UBO depth 4, sanctions hits 0."
CP-03164,Counterparty 03164 Holdings,KY,low,2025-08-30,0,1,"Grounded summary for CP-03164: jurisdictional exposure, UBO depth 1, sanctions hits 0."
CP-03165,Counterparty 03165 Holdings,DE,critical,2025-08-29,0,2,"Grounded summary for CP-03165: jurisdictional exposure, UBO depth 2, sanctions hits 0."
CP-03166,Counterparty 03166 Holdings,AE,high,2025-08-28,0,3,"Grounded summary for CP-03166: jurisdictional exposure, UBO depth 3, sanctions hits 0."
CP-03167,Counterparty 03167 Holdings,SG,medium,2025-08-27,0,4,"Grounded summary for CP-03167: jurisdictional exposure, UBO depth 4, sanctions hits 0."
CP-03168,Counterparty 03168 Holdings,US,low,2025-08-26,0,1,"Grounded summary for CP-03168: jurisdictional exposure, UBO depth 1, sanctions hits 0."
CP-03169,Counterparty 03169 Holdings,GB,critical,2025-08-25,0,2,"Grounded summary for CP-03169: jurisdictional exposure, UBO depth 2, sanctions hits 0."
CP-03170,Counterparty 03170 Holdings,KY,high,2025-08-24,0,3,"Grounded summary for CP-03170: jurisdictional exposure, UBO depth 3, sanctions hits 0."
CP-03171,Counterparty 03171 Holdings,DE,medium,2025-08-23,0,4,"Grounded summary for CP-03171: jurisdictional exposure, UBO depth 4, sanctions hits 0."
CP-03172,Counterparty 03172 Holdings,AE,low,2025-08-22,0,1,"Grounded summary for CP-03172: jurisdictional exposure, UBO depth 1, sanctions hits 0."
CP-03173,Counterparty 03173 Holdings,SG,critical,2025-08-21,0,2,"Grounded summary for CP-03173: jurisdictional exposure, UBO depth 2, sanctions hits 0."
CP-03174,Counterparty 03174 Holdings,US,high,2025-08-20,0,3,"Grounded summary for CP-03174: jurisdictional exposure, UBO depth 3, sanctions hits 0."
CP-03175,Counterparty 03175 Holdings,GB,medium,2025-08-19,0,4,"Grounded summary for CP-03175: jurisdictional exposure, UBO depth 4, sanctions hits 0."
CP-03176,Counterparty 03176 Holdings,KY,low,2025-08-18,0,1,"Grounded summary for CP-03176: jurisdictional exposure, UBO depth 1, sanctions hits 0."
CP-03177,Counterparty 03177 Holdings,DE,critical,2025-08-17,0,2,"Grounded summary for CP-03177: jurisdictional exposure, UBO depth 2, sanctions hits 0."
CP-03178,Counterparty 03178 Holdings,AE,high,2025-08-16,0,3,"Grounded summary for CP-03178: jurisdictional exposure, UBO depth 3, sanctions hits 0."
CP-03179,Counterparty 03179 Holdings,SG,medium,2025-08-15,0,4,"Grounded summary for CP-03179: jurisdictional exposure, UBO depth 4, sanctions hits 0."
CP-03180,Counterparty 03180 Holdings,US,low,2025-08-14,0,1,"Grounded summary for CP-03180: jurisdictional exposure, UBO depth 1, sanctions hits 0."
CP-03181,Counterparty 03181 Holdings,GB,critical,2025-08-13,0,2,"Grounded summary for CP-03181: jurisdictional exposure, UBO depth 2, sanctions hits 0."
CP-03182,Counterparty 03182 Holdings,KY,high,2025-08-12,0,3,"Grounded summary for CP-03182: jurisdictional exposure, UBO depth 3, sanctions hits 0."
CP-03183,Counterparty 03183 Holdings,DE,medium,2025-08-11,0,4,"Grounded summary for CP-03183: jurisdictional exposure, UBO depth 4, sanctions hits 0."
CP-03184,Counterparty 03184 Holdings,AE,low,2025-08-10,0,1,"Grounded summary for CP-03184: jurisdictional exposure, UBO depth 1, sanctions hits 0."
CP-03185,Counterparty 03185 Holdings,SG,critical,2025-08-09,0,2,"Grounded summary for CP-03185: jurisdictional exposure, UBO depth 2, sanctions hits 0."
CP-03186,Counterparty 03186 Holdings,US,high,2025-08-08,0,3,"Grounded summary for CP-03186: jurisdictional exposure, UBO depth 3, sanctions hits 0."
CP-03187,Counterparty 03187 Holdings,GB,medium,2025-08-07,0,4,"Grounded summary for CP-03187: jurisdictional exposure, UBO depth 4, sanctions hits 0."
CP-03188,Counterparty 03188 Holdings,KY,low,2025-08-06,0,1,"Grounded summary for CP-03188: jurisdictional exposure, UBO depth 1, sanctions hits 0."
CP-03189,Counterparty 03189 Holdings,DE,critical,2025-08-05,0,2,"Grounded summary for CP-03189: jurisdictional exposure, UBO depth 2, sanctions hits 0."
CP-03190,Counterparty 03190 Holdings,AE,high,2025-08-04,0,3,"Grounded summary for CP-03190: jurisdictional exposure, UBO depth 3, sanctions hits 0."
CP-03191,Counterparty 03191 Holdings,SG,medium,2025-08-03,0,4,"Grounded summary for CP-03191: jurisdictional exposure, UBO depth 4, sanctions hits 0."
CP-03192,Counterparty 03192 Holdings,US,low,2025-08-02,0,1,"Grounded summary for CP-03192: jurisdictional exposure, UBO depth 1, sanctions hits 0."
CP-03193,Counterparty 03193 Holdings,GB,critical,2025-08-01,0,2,"Grounded summary for CP-03193: jurisdictional exposure, UBO depth 2, sanctions hits 0."
CP-03194,Counterparty 03194 Holdings,KY,high,2025-07-31,0,3,"Grounded summary for CP-03194: jurisdictional exposure, UBO depth 3, sanctions hits 0."
CP-03195,Counterparty 03195 Holdings,DE,medium,2025-07-30,0,4,"Grounded summary for CP-03195: jurisdictional exposure, UBO depth 4, sanctions hits 0."
CP-03196,Counterparty 03196 Holdings,AE,low,2025-07-29,0,1,"Grounded summary for CP-03196: jurisdictional exposure, UBO depth 1, sanctions hits 0."
CP-03197,Counterparty 03197 Holdings,SG,critical,2025-07-28,0,2,"Grounded summary for CP-03197: jurisdictional exposure, UBO depth 2, sanctions hits 0."
CP-03198,Counterparty 03198 Holdings,US,high,2025-07-27,0,3,"Grounded summary for CP-03198: jurisdictional exposure, UBO depth 3, sanctions hits 0."
CP-03199,Counterparty 03199 Holdings,GB,medium,2025-07-26,0,4,"Grounded summary for CP-03199: jurisdictional exposure, UBO depth 4, sanctions hits 0."
CP-03200,Counterparty 03200 Holdings,KY,low,2025-07-25,0,1,"Grounded summary for CP-03200: jurisdictional exposure, UBO depth 1, sanctions hits 0."
CP-03201,Counterparty 03201 Holdings,DE,critical,2025-07-24,0,2,"Grounded summary for CP-03201: jurisdictional exposure, UBO depth 2, sanctions hits 0."
CP-03202,Counterparty 03202 Holdings,AE,high,2025-07-23,0,3,"Grounded summary for CP-03202: jurisdictional exposure, UBO depth 3, sanctions hits 0."
CP-03203,Counterparty 03203 Holdings,SG,medium,2025-07-22,0,4,"Grounded summary for CP-03203: jurisdictional exposure, UBO depth 4, sanctions hits 0."
CP-03204,Counterparty 03204 Holdings,US,low,2025-07-21,0,1,"Grounded summary for CP-03204: jurisdictional exposure, UBO depth 1, sanctions hits 0."
CP-03205,Counterparty 03205 Holdings,GB,critical,2025-07-20,0,2,"Grounded summary for CP-03205: jurisdictional exposure, UBO depth 2, sanctions hits 0."
CP-03206,Counterparty 03206 Holdings,KY,high,2025-07-19,0,3,"Grounded summary for CP-03206: jurisdictional exposure, UBO depth 3, sanctions hits 0."
CP-03207,Counterparty 03207 Holdings,DE,medium,2025-07-18,0,4,"Grounded summary for CP-03207: jurisdictional exposure, UBO depth 4, sanctions hits 0."
CP-03208,Counterparty 03208 Holdings,AE,low,2025-07-17,0,1,"Grounded summary for CP-03208: jurisdictional exposure, UBO depth 1, sanctions hits 0."
CP-03209,Counterparty 03209 Holdings,SG,critical,2025-07-16,0,2,"Grounded summary for CP-03209: jurisdictional exposure, UBO depth 2, sanctions hits 0."
CP-03210,Counterparty 03210 Holdings,US,high,2025-07-15,0,3,"Grounded summary for CP-03210: jurisdictional exposure, UBO depth 3, sanctions hits 0."
CP-03211,Counterparty 03211 Holdings,GB,medium,2025-07-14,0,4,"Grounded summary for CP-03211: jurisdictional exposure, UBO depth 4, sanctions hits 0."
CP-03212,Counterparty 03212 Holdings,KY,low,2025-07-13,0,1,"Grounded summary for CP-03212: jurisdictional exposure, UBO depth 1, sanctions hits 0."
CP-03213,Counterparty 03213 Holdings,DE,critical,2025-07-12,0,2,"Grounded summary for CP-03213: jurisdictional exposure, UBO depth 2, sanctions hits 0."
CP-03214,Counterparty 03214 Holdings,AE,high,2025-07-11,0,3,"Grounded summary for CP-03214: jurisdictional exposure, UBO depth 3, sanctions hits 0."
CP-03215,Counterparty 03215 Holdings,SG,medium,2025-07-10,0,4,"Grounded summary for CP-03215: jurisdictional exposure, UBO depth 4, sanctions hits 0."
CP-03216,Counterparty 03216 Holdings,US,low,2025-07-09,0,1,"Grounded summary for CP-03216: jurisdictional exposure, UBO depth 1, sanctions hits 0."
CP-03217,Counterparty 03217 Holdings,GB,critical,2025-07-08,0,2,"Grounded summary for CP-03217: jurisdictional exposure, UBO depth 2, sanctions hits 0."
CP-03218,Counterparty 03218 Holdings,KY,high,2025-07-07,0,3,"Grounded summary for CP-03218: jurisdictional exposure, UBO depth 3, sanctions hits 0."
CP-03219,Counterparty 03219 Holdings,DE,medium,2025-07-06,0,4,"Grounded summary for CP-03219: jurisdictional exposure, UBO depth 4, sanctions hits 0."
CP-03220,Counterparty 03220 Holdings,AE,low,2025-07-05,0,1,"Grounded summary for CP-03220: jurisdictional exposure, UBO depth 1, sanctions hits 0."
CP-03221,Counterparty 03221 Holdings,SG,critical,2025-07-04,0,2,"Grounded summary for CP-03221: jurisdictional exposure, UBO depth 2, sanctions hits 0."
CP-03222,Counterparty 03222 Holdings,US,high,2025-07-03,0,3,"Grounded summary for CP-03222: jurisdictional exposure, UBO depth 3, sanctions hits 0."
CP-03223,Counterparty 03223 Holdings,GB,medium,2025-07-02,0,4,"Grounded summary for CP-03223: jurisdictional exposure, UBO depth 4, sanctions hits 0."
CP-03224,Counterparty 03224 Holdings,KY,low,2025-07-01,0,1,"Grounded summary for CP-03224: jurisdictional exposure, UBO depth 1, sanctions hits 0."
CP-03225,Counterparty 03225 Holdings,DE,critical,2025-06-30,0,2,"Grounded summary for CP-03225: jurisdictional exposure, UBO depth 2, sanctions hits 0."
CP-03226,Counterparty 03226 Holdings,AE,high,2025-06-29,0,3,"Grounded summary for CP-03226: jurisdictional exposure, UBO depth 3, sanctions hits 0."
CP-03227,Counterparty 03227 Holdings,SG,medium,2025-06-28,0,4,"Grounded summary for CP-03227: jurisdictional exposure, UBO depth 4, sanctions hits 0."
CP-03228,Counterparty 03228 Holdings,US,low,2025-06-27,0,1,"Grounded summary for CP-03228: jurisdictional exposure, UBO depth 1, sanctions hits 0."
CP-03229,Counterparty 03229 Holdings,GB,critical,2025-06-26,0,2,"Grounded summary for CP-03229: jurisdictional exposure, UBO depth 2, sanctions hits 0."
CP-03230,Counterparty 03230 Holdings,KY,high,2025-06-25,0,3,"Grounded summary for CP-03230: jurisdictional exposure, UBO depth 3, sanctions hits 0."
CP-03231,Counterparty 03231 Holdings,DE,medium,2025-06-24,0,4,"Grounded summary for CP-03231: jurisdictional exposure, UBO depth 4, sanctions hits 0."
CP-03232,Counterparty 03232 Holdings,AE,low,2025-06-23,0,1,"Grounded summary for CP-03232: jurisdictional exposure, UBO depth 1, sanctions hits 0."
CP-03233,Counterparty 03233 Holdings,SG,critical,2025-06-22,0,2,"Grounded summary for CP-03233: jurisdictional exposure, UBO depth 2, sanctions hits 0."
CP-03234,Counterparty 03234 Holdings,US,high,2025-06-21,0,3,"Grounded summary for CP-03234: jurisdictional exposure, UBO depth 3, sanctions hits 0."
CP-03235,Counterparty 03235 Holdings,GB,medium,2025-06-20,0,4,"Grounded summary for CP-03235: jurisdictional exposure, UBO depth 4, sanctions hits 0."
CP-03236,Counterparty 03236 Holdings,KY,low,2025-06-19,0,1,"Grounded summary for CP-03236: jurisdictional exposure, UBO depth 1, sanctions hits 0."
CP-03237,Counterparty 03237 Holdings,DE,critical,2025-06-18,0,2,"Grounded summary for CP-03237: jurisdictional exposure, UBO depth 2, sanctions hits 0."
CP-03238,Counterparty 03238 Holdings,AE,high,2025-06-17,0,3,"Grounded summary for CP-03238: jurisdictional exposure, UBO depth 3, sanctions hits 0."
CP-03239,Counterparty 03239 Holdings,SG,medium,2025-06-16,0,4,"Grounded summary for CP-03239: jurisdictional exposure, UBO depth 4, sanctions hits 0."
CP-03240,Counterparty 03240 Holdings,US,low,2025-06-15,0,1,"Grounded summary for CP-03240: jurisdictional exposure, UBO depth 1, sanctions hits 0."
CP-03241,Counterparty 03241 Holdings,GB,critical,2025-06-14,0,2,"Grounded summary for CP-03241: jurisdictional exposure, UBO depth 2, sanctions hits 0."
CP-03242,Counterparty 03242 Holdings,KY,high,2025-06-13,0,3,"Grounded summary for CP-03242: jurisdictional exposure, UBO depth 3, sanctions hits 0."
CP-03243,Counterparty 03243 Holdings,DE,medium,2025-06-12,0,4,"Grounded summary for CP-03243: jurisdictional exposure, UBO depth 4, sanctions hits 0."
CP-03244,Counterparty 03244 Holdings,AE,low,2025-06-11,0,1,"Grounded summary for CP-03244: jurisdictional exposure, UBO depth 1, sanctions hits 0."
CP-03245,Counterparty 03245 Holdings,SG,critical,2025-06-10,0,2,"Grounded summary for CP-03245: jurisdictional exposure, UBO depth 2, sanctions hits 0."
CP-03246,Counterparty 03246 Holdings,US,high,2025-06-09,0,3,"Grounded summary for CP-03246: jurisdictional exposure, UBO depth 3, sanctions hits 0."
CP-03247,Counterparty 03247 Holdings,GB,medium,2025-06-08,0,4,"Grounded summary for CP-03247: jurisdictional exposure, UBO depth 4, sanctions hits 0."
CP-03248,Counterparty 03248 Holdings,KY,low,2025-06-07,0,1,"Grounded summary for CP-03248: jurisdictional exposure, UBO depth 1, sanctions hits 0."
CP-03249,Counterparty 03249 Holdings,DE,critical,2025-06-06,0,2,"Grounded summary for CP-03249: jurisdictional exposure, UBO depth 2, sanctions hits 0."
CP-03250,Counterparty 03250 Holdings,AE,high,2025-06-05,0,3,"Grounded summary for CP-03250: jurisdictional exposure, UBO depth 3, sanctions hits 0."
CP-03251,Counterparty 03251 Holdings,SG,medium,2025-06-04,0,4,"Grounded summary for CP-03251: jurisdictional exposure, UBO depth 4, sanctions hits 0."
CP-03252,Counterparty 03252 Holdings,US,low,2025-06-03,0,1,"Grounded summary for CP-03252: jurisdictional exposure, UBO depth 1, sanctions hits 0."
CP-03253,Counterparty 03253 Holdings,GB,critical,2025-06-02,0,2,"Grounded summary for CP-03253: jurisdictional exposure, UBO depth 2, sanctions hits 0."
CP-03254,Counterparty 03254 Holdings,KY,high,2025-06-01,0,3,"Grounded summary for CP-03254: jurisdictional exposure, UBO depth 3, sanctions hits 0."
CP-03255,Counterparty 03255 Holdings,DE,medium,2025-05-31,0,4,"Grounded summary for CP-03255: jurisdictional exposure, UBO depth 4, sanctions hits 0."
CP-03256,Counterparty 03256 Holdings,AE,low,2025-05-30,0,1,"Grounded summary for CP-03256: jurisdictional exposure, UBO depth 1, sanctions hits 0."
CP-03257,Counterparty 03257 Holdings,SG,critical,2025-05-29,0,2,"Grounded summary for CP-03257: jurisdictional exposure, UBO depth 2, sanctions hits 0."
CP-03258,Counterparty 03258 Holdings,US,high,2025-05-28,0,3,"Grounded summary for CP-03258: jurisdictional exposure, UBO depth 3, sanctions hits 0."
CP-03259,Counterparty 03259 Holdings,GB,medium,2025-05-27,0,4,"Grounded summary for CP-03259: jurisdictional exposure, UBO depth 4, sanctions hits 0."
CP-03260,Counterparty 03260 Holdings,KY,low,2025-05-26,0,1,"Grounded summary for CP-03260: jurisdictional exposure, UBO depth 1, sanctions hits 0."
CP-03261,Counterparty 03261 Holdings,DE,critical,2025-05-25,0,2,"Grounded summary for CP-03261: jurisdictional exposure, UBO depth 2, sanctions hits 0."
CP-03262,Counterparty 03262 Holdings,AE,high,2025-05-24,0,3,"Grounded summary for CP-03262: jurisdictional exposure, UBO depth 3, sanctions hits 0."
CP-03263,Counterparty 03263 Holdings,SG,medium,2025-05-23,0,4,"Grounded summary for CP-03263: jurisdictional exposure, UBO depth 4, sanctions hits 0."
CP-03264,Counterparty 03264 Holdings,US,low,2025-05-22,0,1,"Grounded summary for CP-03264: jurisdictional exposure, UBO depth 1, sanctions hits 0."
CP-03265,Counterparty 03265 Holdings,GB,critical,2025-05-21,0,2,"Grounded summary for CP-03265: jurisdictional exposure, UBO depth 2, sanctions hits 0."
CP-03266,Counterparty 03266 Holdings,KY,high,2025-05-20,0,3,"Grounded summary for CP-03266: jurisdictional exposure, UBO depth 3, sanctions hits 0."
CP-03267,Counterparty 03267 Holdings,DE,medium,2025-05-19,0,4,"Grounded summary for CP-03267: jurisdictional exposure, UBO depth 4, sanctions hits 0."
CP-03268,Counterparty 03268 Holdings,AE,low,2025-05-18,0,1,"Grounded summary for CP-03268: jurisdictional exposure, UBO depth 1, sanctions hits 0."
CP-03269,Counterparty 03269 Holdings,SG,critical,2025-05-17,0,2,"Grounded summary for CP-03269: jurisdictional exposure, UBO depth 2, sanctions hits 0."
CP-03270,Counterparty 03270 Holdings,US,high,2025-05-16,0,3,"Grounded summary for CP-03270: jurisdictional exposure, UBO depth 3, sanctions hits 0."
CP-03271,Counterparty 03271 Holdings,GB,medium,2025-05-15,0,4,"Grounded summary for CP-03271: jurisdictional exposure, UBO depth 4, sanctions hits 0."
CP-03272,Counterparty 03272 Holdings,KY,low,2025-05-14,0,1,"Grounded summary for CP-03272: jurisdictional exposure, UBO depth 1, sanctions hits 0."
CP-03273,Counterparty 03273 Holdings,DE,critical,2025-05-13,0,2,"Grounded summary for CP-03273: jurisdictional exposure, UBO depth 2, sanctions hits 0."
CP-03274,Counterparty 03274 Holdings,AE,high,2025-05-12,0,3,"Grounded summary for CP-03274: jurisdictional exposure, UBO depth 3, sanctions hits 0."
CP-03275,Counterparty 03275 Holdings,SG,medium,2025-05-11,0,4,"Grounded summary for CP-03275: jurisdictional exposure, UBO depth 4, sanctions hits 0."
CP-03276,Counterparty 03276 Holdings,US,low,2025-05-10,0,1,"Grounded summary for CP-03276: jurisdictional exposure, UBO depth 1, sanctions hits 0."
CP-03277,Counterparty 03277 Holdings,GB,critical,2025-05-09,0,2,"Grounded summary for CP-03277: jurisdictional exposure, UBO depth 2, sanctions hits 0."
CP-03278,Counterparty 03278 Holdings,KY,high,2025-05-08,0,3,"Grounded summary for CP-03278: jurisdictional exposure, UBO depth 3, sanctions hits 0."
CP-03279,Counterparty 03279 Holdings,DE,medium,2025-05-07,0,4,"Grounded summary for CP-03279: jurisdictional exposure, UBO depth 4, sanctions hits 0."
CP-03280,Counterparty 03280 Holdings,AE,low,2025-05-06,0,1,"Grounded summary for CP-03280: jurisdictional exposure, UBO depth 1, sanctions hits 0."
CP-03281,Counterparty 03281 Holdings,SG,critical,2025-05-05,0,2,"Grounded summary for CP-03281: jurisdictional exposure, UBO depth 2, sanctions hits 0."
CP-03282,Counterparty 03282 Holdings,US,high,2025-05-04,0,3,"Grounded summary for CP-03282: jurisdictional exposure, UBO depth 3, sanctions hits 0."
CP-03283,Counterparty 03283 Holdings,GB,medium,2025-05-03,0,4,"Grounded summary for CP-03283: jurisdictional exposure, UBO depth 4, sanctions hits 0."
CP-03284,Counterparty 03284 Holdings,KY,low,2025-05-02,0,1,"Grounded summary for CP-03284: jurisdictional exposure, UBO depth 1, sanctions hits 0."
CP-03285,Counterparty 03285 Holdings,DE,critical,2026-05-01,0,2,"Grounded summary for CP-03285: jurisdictional exposure, UBO depth 2, sanctions hits 0."
CP-03286,Counterparty 03286 Holdings,AE,high,2026-04-30,0,3,"Grounded summary for CP-03286: jurisdictional exposure, UBO depth 3, sanctions hits 0."
CP-03287,Counterparty 03287 Holdings,SG,medium,2026-04-29,0,4,"Grounded summary for CP-03287: jurisdictional exposure, UBO depth 4, sanctions hits 0."
CP-03288,Counterparty 03288 Holdings,US,low,2026-04-28,0,1,"Grounded summary for CP-03288: jurisdictional exposure, UBO depth 1, sanctions hits 0."
CP-03289,Counterparty 03289 Holdings,GB,critical,2026-04-27,0,2,"Grounded summary for CP-03289: jurisdictional exposure, UBO depth 2, sanctions hits 0."
CP-03290,Counterparty 03290 Holdings,KY,high,2026-04-26,0,3,"Grounded summary for CP-03290: jurisdictional exposure, UBO depth 3, sanctions hits 0."
CP-03291,Counterparty 03291 Holdings,DE,medium,2026-04-25,0,4,"Grounded summary for CP-03291: jurisdictional exposure, UBO depth 4, sanctions hits 0."
CP-03292,Counterparty 03292 Holdings,AE,low,2026-04-24,0,1,"Grounded summary for CP-03292: jurisdictional exposure, UBO depth 1, sanctions hits 0."
CP-03293,Counterparty 03293 Holdings,SG,critical,2026-04-23,0,2,"Grounded summary for CP-03293: jurisdictional exposure, UBO depth 2, sanctions hits 0."
CP-03294,Counterparty 03294 Holdings,US,high,2026-04-22,0,3,"Grounded summary for CP-03294: jurisdictional exposure, UBO depth 3, sanctions hits 0."
CP-03295,Counterparty 03295 Holdings,GB,medium,2026-04-21,0,4,"Grounded summary for CP-03295: jurisdictional exposure, UBO depth 4, sanctions hits 0."
CP-03296,Counterparty 03296 Holdings,KY,low,2026-04-20,0,1,"Grounded summary for CP-03296: jurisdictional exposure, UBO depth 1, sanctions hits 0."
CP-03297,Counterparty 03297 Holdings,DE,critical,2026-04-19,0,2,"Grounded summary for CP-03297: jurisdictional exposure, UBO depth 2, sanctions hits 0."
CP-03298,Counterparty 03298 Holdings,AE,high,2026-04-18,0,3,"Grounded summary for CP-03298: jurisdictional exposure, UBO depth 3, sanctions hits 0."
CP-03299,Counterparty 03299 Holdings,SG,medium,2026-04-17,0,4,"Grounded summary for CP-03299: jurisdictional exposure, UBO depth 4, sanctions hits 0."
CP-03300,Counterparty 03300 Holdings,US,low,2026-04-16,0,1,"Grounded summary for CP-03300: jurisdictional exposure, UBO depth 1, sanctions hits 0."
CP-03301,Counterparty 03301 Holdings,GB,critical,2026-04-15,0,2,"Grounded summary for CP-03301: jurisdictional exposure, UBO depth 2, sanctions hits 0."
CP-03302,Counterparty 03302 Holdings,KY,high,2026-04-14,0,3,"Grounded summary for CP-03302: jurisdictional exposure, UBO depth 3, sanctions hits 0."
CP-03303,Counterparty 03303 Holdings,DE,medium,2026-04-13,0,4,"Grounded summary for CP-03303: jurisdictional exposure, UBO depth 4, sanctions hits 0."
CP-03304,Counterparty 03304 Holdings,AE,low,2026-04-12,0,1,"Grounded summary for CP-03304: jurisdictional exposure, UBO depth 1, sanctions hits 0."
CP-03305,Counterparty 03305 Holdings,SG,critical,2026-04-11,0,2,"Grounded summary for CP-03305: jurisdictional exposure, UBO depth 2, sanctions hits 0."
CP-03306,Counterparty 03306 Holdings,US,high,2026-04-10,0,3,"Grounded summary for CP-03306: jurisdictional exposure, UBO depth 3, sanctions hits 0."
CP-03307,Counterparty 03307 Holdings,GB,medium,2026-04-09,0,4,"Grounded summary for CP-03307: jurisdictional exposure, UBO depth 4, sanctions hits 0."
CP-03308,Counterparty 03308 Holdings,KY,low,2026-04-08,0,1,"Grounded summary for CP-03308: jurisdictional exposure, UBO depth 1, sanctions hits 0."
CP-03309,Counterparty 03309 Holdings,DE,critical,2026-04-07,0,2,"Grounded summary for CP-03309: jurisdictional exposure, UBO depth 2, sanctions hits 0."
CP-03310,Counterparty 03310 Holdings,AE,high,2026-04-06,0,3,"Grounded summary for CP-03310: jurisdictional exposure, UBO depth 3, sanctions hits 0."
CP-03311,Counterparty 03311 Holdings,SG,medium,2026-04-05,0,4,"Grounded summary for CP-03311: jurisdictional exposure, UBO depth 4, sanctions hits 0."
CP-03312,Counterparty 03312 Holdings,US,low,2026-04-04,0,1,"Grounded summary for CP-03312: jurisdictional exposure, UBO depth 1, sanctions hits 0."
CP-03313,Counterparty 03313 Holdings,GB,critical,2026-04-03,0,2,"Grounded summary for CP-03313: jurisdictional exposure, UBO depth 2, sanctions hits 0."
CP-03314,Counterparty 03314 Holdings,KY,high,2026-04-02,0,3,"Grounded summary for CP-03314: jurisdictional exposure, UBO depth 3, sanctions hits 0."
CP-03315,Counterparty 03315 Holdings,DE,medium,2026-04-01,0,4,"Grounded summary for CP-03315: jurisdictional exposure, UBO depth 4, sanctions hits 0."
CP-03316,Counterparty 03316 Holdings,AE,low,2026-03-31,0,1,"Grounded summary for CP-03316: jurisdictional exposure, UBO depth 1, sanctions hits 0."
CP-03317,Counterparty 03317 Holdings,SG,critical,2026-03-30,0,2,"Grounded summary for CP-03317: jurisdictional exposure, UBO depth 2, sanctions hits 0."
CP-03318,Counterparty 03318 Holdings,US,high,2026-03-29,0,3,"Grounded summary for CP-03318: jurisdictional exposure, UBO depth 3, sanctions hits 0."
CP-03319,Counterparty 03319 Holdings,GB,medium,2026-03-28,0,4,"Grounded summary for CP-03319: jurisdictional exposure, UBO depth 4, sanctions hits 0."
CP-03320,Counterparty 03320 Holdings,KY,low,2026-03-27,0,1,"Grounded summary for CP-03320: jurisdictional exposure, UBO depth 1, sanctions hits 0."
CP-03321,Counterparty 03321 Holdings,DE,critical,2026-03-26,0,2,"Grounded summary for CP-03321: jurisdictional exposure, UBO depth 2, sanctions hits 0."
CP-03322,Counterparty 03322 Holdings,AE,high,2026-03-25,0,3,"Grounded summary for CP-03322: jurisdictional exposure, UBO depth 3, sanctions hits 0."
CP-03323,Counterparty 03323 Holdings,SG,medium,2026-03-24,0,4,"Grounded summary for CP-03323: jurisdictional exposure, UBO depth 4, sanctions hits 0."
CP-03324,Counterparty 03324 Holdings,US,low,2026-03-23,0,1,"Grounded summary for CP-03324: jurisdictional exposure, UBO depth 1, sanctions hits 0."
CP-03325,Counterparty 03325 Holdings,GB,critical,2026-03-22,0,2,"Grounded summary for CP-03325: jurisdictional exposure, UBO depth 2, sanctions hits 0."
CP-03326,Counterparty 03326 Holdings,KY,high,2026-03-21,0,3,"Grounded summary for CP-03326: jurisdictional exposure, UBO depth 3, sanctions hits 0."
CP-03327,Counterparty 03327 Holdings,DE,medium,2026-03-20,0,4,"Grounded summary for CP-03327: jurisdictional exposure, UBO depth 4, sanctions hits 0."
CP-03328,Counterparty 03328 Holdings,AE,low,2026-03-19,0,1,"Grounded summary for CP-03328: jurisdictional exposure, UBO depth 1, sanctions hits 0."
CP-03329,Counterparty 03329 Holdings,SG,critical,2026-03-18,0,2,"Grounded summary for CP-03329: jurisdictional exposure, UBO depth 2, sanctions hits 0."
CP-03330,Counterparty 03330 Holdings,US,high,2026-03-17,0,3,"Grounded summary for CP-03330: jurisdictional exposure, UBO depth 3, sanctions hits 0."
CP-03331,Counterparty 03331 Holdings,GB,medium,2026-03-16,0,4,"Grounded summary for CP-03331: jurisdictional exposure, UBO depth 4, sanctions hits 0."
CP-03332,Counterparty 03332 Holdings,KY,low,2026-03-15,0,1,"Grounded summary for CP-03332: jurisdictional exposure, UBO depth 1, sanctions hits 0."
CP-03333,Counterparty 03333 Holdings,DE,critical,2026-03-14,0,2,"Grounded summary for CP-03333: jurisdictional exposure, UBO depth 2, sanctions hits 0."
CP-03334,Counterparty 03334 Holdings,AE,high,2026-03-13,0,3,"Grounded summary for CP-03334: jurisdictional exposure, UBO depth 3, sanctions hits 0."
CP-03335,Counterparty 03335 Holdings,SG,medium,2026-03-12,0,4,"Grounded summary for CP-03335: jurisdictional exposure, UBO depth 4, sanctions hits 0."
CP-03336,Counterparty 03336 Holdings,US,low,2026-03-11,0,1,"Grounded summary for CP-03336: jurisdictional exposure, UBO depth 1, sanctions hits 0."
CP-03337,Counterparty 03337 Holdings,GB,critical,2026-03-10,0,2,"Grounded summary for CP-03337: jurisdictional exposure, UBO depth 2, sanctions hits 0."
CP-03338,Counterparty 03338 Holdings,KY,high,2026-03-09,0,3,"Grounded summary for CP-03338: jurisdictional exposure, UBO depth 3, sanctions hits 0."
CP-03339,Counterparty 03339 Holdings,DE,medium,2026-03-08,0,4,"Grounded summary for CP-03339: jurisdictional exposure, UBO depth 4, sanctions hits 0."
CP-03340,Counterparty 03340 Holdings,AE,low,2026-03-07,0,1,"Grounded summary for CP-03340: jurisdictional exposure, UBO depth 1, sanctions hits 0."
CP-03341,Counterparty 03341 Holdings,SG,critical,2026-03-06,0,2,"Grounded summary for CP-03341: jurisdictional exposure, UBO depth 2, sanctions hits 0."
CP-03342,Counterparty 03342 Holdings,US,high,2026-03-05,0,3,"Grounded summary for CP-03342: jurisdictional exposure, UBO depth 3, sanctions hits 0."
CP-03343,Counterparty 03343 Holdings,GB,medium,2026-03-04,0,4,"Grounded summary for CP-03343: jurisdictional exposure, UBO depth 4, sanctions hits 0."
CP-03344,Counterparty 03344 Holdings,KY,low,2026-03-03,0,1,"Grounded summary for CP-03344: jurisdictional exposure, UBO depth 1, sanctions hits 0."
CP-03345,Counterparty 03345 Holdings,DE,critical,2026-03-02,0,2,"Grounded summary for CP-03345: jurisdictional exposure, UBO depth 2, sanctions hits 0."
CP-03346,Counterparty 03346 Holdings,AE,high,2026-03-01,0,3,"Grounded summary for CP-03346: jurisdictional exposure, UBO depth 3, sanctions hits 0."
CP-03347,Counterparty 03347 Holdings,SG,medium,2026-02-28,0,4,"Grounded summary for CP-03347: jurisdictional exposure, UBO depth 4, sanctions hits 0."
CP-03348,Counterparty 03348 Holdings,US,low,2026-02-27,0,1,"Grounded summary for CP-03348: jurisdictional exposure, UBO depth 1, sanctions hits 0."
CP-03349,Counterparty 03349 Holdings,GB,critical,2026-02-26,0,2,"Grounded summary for CP-03349: jurisdictional exposure, UBO depth 2, sanctions hits 0."
CP-03350,Counterparty 03350 Holdings,KY,high,2026-02-25,0,3,"Grounded summary for CP-03350: jurisdictional exposure, UBO depth 3, sanctions hits 0."
CP-03351,Counterparty 03351 Holdings,DE,medium,2026-02-24,0,4,"Grounded summary for CP-03351: jurisdictional exposure, UBO depth 4, sanctions hits 0."
CP-03352,Counterparty 03352 Holdings,AE,low,2026-02-23,0,1,"Grounded summary for CP-03352: jurisdictional exposure, UBO depth 1, sanctions hits 0."
CP-03353,Counterparty 03353 Holdings,SG,critical,2026-02-22,0,2,"Grounded summary for CP-03353: jurisdictional exposure, UBO depth 2, sanctions hits 0."
CP-03354,Counterparty 03354 Holdings,US,high,2026-02-21,0,3,"Grounded summary for CP-03354: jurisdictional exposure, UBO depth 3, sanctions hits 0."
CP-03355,Counterparty 03355 Holdings,GB,medium,2026-02-20,0,4,"Grounded summary for CP-03355: jurisdictional exposure, UBO depth 4, sanctions hits 0."
CP-03356,Counterparty 03356 Holdings,KY,low,2026-02-19,0,1,"Grounded summary for CP-03356: jurisdictional exposure, UBO depth 1, sanctions hits 0."
CP-03357,Counterparty 03357 Holdings,DE,critical,2026-02-18,0,2,"Grounded summary for CP-03357: jurisdictional exposure, UBO depth 2, sanctions hits 0."
CP-03358,Counterparty 03358 Holdings,AE,high,2026-02-17,0,3,"Grounded summary for CP-03358: jurisdictional exposure, UBO depth 3, sanctions hits 0."
CP-03359,Counterparty 03359 Holdings,SG,medium,2026-02-16,0,4,"Grounded summary for CP-03359: jurisdictional exposure, UBO depth 4, sanctions hits 0."
CP-03360,Counterparty 03360 Holdings,US,low,2026-02-15,0,1,"Grounded summary for CP-03360: jurisdictional exposure, UBO depth 1, sanctions hits 0."
CP-03361,Counterparty 03361 Holdings,GB,critical,2026-02-14,0,2,"Grounded summary for CP-03361: jurisdictional exposure, UBO depth 2, sanctions hits 0."
CP-03362,Counterparty 03362 Holdings,KY,high,2026-02-13,0,3,"Grounded summary for CP-03362: jurisdictional exposure, UBO depth 3, sanctions hits 0."
CP-03363,Counterparty 03363 Holdings,DE,medium,2026-02-12,0,4,"Grounded summary for CP-03363: jurisdictional exposure, UBO depth 4, sanctions hits 0."
CP-03364,Counterparty 03364 Holdings,AE,low,2026-02-11,0,1,"Grounded summary for CP-03364: jurisdictional exposure, UBO depth 1, sanctions hits 0."
CP-03365,Counterparty 03365 Holdings,SG,critical,2026-02-10,0,2,"Grounded summary for CP-03365: jurisdictional exposure, UBO depth 2, sanctions hits 0."
CP-03366,Counterparty 03366 Holdings,US,high,2026-02-09,0,3,"Grounded summary for CP-03366: jurisdictional exposure, UBO depth 3, sanctions hits 0."
CP-03367,Counterparty 03367 Holdings,GB,medium,2026-02-08,0,4,"Grounded summary for CP-03367: jurisdictional exposure, UBO depth 4, sanctions hits 0."
CP-03368,Counterparty 03368 Holdings,KY,low,2026-02-07,0,1,"Grounded summary for CP-03368: jurisdictional exposure, UBO depth 1, sanctions hits 0."
CP-03369,Counterparty 03369 Holdings,DE,critical,2026-02-06,0,2,"Grounded summary for CP-03369: jurisdictional exposure, UBO depth 2, sanctions hits 0."
CP-03370,Counterparty 03370 Holdings,AE,high,2026-02-05,0,3,"Grounded summary for CP-03370: jurisdictional exposure, UBO depth 3, sanctions hits 0."
CP-03371,Counterparty 03371 Holdings,SG,medium,2026-02-04,0,4,"Grounded summary for CP-03371: jurisdictional exposure, UBO depth 4, sanctions hits 0."
CP-03372,Counterparty 03372 Holdings,US,low,2026-02-03,0,1,"Grounded summary for CP-03372: jurisdictional exposure, UBO depth 1, sanctions hits 0."
CP-03373,Counterparty 03373 Holdings,GB,critical,2026-02-02,0,2,"Grounded summary for CP-03373: jurisdictional exposure, UBO depth 2, sanctions hits 0."
CP-03374,Counterparty 03374 Holdings,KY,high,2026-02-01,0,3,"Grounded summary for CP-03374: jurisdictional exposure, UBO depth 3, sanctions hits 0."
CP-03375,Counterparty 03375 Holdings,DE,medium,2026-01-31,0,4,"Grounded summary for CP-03375: jurisdictional exposure, UBO depth 4, sanctions hits 0."
CP-03376,Counterparty 03376 Holdings,AE,low,2026-01-30,0,1,"Grounded summary for CP-03376: jurisdictional exposure, UBO depth 1, sanctions hits 0."
CP-03377,Counterparty 03377 Holdings,SG,critical,2026-01-29,0,2,"Grounded summary for CP-03377: jurisdictional exposure, UBO depth 2, sanctions hits 0."
CP-03378,Counterparty 03378 Holdings,US,high,2026-01-28,0,3,"Grounded summary for CP-03378: jurisdictional exposure, UBO depth 3, sanctions hits 0."
CP-03379,Counterparty 03379 Holdings,GB,medium,2026-01-27,0,4,"Grounded summary for CP-03379: jurisdictional exposure, UBO depth 4, sanctions hits 0."
CP-03380,Counterparty 03380 Holdings,KY,low,2026-01-26,0,1,"Grounded summary for CP-03380: jurisdictional exposure, UBO depth 1, sanctions hits 0."
CP-03381,Counterparty 03381 Holdings,DE,critical,2026-01-25,0,2,"Grounded summary for CP-03381: jurisdictional exposure, UBO depth 2, sanctions hits 0."
CP-03382,Counterparty 03382 Holdings,AE,high,2026-01-24,0,3,"Grounded summary for CP-03382: jurisdictional exposure, UBO depth 3, sanctions hits 0."
CP-03383,Counterparty 03383 Holdings,SG,medium,2026-01-23,0,4,"Grounded summary for CP-03383: jurisdictional exposure, UBO depth 4, sanctions hits 0."
CP-03384,Counterparty 03384 Holdings,US,low,2026-01-22,0,1,"Grounded summary for CP-03384: jurisdictional exposure, UBO depth 1, sanctions hits 0."
CP-03385,Counterparty 03385 Holdings,GB,critical,2026-01-21,0,2,"Grounded summary for CP-03385: jurisdictional exposure, UBO depth 2, sanctions hits 0."
CP-03386,Counterparty 03386 Holdings,KY,high,2026-01-20,0,3,"Grounded summary for CP-03386: jurisdictional exposure, UBO depth 3, sanctions hits 0."
CP-03387,Counterparty 03387 Holdings,DE,medium,2026-01-19,0,4,"Grounded summary for CP-03387: jurisdictional exposure, UBO depth 4, sanctions hits 0."
CP-03388,Counterparty 03388 Holdings,AE,low,2026-01-18,0,1,"Grounded summary for CP-03388: jurisdictional exposure, UBO depth 1, sanctions hits 0."
CP-03389,Counterparty 03389 Holdings,SG,critical,2026-01-17,0,2,"Grounded summary for CP-03389: jurisdictional exposure, UBO depth 2, sanctions hits 0."
CP-03390,Counterparty 03390 Holdings,US,high,2026-01-16,0,3,"Grounded summary for CP-03390: jurisdictional exposure, UBO depth 3, sanctions hits 0."
CP-03391,Counterparty 03391 Holdings,GB,medium,2026-01-15,0,4,"Grounded summary for CP-03391: jurisdictional exposure, UBO depth 4, sanctions hits 0."
CP-03392,Counterparty 03392 Holdings,KY,low,2026-01-14,0,1,"Grounded summary for CP-03392: jurisdictional exposure, UBO depth 1, sanctions hits 0."
CP-03393,Counterparty 03393 Holdings,DE,critical,2026-01-13,0,2,"Grounded summary for CP-03393: jurisdictional exposure, UBO depth 2, sanctions hits 0."
CP-03394,Counterparty 03394 Holdings,AE,high,2026-01-12,0,3,"Grounded summary for CP-03394: jurisdictional exposure, UBO depth 3, sanctions hits 0."
CP-03395,Counterparty 03395 Holdings,SG,medium,2026-01-11,0,4,"Grounded summary for CP-03395: jurisdictional exposure, UBO depth 4, sanctions hits 0."
CP-03396,Counterparty 03396 Holdings,US,low,2026-01-10,0,1,"Grounded summary for CP-03396: jurisdictional exposure, UBO depth 1, sanctions hits 0."
CP-03397,Counterparty 03397 Holdings,GB,critical,2026-01-09,0,2,"Grounded summary for CP-03397: jurisdictional exposure, UBO depth 2, sanctions hits 0."
CP-03398,Counterparty 03398 Holdings,KY,high,2026-01-08,0,3,"Grounded summary for CP-03398: jurisdictional exposure, UBO depth 3, sanctions hits 0."
CP-03399,Counterparty 03399 Holdings,DE,medium,2026-01-07,0,4,"Grounded summary for CP-03399: jurisdictional exposure, UBO depth 4, sanctions hits 0."
CP-03400,Counterparty 03400 Holdings,AE,low,2026-01-06,0,1,"Grounded summary for CP-03400: jurisdictional exposure, UBO depth 1, sanctions hits 0."
CP-03401,Counterparty 03401 Holdings,SG,critical,2026-01-05,0,2,"Grounded summary for CP-03401: jurisdictional exposure, UBO depth 2, sanctions hits 0."
CP-03402,Counterparty 03402 Holdings,US,high,2026-01-04,0,3,"Grounded summary for CP-03402: jurisdictional exposure, UBO depth 3, sanctions hits 0."
CP-03403,Counterparty 03403 Holdings,GB,medium,2026-01-03,0,4,"Grounded summary for CP-03403: jurisdictional exposure, UBO depth 4, sanctions hits 0."
CP-03404,Counterparty 03404 Holdings,KY,low,2026-01-02,0,1,"Grounded summary for CP-03404: jurisdictional exposure, UBO depth 1, sanctions hits 0."
CP-03405,Counterparty 03405 Holdings,DE,critical,2026-01-01,0,2,"Grounded summary for CP-03405: jurisdictional exposure, UBO depth 2, sanctions hits 0."
CP-03406,Counterparty 03406 Holdings,AE,high,2025-12-31,0,3,"Grounded summary for CP-03406: jurisdictional exposure, UBO depth 3, sanctions hits 0."
CP-03407,Counterparty 03407 Holdings,SG,medium,2025-12-30,0,4,"Grounded summary for CP-03407: jurisdictional exposure, UBO depth 4, sanctions hits 0."
CP-03408,Counterparty 03408 Holdings,US,low,2025-12-29,0,1,"Grounded summary for CP-03408: jurisdictional exposure, UBO depth 1, sanctions hits 0."
CP-03409,Counterparty 03409 Holdings,GB,critical,2025-12-28,0,2,"Grounded summary for CP-03409: jurisdictional exposure, UBO depth 2, sanctions hits 0."
CP-03410,Counterparty 03410 Holdings,KY,high,2025-12-27,0,3,"Grounded summary for CP-03410: jurisdictional exposure, UBO depth 3, sanctions hits 0."
CP-03411,Counterparty 03411 Holdings,DE,medium,2025-12-26,0,4,"Grounded summary for CP-03411: jurisdictional exposure, UBO depth 4, sanctions hits 0."
CP-03412,Counterparty 03412 Holdings,AE,low,2025-12-25,0,1,"Grounded summary for CP-03412: jurisdictional exposure, UBO depth 1, sanctions hits 0."
CP-03413,Counterparty 03413 Holdings,SG,critical,2025-12-24,0,2,"Grounded summary for CP-03413: jurisdictional exposure, UBO depth 2, sanctions hits 0."
CP-03414,Counterparty 03414 Holdings,US,high,2025-12-23,0,3,"Grounded summary for CP-03414: jurisdictional exposure, UBO depth 3, sanctions hits 0."
CP-03415,Counterparty 03415 Holdings,GB,medium,2025-12-22,0,4,"Grounded summary for CP-03415: jurisdictional exposure, UBO depth 4, sanctions hits 0."
CP-03416,Counterparty 03416 Holdings,KY,low,2025-12-21,0,1,"Grounded summary for CP-03416: jurisdictional exposure, UBO depth 1, sanctions hits 0."
CP-03417,Counterparty 03417 Holdings,DE,critical,2025-12-20,0,2,"Grounded summary for CP-03417: jurisdictional exposure, UBO depth 2, sanctions hits 0."
CP-03418,Counterparty 03418 Holdings,AE,high,2025-12-19,0,3,"Grounded summary for CP-03418: jurisdictional exposure, UBO depth 3, sanctions hits 0."
CP-03419,Counterparty 03419 Holdings,SG,medium,2025-12-18,0,4,"Grounded summary for CP-03419: jurisdictional exposure, UBO depth 4, sanctions hits 0."
CP-03420,Counterparty 03420 Holdings,US,low,2025-12-17,0,1,"Grounded summary for CP-03420: jurisdictional exposure, UBO depth 1, sanctions hits 0."
CP-03421,Counterparty 03421 Holdings,GB,critical,2025-12-16,0,2,"Grounded summary for CP-03421: jurisdictional exposure, UBO depth 2, sanctions hits 0."
CP-03422,Counterparty 03422 Holdings,KY,high,2025-12-15,0,3,"Grounded summary for CP-03422: jurisdictional exposure, UBO depth 3, sanctions hits 0."
CP-03423,Counterparty 03423 Holdings,DE,medium,2025-12-14,0,4,"Grounded summary for CP-03423: jurisdictional exposure, UBO depth 4, sanctions hits 0."
CP-03424,Counterparty 03424 Holdings,AE,low,2025-12-13,0,1,"Grounded summary for CP-03424: jurisdictional exposure, UBO depth 1, sanctions hits 0."
CP-03425,Counterparty 03425 Holdings,SG,critical,2025-12-12,0,2,"Grounded summary for CP-03425: jurisdictional exposure, UBO depth 2, sanctions hits 0."
CP-03426,Counterparty 03426 Holdings,US,high,2025-12-11,0,3,"Grounded summary for CP-03426: jurisdictional exposure, UBO depth 3, sanctions hits 0."
CP-03427,Counterparty 03427 Holdings,GB,medium,2025-12-10,0,4,"Grounded summary for CP-03427: jurisdictional exposure, UBO depth 4, sanctions hits 0."
CP-03428,Counterparty 03428 Holdings,KY,low,2025-12-09,0,1,"Grounded summary for CP-03428: jurisdictional exposure, UBO depth 1, sanctions hits 0."
CP-03429,Counterparty 03429 Holdings,DE,critical,2025-12-08,0,2,"Grounded summary for CP-03429: jurisdictional exposure, UBO depth 2, sanctions hits 0."
CP-03430,Counterparty 03430 Holdings,AE,high,2025-12-07,0,3,"Grounded summary for CP-03430: jurisdictional exposure, UBO depth 3, sanctions hits 0."
CP-03431,Counterparty 03431 Holdings,SG,medium,2025-12-06,0,4,"Grounded summary for CP-03431: jurisdictional exposure, UBO depth 4, sanctions hits 0."
CP-03432,Counterparty 03432 Holdings,US,low,2025-12-05,0,1,"Grounded summary for CP-03432: jurisdictional exposure, UBO depth 1, sanctions hits 0."
CP-03433,Counterparty 03433 Holdings,GB,critical,2025-12-04,0,2,"Grounded summary for CP-03433: jurisdictional exposure, UBO depth 2, sanctions hits 0."
CP-03434,Counterparty 03434 Holdings,KY,high,2025-12-03,0,3,"Grounded summary for CP-03434: jurisdictional exposure, UBO depth 3, sanctions hits 0."
CP-03435,Counterparty 03435 Holdings,DE,medium,2025-12-02,0,4,"Grounded summary for CP-03435: jurisdictional exposure, UBO depth 4, sanctions hits 0."
CP-03436,Counterparty 03436 Holdings,AE,low,2025-12-01,0,1,"Grounded summary for CP-03436: jurisdictional exposure, UBO depth 1, sanctions hits 0."
CP-03437,Counterparty 03437 Holdings,SG,critical,2025-11-30,0,2,"Grounded summary for CP-03437: jurisdictional exposure, UBO depth 2, sanctions hits 0."
CP-03438,Counterparty 03438 Holdings,US,high,2025-11-29,0,3,"Grounded summary for CP-03438: jurisdictional exposure, UBO depth 3, sanctions hits 0."
CP-03439,Counterparty 03439 Holdings,GB,medium,2025-11-28,0,4,"Grounded summary for CP-03439: jurisdictional exposure, UBO depth 4, sanctions hits 0."
CP-03440,Counterparty 03440 Holdings,KY,low,2025-11-27,0,1,"Grounded summary for CP-03440: jurisdictional exposure, UBO depth 1, sanctions hits 0."
CP-03441,Counterparty 03441 Holdings,DE,critical,2025-11-26,0,2,"Grounded summary for CP-03441: jurisdictional exposure, UBO depth 2, sanctions hits 0."
CP-03442,Counterparty 03442 Holdings,AE,high,2025-11-25,0,3,"Grounded summary for CP-03442: jurisdictional exposure, UBO depth 3, sanctions hits 0."
CP-03443,Counterparty 03443 Holdings,SG,medium,2025-11-24,0,4,"Grounded summary for CP-03443: jurisdictional exposure, UBO depth 4, sanctions hits 0."
CP-03444,Counterparty 03444 Holdings,US,low,2025-11-23,0,1,"Grounded summary for CP-03444: jurisdictional exposure, UBO depth 1, sanctions hits 0."
CP-03445,Counterparty 03445 Holdings,GB,critical,2025-11-22,0,2,"Grounded summary for CP-03445: jurisdictional exposure, UBO depth 2, sanctions hits 0."
CP-03446,Counterparty 03446 Holdings,KY,high,2025-11-21,0,3,"Grounded summary for CP-03446: jurisdictional exposure, UBO depth 3, sanctions hits 0."
CP-03447,Counterparty 03447 Holdings,DE,medium,2025-11-20,0,4,"Grounded summary for CP-03447: jurisdictional exposure, UBO depth 4, sanctions hits 0."
CP-03448,Counterparty 03448 Holdings,AE,low,2025-11-19,0,1,"Grounded summary for CP-03448: jurisdictional exposure, UBO depth 1, sanctions hits 0."
CP-03449,Counterparty 03449 Holdings,SG,critical,2025-11-18,0,2,"Grounded summary for CP-03449: jurisdictional exposure, UBO depth 2, sanctions hits 0."
CP-03450,Counterparty 03450 Holdings,US,high,2025-11-17,0,3,"Grounded summary for CP-03450: jurisdictional exposure, UBO depth 3, sanctions hits 0."
CP-03451,Counterparty 03451 Holdings,GB,medium,2025-11-16,0,4,"Grounded summary for CP-03451: jurisdictional exposure, UBO depth 4, sanctions hits 0."
CP-03452,Counterparty 03452 Holdings,KY,low,2025-11-15,0,1,"Grounded summary for CP-03452: jurisdictional exposure, UBO depth 1, sanctions hits 0."
CP-03453,Counterparty 03453 Holdings,DE,critical,2025-11-14,0,2,"Grounded summary for CP-03453: jurisdictional exposure, UBO depth 2, sanctions hits 0."
CP-03454,Counterparty 03454 Holdings,AE,high,2025-11-13,0,3,"Grounded summary for CP-03454: jurisdictional exposure, UBO depth 3, sanctions hits 0."
CP-03455,Counterparty 03455 Holdings,SG,medium,2025-11-12,0,4,"Grounded summary for CP-03455: jurisdictional exposure, UBO depth 4, sanctions hits 0."
CP-03456,Counterparty 03456 Holdings,US,low,2025-11-11,0,1,"Grounded summary for CP-03456: jurisdictional exposure, UBO depth 1, sanctions hits 0."
CP-03457,Counterparty 03457 Holdings,GB,critical,2025-11-10,0,2,"Grounded summary for CP-03457: jurisdictional exposure, UBO depth 2, sanctions hits 0."
CP-03458,Counterparty 03458 Holdings,KY,high,2025-11-09,0,3,"Grounded summary for CP-03458: jurisdictional exposure, UBO depth 3, sanctions hits 0."
CP-03459,Counterparty 03459 Holdings,DE,medium,2025-11-08,0,4,"Grounded summary for CP-03459: jurisdictional exposure, UBO depth 4, sanctions hits 0."
CP-03460,Counterparty 03460 Holdings,AE,low,2025-11-07,0,1,"Grounded summary for CP-03460: jurisdictional exposure, UBO depth 1, sanctions hits 0."
CP-03461,Counterparty 03461 Holdings,SG,critical,2025-11-06,0,2,"Grounded summary for CP-03461: jurisdictional exposure, UBO depth 2, sanctions hits 0."
CP-03462,Counterparty 03462 Holdings,US,high,2025-11-05,0,3,"Grounded summary for CP-03462: jurisdictional exposure, UBO depth 3, sanctions hits 0."
CP-03463,Counterparty 03463 Holdings,GB,medium,2025-11-04,0,4,"Grounded summary for CP-03463: jurisdictional exposure, UBO depth 4, sanctions hits 0."
CP-03464,Counterparty 03464 Holdings,KY,low,2025-11-03,0,1,"Grounded summary for CP-03464: jurisdictional exposure, UBO depth 1, sanctions hits 0."
CP-03465,Counterparty 03465 Holdings,DE,critical,2025-11-02,0,2,"Grounded summary for CP-03465: jurisdictional exposure, UBO depth 2, sanctions hits 0."
CP-03466,Counterparty 03466 Holdings,AE,high,2025-11-01,0,3,"Grounded summary for CP-03466: jurisdictional exposure, UBO depth 3, sanctions hits 0."
CP-03467,Counterparty 03467 Holdings,SG,medium,2025-10-31,0,4,"Grounded summary for CP-03467: jurisdictional exposure, UBO depth 4, sanctions hits 0."
CP-03468,Counterparty 03468 Holdings,US,low,2025-10-30,0,1,"Grounded summary for CP-03468: jurisdictional exposure, UBO depth 1, sanctions hits 0."
CP-03469,Counterparty 03469 Holdings,GB,critical,2025-10-29,0,2,"Grounded summary for CP-03469: jurisdictional exposure, UBO depth 2, sanctions hits 0."
CP-03470,Counterparty 03470 Holdings,KY,high,2025-10-28,0,3,"Grounded summary for CP-03470: jurisdictional exposure, UBO depth 3, sanctions hits 0."
CP-03471,Counterparty 03471 Holdings,DE,medium,2025-10-27,0,4,"Grounded summary for CP-03471: jurisdictional exposure, UBO depth 4, sanctions hits 0."
CP-03472,Counterparty 03472 Holdings,AE,low,2025-10-26,0,1,"Grounded summary for CP-03472: jurisdictional exposure, UBO depth 1, sanctions hits 0."
CP-03473,Counterparty 03473 Holdings,SG,critical,2025-10-25,0,2,"Grounded summary for CP-03473: jurisdictional exposure, UBO depth 2, sanctions hits 0."
CP-03474,Counterparty 03474 Holdings,US,high,2025-10-24,0,3,"Grounded summary for CP-03474: jurisdictional exposure, UBO depth 3, sanctions hits 0."
CP-03475,Counterparty 03475 Holdings,GB,medium,2025-10-23,0,4,"Grounded summary for CP-03475: jurisdictional exposure, UBO depth 4, sanctions hits 0."
CP-03476,Counterparty 03476 Holdings,KY,low,2025-10-22,0,1,"Grounded summary for CP-03476: jurisdictional exposure, UBO depth 1, sanctions hits 0."
CP-03477,Counterparty 03477 Holdings,DE,critical,2025-10-21,0,2,"Grounded summary for CP-03477: jurisdictional exposure, UBO depth 2, sanctions hits 0."
CP-03478,Counterparty 03478 Holdings,AE,high,2025-10-20,0,3,"Grounded summary for CP-03478: jurisdictional exposure, UBO depth 3, sanctions hits 0."
CP-03479,Counterparty 03479 Holdings,SG,medium,2025-10-19,0,4,"Grounded summary for CP-03479: jurisdictional exposure, UBO depth 4, sanctions hits 0."
CP-03480,Counterparty 03480 Holdings,US,low,2025-10-18,0,1,"Grounded summary for CP-03480: jurisdictional exposure, UBO depth 1, sanctions hits 0."
CP-03481,Counterparty 03481 Holdings,GB,critical,2025-10-17,0,2,"Grounded summary for CP-03481: jurisdictional exposure, UBO depth 2, sanctions hits 0."
CP-03482,Counterparty 03482 Holdings,KY,high,2025-10-16,0,3,"Grounded summary for CP-03482: jurisdictional exposure, UBO depth 3, sanctions hits 0."
CP-03483,Counterparty 03483 Holdings,DE,medium,2025-10-15,0,4,"Grounded summary for CP-03483: jurisdictional exposure, UBO depth 4, sanctions hits 0."
CP-03484,Counterparty 03484 Holdings,AE,low,2025-10-14,0,1,"Grounded summary for CP-03484: jurisdictional exposure, UBO depth 1, sanctions hits 0."
CP-03485,Counterparty 03485 Holdings,SG,critical,2025-10-13,0,2,"Grounded summary for CP-03485: jurisdictional exposure, UBO depth 2, sanctions hits 0."
CP-03486,Counterparty 03486 Holdings,US,high,2025-10-12,0,3,"Grounded summary for CP-03486: jurisdictional exposure, UBO depth 3, sanctions hits 0."
CP-03487,Counterparty 03487 Holdings,GB,medium,2025-10-11,0,4,"Grounded summary for CP-03487: jurisdictional exposure, UBO depth 4, sanctions hits 0."
CP-03488,Counterparty 03488 Holdings,KY,low,2025-10-10,0,1,"Grounded summary for CP-03488: jurisdictional exposure, UBO depth 1, sanctions hits 0."
CP-03489,Counterparty 03489 Holdings,DE,critical,2025-10-09,0,2,"Grounded summary for CP-03489: jurisdictional exposure, UBO depth 2, sanctions hits 0."
CP-03490,Counterparty 03490 Holdings,AE,high,2025-10-08,0,3,"Grounded summary for CP-03490: jurisdictional exposure, UBO depth 3, sanctions hits 0."
CP-03491,Counterparty 03491 Holdings,SG,medium,2025-10-07,0,4,"Grounded summary for CP-03491: jurisdictional exposure, UBO depth 4, sanctions hits 0."
CP-03492,Counterparty 03492 Holdings,US,low,2025-10-06,0,1,"Grounded summary for CP-03492: jurisdictional exposure, UBO depth 1, sanctions hits 0."
CP-03493,Counterparty 03493 Holdings,GB,critical,2025-10-05,0,2,"Grounded summary for CP-03493: jurisdictional exposure, UBO depth 2, sanctions hits 0."
CP-03494,Counterparty 03494 Holdings,KY,high,2025-10-04,0,3,"Grounded summary for CP-03494: jurisdictional exposure, UBO depth 3, sanctions hits 0."
CP-03495,Counterparty 03495 Holdings,DE,medium,2025-10-03,0,4,"Grounded summary for CP-03495: jurisdictional exposure, UBO depth 4, sanctions hits 0."
CP-03496,Counterparty 03496 Holdings,AE,low,2025-10-02,0,1,"Grounded summary for CP-03496: jurisdictional exposure, UBO depth 1, sanctions hits 0."
CP-03497,Counterparty 03497 Holdings,SG,critical,2025-10-01,0,2,"Grounded summary for CP-03497: jurisdictional exposure, UBO depth 2, sanctions hits 0."
CP-03498,Counterparty 03498 Holdings,US,high,2025-09-30,0,3,"Grounded summary for CP-03498: jurisdictional exposure, UBO depth 3, sanctions hits 0."
CP-03499,Counterparty 03499 Holdings,GB,medium,2025-09-29,0,4,"Grounded summary for CP-03499: jurisdictional exposure, UBO depth 4, sanctions hits 0."
CP-03500,Counterparty 03500 Holdings,KY,low,2025-09-28,0,1,"Grounded summary for CP-03500: jurisdictional exposure, UBO depth 1, sanctions hits 0."
CP-03501,Counterparty 03501 Holdings,DE,critical,2025-09-27,0,2,"Grounded summary for CP-03501: jurisdictional exposure, UBO depth 2, sanctions hits 0."
CP-03502,Counterparty 03502 Holdings,AE,high,2025-09-26,0,3,"Grounded summary for CP-03502: jurisdictional exposure, UBO depth 3, sanctions hits 0."
CP-03503,Counterparty 03503 Holdings,SG,medium,2025-09-25,0,4,"Grounded summary for CP-03503: jurisdictional exposure, UBO depth 4, sanctions hits 0."
CP-03504,Counterparty 03504 Holdings,US,low,2025-09-24,0,1,"Grounded summary for CP-03504: jurisdictional exposure, UBO depth 1, sanctions hits 0."
CP-03505,Counterparty 03505 Holdings,GB,critical,2025-09-23,0,2,"Grounded summary for CP-03505: jurisdictional exposure, UBO depth 2, sanctions hits 0."
CP-03506,Counterparty 03506 Holdings,KY,high,2025-09-22,0,3,"Grounded summary for CP-03506: jurisdictional exposure, UBO depth 3, sanctions hits 0."
CP-03507,Counterparty 03507 Holdings,DE,medium,2025-09-21,0,4,"Grounded summary for CP-03507: jurisdictional exposure, UBO depth 4, sanctions hits 0."
CP-03508,Counterparty 03508 Holdings,AE,low,2025-09-20,0,1,"Grounded summary for CP-03508: jurisdictional exposure, UBO depth 1, sanctions hits 0."
CP-03509,Counterparty 03509 Holdings,SG,critical,2025-09-19,0,2,"Grounded summary for CP-03509: jurisdictional exposure, UBO depth 2, sanctions hits 0."
CP-03510,Counterparty 03510 Holdings,US,high,2025-09-18,0,3,"Grounded summary for CP-03510: jurisdictional exposure, UBO depth 3, sanctions hits 0."
CP-03511,Counterparty 03511 Holdings,GB,medium,2025-09-17,0,4,"Grounded summary for CP-03511: jurisdictional exposure, UBO depth 4, sanctions hits 0."
CP-03512,Counterparty 03512 Holdings,KY,low,2025-09-16,0,1,"Grounded summary for CP-03512: jurisdictional exposure, UBO depth 1, sanctions hits 0."
CP-03513,Counterparty 03513 Holdings,DE,critical,2025-09-15,0,2,"Grounded summary for CP-03513: jurisdictional exposure, UBO depth 2, sanctions hits 0."
CP-03514,Counterparty 03514 Holdings,AE,high,2025-09-14,0,3,"Grounded summary for CP-03514: jurisdictional exposure, UBO depth 3, sanctions hits 0."
CP-03515,Counterparty 03515 Holdings,SG,medium,2025-09-13,0,4,"Grounded summary for CP-03515: jurisdictional exposure, UBO depth 4, sanctions hits 0."
CP-03516,Counterparty 03516 Holdings,US,low,2025-09-12,0,1,"Grounded summary for CP-03516: jurisdictional exposure, UBO depth 1, sanctions hits 0."
CP-03517,Counterparty 03517 Holdings,GB,critical,2025-09-11,0,2,"Grounded summary for CP-03517: jurisdictional exposure, UBO depth 2, sanctions hits 0."
CP-03518,Counterparty 03518 Holdings,KY,high,2025-09-10,0,3,"Grounded summary for CP-03518: jurisdictional exposure, UBO depth 3, sanctions hits 0."
CP-03519,Counterparty 03519 Holdings,DE,medium,2025-09-09,0,4,"Grounded summary for CP-03519: jurisdictional exposure, UBO depth 4, sanctions hits 0."
CP-03520,Counterparty 03520 Holdings,AE,low,2025-09-08,0,1,"Grounded summary for CP-03520: jurisdictional exposure, UBO depth 1, sanctions hits 0."
CP-03521,Counterparty 03521 Holdings,SG,critical,2025-09-07,0,2,"Grounded summary for CP-03521: jurisdictional exposure, UBO depth 2, sanctions hits 0."
CP-03522,Counterparty 03522 Holdings,US,high,2025-09-06,0,3,"Grounded summary for CP-03522: jurisdictional exposure, UBO depth 3, sanctions hits 0."
CP-03523,Counterparty 03523 Holdings,GB,medium,2025-09-05,0,4,"Grounded summary for CP-03523: jurisdictional exposure, UBO depth 4, sanctions hits 0."
CP-03524,Counterparty 03524 Holdings,KY,low,2025-09-04,0,1,"Grounded summary for CP-03524: jurisdictional exposure, UBO depth 1, sanctions hits 0."
CP-03525,Counterparty 03525 Holdings,DE,critical,2025-09-03,0,2,"Grounded summary for CP-03525: jurisdictional exposure, UBO depth 2, sanctions hits 0."
CP-03526,Counterparty 03526 Holdings,AE,high,2025-09-02,0,3,"Grounded summary for CP-03526: jurisdictional exposure, UBO depth 3, sanctions hits 0."
CP-03527,Counterparty 03527 Holdings,SG,medium,2025-09-01,0,4,"Grounded summary for CP-03527: jurisdictional exposure, UBO depth 4, sanctions hits 0."
CP-03528,Counterparty 03528 Holdings,US,low,2025-08-31,0,1,"Grounded summary for CP-03528: jurisdictional exposure, UBO depth 1, sanctions hits 0."
CP-03529,Counterparty 03529 Holdings,GB,critical,2025-08-30,0,2,"Grounded summary for CP-03529: jurisdictional exposure, UBO depth 2, sanctions hits 0."
CP-03530,Counterparty 03530 Holdings,KY,high,2025-08-29,0,3,"Grounded summary for CP-03530: jurisdictional exposure, UBO depth 3, sanctions hits 0."
CP-03531,Counterparty 03531 Holdings,DE,medium,2025-08-28,0,4,"Grounded summary for CP-03531: jurisdictional exposure, UBO depth 4, sanctions hits 0."
CP-03532,Counterparty 03532 Holdings,AE,low,2025-08-27,0,1,"Grounded summary for CP-03532: jurisdictional exposure, UBO depth 1, sanctions hits 0."
CP-03533,Counterparty 03533 Holdings,SG,critical,2025-08-26,0,2,"Grounded summary for CP-03533: jurisdictional exposure, UBO depth 2, sanctions hits 0."
CP-03534,Counterparty 03534 Holdings,US,high,2025-08-25,0,3,"Grounded summary for CP-03534: jurisdictional exposure, UBO depth 3, sanctions hits 0."
CP-03535,Counterparty 03535 Holdings,GB,medium,2025-08-24,0,4,"Grounded summary for CP-03535: jurisdictional exposure, UBO depth 4, sanctions hits 0."
CP-03536,Counterparty 03536 Holdings,KY,low,2025-08-23,0,1,"Grounded summary for CP-03536: jurisdictional exposure, UBO depth 1, sanctions hits 0."
CP-03537,Counterparty 03537 Holdings,DE,critical,2025-08-22,0,2,"Grounded summary for CP-03537: jurisdictional exposure, UBO depth 2, sanctions hits 0."
CP-03538,Counterparty 03538 Holdings,AE,high,2025-08-21,0,3,"Grounded summary for CP-03538: jurisdictional exposure, UBO depth 3, sanctions hits 0."
CP-03539,Counterparty 03539 Holdings,SG,medium,2025-08-20,0,4,"Grounded summary for CP-03539: jurisdictional exposure, UBO depth 4, sanctions hits 0."
CP-03540,Counterparty 03540 Holdings,US,low,2025-08-19,0,1,"Grounded summary for CP-03540: jurisdictional exposure, UBO depth 1, sanctions hits 0."
CP-03541,Counterparty 03541 Holdings,GB,critical,2025-08-18,0,2,"Grounded summary for CP-03541: jurisdictional exposure, UBO depth 2, sanctions hits 0."
CP-03542,Counterparty 03542 Holdings,KY,high,2025-08-17,0,3,"Grounded summary for CP-03542: jurisdictional exposure, UBO depth 3, sanctions hits 0."
CP-03543,Counterparty 03543 Holdings,DE,medium,2025-08-16,0,4,"Grounded summary for CP-03543: jurisdictional exposure, UBO depth 4, sanctions hits 0."
CP-03544,Counterparty 03544 Holdings,AE,low,2025-08-15,0,1,"Grounded summary for CP-03544: jurisdictional exposure, UBO depth 1, sanctions hits 0."
CP-03545,Counterparty 03545 Holdings,SG,critical,2025-08-14,0,2,"Grounded summary for CP-03545: jurisdictional exposure, UBO depth 2, sanctions hits 0."
CP-03546,Counterparty 03546 Holdings,US,high,2025-08-13,0,3,"Grounded summary for CP-03546: jurisdictional exposure, UBO depth 3, sanctions hits 0."
CP-03547,Counterparty 03547 Holdings,GB,medium,2025-08-12,0,4,"Grounded summary for CP-03547: jurisdictional exposure, UBO depth 4, sanctions hits 0."
CP-03548,Counterparty 03548 Holdings,KY,low,2025-08-11,0,1,"Grounded summary for CP-03548: jurisdictional exposure, UBO depth 1, sanctions hits 0."
CP-03549,Counterparty 03549 Holdings,DE,critical,2025-08-10,0,2,"Grounded summary for CP-03549: jurisdictional exposure, UBO depth 2, sanctions hits 0."
CP-03550,Counterparty 03550 Holdings,AE,high,2025-08-09,0,3,"Grounded summary for CP-03550: jurisdictional exposure, UBO depth 3, sanctions hits 0."
CP-03551,Counterparty 03551 Holdings,SG,medium,2025-08-08,0,4,"Grounded summary for CP-03551: jurisdictional exposure, UBO depth 4, sanctions hits 0."
CP-03552,Counterparty 03552 Holdings,US,low,2025-08-07,0,1,"Grounded summary for CP-03552: jurisdictional exposure, UBO depth 1, sanctions hits 0."
CP-03553,Counterparty 03553 Holdings,GB,critical,2025-08-06,0,2,"Grounded summary for CP-03553: jurisdictional exposure, UBO depth 2, sanctions hits 0."
CP-03554,Counterparty 03554 Holdings,KY,high,2025-08-05,0,3,"Grounded summary for CP-03554: jurisdictional exposure, UBO depth 3, sanctions hits 0."
CP-03555,Counterparty 03555 Holdings,DE,medium,2025-08-04,0,4,"Grounded summary for CP-03555: jurisdictional exposure, UBO depth 4, sanctions hits 0."
CP-03556,Counterparty 03556 Holdings,AE,low,2025-08-03,0,1,"Grounded summary for CP-03556: jurisdictional exposure, UBO depth 1, sanctions hits 0."
CP-03557,Counterparty 03557 Holdings,SG,critical,2025-08-02,0,2,"Grounded summary for CP-03557: jurisdictional exposure, UBO depth 2, sanctions hits 0."
CP-03558,Counterparty 03558 Holdings,US,high,2025-08-01,0,3,"Grounded summary for CP-03558: jurisdictional exposure, UBO depth 3, sanctions hits 0."
CP-03559,Counterparty 03559 Holdings,GB,medium,2025-07-31,0,4,"Grounded summary for CP-03559: jurisdictional exposure, UBO depth 4, sanctions hits 0."
CP-03560,Counterparty 03560 Holdings,KY,low,2025-07-30,0,1,"Grounded summary for CP-03560: jurisdictional exposure, UBO depth 1, sanctions hits 0."
CP-03561,Counterparty 03561 Holdings,DE,critical,2025-07-29,0,2,"Grounded summary for CP-03561: jurisdictional exposure, UBO depth 2, sanctions hits 0."
CP-03562,Counterparty 03562 Holdings,AE,high,2025-07-28,0,3,"Grounded summary for CP-03562: jurisdictional exposure, UBO depth 3, sanctions hits 0."
CP-03563,Counterparty 03563 Holdings,SG,medium,2025-07-27,0,4,"Grounded summary for CP-03563: jurisdictional exposure, UBO depth 4, sanctions hits 0."
CP-03564,Counterparty 03564 Holdings,US,low,2025-07-26,0,1,"Grounded summary for CP-03564: jurisdictional exposure, UBO depth 1, sanctions hits 0."
CP-03565,Counterparty 03565 Holdings,GB,critical,2025-07-25,0,2,"Grounded summary for CP-03565: jurisdictional exposure, UBO depth 2, sanctions hits 0."
CP-03566,Counterparty 03566 Holdings,KY,high,2025-07-24,0,3,"Grounded summary for CP-03566: jurisdictional exposure, UBO depth 3, sanctions hits 0."
CP-03567,Counterparty 03567 Holdings,DE,medium,2025-07-23,0,4,"Grounded summary for CP-03567: jurisdictional exposure, UBO depth 4, sanctions hits 0."
CP-03568,Counterparty 03568 Holdings,AE,low,2025-07-22,0,1,"Grounded summary for CP-03568: jurisdictional exposure, UBO depth 1, sanctions hits 0."
CP-03569,Counterparty 03569 Holdings,SG,critical,2025-07-21,0,2,"Grounded summary for CP-03569: jurisdictional exposure, UBO depth 2, sanctions hits 0."
CP-03570,Counterparty 03570 Holdings,US,high,2025-07-20,0,3,"Grounded summary for CP-03570: jurisdictional exposure, UBO depth 3, sanctions hits 0."
CP-03571,Counterparty 03571 Holdings,GB,medium,2025-07-19,0,4,"Grounded summary for CP-03571: jurisdictional exposure, UBO depth 4, sanctions hits 0."
CP-03572,Counterparty 03572 Holdings,KY,low,2025-07-18,0,1,"Grounded summary for CP-03572: jurisdictional exposure, UBO depth 1, sanctions hits 0."
CP-03573,Counterparty 03573 Holdings,DE,critical,2025-07-17,0,2,"Grounded summary for CP-03573: jurisdictional exposure, UBO depth 2, sanctions hits 0."
CP-03574,Counterparty 03574 Holdings,AE,high,2025-07-16,0,3,"Grounded summary for CP-03574: jurisdictional exposure, UBO depth 3, sanctions hits 0."
CP-03575,Counterparty 03575 Holdings,SG,medium,2025-07-15,0,4,"Grounded summary for CP-03575: jurisdictional exposure, UBO depth 4, sanctions hits 0."
CP-03576,Counterparty 03576 Holdings,US,low,2025-07-14,0,1,"Grounded summary for CP-03576: jurisdictional exposure, UBO depth 1, sanctions hits 0."
CP-03577,Counterparty 03577 Holdings,GB,critical,2025-07-13,0,2,"Grounded summary for CP-03577: jurisdictional exposure, UBO depth 2, sanctions hits 0."
CP-03578,Counterparty 03578 Holdings,KY,high,2025-07-12,0,3,"Grounded summary for CP-03578: jurisdictional exposure, UBO depth 3, sanctions hits 0."
CP-03579,Counterparty 03579 Holdings,DE,medium,2025-07-11,0,4,"Grounded summary for CP-03579: jurisdictional exposure, UBO depth 4, sanctions hits 0."
CP-03580,Counterparty 03580 Holdings,AE,low,2025-07-10,0,1,"Grounded summary for CP-03580: jurisdictional exposure, UBO depth 1, sanctions hits 0."
CP-03581,Counterparty 03581 Holdings,SG,critical,2025-07-09,0,2,"Grounded summary for CP-03581: jurisdictional exposure, UBO depth 2, sanctions hits 0."
CP-03582,Counterparty 03582 Holdings,US,high,2025-07-08,0,3,"Grounded summary for CP-03582: jurisdictional exposure, UBO depth 3, sanctions hits 0."
CP-03583,Counterparty 03583 Holdings,GB,medium,2025-07-07,0,4,"Grounded summary for CP-03583: jurisdictional exposure, UBO depth 4, sanctions hits 0."
CP-03584,Counterparty 03584 Holdings,KY,low,2025-07-06,0,1,"Grounded summary for CP-03584: jurisdictional exposure, UBO depth 1, sanctions hits 0."
CP-03585,Counterparty 03585 Holdings,DE,critical,2025-07-05,0,2,"Grounded summary for CP-03585: jurisdictional exposure, UBO depth 2, sanctions hits 0."
CP-03586,Counterparty 03586 Holdings,AE,high,2025-07-04,0,3,"Grounded summary for CP-03586: jurisdictional exposure, UBO depth 3, sanctions hits 0."
CP-03587,Counterparty 03587 Holdings,SG,medium,2025-07-03,0,4,"Grounded summary for CP-03587: jurisdictional exposure, UBO depth 4, sanctions hits 0."
CP-03588,Counterparty 03588 Holdings,US,low,2025-07-02,0,1,"Grounded summary for CP-03588: jurisdictional exposure, UBO depth 1, sanctions hits 0."
CP-03589,Counterparty 03589 Holdings,GB,critical,2025-07-01,0,2,"Grounded summary for CP-03589: jurisdictional exposure, UBO depth 2, sanctions hits 0."
CP-03590,Counterparty 03590 Holdings,KY,high,2025-06-30,0,3,"Grounded summary for CP-03590: jurisdictional exposure, UBO depth 3, sanctions hits 0."
CP-03591,Counterparty 03591 Holdings,DE,medium,2025-06-29,0,4,"Grounded summary for CP-03591: jurisdictional exposure, UBO depth 4, sanctions hits 0."
CP-03592,Counterparty 03592 Holdings,AE,low,2025-06-28,0,1,"Grounded summary for CP-03592: jurisdictional exposure, UBO depth 1, sanctions hits 0."
CP-03593,Counterparty 03593 Holdings,SG,critical,2025-06-27,0,2,"Grounded summary for CP-03593: jurisdictional exposure, UBO depth 2, sanctions hits 0."
CP-03594,Counterparty 03594 Holdings,US,high,2025-06-26,0,3,"Grounded summary for CP-03594: jurisdictional exposure, UBO depth 3, sanctions hits 0."
CP-03595,Counterparty 03595 Holdings,GB,medium,2025-06-25,0,4,"Grounded summary for CP-03595: jurisdictional exposure, UBO depth 4, sanctions hits 0."
CP-03596,Counterparty 03596 Holdings,KY,low,2025-06-24,0,1,"Grounded summary for CP-03596: jurisdictional exposure, UBO depth 1, sanctions hits 0."
CP-03597,Counterparty 03597 Holdings,DE,critical,2025-06-23,0,2,"Grounded summary for CP-03597: jurisdictional exposure, UBO depth 2, sanctions hits 0."
CP-03598,Counterparty 03598 Holdings,AE,high,2025-06-22,0,3,"Grounded summary for CP-03598: jurisdictional exposure, UBO depth 3, sanctions hits 0."
CP-03599,Counterparty 03599 Holdings,SG,medium,2025-06-21,0,4,"Grounded summary for CP-03599: jurisdictional exposure, UBO depth 4, sanctions hits 0."
CP-03600,Counterparty 03600 Holdings,US,low,2025-06-20,0,1,"Grounded summary for CP-03600: jurisdictional exposure, UBO depth 1, sanctions hits 0."
CP-03601,Counterparty 03601 Holdings,GB,critical,2025-06-19,0,2,"Grounded summary for CP-03601: jurisdictional exposure, UBO depth 2, sanctions hits 0."
CP-03602,Counterparty 03602 Holdings,KY,high,2025-06-18,0,3,"Grounded summary for CP-03602: jurisdictional exposure, UBO depth 3, sanctions hits 0."
CP-03603,Counterparty 03603 Holdings,DE,medium,2025-06-17,0,4,"Grounded summary for CP-03603: jurisdictional exposure, UBO depth 4, sanctions hits 0."
CP-03604,Counterparty 03604 Holdings,AE,low,2025-06-16,0,1,"Grounded summary for CP-03604: jurisdictional exposure, UBO depth 1, sanctions hits 0."
CP-03605,Counterparty 03605 Holdings,SG,critical,2025-06-15,0,2,"Grounded summary for CP-03605: jurisdictional exposure, UBO depth 2, sanctions hits 0."
CP-03606,Counterparty 03606 Holdings,US,high,2025-06-14,0,3,"Grounded summary for CP-03606: jurisdictional exposure, UBO depth 3, sanctions hits 0."
CP-03607,Counterparty 03607 Holdings,GB,medium,2025-06-13,0,4,"Grounded summary for CP-03607: jurisdictional exposure, UBO depth 4, sanctions hits 0."
CP-03608,Counterparty 03608 Holdings,KY,low,2025-06-12,0,1,"Grounded summary for CP-03608: jurisdictional exposure, UBO depth 1, sanctions hits 0."
CP-03609,Counterparty 03609 Holdings,DE,critical,2025-06-11,0,2,"Grounded summary for CP-03609: jurisdictional exposure, UBO depth 2, sanctions hits 0."
CP-03610,Counterparty 03610 Holdings,AE,high,2025-06-10,0,3,"Grounded summary for CP-03610: jurisdictional exposure, UBO depth 3, sanctions hits 0."
CP-03611,Counterparty 03611 Holdings,SG,medium,2025-06-09,0,4,"Grounded summary for CP-03611: jurisdictional exposure, UBO depth 4, sanctions hits 0."
CP-03612,Counterparty 03612 Holdings,US,low,2025-06-08,0,1,"Grounded summary for CP-03612: jurisdictional exposure, UBO depth 1, sanctions hits 0."
CP-03613,Counterparty 03613 Holdings,GB,critical,2025-06-07,0,2,"Grounded summary for CP-03613: jurisdictional exposure, UBO depth 2, sanctions hits 0."
CP-03614,Counterparty 03614 Holdings,KY,high,2025-06-06,0,3,"Grounded summary for CP-03614: jurisdictional exposure, UBO depth 3, sanctions hits 0."
CP-03615,Counterparty 03615 Holdings,DE,medium,2025-06-05,0,4,"Grounded summary for CP-03615: jurisdictional exposure, UBO depth 4, sanctions hits 0."
CP-03616,Counterparty 03616 Holdings,AE,low,2025-06-04,0,1,"Grounded summary for CP-03616: jurisdictional exposure, UBO depth 1, sanctions hits 0."
CP-03617,Counterparty 03617 Holdings,SG,critical,2025-06-03,0,2,"Grounded summary for CP-03617: jurisdictional exposure, UBO depth 2, sanctions hits 0."
CP-03618,Counterparty 03618 Holdings,US,high,2025-06-02,0,3,"Grounded summary for CP-03618: jurisdictional exposure, UBO depth 3, sanctions hits 0."
CP-03619,Counterparty 03619 Holdings,GB,medium,2025-06-01,0,4,"Grounded summary for CP-03619: jurisdictional exposure, UBO depth 4, sanctions hits 0."
CP-03620,Counterparty 03620 Holdings,KY,low,2025-05-31,0,1,"Grounded summary for CP-03620: jurisdictional exposure, UBO depth 1, sanctions hits 0."
CP-03621,Counterparty 03621 Holdings,DE,critical,2025-05-30,0,2,"Grounded summary for CP-03621: jurisdictional exposure, UBO depth 2, sanctions hits 0."
CP-03622,Counterparty 03622 Holdings,AE,high,2025-05-29,0,3,"Grounded summary for CP-03622: jurisdictional exposure, UBO depth 3, sanctions hits 0."
CP-03623,Counterparty 03623 Holdings,SG,medium,2025-05-28,0,4,"Grounded summary for CP-03623: jurisdictional exposure, UBO depth 4, sanctions hits 0."
CP-03624,Counterparty 03624 Holdings,US,low,2025-05-27,0,1,"Grounded summary for CP-03624: jurisdictional exposure, UBO depth 1, sanctions hits 0."
CP-03625,Counterparty 03625 Holdings,GB,critical,2025-05-26,0,2,"Grounded summary for CP-03625: jurisdictional exposure, UBO depth 2, sanctions hits 0."
CP-03626,Counterparty 03626 Holdings,KY,high,2025-05-25,0,3,"Grounded summary for CP-03626: jurisdictional exposure, UBO depth 3, sanctions hits 0."
CP-03627,Counterparty 03627 Holdings,DE,medium,2025-05-24,0,4,"Grounded summary for CP-03627: jurisdictional exposure, UBO depth 4, sanctions hits 0."
CP-03628,Counterparty 03628 Holdings,AE,low,2025-05-23,0,1,"Grounded summary for CP-03628: jurisdictional exposure, UBO depth 1, sanctions hits 0."
CP-03629,Counterparty 03629 Holdings,SG,critical,2025-05-22,0,2,"Grounded summary for CP-03629: jurisdictional exposure, UBO depth 2, sanctions hits 0."
CP-03630,Counterparty 03630 Holdings,US,high,2025-05-21,0,3,"Grounded summary for CP-03630: jurisdictional exposure, UBO depth 3, sanctions hits 0."
CP-03631,Counterparty 03631 Holdings,GB,medium,2025-05-20,0,4,"Grounded summary for CP-03631: jurisdictional exposure, UBO depth 4, sanctions hits 0."
CP-03632,Counterparty 03632 Holdings,KY,low,2025-05-19,0,1,"Grounded summary for CP-03632: jurisdictional exposure, UBO depth 1, sanctions hits 0."
CP-03633,Counterparty 03633 Holdings,DE,critical,2025-05-18,0,2,"Grounded summary for CP-03633: jurisdictional exposure, UBO depth 2, sanctions hits 0."
CP-03634,Counterparty 03634 Holdings,AE,high,2025-05-17,0,3,"Grounded summary for CP-03634: jurisdictional exposure, UBO depth 3, sanctions hits 0."
CP-03635,Counterparty 03635 Holdings,SG,medium,2025-05-16,0,4,"Grounded summary for CP-03635: jurisdictional exposure, UBO depth 4, sanctions hits 0."
CP-03636,Counterparty 03636 Holdings,US,low,2025-05-15,0,1,"Grounded summary for CP-03636: jurisdictional exposure, UBO depth 1, sanctions hits 0."
CP-03637,Counterparty 03637 Holdings,GB,critical,2025-05-14,0,2,"Grounded summary for CP-03637: jurisdictional exposure, UBO depth 2, sanctions hits 0."
CP-03638,Counterparty 03638 Holdings,KY,high,2025-05-13,0,3,"Grounded summary for CP-03638: jurisdictional exposure, UBO depth 3, sanctions hits 0."
CP-03639,Counterparty 03639 Holdings,DE,medium,2025-05-12,0,4,"Grounded summary for CP-03639: jurisdictional exposure, UBO depth 4, sanctions hits 0."
CP-03640,Counterparty 03640 Holdings,AE,low,2025-05-11,0,1,"Grounded summary for CP-03640: jurisdictional exposure, UBO depth 1, sanctions hits 0."
CP-03641,Counterparty 03641 Holdings,SG,critical,2025-05-10,0,2,"Grounded summary for CP-03641: jurisdictional exposure, UBO depth 2, sanctions hits 0."
CP-03642,Counterparty 03642 Holdings,US,high,2025-05-09,0,3,"Grounded summary for CP-03642: jurisdictional exposure, UBO depth 3, sanctions hits 0."
CP-03643,Counterparty 03643 Holdings,GB,medium,2025-05-08,0,4,"Grounded summary for CP-03643: jurisdictional exposure, UBO depth 4, sanctions hits 0."
CP-03644,Counterparty 03644 Holdings,KY,low,2025-05-07,0,1,"Grounded summary for CP-03644: jurisdictional exposure, UBO depth 1, sanctions hits 0."
CP-03645,Counterparty 03645 Holdings,DE,critical,2025-05-06,0,2,"Grounded summary for CP-03645: jurisdictional exposure, UBO depth 2, sanctions hits 0."
CP-03646,Counterparty 03646 Holdings,AE,high,2025-05-05,0,3,"Grounded summary for CP-03646: jurisdictional exposure, UBO depth 3, sanctions hits 0."
CP-03647,Counterparty 03647 Holdings,SG,medium,2025-05-04,0,4,"Grounded summary for CP-03647: jurisdictional exposure, UBO depth 4, sanctions hits 0."
CP-03648,Counterparty 03648 Holdings,US,low,2025-05-03,0,1,"Grounded summary for CP-03648: jurisdictional exposure, UBO depth 1, sanctions hits 0."
CP-03649,Counterparty 03649 Holdings,GB,critical,2025-05-02,0,2,"Grounded summary for CP-03649: jurisdictional exposure, UBO depth 2, sanctions hits 0."
CP-03650,Counterparty 03650 Holdings,KY,high,2026-05-01,0,3,"Grounded summary for CP-03650: jurisdictional exposure, UBO depth 3, sanctions hits 0."
CP-03651,Counterparty 03651 Holdings,DE,medium,2026-04-30,0,4,"Grounded summary for CP-03651: jurisdictional exposure, UBO depth 4, sanctions hits 0."
CP-03652,Counterparty 03652 Holdings,AE,low,2026-04-29,0,1,"Grounded summary for CP-03652: jurisdictional exposure, UBO depth 1, sanctions hits 0."
CP-03653,Counterparty 03653 Holdings,SG,critical,2026-04-28,0,2,"Grounded summary for CP-03653: jurisdictional exposure, UBO depth 2, sanctions hits 0."
CP-03654,Counterparty 03654 Holdings,US,high,2026-04-27,0,3,"Grounded summary for CP-03654: jurisdictional exposure, UBO depth 3, sanctions hits 0."
CP-03655,Counterparty 03655 Holdings,GB,medium,2026-04-26,0,4,"Grounded summary for CP-03655: jurisdictional exposure, UBO depth 4, sanctions hits 0."
CP-03656,Counterparty 03656 Holdings,KY,low,2026-04-25,0,1,"Grounded summary for CP-03656: jurisdictional exposure, UBO depth 1, sanctions hits 0."
CP-03657,Counterparty 03657 Holdings,DE,critical,2026-04-24,0,2,"Grounded summary for CP-03657: jurisdictional exposure, UBO depth 2, sanctions hits 0."
CP-03658,Counterparty 03658 Holdings,AE,high,2026-04-23,0,3,"Grounded summary for CP-03658: jurisdictional exposure, UBO depth 3, sanctions hits 0."
CP-03659,Counterparty 03659 Holdings,SG,medium,2026-04-22,0,4,"Grounded summary for CP-03659: jurisdictional exposure, UBO depth 4, sanctions hits 0."
CP-03660,Counterparty 03660 Holdings,US,low,2026-04-21,0,1,"Grounded summary for CP-03660: jurisdictional exposure, UBO depth 1, sanctions hits 0."
CP-03661,Counterparty 03661 Holdings,GB,critical,2026-04-20,0,2,"Grounded summary for CP-03661: jurisdictional exposure, UBO depth 2, sanctions hits 0."
CP-03662,Counterparty 03662 Holdings,KY,high,2026-04-19,0,3,"Grounded summary for CP-03662: jurisdictional exposure, UBO depth 3, sanctions hits 0."
CP-03663,Counterparty 03663 Holdings,DE,medium,2026-04-18,0,4,"Grounded summary for CP-03663: jurisdictional exposure, UBO depth 4, sanctions hits 0."
CP-03664,Counterparty 03664 Holdings,AE,low,2026-04-17,0,1,"Grounded summary for CP-03664: jurisdictional exposure, UBO depth 1, sanctions hits 0."
CP-03665,Counterparty 03665 Holdings,SG,critical,2026-04-16,0,2,"Grounded summary for CP-03665: jurisdictional exposure, UBO depth 2, sanctions hits 0."
CP-03666,Counterparty 03666 Holdings,US,high,2026-04-15,0,3,"Grounded summary for CP-03666: jurisdictional exposure, UBO depth 3, sanctions hits 0."
CP-03667,Counterparty 03667 Holdings,GB,medium,2026-04-14,0,4,"Grounded summary for CP-03667: jurisdictional exposure, UBO depth 4, sanctions hits 0."
CP-03668,Counterparty 03668 Holdings,KY,low,2026-04-13,0,1,"Grounded summary for CP-03668: jurisdictional exposure, UBO depth 1, sanctions hits 0."
CP-03669,Counterparty 03669 Holdings,DE,critical,2026-04-12,0,2,"Grounded summary for CP-03669: jurisdictional exposure, UBO depth 2, sanctions hits 0."
CP-03670,Counterparty 03670 Holdings,AE,high,2026-04-11,0,3,"Grounded summary for CP-03670: jurisdictional exposure, UBO depth 3, sanctions hits 0."
CP-03671,Counterparty 03671 Holdings,SG,medium,2026-04-10,0,4,"Grounded summary for CP-03671: jurisdictional exposure, UBO depth 4, sanctions hits 0."
CP-03672,Counterparty 03672 Holdings,US,low,2026-04-09,0,1,"Grounded summary for CP-03672: jurisdictional exposure, UBO depth 1, sanctions hits 0."
CP-03673,Counterparty 03673 Holdings,GB,critical,2026-04-08,0,2,"Grounded summary for CP-03673: jurisdictional exposure, UBO depth 2, sanctions hits 0."
CP-03674,Counterparty 03674 Holdings,KY,high,2026-04-07,0,3,"Grounded summary for CP-03674: jurisdictional exposure, UBO depth 3, sanctions hits 0."
CP-03675,Counterparty 03675 Holdings,DE,medium,2026-04-06,0,4,"Grounded summary for CP-03675: jurisdictional exposure, UBO depth 4, sanctions hits 0."
CP-03676,Counterparty 03676 Holdings,AE,low,2026-04-05,0,1,"Grounded summary for CP-03676: jurisdictional exposure, UBO depth 1, sanctions hits 0."
CP-03677,Counterparty 03677 Holdings,SG,critical,2026-04-04,0,2,"Grounded summary for CP-03677: jurisdictional exposure, UBO depth 2, sanctions hits 0."
CP-03678,Counterparty 03678 Holdings,US,high,2026-04-03,0,3,"Grounded summary for CP-03678: jurisdictional exposure, UBO depth 3, sanctions hits 0."
CP-03679,Counterparty 03679 Holdings,GB,medium,2026-04-02,0,4,"Grounded summary for CP-03679: jurisdictional exposure, UBO depth 4, sanctions hits 0."
CP-03680,Counterparty 03680 Holdings,KY,low,2026-04-01,0,1,"Grounded summary for CP-03680: jurisdictional exposure, UBO depth 1, sanctions hits 0."
CP-03681,Counterparty 03681 Holdings,DE,critical,2026-03-31,0,2,"Grounded summary for CP-03681: jurisdictional exposure, UBO depth 2, sanctions hits 0."
CP-03682,Counterparty 03682 Holdings,AE,high,2026-03-30,0,3,"Grounded summary for CP-03682: jurisdictional exposure, UBO depth 3, sanctions hits 0."
CP-03683,Counterparty 03683 Holdings,SG,medium,2026-03-29,0,4,"Grounded summary for CP-03683: jurisdictional exposure, UBO depth 4, sanctions hits 0."
CP-03684,Counterparty 03684 Holdings,US,low,2026-03-28,0,1,"Grounded summary for CP-03684: jurisdictional exposure, UBO depth 1, sanctions hits 0."
CP-03685,Counterparty 03685 Holdings,GB,critical,2026-03-27,0,2,"Grounded summary for CP-03685: jurisdictional exposure, UBO depth 2, sanctions hits 0."
CP-03686,Counterparty 03686 Holdings,KY,high,2026-03-26,0,3,"Grounded summary for CP-03686: jurisdictional exposure, UBO depth 3, sanctions hits 0."
CP-03687,Counterparty 03687 Holdings,DE,medium,2026-03-25,0,4,"Grounded summary for CP-03687: jurisdictional exposure, UBO depth 4, sanctions hits 0."
CP-03688,Counterparty 03688 Holdings,AE,low,2026-03-24,0,1,"Grounded summary for CP-03688: jurisdictional exposure, UBO depth 1, sanctions hits 0."
CP-03689,Counterparty 03689 Holdings,SG,critical,2026-03-23,0,2,"Grounded summary for CP-03689: jurisdictional exposure, UBO depth 2, sanctions hits 0."
CP-03690,Counterparty 03690 Holdings,US,high,2026-03-22,0,3,"Grounded summary for CP-03690: jurisdictional exposure, UBO depth 3, sanctions hits 0."
CP-03691,Counterparty 03691 Holdings,GB,medium,2026-03-21,0,4,"Grounded summary for CP-03691: jurisdictional exposure, UBO depth 4, sanctions hits 0."
CP-03692,Counterparty 03692 Holdings,KY,low,2026-03-20,0,1,"Grounded summary for CP-03692: jurisdictional exposure, UBO depth 1, sanctions hits 0."
CP-03693,Counterparty 03693 Holdings,DE,critical,2026-03-19,0,2,"Grounded summary for CP-03693: jurisdictional exposure, UBO depth 2, sanctions hits 0."
CP-03694,Counterparty 03694 Holdings,AE,high,2026-03-18,0,3,"Grounded summary for CP-03694: jurisdictional exposure, UBO depth 3, sanctions hits 0."
CP-03695,Counterparty 03695 Holdings,SG,medium,2026-03-17,0,4,"Grounded summary for CP-03695: jurisdictional exposure, UBO depth 4, sanctions hits 0."
CP-03696,Counterparty 03696 Holdings,US,low,2026-03-16,0,1,"Grounded summary for CP-03696: jurisdictional exposure, UBO depth 1, sanctions hits 0."
CP-03697,Counterparty 03697 Holdings,GB,critical,2026-03-15,0,2,"Grounded summary for CP-03697: jurisdictional exposure, UBO depth 2, sanctions hits 0."
CP-03698,Counterparty 03698 Holdings,KY,high,2026-03-14,0,3,"Grounded summary for CP-03698: jurisdictional exposure, UBO depth 3, sanctions hits 0."
CP-03699,Counterparty 03699 Holdings,DE,medium,2026-03-13,0,4,"Grounded summary for CP-03699: jurisdictional exposure, UBO depth 4, sanctions hits 0."
CP-03700,Counterparty 03700 Holdings,AE,low,2026-03-12,0,1,"Grounded summary for CP-03700: jurisdictional exposure, UBO depth 1, sanctions hits 0."
CP-03701,Counterparty 03701 Holdings,SG,critical,2026-03-11,0,2,"Grounded summary for CP-03701: jurisdictional exposure, UBO depth 2, sanctions hits 0."
CP-03702,Counterparty 03702 Holdings,US,high,2026-03-10,0,3,"Grounded summary for CP-03702: jurisdictional exposure, UBO depth 3, sanctions hits 0."
CP-03703,Counterparty 03703 Holdings,GB,medium,2026-03-09,0,4,"Grounded summary for CP-03703: jurisdictional exposure, UBO depth 4, sanctions hits 0."
CP-03704,Counterparty 03704 Holdings,KY,low,2026-03-08,0,1,"Grounded summary for CP-03704: jurisdictional exposure, UBO depth 1, sanctions hits 0."
CP-03705,Counterparty 03705 Holdings,DE,critical,2026-03-07,0,2,"Grounded summary for CP-03705: jurisdictional exposure, UBO depth 2, sanctions hits 0."
CP-03706,Counterparty 03706 Holdings,AE,high,2026-03-06,0,3,"Grounded summary for CP-03706: jurisdictional exposure, UBO depth 3, sanctions hits 0."
CP-03707,Counterparty 03707 Holdings,SG,medium,2026-03-05,0,4,"Grounded summary for CP-03707: jurisdictional exposure, UBO depth 4, sanctions hits 0."
CP-03708,Counterparty 03708 Holdings,US,low,2026-03-04,0,1,"Grounded summary for CP-03708: jurisdictional exposure, UBO depth 1, sanctions hits 0."
CP-03709,Counterparty 03709 Holdings,GB,critical,2026-03-03,0,2,"Grounded summary for CP-03709: jurisdictional exposure, UBO depth 2, sanctions hits 0."
CP-03710,Counterparty 03710 Holdings,KY,high,2026-03-02,0,3,"Grounded summary for CP-03710: jurisdictional exposure, UBO depth 3, sanctions hits 0."
CP-03711,Counterparty 03711 Holdings,DE,medium,2026-03-01,0,4,"Grounded summary for CP-03711: jurisdictional exposure, UBO depth 4, sanctions hits 0."
CP-03712,Counterparty 03712 Holdings,AE,low,2026-02-28,0,1,"Grounded summary for CP-03712: jurisdictional exposure, UBO depth 1, sanctions hits 0."
CP-03713,Counterparty 03713 Holdings,SG,critical,2026-02-27,0,2,"Grounded summary for CP-03713: jurisdictional exposure, UBO depth 2, sanctions hits 0."
CP-03714,Counterparty 03714 Holdings,US,high,2026-02-26,0,3,"Grounded summary for CP-03714: jurisdictional exposure, UBO depth 3, sanctions hits 0."
CP-03715,Counterparty 03715 Holdings,GB,medium,2026-02-25,0,4,"Grounded summary for CP-03715: jurisdictional exposure, UBO depth 4, sanctions hits 0."
CP-03716,Counterparty 03716 Holdings,KY,low,2026-02-24,0,1,"Grounded summary for CP-03716: jurisdictional exposure, UBO depth 1, sanctions hits 0."
CP-03717,Counterparty 03717 Holdings,DE,critical,2026-02-23,0,2,"Grounded summary for CP-03717: jurisdictional exposure, UBO depth 2, sanctions hits 0."
CP-03718,Counterparty 03718 Holdings,AE,high,2026-02-22,0,3,"Grounded summary for CP-03718: jurisdictional exposure, UBO depth 3, sanctions hits 0."
CP-03719,Counterparty 03719 Holdings,SG,medium,2026-02-21,0,4,"Grounded summary for CP-03719: jurisdictional exposure, UBO depth 4, sanctions hits 0."
CP-03720,Counterparty 03720 Holdings,US,low,2026-02-20,0,1,"Grounded summary for CP-03720: jurisdictional exposure, UBO depth 1, sanctions hits 0."
CP-03721,Counterparty 03721 Holdings,GB,critical,2026-02-19,0,2,"Grounded summary for CP-03721: jurisdictional exposure, UBO depth 2, sanctions hits 0."
CP-03722,Counterparty 03722 Holdings,KY,high,2026-02-18,0,3,"Grounded summary for CP-03722: jurisdictional exposure, UBO depth 3, sanctions hits 0."
CP-03723,Counterparty 03723 Holdings,DE,medium,2026-02-17,0,4,"Grounded summary for CP-03723: jurisdictional exposure, UBO depth 4, sanctions hits 0."
CP-03724,Counterparty 03724 Holdings,AE,low,2026-02-16,0,1,"Grounded summary for CP-03724: jurisdictional exposure, UBO depth 1, sanctions hits 0."
CP-03725,Counterparty 03725 Holdings,SG,critical,2026-02-15,0,2,"Grounded summary for CP-03725: jurisdictional exposure, UBO depth 2, sanctions hits 0."
CP-03726,Counterparty 03726 Holdings,US,high,2026-02-14,0,3,"Grounded summary for CP-03726: jurisdictional exposure, UBO depth 3, sanctions hits 0."
CP-03727,Counterparty 03727 Holdings,GB,medium,2026-02-13,0,4,"Grounded summary for CP-03727: jurisdictional exposure, UBO depth 4, sanctions hits 0."
CP-03728,Counterparty 03728 Holdings,KY,low,2026-02-12,0,1,"Grounded summary for CP-03728: jurisdictional exposure, UBO depth 1, sanctions hits 0."
CP-03729,Counterparty 03729 Holdings,DE,critical,2026-02-11,0,2,"Grounded summary for CP-03729: jurisdictional exposure, UBO depth 2, sanctions hits 0."
CP-03730,Counterparty 03730 Holdings,AE,high,2026-02-10,0,3,"Grounded summary for CP-03730: jurisdictional exposure, UBO depth 3, sanctions hits 0."
CP-03731,Counterparty 03731 Holdings,SG,medium,2026-02-09,0,4,"Grounded summary for CP-03731: jurisdictional exposure, UBO depth 4, sanctions hits 0."
CP-03732,Counterparty 03732 Holdings,US,low,2026-02-08,0,1,"Grounded summary for CP-03732: jurisdictional exposure, UBO depth 1, sanctions hits 0."
CP-03733,Counterparty 03733 Holdings,GB,critical,2026-02-07,0,2,"Grounded summary for CP-03733: jurisdictional exposure, UBO depth 2, sanctions hits 0."
CP-03734,Counterparty 03734 Holdings,KY,high,2026-02-06,0,3,"Grounded summary for CP-03734: jurisdictional exposure, UBO depth 3, sanctions hits 0."
CP-03735,Counterparty 03735 Holdings,DE,medium,2026-02-05,0,4,"Grounded summary for CP-03735: jurisdictional exposure, UBO depth 4, sanctions hits 0."
CP-03736,Counterparty 03736 Holdings,AE,low,2026-02-04,0,1,"Grounded summary for CP-03736: jurisdictional exposure, UBO depth 1, sanctions hits 0."
CP-03737,Counterparty 03737 Holdings,SG,critical,2026-02-03,0,2,"Grounded summary for CP-03737: jurisdictional exposure, UBO depth 2, sanctions hits 0."
CP-03738,Counterparty 03738 Holdings,US,high,2026-02-02,0,3,"Grounded summary for CP-03738: jurisdictional exposure, UBO depth 3, sanctions hits 0."
CP-03739,Counterparty 03739 Holdings,GB,medium,2026-02-01,0,4,"Grounded summary for CP-03739: jurisdictional exposure, UBO depth 4, sanctions hits 0."
CP-03740,Counterparty 03740 Holdings,KY,low,2026-01-31,0,1,"Grounded summary for CP-03740: jurisdictional exposure, UBO depth 1, sanctions hits 0."
CP-03741,Counterparty 03741 Holdings,DE,critical,2026-01-30,0,2,"Grounded summary for CP-03741: jurisdictional exposure, UBO depth 2, sanctions hits 0."
CP-03742,Counterparty 03742 Holdings,AE,high,2026-01-29,0,3,"Grounded summary for CP-03742: jurisdictional exposure, UBO depth 3, sanctions hits 0."
CP-03743,Counterparty 03743 Holdings,SG,medium,2026-01-28,0,4,"Grounded summary for CP-03743: jurisdictional exposure, UBO depth 4, sanctions hits 0."
CP-03744,Counterparty 03744 Holdings,US,low,2026-01-27,0,1,"Grounded summary for CP-03744: jurisdictional exposure, UBO depth 1, sanctions hits 0."
CP-03745,Counterparty 03745 Holdings,GB,critical,2026-01-26,0,2,"Grounded summary for CP-03745: jurisdictional exposure, UBO depth 2, sanctions hits 0."
CP-03746,Counterparty 03746 Holdings,KY,high,2026-01-25,0,3,"Grounded summary for CP-03746: jurisdictional exposure, UBO depth 3, sanctions hits 0."
CP-03747,Counterparty 03747 Holdings,DE,medium,2026-01-24,0,4,"Grounded summary for CP-03747: jurisdictional exposure, UBO depth 4, sanctions hits 0."
CP-03748,Counterparty 03748 Holdings,AE,low,2026-01-23,0,1,"Grounded summary for CP-03748: jurisdictional exposure, UBO depth 1, sanctions hits 0."
CP-03749,Counterparty 03749 Holdings,SG,critical,2026-01-22,0,2,"Grounded summary for CP-03749: jurisdictional exposure, UBO depth 2, sanctions hits 0."
CP-03750,Counterparty 03750 Holdings,US,high,2026-01-21,0,3,"Grounded summary for CP-03750: jurisdictional exposure, UBO depth 3, sanctions hits 0."
CP-03751,Counterparty 03751 Holdings,GB,medium,2026-01-20,0,4,"Grounded summary for CP-03751: jurisdictional exposure, UBO depth 4, sanctions hits 0."
CP-03752,Counterparty 03752 Holdings,KY,low,2026-01-19,0,1,"Grounded summary for CP-03752: jurisdictional exposure, UBO depth 1, sanctions hits 0."
CP-03753,Counterparty 03753 Holdings,DE,critical,2026-01-18,0,2,"Grounded summary for CP-03753: jurisdictional exposure, UBO depth 2, sanctions hits 0."
CP-03754,Counterparty 03754 Holdings,AE,high,2026-01-17,0,3,"Grounded summary for CP-03754: jurisdictional exposure, UBO depth 3, sanctions hits 0."
CP-03755,Counterparty 03755 Holdings,SG,medium,2026-01-16,0,4,"Grounded summary for CP-03755: jurisdictional exposure, UBO depth 4, sanctions hits 0."
CP-03756,Counterparty 03756 Holdings,US,low,2026-01-15,0,1,"Grounded summary for CP-03756: jurisdictional exposure, UBO depth 1, sanctions hits 0."
CP-03757,Counterparty 03757 Holdings,GB,critical,2026-01-14,0,2,"Grounded summary for CP-03757: jurisdictional exposure, UBO depth 2, sanctions hits 0."
CP-03758,Counterparty 03758 Holdings,KY,high,2026-01-13,0,3,"Grounded summary for CP-03758: jurisdictional exposure, UBO depth 3, sanctions hits 0."
CP-03759,Counterparty 03759 Holdings,DE,medium,2026-01-12,0,4,"Grounded summary for CP-03759: jurisdictional exposure, UBO depth 4, sanctions hits 0."
CP-03760,Counterparty 03760 Holdings,AE,low,2026-01-11,0,1,"Grounded summary for CP-03760: jurisdictional exposure, UBO depth 1, sanctions hits 0."
CP-03761,Counterparty 03761 Holdings,SG,critical,2026-01-10,0,2,"Grounded summary for CP-03761: jurisdictional exposure, UBO depth 2, sanctions hits 0."
CP-03762,Counterparty 03762 Holdings,US,high,2026-01-09,0,3,"Grounded summary for CP-03762: jurisdictional exposure, UBO depth 3, sanctions hits 0."
CP-03763,Counterparty 03763 Holdings,GB,medium,2026-01-08,0,4,"Grounded summary for CP-03763: jurisdictional exposure, UBO depth 4, sanctions hits 0."
CP-03764,Counterparty 03764 Holdings,KY,low,2026-01-07,0,1,"Grounded summary for CP-03764: jurisdictional exposure, UBO depth 1, sanctions hits 0."
CP-03765,Counterparty 03765 Holdings,DE,critical,2026-01-06,0,2,"Grounded summary for CP-03765: jurisdictional exposure, UBO depth 2, sanctions hits 0."
CP-03766,Counterparty 03766 Holdings,AE,high,2026-01-05,0,3,"Grounded summary for CP-03766: jurisdictional exposure, UBO depth 3, sanctions hits 0."
CP-03767,Counterparty 03767 Holdings,SG,medium,2026-01-04,0,4,"Grounded summary for CP-03767: jurisdictional exposure, UBO depth 4, sanctions hits 0."
CP-03768,Counterparty 03768 Holdings,US,low,2026-01-03,0,1,"Grounded summary for CP-03768: jurisdictional exposure, UBO depth 1, sanctions hits 0."
CP-03769,Counterparty 03769 Holdings,GB,critical,2026-01-02,0,2,"Grounded summary for CP-03769: jurisdictional exposure, UBO depth 2, sanctions hits 0."
CP-03770,Counterparty 03770 Holdings,KY,high,2026-01-01,0,3,"Grounded summary for CP-03770: jurisdictional exposure, UBO depth 3, sanctions hits 0."
CP-03771,Counterparty 03771 Holdings,DE,medium,2025-12-31,0,4,"Grounded summary for CP-03771: jurisdictional exposure, UBO depth 4, sanctions hits 0."
CP-03772,Counterparty 03772 Holdings,AE,low,2025-12-30,0,1,"Grounded summary for CP-03772: jurisdictional exposure, UBO depth 1, sanctions hits 0."
CP-03773,Counterparty 03773 Holdings,SG,critical,2025-12-29,0,2,"Grounded summary for CP-03773: jurisdictional exposure, UBO depth 2, sanctions hits 0."
CP-03774,Counterparty 03774 Holdings,US,high,2025-12-28,0,3,"Grounded summary for CP-03774: jurisdictional exposure, UBO depth 3, sanctions hits 0."
CP-03775,Counterparty 03775 Holdings,GB,medium,2025-12-27,0,4,"Grounded summary for CP-03775: jurisdictional exposure, UBO depth 4, sanctions hits 0."
CP-03776,Counterparty 03776 Holdings,KY,low,2025-12-26,0,1,"Grounded summary for CP-03776: jurisdictional exposure, UBO depth 1, sanctions hits 0."
CP-03777,Counterparty 03777 Holdings,DE,critical,2025-12-25,0,2,"Grounded summary for CP-03777: jurisdictional exposure, UBO depth 2, sanctions hits 0."
CP-03778,Counterparty 03778 Holdings,AE,high,2025-12-24,0,3,"Grounded summary for CP-03778: jurisdictional exposure, UBO depth 3, sanctions hits 0."
CP-03779,Counterparty 03779 Holdings,SG,medium,2025-12-23,0,4,"Grounded summary for CP-03779: jurisdictional exposure, UBO depth 4, sanctions hits 0."
CP-03780,Counterparty 03780 Holdings,US,low,2025-12-22,0,1,"Grounded summary for CP-03780: jurisdictional exposure, UBO depth 1, sanctions hits 0."
CP-03781,Counterparty 03781 Holdings,GB,critical,2025-12-21,0,2,"Grounded summary for CP-03781: jurisdictional exposure, UBO depth 2, sanctions hits 0."
CP-03782,Counterparty 03782 Holdings,KY,high,2025-12-20,0,3,"Grounded summary for CP-03782: jurisdictional exposure, UBO depth 3, sanctions hits 0."
CP-03783,Counterparty 03783 Holdings,DE,medium,2025-12-19,0,4,"Grounded summary for CP-03783: jurisdictional exposure, UBO depth 4, sanctions hits 0."
CP-03784,Counterparty 03784 Holdings,AE,low,2025-12-18,0,1,"Grounded summary for CP-03784: jurisdictional exposure, UBO depth 1, sanctions hits 0."
CP-03785,Counterparty 03785 Holdings,SG,critical,2025-12-17,0,2,"Grounded summary for CP-03785: jurisdictional exposure, UBO depth 2, sanctions hits 0."
CP-03786,Counterparty 03786 Holdings,US,high,2025-12-16,0,3,"Grounded summary for CP-03786: jurisdictional exposure, UBO depth 3, sanctions hits 0."
CP-03787,Counterparty 03787 Holdings,GB,medium,2025-12-15,0,4,"Grounded summary for CP-03787: jurisdictional exposure, UBO depth 4, sanctions hits 0."
CP-03788,Counterparty 03788 Holdings,KY,low,2025-12-14,0,1,"Grounded summary for CP-03788: jurisdictional exposure, UBO depth 1, sanctions hits 0."
CP-03789,Counterparty 03789 Holdings,DE,critical,2025-12-13,0,2,"Grounded summary for CP-03789: jurisdictional exposure, UBO depth 2, sanctions hits 0."
CP-03790,Counterparty 03790 Holdings,AE,high,2025-12-12,0,3,"Grounded summary for CP-03790: jurisdictional exposure, UBO depth 3, sanctions hits 0."
CP-03791,Counterparty 03791 Holdings,SG,medium,2025-12-11,0,4,"Grounded summary for CP-03791: jurisdictional exposure, UBO depth 4, sanctions hits 0."
CP-03792,Counterparty 03792 Holdings,US,low,2025-12-10,0,1,"Grounded summary for CP-03792: jurisdictional exposure, UBO depth 1, sanctions hits 0."
CP-03793,Counterparty 03793 Holdings,GB,critical,2025-12-09,0,2,"Grounded summary for CP-03793: jurisdictional exposure, UBO depth 2, sanctions hits 0."
CP-03794,Counterparty 03794 Holdings,KY,high,2025-12-08,0,3,"Grounded summary for CP-03794: jurisdictional exposure, UBO depth 3, sanctions hits 0."
CP-03795,Counterparty 03795 Holdings,DE,medium,2025-12-07,0,4,"Grounded summary for CP-03795: jurisdictional exposure, UBO depth 4, sanctions hits 0."
CP-03796,Counterparty 03796 Holdings,AE,low,2025-12-06,0,1,"Grounded summary for CP-03796: jurisdictional exposure, UBO depth 1, sanctions hits 0."
CP-03797,Counterparty 03797 Holdings,SG,critical,2025-12-05,0,2,"Grounded summary for CP-03797: jurisdictional exposure, UBO depth 2, sanctions hits 0."
CP-03798,Counterparty 03798 Holdings,US,high,2025-12-04,0,3,"Grounded summary for CP-03798: jurisdictional exposure, UBO depth 3, sanctions hits 0."
CP-03799,Counterparty 03799 Holdings,GB,medium,2025-12-03,0,4,"Grounded summary for CP-03799: jurisdictional exposure, UBO depth 4, sanctions hits 0."
CP-03800,Counterparty 03800 Holdings,KY,low,2025-12-02,0,1,"Grounded summary for CP-03800: jurisdictional exposure, UBO depth 1, sanctions hits 0."
CP-03801,Counterparty 03801 Holdings,DE,critical,2025-12-01,0,2,"Grounded summary for CP-03801: jurisdictional exposure, UBO depth 2, sanctions hits 0."
CP-03802,Counterparty 03802 Holdings,AE,high,2025-11-30,0,3,"Grounded summary for CP-03802: jurisdictional exposure, UBO depth 3, sanctions hits 0."
CP-03803,Counterparty 03803 Holdings,SG,medium,2025-11-29,0,4,"Grounded summary for CP-03803: jurisdictional exposure, UBO depth 4, sanctions hits 0."
CP-03804,Counterparty 03804 Holdings,US,low,2025-11-28,0,1,"Grounded summary for CP-03804: jurisdictional exposure, UBO depth 1, sanctions hits 0."
CP-03805,Counterparty 03805 Holdings,GB,critical,2025-11-27,0,2,"Grounded summary for CP-03805: jurisdictional exposure, UBO depth 2, sanctions hits 0."
CP-03806,Counterparty 03806 Holdings,KY,high,2025-11-26,0,3,"Grounded summary for CP-03806: jurisdictional exposure, UBO depth 3, sanctions hits 0."
CP-03807,Counterparty 03807 Holdings,DE,medium,2025-11-25,0,4,"Grounded summary for CP-03807: jurisdictional exposure, UBO depth 4, sanctions hits 0."
CP-03808,Counterparty 03808 Holdings,AE,low,2025-11-24,0,1,"Grounded summary for CP-03808: jurisdictional exposure, UBO depth 1, sanctions hits 0."
CP-03809,Counterparty 03809 Holdings,SG,critical,2025-11-23,0,2,"Grounded summary for CP-03809: jurisdictional exposure, UBO depth 2, sanctions hits 0."
CP-03810,Counterparty 03810 Holdings,US,high,2025-11-22,0,3,"Grounded summary for CP-03810: jurisdictional exposure, UBO depth 3, sanctions hits 0."
CP-03811,Counterparty 03811 Holdings,GB,medium,2025-11-21,0,4,"Grounded summary for CP-03811: jurisdictional exposure, UBO depth 4, sanctions hits 0."
CP-03812,Counterparty 03812 Holdings,KY,low,2025-11-20,0,1,"Grounded summary for CP-03812: jurisdictional exposure, UBO depth 1, sanctions hits 0."
CP-03813,Counterparty 03813 Holdings,DE,critical,2025-11-19,0,2,"Grounded summary for CP-03813: jurisdictional exposure, UBO depth 2, sanctions hits 0."
CP-03814,Counterparty 03814 Holdings,AE,high,2025-11-18,0,3,"Grounded summary for CP-03814: jurisdictional exposure, UBO depth 3, sanctions hits 0."
CP-03815,Counterparty 03815 Holdings,SG,medium,2025-11-17,0,4,"Grounded summary for CP-03815: jurisdictional exposure, UBO depth 4, sanctions hits 0."
CP-03816,Counterparty 03816 Holdings,US,low,2025-11-16,0,1,"Grounded summary for CP-03816: jurisdictional exposure, UBO depth 1, sanctions hits 0."
CP-03817,Counterparty 03817 Holdings,GB,critical,2025-11-15,0,2,"Grounded summary for CP-03817: jurisdictional exposure, UBO depth 2, sanctions hits 0."
CP-03818,Counterparty 03818 Holdings,KY,high,2025-11-14,0,3,"Grounded summary for CP-03818: jurisdictional exposure, UBO depth 3, sanctions hits 0."
CP-03819,Counterparty 03819 Holdings,DE,medium,2025-11-13,0,4,"Grounded summary for CP-03819: jurisdictional exposure, UBO depth 4, sanctions hits 0."
CP-03820,Counterparty 03820 Holdings,AE,low,2025-11-12,0,1,"Grounded summary for CP-03820: jurisdictional exposure, UBO depth 1, sanctions hits 0."
CP-03821,Counterparty 03821 Holdings,SG,critical,2025-11-11,0,2,"Grounded summary for CP-03821: jurisdictional exposure, UBO depth 2, sanctions hits 0."
CP-03822,Counterparty 03822 Holdings,US,high,2025-11-10,0,3,"Grounded summary for CP-03822: jurisdictional exposure, UBO depth 3, sanctions hits 0."
CP-03823,Counterparty 03823 Holdings,GB,medium,2025-11-09,0,4,"Grounded summary for CP-03823: jurisdictional exposure, UBO depth 4, sanctions hits 0."
CP-03824,Counterparty 03824 Holdings,KY,low,2025-11-08,0,1,"Grounded summary for CP-03824: jurisdictional exposure, UBO depth 1, sanctions hits 0."
CP-03825,Counterparty 03825 Holdings,DE,critical,2025-11-07,0,2,"Grounded summary for CP-03825: jurisdictional exposure, UBO depth 2, sanctions hits 0."
CP-03826,Counterparty 03826 Holdings,AE,high,2025-11-06,0,3,"Grounded summary for CP-03826: jurisdictional exposure, UBO depth 3, sanctions hits 0."
CP-03827,Counterparty 03827 Holdings,SG,medium,2025-11-05,0,4,"Grounded summary for CP-03827: jurisdictional exposure, UBO depth 4, sanctions hits 0."
CP-03828,Counterparty 03828 Holdings,US,low,2025-11-04,0,1,"Grounded summary for CP-03828: jurisdictional exposure, UBO depth 1, sanctions hits 0."
CP-03829,Counterparty 03829 Holdings,GB,critical,2025-11-03,0,2,"Grounded summary for CP-03829: jurisdictional exposure, UBO depth 2, sanctions hits 0."
CP-03830,Counterparty 03830 Holdings,KY,high,2025-11-02,0,3,"Grounded summary for CP-03830: jurisdictional exposure, UBO depth 3, sanctions hits 0."
CP-03831,Counterparty 03831 Holdings,DE,medium,2025-11-01,0,4,"Grounded summary for CP-03831: jurisdictional exposure, UBO depth 4, sanctions hits 0."
CP-03832,Counterparty 03832 Holdings,AE,low,2025-10-31,0,1,"Grounded summary for CP-03832: jurisdictional exposure, UBO depth 1, sanctions hits 0."
CP-03833,Counterparty 03833 Holdings,SG,critical,2025-10-30,0,2,"Grounded summary for CP-03833: jurisdictional exposure, UBO depth 2, sanctions hits 0."
CP-03834,Counterparty 03834 Holdings,US,high,2025-10-29,0,3,"Grounded summary for CP-03834: jurisdictional exposure, UBO depth 3, sanctions hits 0."
CP-03835,Counterparty 03835 Holdings,GB,medium,2025-10-28,0,4,"Grounded summary for CP-03835: jurisdictional exposure, UBO depth 4, sanctions hits 0."
CP-03836,Counterparty 03836 Holdings,KY,low,2025-10-27,0,1,"Grounded summary for CP-03836: jurisdictional exposure, UBO depth 1, sanctions hits 0."
CP-03837,Counterparty 03837 Holdings,DE,critical,2025-10-26,0,2,"Grounded summary for CP-03837: jurisdictional exposure, UBO depth 2, sanctions hits 0."
CP-03838,Counterparty 03838 Holdings,AE,high,2025-10-25,0,3,"Grounded summary for CP-03838: jurisdictional exposure, UBO depth 3, sanctions hits 0."
CP-03839,Counterparty 03839 Holdings,SG,medium,2025-10-24,0,4,"Grounded summary for CP-03839: jurisdictional exposure, UBO depth 4, sanctions hits 0."
CP-03840,Counterparty 03840 Holdings,US,low,2025-10-23,0,1,"Grounded summary for CP-03840: jurisdictional exposure, UBO depth 1, sanctions hits 0."
CP-03841,Counterparty 03841 Holdings,GB,critical,2025-10-22,0,2,"Grounded summary for CP-03841: jurisdictional exposure, UBO depth 2, sanctions hits 0."
CP-03842,Counterparty 03842 Holdings,KY,high,2025-10-21,0,3,"Grounded summary for CP-03842: jurisdictional exposure, UBO depth 3, sanctions hits 0."
CP-03843,Counterparty 03843 Holdings,DE,medium,2025-10-20,0,4,"Grounded summary for CP-03843: jurisdictional exposure, UBO depth 4, sanctions hits 0."
CP-03844,Counterparty 03844 Holdings,AE,low,2025-10-19,0,1,"Grounded summary for CP-03844: jurisdictional exposure, UBO depth 1, sanctions hits 0."
CP-03845,Counterparty 03845 Holdings,SG,critical,2025-10-18,0,2,"Grounded summary for CP-03845: jurisdictional exposure, UBO depth 2, sanctions hits 0."
CP-03846,Counterparty 03846 Holdings,US,high,2025-10-17,0,3,"Grounded summary for CP-03846: jurisdictional exposure, UBO depth 3, sanctions hits 0."
CP-03847,Counterparty 03847 Holdings,GB,medium,2025-10-16,0,4,"Grounded summary for CP-03847: jurisdictional exposure, UBO depth 4, sanctions hits 0."
CP-03848,Counterparty 03848 Holdings,KY,low,2025-10-15,0,1,"Grounded summary for CP-03848: jurisdictional exposure, UBO depth 1, sanctions hits 0."
CP-03849,Counterparty 03849 Holdings,DE,critical,2025-10-14,0,2,"Grounded summary for CP-03849: jurisdictional exposure, UBO depth 2, sanctions hits 0."
CP-03850,Counterparty 03850 Holdings,AE,high,2025-10-13,0,3,"Grounded summary for CP-03850: jurisdictional exposure, UBO depth 3, sanctions hits 0."
CP-03851,Counterparty 03851 Holdings,SG,medium,2025-10-12,0,4,"Grounded summary for CP-03851: jurisdictional exposure, UBO depth 4, sanctions hits 0."
CP-03852,Counterparty 03852 Holdings,US,low,2025-10-11,0,1,"Grounded summary for CP-03852: jurisdictional exposure, UBO depth 1, sanctions hits 0."
CP-03853,Counterparty 03853 Holdings,GB,critical,2025-10-10,0,2,"Grounded summary for CP-03853: jurisdictional exposure, UBO depth 2, sanctions hits 0."
CP-03854,Counterparty 03854 Holdings,KY,high,2025-10-09,0,3,"Grounded summary for CP-03854: jurisdictional exposure, UBO depth 3, sanctions hits 0."
CP-03855,Counterparty 03855 Holdings,DE,medium,2025-10-08,0,4,"Grounded summary for CP-03855: jurisdictional exposure, UBO depth 4, sanctions hits 0."
CP-03856,Counterparty 03856 Holdings,AE,low,2025-10-07,0,1,"Grounded summary for CP-03856: jurisdictional exposure, UBO depth 1, sanctions hits 0."
CP-03857,Counterparty 03857 Holdings,SG,critical,2025-10-06,0,2,"Grounded summary for CP-03857: jurisdictional exposure, UBO depth 2, sanctions hits 0."
CP-03858,Counterparty 03858 Holdings,US,high,2025-10-05,0,3,"Grounded summary for CP-03858: jurisdictional exposure, UBO depth 3, sanctions hits 0."
CP-03859,Counterparty 03859 Holdings,GB,medium,2025-10-04,0,4,"Grounded summary for CP-03859: jurisdictional exposure, UBO depth 4, sanctions hits 0."
CP-03860,Counterparty 03860 Holdings,KY,low,2025-10-03,0,1,"Grounded summary for CP-03860: jurisdictional exposure, UBO depth 1, sanctions hits 0."
CP-03861,Counterparty 03861 Holdings,DE,critical,2025-10-02,0,2,"Grounded summary for CP-03861: jurisdictional exposure, UBO depth 2, sanctions hits 0."
CP-03862,Counterparty 03862 Holdings,AE,high,2025-10-01,0,3,"Grounded summary for CP-03862: jurisdictional exposure, UBO depth 3, sanctions hits 0."
CP-03863,Counterparty 03863 Holdings,SG,medium,2025-09-30,0,4,"Grounded summary for CP-03863: jurisdictional exposure, UBO depth 4, sanctions hits 0."
CP-03864,Counterparty 03864 Holdings,US,low,2025-09-29,0,1,"Grounded summary for CP-03864: jurisdictional exposure, UBO depth 1, sanctions hits 0."
CP-03865,Counterparty 03865 Holdings,GB,critical,2025-09-28,0,2,"Grounded summary for CP-03865: jurisdictional exposure, UBO depth 2, sanctions hits 0."
CP-03866,Counterparty 03866 Holdings,KY,high,2025-09-27,0,3,"Grounded summary for CP-03866: jurisdictional exposure, UBO depth 3, sanctions hits 0."
CP-03867,Counterparty 03867 Holdings,DE,medium,2025-09-26,0,4,"Grounded summary for CP-03867: jurisdictional exposure, UBO depth 4, sanctions hits 0."
CP-03868,Counterparty 03868 Holdings,AE,low,2025-09-25,0,1,"Grounded summary for CP-03868: jurisdictional exposure, UBO depth 1, sanctions hits 0."
CP-03869,Counterparty 03869 Holdings,SG,critical,2025-09-24,0,2,"Grounded summary for CP-03869: jurisdictional exposure, UBO depth 2, sanctions hits 0."
CP-03870,Counterparty 03870 Holdings,US,high,2025-09-23,0,3,"Grounded summary for CP-03870: jurisdictional exposure, UBO depth 3, sanctions hits 0."
CP-03871,Counterparty 03871 Holdings,GB,medium,2025-09-22,0,4,"Grounded summary for CP-03871: jurisdictional exposure, UBO depth 4, sanctions hits 0."
CP-03872,Counterparty 03872 Holdings,KY,low,2025-09-21,0,1,"Grounded summary for CP-03872: jurisdictional exposure, UBO depth 1, sanctions hits 0."
CP-03873,Counterparty 03873 Holdings,DE,critical,2025-09-20,0,2,"Grounded summary for CP-03873: jurisdictional exposure, UBO depth 2, sanctions hits 0."
CP-03874,Counterparty 03874 Holdings,AE,high,2025-09-19,0,3,"Grounded summary for CP-03874: jurisdictional exposure, UBO depth 3, sanctions hits 0."
CP-03875,Counterparty 03875 Holdings,SG,medium,2025-09-18,0,4,"Grounded summary for CP-03875: jurisdictional exposure, UBO depth 4, sanctions hits 0."
CP-03876,Counterparty 03876 Holdings,US,low,2025-09-17,0,1,"Grounded summary for CP-03876: jurisdictional exposure, UBO depth 1, sanctions hits 0."
CP-03877,Counterparty 03877 Holdings,GB,critical,2025-09-16,0,2,"Grounded summary for CP-03877: jurisdictional exposure, UBO depth 2, sanctions hits 0."
CP-03878,Counterparty 03878 Holdings,KY,high,2025-09-15,0,3,"Grounded summary for CP-03878: jurisdictional exposure, UBO depth 3, sanctions hits 0."
CP-03879,Counterparty 03879 Holdings,DE,medium,2025-09-14,0,4,"Grounded summary for CP-03879: jurisdictional exposure, UBO depth 4, sanctions hits 0."
CP-03880,Counterparty 03880 Holdings,AE,low,2025-09-13,0,1,"Grounded summary for CP-03880: jurisdictional exposure, UBO depth 1, sanctions hits 0."
CP-03881,Counterparty 03881 Holdings,SG,critical,2025-09-12,0,2,"Grounded summary for CP-03881: jurisdictional exposure, UBO depth 2, sanctions hits 0."
CP-03882,Counterparty 03882 Holdings,US,high,2025-09-11,0,3,"Grounded summary for CP-03882: jurisdictional exposure, UBO depth 3, sanctions hits 0."
CP-03883,Counterparty 03883 Holdings,GB,medium,2025-09-10,0,4,"Grounded summary for CP-03883: jurisdictional exposure, UBO depth 4, sanctions hits 0."
CP-03884,Counterparty 03884 Holdings,KY,low,2025-09-09,0,1,"Grounded summary for CP-03884: jurisdictional exposure, UBO depth 1, sanctions hits 0."
CP-03885,Counterparty 03885 Holdings,DE,critical,2025-09-08,0,2,"Grounded summary for CP-03885: jurisdictional exposure, UBO depth 2, sanctions hits 0."
CP-03886,Counterparty 03886 Holdings,AE,high,2025-09-07,0,3,"Grounded summary for CP-03886: jurisdictional exposure, UBO depth 3, sanctions hits 0."
CP-03887,Counterparty 03887 Holdings,SG,medium,2025-09-06,0,4,"Grounded summary for CP-03887: jurisdictional exposure, UBO depth 4, sanctions hits 0."
CP-03888,Counterparty 03888 Holdings,US,low,2025-09-05,0,1,"Grounded summary for CP-03888: jurisdictional exposure, UBO depth 1, sanctions hits 0."
CP-03889,Counterparty 03889 Holdings,GB,critical,2025-09-04,0,2,"Grounded summary for CP-03889: jurisdictional exposure, UBO depth 2, sanctions hits 0."
CP-03890,Counterparty 03890 Holdings,KY,high,2025-09-03,0,3,"Grounded summary for CP-03890: jurisdictional exposure, UBO depth 3, sanctions hits 0."
CP-03891,Counterparty 03891 Holdings,DE,medium,2025-09-02,0,4,"Grounded summary for CP-03891: jurisdictional exposure, UBO depth 4, sanctions hits 0."
CP-03892,Counterparty 03892 Holdings,AE,low,2025-09-01,0,1,"Grounded summary for CP-03892: jurisdictional exposure, UBO depth 1, sanctions hits 0."
CP-03893,Counterparty 03893 Holdings,SG,critical,2025-08-31,0,2,"Grounded summary for CP-03893: jurisdictional exposure, UBO depth 2, sanctions hits 0."
CP-03894,Counterparty 03894 Holdings,US,high,2025-08-30,0,3,"Grounded summary for CP-03894: jurisdictional exposure, UBO depth 3, sanctions hits 0."
CP-03895,Counterparty 03895 Holdings,GB,medium,2025-08-29,0,4,"Grounded summary for CP-03895: jurisdictional exposure, UBO depth 4, sanctions hits 0."
CP-03896,Counterparty 03896 Holdings,KY,low,2025-08-28,0,1,"Grounded summary for CP-03896: jurisdictional exposure, UBO depth 1, sanctions hits 0."
CP-03897,Counterparty 03897 Holdings,DE,critical,2025-08-27,0,2,"Grounded summary for CP-03897: jurisdictional exposure, UBO depth 2, sanctions hits 0."
CP-03898,Counterparty 03898 Holdings,AE,high,2025-08-26,0,3,"Grounded summary for CP-03898: jurisdictional exposure, UBO depth 3, sanctions hits 0."
CP-03899,Counterparty 03899 Holdings,SG,medium,2025-08-25,0,4,"Grounded summary for CP-03899: jurisdictional exposure, UBO depth 4, sanctions hits 0."
CP-03900,Counterparty 03900 Holdings,US,low,2025-08-24,0,1,"Grounded summary for CP-03900: jurisdictional exposure, UBO depth 1, sanctions hits 0."
CP-03901,Counterparty 03901 Holdings,GB,critical,2025-08-23,0,2,"Grounded summary for CP-03901: jurisdictional exposure, UBO depth 2, sanctions hits 0."
CP-03902,Counterparty 03902 Holdings,KY,high,2025-08-22,0,3,"Grounded summary for CP-03902: jurisdictional exposure, UBO depth 3, sanctions hits 0."
CP-03903,Counterparty 03903 Holdings,DE,medium,2025-08-21,0,4,"Grounded summary for CP-03903: jurisdictional exposure, UBO depth 4, sanctions hits 0."
CP-03904,Counterparty 03904 Holdings,AE,low,2025-08-20,0,1,"Grounded summary for CP-03904: jurisdictional exposure, UBO depth 1, sanctions hits 0."
CP-03905,Counterparty 03905 Holdings,SG,critical,2025-08-19,0,2,"Grounded summary for CP-03905: jurisdictional exposure, UBO depth 2, sanctions hits 0."
CP-03906,Counterparty 03906 Holdings,US,high,2025-08-18,0,3,"Grounded summary for CP-03906: jurisdictional exposure, UBO depth 3, sanctions hits 0."
CP-03907,Counterparty 03907 Holdings,GB,medium,2025-08-17,0,4,"Grounded summary for CP-03907: jurisdictional exposure, UBO depth 4, sanctions hits 0."
CP-03908,Counterparty 03908 Holdings,KY,low,2025-08-16,0,1,"Grounded summary for CP-03908: jurisdictional exposure, UBO depth 1, sanctions hits 0."
CP-03909,Counterparty 03909 Holdings,DE,critical,2025-08-15,0,2,"Grounded summary for CP-03909: jurisdictional exposure, UBO depth 2, sanctions hits 0."
CP-03910,Counterparty 03910 Holdings,AE,high,2025-08-14,0,3,"Grounded summary for CP-03910: jurisdictional exposure, UBO depth 3, sanctions hits 0."
CP-03911,Counterparty 03911 Holdings,SG,medium,2025-08-13,0,4,"Grounded summary for CP-03911: jurisdictional exposure, UBO depth 4, sanctions hits 0."
CP-03912,Counterparty 03912 Holdings,US,low,2025-08-12,0,1,"Grounded summary for CP-03912: jurisdictional exposure, UBO depth 1, sanctions hits 0."
CP-03913,Counterparty 03913 Holdings,GB,critical,2025-08-11,0,2,"Grounded summary for CP-03913: jurisdictional exposure, UBO depth 2, sanctions hits 0."
CP-03914,Counterparty 03914 Holdings,KY,high,2025-08-10,0,3,"Grounded summary for CP-03914: jurisdictional exposure, UBO depth 3, sanctions hits 0."
CP-03915,Counterparty 03915 Holdings,DE,medium,2025-08-09,0,4,"Grounded summary for CP-03915: jurisdictional exposure, UBO depth 4, sanctions hits 0."
CP-03916,Counterparty 03916 Holdings,AE,low,2025-08-08,0,1,"Grounded summary for CP-03916: jurisdictional exposure, UBO depth 1, sanctions hits 0."
CP-03917,Counterparty 03917 Holdings,SG,critical,2025-08-07,0,2,"Grounded summary for CP-03917: jurisdictional exposure, UBO depth 2, sanctions hits 0."
CP-03918,Counterparty 03918 Holdings,US,high,2025-08-06,0,3,"Grounded summary for CP-03918: jurisdictional exposure, UBO depth 3, sanctions hits 0."
CP-03919,Counterparty 03919 Holdings,GB,medium,2025-08-05,0,4,"Grounded summary for CP-03919: jurisdictional exposure, UBO depth 4, sanctions hits 0."
CP-03920,Counterparty 03920 Holdings,KY,low,2025-08-04,0,1,"Grounded summary for CP-03920: jurisdictional exposure, UBO depth 1, sanctions hits 0."
CP-03921,Counterparty 03921 Holdings,DE,critical,2025-08-03,0,2,"Grounded summary for CP-03921: jurisdictional exposure, UBO depth 2, sanctions hits 0."
CP-03922,Counterparty 03922 Holdings,AE,high,2025-08-02,0,3,"Grounded summary for CP-03922: jurisdictional exposure, UBO depth 3, sanctions hits 0."
CP-03923,Counterparty 03923 Holdings,SG,medium,2025-08-01,0,4,"Grounded summary for CP-03923: jurisdictional exposure, UBO depth 4, sanctions hits 0."
CP-03924,Counterparty 03924 Holdings,US,low,2025-07-31,0,1,"Grounded summary for CP-03924: jurisdictional exposure, UBO depth 1, sanctions hits 0."
CP-03925,Counterparty 03925 Holdings,GB,critical,2025-07-30,0,2,"Grounded summary for CP-03925: jurisdictional exposure, UBO depth 2, sanctions hits 0."
CP-03926,Counterparty 03926 Holdings,KY,high,2025-07-29,0,3,"Grounded summary for CP-03926: jurisdictional exposure, UBO depth 3, sanctions hits 0."
CP-03927,Counterparty 03927 Holdings,DE,medium,2025-07-28,0,4,"Grounded summary for CP-03927: jurisdictional exposure, UBO depth 4, sanctions hits 0."
CP-03928,Counterparty 03928 Holdings,AE,low,2025-07-27,0,1,"Grounded summary for CP-03928: jurisdictional exposure, UBO depth 1, sanctions hits 0."
CP-03929,Counterparty 03929 Holdings,SG,critical,2025-07-26,0,2,"Grounded summary for CP-03929: jurisdictional exposure, UBO depth 2, sanctions hits 0."
CP-03930,Counterparty 03930 Holdings,US,high,2025-07-25,0,3,"Grounded summary for CP-03930: jurisdictional exposure, UBO depth 3, sanctions hits 0."
CP-03931,Counterparty 03931 Holdings,GB,medium,2025-07-24,0,4,"Grounded summary for CP-03931: jurisdictional exposure, UBO depth 4, sanctions hits 0."
CP-03932,Counterparty 03932 Holdings,KY,low,2025-07-23,0,1,"Grounded summary for CP-03932: jurisdictional exposure, UBO depth 1, sanctions hits 0."
CP-03933,Counterparty 03933 Holdings,DE,critical,2025-07-22,0,2,"Grounded summary for CP-03933: jurisdictional exposure, UBO depth 2, sanctions hits 0."
CP-03934,Counterparty 03934 Holdings,AE,high,2025-07-21,0,3,"Grounded summary for CP-03934: jurisdictional exposure, UBO depth 3, sanctions hits 0."
CP-03935,Counterparty 03935 Holdings,SG,medium,2025-07-20,0,4,"Grounded summary for CP-03935: jurisdictional exposure, UBO depth 4, sanctions hits 0."
CP-03936,Counterparty 03936 Holdings,US,low,2025-07-19,0,1,"Grounded summary for CP-03936: jurisdictional exposure, UBO depth 1, sanctions hits 0."
CP-03937,Counterparty 03937 Holdings,GB,critical,2025-07-18,0,2,"Grounded summary for CP-03937: jurisdictional exposure, UBO depth 2, sanctions hits 0."
CP-03938,Counterparty 03938 Holdings,KY,high,2025-07-17,0,3,"Grounded summary for CP-03938: jurisdictional exposure, UBO depth 3, sanctions hits 0."
CP-03939,Counterparty 03939 Holdings,DE,medium,2025-07-16,0,4,"Grounded summary for CP-03939: jurisdictional exposure, UBO depth 4, sanctions hits 0."
CP-03940,Counterparty 03940 Holdings,AE,low,2025-07-15,0,1,"Grounded summary for CP-03940: jurisdictional exposure, UBO depth 1, sanctions hits 0."
CP-03941,Counterparty 03941 Holdings,SG,critical,2025-07-14,0,2,"Grounded summary for CP-03941: jurisdictional exposure, UBO depth 2, sanctions hits 0."
CP-03942,Counterparty 03942 Holdings,US,high,2025-07-13,0,3,"Grounded summary for CP-03942: jurisdictional exposure, UBO depth 3, sanctions hits 0."
CP-03943,Counterparty 03943 Holdings,GB,medium,2025-07-12,0,4,"Grounded summary for CP-03943: jurisdictional exposure, UBO depth 4, sanctions hits 0."
CP-03944,Counterparty 03944 Holdings,KY,low,2025-07-11,0,1,"Grounded summary for CP-03944: jurisdictional exposure, UBO depth 1, sanctions hits 0."
CP-03945,Counterparty 03945 Holdings,DE,critical,2025-07-10,0,2,"Grounded summary for CP-03945: jurisdictional exposure, UBO depth 2, sanctions hits 0."
CP-03946,Counterparty 03946 Holdings,AE,high,2025-07-09,0,3,"Grounded summary for CP-03946: jurisdictional exposure, UBO depth 3, sanctions hits 0."
CP-03947,Counterparty 03947 Holdings,SG,medium,2025-07-08,0,4,"Grounded summary for CP-03947: jurisdictional exposure, UBO depth 4, sanctions hits 0."
CP-03948,Counterparty 03948 Holdings,US,low,2025-07-07,0,1,"Grounded summary for CP-03948: jurisdictional exposure, UBO depth 1, sanctions hits 0."
CP-03949,Counterparty 03949 Holdings,GB,critical,2025-07-06,0,2,"Grounded summary for CP-03949: jurisdictional exposure, UBO depth 2, sanctions hits 0."
CP-03950,Counterparty 03950 Holdings,KY,high,2025-07-05,0,3,"Grounded summary for CP-03950: jurisdictional exposure, UBO depth 3, sanctions hits 0."
CP-03951,Counterparty 03951 Holdings,DE,medium,2025-07-04,0,4,"Grounded summary for CP-03951: jurisdictional exposure, UBO depth 4, sanctions hits 0."
CP-03952,Counterparty 03952 Holdings,AE,low,2025-07-03,0,1,"Grounded summary for CP-03952: jurisdictional exposure, UBO depth 1, sanctions hits 0."
CP-03953,Counterparty 03953 Holdings,SG,critical,2025-07-02,0,2,"Grounded summary for CP-03953: jurisdictional exposure, UBO depth 2, sanctions hits 0."
CP-03954,Counterparty 03954 Holdings,US,high,2025-07-01,0,3,"Grounded summary for CP-03954: jurisdictional exposure, UBO depth 3, sanctions hits 0."
CP-03955,Counterparty 03955 Holdings,GB,medium,2025-06-30,0,4,"Grounded summary for CP-03955: jurisdictional exposure, UBO depth 4, sanctions hits 0."
CP-03956,Counterparty 03956 Holdings,KY,low,2025-06-29,0,1,"Grounded summary for CP-03956: jurisdictional exposure, UBO depth 1, sanctions hits 0."
CP-03957,Counterparty 03957 Holdings,DE,critical,2025-06-28,0,2,"Grounded summary for CP-03957: jurisdictional exposure, UBO depth 2, sanctions hits 0."
CP-03958,Counterparty 03958 Holdings,AE,high,2025-06-27,0,3,"Grounded summary for CP-03958: jurisdictional exposure, UBO depth 3, sanctions hits 0."
CP-03959,Counterparty 03959 Holdings,SG,medium,2025-06-26,0,4,"Grounded summary for CP-03959: jurisdictional exposure, UBO depth 4, sanctions hits 0."
CP-03960,Counterparty 03960 Holdings,US,low,2025-06-25,0,1,"Grounded summary for CP-03960: jurisdictional exposure, UBO depth 1, sanctions hits 0."
CP-03961,Counterparty 03961 Holdings,GB,critical,2025-06-24,0,2,"Grounded summary for CP-03961: jurisdictional exposure, UBO depth 2, sanctions hits 0."
CP-03962,Counterparty 03962 Holdings,KY,high,2025-06-23,0,3,"Grounded summary for CP-03962: jurisdictional exposure, UBO depth 3, sanctions hits 0."
CP-03963,Counterparty 03963 Holdings,DE,medium,2025-06-22,0,4,"Grounded summary for CP-03963: jurisdictional exposure, UBO depth 4, sanctions hits 0."
CP-03964,Counterparty 03964 Holdings,AE,low,2025-06-21,0,1,"Grounded summary for CP-03964: jurisdictional exposure, UBO depth 1, sanctions hits 0."
CP-03965,Counterparty 03965 Holdings,SG,critical,2025-06-20,0,2,"Grounded summary for CP-03965: jurisdictional exposure, UBO depth 2, sanctions hits 0."
CP-03966,Counterparty 03966 Holdings,US,high,2025-06-19,0,3,"Grounded summary for CP-03966: jurisdictional exposure, UBO depth 3, sanctions hits 0."
CP-03967,Counterparty 03967 Holdings,GB,medium,2025-06-18,0,4,"Grounded summary for CP-03967: jurisdictional exposure, UBO depth 4, sanctions hits 0."
CP-03968,Counterparty 03968 Holdings,KY,low,2025-06-17,0,1,"Grounded summary for CP-03968: jurisdictional exposure, UBO depth 1, sanctions hits 0."
CP-03969,Counterparty 03969 Holdings,DE,critical,2025-06-16,0,2,"Grounded summary for CP-03969: jurisdictional exposure, UBO depth 2, sanctions hits 0."
CP-03970,Counterparty 03970 Holdings,AE,high,2025-06-15,0,3,"Grounded summary for CP-03970: jurisdictional exposure, UBO depth 3, sanctions hits 0."
CP-03971,Counterparty 03971 Holdings,SG,medium,2025-06-14,0,4,"Grounded summary for CP-03971: jurisdictional exposure, UBO depth 4, sanctions hits 0."
CP-03972,Counterparty 03972 Holdings,US,low,2025-06-13,0,1,"Grounded summary for CP-03972: jurisdictional exposure, UBO depth 1, sanctions hits 0."
CP-03973,Counterparty 03973 Holdings,GB,critical,2025-06-12,0,2,"Grounded summary for CP-03973: jurisdictional exposure, UBO depth 2, sanctions hits 0."
CP-03974,Counterparty 03974 Holdings,KY,high,2025-06-11,0,3,"Grounded summary for CP-03974: jurisdictional exposure, UBO depth 3, sanctions hits 0."
CP-03975,Counterparty 03975 Holdings,DE,medium,2025-06-10,0,4,"Grounded summary for CP-03975: jurisdictional exposure, UBO depth 4, sanctions hits 0."
CP-03976,Counterparty 03976 Holdings,AE,low,2025-06-09,0,1,"Grounded summary for CP-03976: jurisdictional exposure, UBO depth 1, sanctions hits 0."
CP-03977,Counterparty 03977 Holdings,SG,critical,2025-06-08,0,2,"Grounded summary for CP-03977: jurisdictional exposure, UBO depth 2, sanctions hits 0."
CP-03978,Counterparty 03978 Holdings,US,high,2025-06-07,0,3,"Grounded summary for CP-03978: jurisdictional exposure, UBO depth 3, sanctions hits 0."
CP-03979,Counterparty 03979 Holdings,GB,medium,2025-06-06,0,4,"Grounded summary for CP-03979: jurisdictional exposure, UBO depth 4, sanctions hits 0."
CP-03980,Counterparty 03980 Holdings,KY,low,2025-06-05,0,1,"Grounded summary for CP-03980: jurisdictional exposure, UBO depth 1, sanctions hits 0."
CP-03981,Counterparty 03981 Holdings,DE,critical,2025-06-04,0,2,"Grounded summary for CP-03981: jurisdictional exposure, UBO depth 2, sanctions hits 0."
CP-03982,Counterparty 03982 Holdings,AE,high,2025-06-03,0,3,"Grounded summary for CP-03982: jurisdictional exposure, UBO depth 3, sanctions hits 0."
CP-03983,Counterparty 03983 Holdings,SG,medium,2025-06-02,0,4,"Grounded summary for CP-03983: jurisdictional exposure, UBO depth 4, sanctions hits 0."
CP-03984,Counterparty 03984 Holdings,US,low,2025-06-01,0,1,"Grounded summary for CP-03984: jurisdictional exposure, UBO depth 1, sanctions hits 0."
CP-03985,Counterparty 03985 Holdings,GB,critical,2025-05-31,0,2,"Grounded summary for CP-03985: jurisdictional exposure, UBO depth 2, sanctions hits 0."
CP-03986,Counterparty 03986 Holdings,KY,high,2025-05-30,0,3,"Grounded summary for CP-03986: jurisdictional exposure, UBO depth 3, sanctions hits 0."
CP-03987,Counterparty 03987 Holdings,DE,medium,2025-05-29,0,4,"Grounded summary for CP-03987: jurisdictional exposure, UBO depth 4, sanctions hits 0."
CP-03988,Counterparty 03988 Holdings,AE,low,2025-05-28,1,1,"Grounded summary for CP-03988: jurisdictional exposure, UBO depth 1, sanctions hits 1."
CP-03989,Counterparty 03989 Holdings,SG,critical,2025-05-27,0,2,"Grounded summary for CP-03989: jurisdictional exposure, UBO depth 2, sanctions hits 0."
CP-03990,Counterparty 03990 Holdings,US,high,2025-05-26,0,3,"Grounded summary for CP-03990: jurisdictional exposure, UBO depth 3, sanctions hits 0."
CP-03991,Counterparty 03991 Holdings,GB,medium,2025-05-25,0,4,"Grounded summary for CP-03991: jurisdictional exposure, UBO depth 4, sanctions hits 0."
CP-03992,Counterparty 03992 Holdings,KY,low,2025-05-24,0,1,"Grounded summary for CP-03992: jurisdictional exposure, UBO depth 1, sanctions hits 0."
CP-03993,Counterparty 03993 Holdings,DE,critical,2025-05-23,0,2,"Grounded summary for CP-03993: jurisdictional exposure, UBO depth 2, sanctions hits 0."
CP-03994,Counterparty 03994 Holdings,AE,high,2025-05-22,0,3,"Grounded summary for CP-03994: jurisdictional exposure, UBO depth 3, sanctions hits 0."
CP-03995,Counterparty 03995 Holdings,SG,medium,2025-05-21,0,4,"Grounded summary for CP-03995: jurisdictional exposure, UBO depth 4, sanctions hits 0."
CP-03996,Counterparty 03996 Holdings,US,low,2025-05-20,0,1,"Grounded summary for CP-03996: jurisdictional exposure, UBO depth 1, sanctions hits 0."
CP-03997,Counterparty 03997 Holdings,GB,critical,2025-05-19,0,2,"Grounded summary for CP-03997: jurisdictional exposure, UBO depth 2, sanctions hits 0."
CP-03998,Counterparty 03998 Holdings,KY,high,2025-05-18,0,3,"Grounded summary for CP-03998: jurisdictional exposure, UBO depth 3, sanctions hits 0."
CP-03999,Counterparty 03999 Holdings,DE,medium,2025-05-17,0,4,"Grounded summary for CP-03999: jurisdictional exposure, UBO depth 4, sanctions hits 0."
CP-04000,Counterparty 04000 Holdings,AE,low,2025-05-16,0,1,"Grounded summary for CP-04000: jurisdictional exposure, UBO depth 1, sanctions hits 0."
CP-04001,Counterparty 04001 Holdings,SG,critical,2025-05-15,0,2,"Grounded summary for CP-04001: jurisdictional exposure, UBO depth 2, sanctions hits 0."
CP-04002,Counterparty 04002 Holdings,US,high,2025-05-14,0,3,"Grounded summary for CP-04002: jurisdictional exposure, UBO depth 3, sanctions hits 0."
CP-04003,Counterparty 04003 Holdings,GB,medium,2025-05-13,0,4,"Grounded summary for CP-04003: jurisdictional exposure, UBO depth 4, sanctions hits 0."
CP-04004,Counterparty 04004 Holdings,KY,low,2025-05-12,0,1,"Grounded summary for CP-04004: jurisdictional exposure, UBO depth 1, sanctions hits 0."
CP-04005,Counterparty 04005 Holdings,DE,critical,2025-05-11,0,2,"Grounded summary for CP-04005: jurisdictional exposure, UBO depth 2, sanctions hits 0."
CP-04006,Counterparty 04006 Holdings,AE,high,2025-05-10,0,3,"Grounded summary for CP-04006: jurisdictional exposure, UBO depth 3, sanctions hits 0."
CP-04007,Counterparty 04007 Holdings,SG,medium,2025-05-09,0,4,"Grounded summary for CP-04007: jurisdictional exposure, UBO depth 4, sanctions hits 0."
CP-04008,Counterparty 04008 Holdings,US,low,2025-05-08,0,1,"Grounded summary for CP-04008: jurisdictional exposure, UBO depth 1, sanctions hits 0."
CP-04009,Counterparty 04009 Holdings,GB,critical,2025-05-07,0,2,"Grounded summary for CP-04009: jurisdictional exposure, UBO depth 2, sanctions hits 0."
CP-04010,Counterparty 04010 Holdings,KY,high,2025-05-06,0,3,"Grounded summary for CP-04010: jurisdictional exposure, UBO depth 3, sanctions hits 0."
CP-04011,Counterparty 04011 Holdings,DE,medium,2025-05-05,0,4,"Grounded summary for CP-04011: jurisdictional exposure, UBO depth 4, sanctions hits 0."
CP-04012,Counterparty 04012 Holdings,AE,low,2025-05-04,0,1,"Grounded summary for CP-04012: jurisdictional exposure, UBO depth 1, sanctions hits 0."
CP-04013,Counterparty 04013 Holdings,SG,critical,2025-05-03,0,2,"Grounded summary for CP-04013: jurisdictional exposure, UBO depth 2, sanctions hits 0."
CP-04014,Counterparty 04014 Holdings,US,high,2025-05-02,0,3,"Grounded summary for CP-04014: jurisdictional exposure, UBO depth 3, sanctions hits 0."
CP-04015,Counterparty 04015 Holdings,GB,medium,2026-05-01,0,4,"Grounded summary for CP-04015: jurisdictional exposure, UBO depth 4, sanctions hits 0."
CP-04016,Counterparty 04016 Holdings,KY,low,2026-04-30,0,1,"Grounded summary for CP-04016: jurisdictional exposure, UBO depth 1, sanctions hits 0."
CP-04017,Counterparty 04017 Holdings,DE,critical,2026-04-29,0,2,"Grounded summary for CP-04017: jurisdictional exposure, UBO depth 2, sanctions hits 0."
CP-04018,Counterparty 04018 Holdings,AE,high,2026-04-28,0,3,"Grounded summary for CP-04018: jurisdictional exposure, UBO depth 3, sanctions hits 0."
CP-04019,Counterparty 04019 Holdings,SG,medium,2026-04-27,0,4,"Grounded summary for CP-04019: jurisdictional exposure, UBO depth 4, sanctions hits 0."
CP-04020,Counterparty 04020 Holdings,US,low,2026-04-26,0,1,"Grounded summary for CP-04020: jurisdictional exposure, UBO depth 1, sanctions hits 0."
CP-04021,Counterparty 04021 Holdings,GB,critical,2026-04-25,0,2,"Grounded summary for CP-04021: jurisdictional exposure, UBO depth 2, sanctions hits 0."
CP-04022,Counterparty 04022 Holdings,KY,high,2026-04-24,0,3,"Grounded summary for CP-04022: jurisdictional exposure, UBO depth 3, sanctions hits 0."
CP-04023,Counterparty 04023 Holdings,DE,medium,2026-04-23,0,4,"Grounded summary for CP-04023: jurisdictional exposure, UBO depth 4, sanctions hits 0."
CP-04024,Counterparty 04024 Holdings,AE,low,2026-04-22,0,1,"Grounded summary for CP-04024: jurisdictional exposure, UBO depth 1, sanctions hits 0."
CP-04025,Counterparty 04025 Holdings,SG,critical,2026-04-21,0,2,"Grounded summary for CP-04025: jurisdictional exposure, UBO depth 2, sanctions hits 0."
CP-04026,Counterparty 04026 Holdings,US,high,2026-04-20,0,3,"Grounded summary for CP-04026: jurisdictional exposure, UBO depth 3, sanctions hits 0."
CP-04027,Counterparty 04027 Holdings,GB,medium,2026-04-19,0,4,"Grounded summary for CP-04027: jurisdictional exposure, UBO depth 4, sanctions hits 0."
CP-04028,Counterparty 04028 Holdings,KY,low,2026-04-18,0,1,"Grounded summary for CP-04028: jurisdictional exposure, UBO depth 1, sanctions hits 0."
CP-04029,Counterparty 04029 Holdings,DE,critical,2026-04-17,0,2,"Grounded summary for CP-04029: jurisdictional exposure, UBO depth 2, sanctions hits 0."
CP-04030,Counterparty 04030 Holdings,AE,high,2026-04-16,0,3,"Grounded summary for CP-04030: jurisdictional exposure, UBO depth 3, sanctions hits 0."
CP-04031,Counterparty 04031 Holdings,SG,medium,2026-04-15,0,4,"Grounded summary for CP-04031: jurisdictional exposure, UBO depth 4, sanctions hits 0."
CP-04032,Counterparty 04032 Holdings,US,low,2026-04-14,0,1,"Grounded summary for CP-04032: jurisdictional exposure, UBO depth 1, sanctions hits 0."
CP-04033,Counterparty 04033 Holdings,GB,critical,2026-04-13,0,2,"Grounded summary for CP-04033: jurisdictional exposure, UBO depth 2, sanctions hits 0."
CP-04034,Counterparty 04034 Holdings,KY,high,2026-04-12,0,3,"Grounded summary for CP-04034: jurisdictional exposure, UBO depth 3, sanctions hits 0."
CP-04035,Counterparty 04035 Holdings,DE,medium,2026-04-11,0,4,"Grounded summary for CP-04035: jurisdictional exposure, UBO depth 4, sanctions hits 0."
CP-04036,Counterparty 04036 Holdings,AE,low,2026-04-10,0,1,"Grounded summary for CP-04036: jurisdictional exposure, UBO depth 1, sanctions hits 0."
CP-04037,Counterparty 04037 Holdings,SG,critical,2026-04-09,0,2,"Grounded summary for CP-04037: jurisdictional exposure, UBO depth 2, sanctions hits 0."
CP-04038,Counterparty 04038 Holdings,US,high,2026-04-08,0,3,"Grounded summary for CP-04038: jurisdictional exposure, UBO depth 3, sanctions hits 0."
CP-04039,Counterparty 04039 Holdings,GB,medium,2026-04-07,0,4,"Grounded summary for CP-04039: jurisdictional exposure, UBO depth 4, sanctions hits 0."
CP-04040,Counterparty 04040 Holdings,KY,low,2026-04-06,0,1,"Grounded summary for CP-04040: jurisdictional exposure, UBO depth 1, sanctions hits 0."
CP-04041,Counterparty 04041 Holdings,DE,critical,2026-04-05,0,2,"Grounded summary for CP-04041: jurisdictional exposure, UBO depth 2, sanctions hits 0."
CP-04042,Counterparty 04042 Holdings,AE,high,2026-04-04,0,3,"Grounded summary for CP-04042: jurisdictional exposure, UBO depth 3, sanctions hits 0."
CP-04043,Counterparty 04043 Holdings,SG,medium,2026-04-03,0,4,"Grounded summary for CP-04043: jurisdictional exposure, UBO depth 4, sanctions hits 0."
CP-04044,Counterparty 04044 Holdings,US,low,2026-04-02,0,1,"Grounded summary for CP-04044: jurisdictional exposure, UBO depth 1, sanctions hits 0."
CP-04045,Counterparty 04045 Holdings,GB,critical,2026-04-01,0,2,"Grounded summary for CP-04045: jurisdictional exposure, UBO depth 2, sanctions hits 0."
CP-04046,Counterparty 04046 Holdings,KY,high,2026-03-31,0,3,"Grounded summary for CP-04046: jurisdictional exposure, UBO depth 3, sanctions hits 0."
CP-04047,Counterparty 04047 Holdings,DE,medium,2026-03-30,0,4,"Grounded summary for CP-04047: jurisdictional exposure, UBO depth 4, sanctions hits 0."
CP-04048,Counterparty 04048 Holdings,AE,low,2026-03-29,0,1,"Grounded summary for CP-04048: jurisdictional exposure, UBO depth 1, sanctions hits 0."
CP-04049,Counterparty 04049 Holdings,SG,critical,2026-03-28,0,2,"Grounded summary for CP-04049: jurisdictional exposure, UBO depth 2, sanctions hits 0."
CP-04050,Counterparty 04050 Holdings,US,high,2026-03-27,0,3,"Grounded summary for CP-04050: jurisdictional exposure, UBO depth 3, sanctions hits 0."
CP-04051,Counterparty 04051 Holdings,GB,medium,2026-03-26,0,4,"Grounded summary for CP-04051: jurisdictional exposure, UBO depth 4, sanctions hits 0."
CP-04052,Counterparty 04052 Holdings,KY,low,2026-03-25,0,1,"Grounded summary for CP-04052: jurisdictional exposure, UBO depth 1, sanctions hits 0."
CP-04053,Counterparty 04053 Holdings,DE,critical,2026-03-24,0,2,"Grounded summary for CP-04053: jurisdictional exposure, UBO depth 2, sanctions hits 0."
CP-04054,Counterparty 04054 Holdings,AE,high,2026-03-23,0,3,"Grounded summary for CP-04054: jurisdictional exposure, UBO depth 3, sanctions hits 0."
CP-04055,Counterparty 04055 Holdings,SG,medium,2026-03-22,0,4,"Grounded summary for CP-04055: jurisdictional exposure, UBO depth 4, sanctions hits 0."
CP-04056,Counterparty 04056 Holdings,US,low,2026-03-21,0,1,"Grounded summary for CP-04056: jurisdictional exposure, UBO depth 1, sanctions hits 0."
CP-04057,Counterparty 04057 Holdings,GB,critical,2026-03-20,0,2,"Grounded summary for CP-04057: jurisdictional exposure, UBO depth 2, sanctions hits 0."
CP-04058,Counterparty 04058 Holdings,KY,high,2026-03-19,0,3,"Grounded summary for CP-04058: jurisdictional exposure, UBO depth 3, sanctions hits 0."
CP-04059,Counterparty 04059 Holdings,DE,medium,2026-03-18,0,4,"Grounded summary for CP-04059: jurisdictional exposure, UBO depth 4, sanctions hits 0."
CP-04060,Counterparty 04060 Holdings,AE,low,2026-03-17,0,1,"Grounded summary for CP-04060: jurisdictional exposure, UBO depth 1, sanctions hits 0."
CP-04061,Counterparty 04061 Holdings,SG,critical,2026-03-16,0,2,"Grounded summary for CP-04061: jurisdictional exposure, UBO depth 2, sanctions hits 0."
CP-04062,Counterparty 04062 Holdings,US,high,2026-03-15,0,3,"Grounded summary for CP-04062: jurisdictional exposure, UBO depth 3, sanctions hits 0."
CP-04063,Counterparty 04063 Holdings,GB,medium,2026-03-14,0,4,"Grounded summary for CP-04063: jurisdictional exposure, UBO depth 4, sanctions hits 0."
CP-04064,Counterparty 04064 Holdings,KY,low,2026-03-13,0,1,"Grounded summary for CP-04064: jurisdictional exposure, UBO depth 1, sanctions hits 0."
CP-04065,Counterparty 04065 Holdings,DE,critical,2026-03-12,0,2,"Grounded summary for CP-04065: jurisdictional exposure, UBO depth 2, sanctions hits 0."
CP-04066,Counterparty 04066 Holdings,AE,high,2026-03-11,0,3,"Grounded summary for CP-04066: jurisdictional exposure, UBO depth 3, sanctions hits 0."
CP-04067,Counterparty 04067 Holdings,SG,medium,2026-03-10,0,4,"Grounded summary for CP-04067: jurisdictional exposure, UBO depth 4, sanctions hits 0."
CP-04068,Counterparty 04068 Holdings,US,low,2026-03-09,0,1,"Grounded summary for CP-04068: jurisdictional exposure, UBO depth 1, sanctions hits 0."
CP-04069,Counterparty 04069 Holdings,GB,critical,2026-03-08,0,2,"Grounded summary for CP-04069: jurisdictional exposure, UBO depth 2, sanctions hits 0."
CP-04070,Counterparty 04070 Holdings,KY,high,2026-03-07,0,3,"Grounded summary for CP-04070: jurisdictional exposure, UBO depth 3, sanctions hits 0."
CP-04071,Counterparty 04071 Holdings,DE,medium,2026-03-06,0,4,"Grounded summary for CP-04071: jurisdictional exposure, UBO depth 4, sanctions hits 0."
CP-04072,Counterparty 04072 Holdings,AE,low,2026-03-05,0,1,"Grounded summary for CP-04072: jurisdictional exposure, UBO depth 1, sanctions hits 0."
CP-04073,Counterparty 04073 Holdings,SG,critical,2026-03-04,0,2,"Grounded summary for CP-04073: jurisdictional exposure, UBO depth 2, sanctions hits 0."
CP-04074,Counterparty 04074 Holdings,US,high,2026-03-03,0,3,"Grounded summary for CP-04074: jurisdictional exposure, UBO depth 3, sanctions hits 0."
CP-04075,Counterparty 04075 Holdings,GB,medium,2026-03-02,0,4,"Grounded summary for CP-04075: jurisdictional exposure, UBO depth 4, sanctions hits 0."
CP-04076,Counterparty 04076 Holdings,KY,low,2026-03-01,0,1,"Grounded summary for CP-04076: jurisdictional exposure, UBO depth 1, sanctions hits 0."
CP-04077,Counterparty 04077 Holdings,DE,critical,2026-02-28,0,2,"Grounded summary for CP-04077: jurisdictional exposure, UBO depth 2, sanctions hits 0."
CP-04078,Counterparty 04078 Holdings,AE,high,2026-02-27,0,3,"Grounded summary for CP-04078: jurisdictional exposure, UBO depth 3, sanctions hits 0."
CP-04079,Counterparty 04079 Holdings,SG,medium,2026-02-26,0,4,"Grounded summary for CP-04079: jurisdictional exposure, UBO depth 4, sanctions hits 0."
CP-04080,Counterparty 04080 Holdings,US,low,2026-02-25,0,1,"Grounded summary for CP-04080: jurisdictional exposure, UBO depth 1, sanctions hits 0."
CP-04081,Counterparty 04081 Holdings,GB,critical,2026-02-24,0,2,"Grounded summary for CP-04081: jurisdictional exposure, UBO depth 2, sanctions hits 0."
CP-04082,Counterparty 04082 Holdings,KY,high,2026-02-23,0,3,"Grounded summary for CP-04082: jurisdictional exposure, UBO depth 3, sanctions hits 0."
CP-04083,Counterparty 04083 Holdings,DE,medium,2026-02-22,0,4,"Grounded summary for CP-04083: jurisdictional exposure, UBO depth 4, sanctions hits 0."
CP-04084,Counterparty 04084 Holdings,AE,low,2026-02-21,0,1,"Grounded summary for CP-04084: jurisdictional exposure, UBO depth 1, sanctions hits 0."
CP-04085,Counterparty 04085 Holdings,SG,critical,2026-02-20,0,2,"Grounded summary for CP-04085: jurisdictional exposure, UBO depth 2, sanctions hits 0."
CP-04086,Counterparty 04086 Holdings,US,high,2026-02-19,0,3,"Grounded summary for CP-04086: jurisdictional exposure, UBO depth 3, sanctions hits 0."
CP-04087,Counterparty 04087 Holdings,GB,medium,2026-02-18,0,4,"Grounded summary for CP-04087: jurisdictional exposure, UBO depth 4, sanctions hits 0."
CP-04088,Counterparty 04088 Holdings,KY,low,2026-02-17,0,1,"Grounded summary for CP-04088: jurisdictional exposure, UBO depth 1, sanctions hits 0."
CP-04089,Counterparty 04089 Holdings,DE,critical,2026-02-16,0,2,"Grounded summary for CP-04089: jurisdictional exposure, UBO depth 2, sanctions hits 0."
CP-04090,Counterparty 04090 Holdings,AE,high,2026-02-15,0,3,"Grounded summary for CP-04090: jurisdictional exposure, UBO depth 3, sanctions hits 0."
CP-04091,Counterparty 04091 Holdings,SG,medium,2026-02-14,0,4,"Grounded summary for CP-04091: jurisdictional exposure, UBO depth 4, sanctions hits 0."
CP-04092,Counterparty 04092 Holdings,US,low,2026-02-13,0,1,"Grounded summary for CP-04092: jurisdictional exposure, UBO depth 1, sanctions hits 0."
CP-04093,Counterparty 04093 Holdings,GB,critical,2026-02-12,0,2,"Grounded summary for CP-04093: jurisdictional exposure, UBO depth 2, sanctions hits 0."
CP-04094,Counterparty 04094 Holdings,KY,high,2026-02-11,0,3,"Grounded summary for CP-04094: jurisdictional exposure, UBO depth 3, sanctions hits 0."
CP-04095,Counterparty 04095 Holdings,DE,medium,2026-02-10,0,4,"Grounded summary for CP-04095: jurisdictional exposure, UBO depth 4, sanctions hits 0."
CP-04096,Counterparty 04096 Holdings,AE,low,2026-02-09,0,1,"Grounded summary for CP-04096: jurisdictional exposure, UBO depth 1, sanctions hits 0."
CP-04097,Counterparty 04097 Holdings,SG,critical,2026-02-08,0,2,"Grounded summary for CP-04097: jurisdictional exposure, UBO depth 2, sanctions hits 0."
CP-04098,Counterparty 04098 Holdings,US,high,2026-02-07,0,3,"Grounded summary for CP-04098: jurisdictional exposure, UBO depth 3, sanctions hits 0."
CP-04099,Counterparty 04099 Holdings,GB,medium,2026-02-06,0,4,"Grounded summary for CP-04099: jurisdictional exposure, UBO depth 4, sanctions hits 0."
CP-04100,Counterparty 04100 Holdings,KY,low,2026-02-05,0,1,"Grounded summary for CP-04100: jurisdictional exposure, UBO depth 1, sanctions hits 0."
CP-04101,Counterparty 04101 Holdings,DE,critical,2026-02-04,0,2,"Grounded summary for CP-04101: jurisdictional exposure, UBO depth 2, sanctions hits 0."
CP-04102,Counterparty 04102 Holdings,AE,high,2026-02-03,0,3,"Grounded summary for CP-04102: jurisdictional exposure, UBO depth 3, sanctions hits 0."
CP-04103,Counterparty 04103 Holdings,SG,medium,2026-02-02,0,4,"Grounded summary for CP-04103: jurisdictional exposure, UBO depth 4, sanctions hits 0."
CP-04104,Counterparty 04104 Holdings,US,low,2026-02-01,0,1,"Grounded summary for CP-04104: jurisdictional exposure, UBO depth 1, sanctions hits 0."
CP-04105,Counterparty 04105 Holdings,GB,critical,2026-01-31,0,2,"Grounded summary for CP-04105: jurisdictional exposure, UBO depth 2, sanctions hits 0."
CP-04106,Counterparty 04106 Holdings,KY,high,2026-01-30,0,3,"Grounded summary for CP-04106: jurisdictional exposure, UBO depth 3, sanctions hits 0."
CP-04107,Counterparty 04107 Holdings,DE,medium,2026-01-29,0,4,"Grounded summary for CP-04107: jurisdictional exposure, UBO depth 4, sanctions hits 0."
CP-04108,Counterparty 04108 Holdings,AE,low,2026-01-28,0,1,"Grounded summary for CP-04108: jurisdictional exposure, UBO depth 1, sanctions hits 0."
CP-04109,Counterparty 04109 Holdings,SG,critical,2026-01-27,0,2,"Grounded summary for CP-04109: jurisdictional exposure, UBO depth 2, sanctions hits 0."
CP-04110,Counterparty 04110 Holdings,US,high,2026-01-26,0,3,"Grounded summary for CP-04110: jurisdictional exposure, UBO depth 3, sanctions hits 0."
CP-04111,Counterparty 04111 Holdings,GB,medium,2026-01-25,0,4,"Grounded summary for CP-04111: jurisdictional exposure, UBO depth 4, sanctions hits 0."
CP-04112,Counterparty 04112 Holdings,KY,low,2026-01-24,0,1,"Grounded summary for CP-04112: jurisdictional exposure, UBO depth 1, sanctions hits 0."
CP-04113,Counterparty 04113 Holdings,DE,critical,2026-01-23,0,2,"Grounded summary for CP-04113: jurisdictional exposure, UBO depth 2, sanctions hits 0."
CP-04114,Counterparty 04114 Holdings,AE,high,2026-01-22,0,3,"Grounded summary for CP-04114: jurisdictional exposure, UBO depth 3, sanctions hits 0."
CP-04115,Counterparty 04115 Holdings,SG,medium,2026-01-21,0,4,"Grounded summary for CP-04115: jurisdictional exposure, UBO depth 4, sanctions hits 0."
CP-04116,Counterparty 04116 Holdings,US,low,2026-01-20,0,1,"Grounded summary for CP-04116: jurisdictional exposure, UBO depth 1, sanctions hits 0."
CP-04117,Counterparty 04117 Holdings,GB,critical,2026-01-19,0,2,"Grounded summary for CP-04117: jurisdictional exposure, UBO depth 2, sanctions hits 0."
CP-04118,Counterparty 04118 Holdings,KY,high,2026-01-18,0,3,"Grounded summary for CP-04118: jurisdictional exposure, UBO depth 3, sanctions hits 0."
CP-04119,Counterparty 04119 Holdings,DE,medium,2026-01-17,0,4,"Grounded summary for CP-04119: jurisdictional exposure, UBO depth 4, sanctions hits 0."
CP-04120,Counterparty 04120 Holdings,AE,low,2026-01-16,0,1,"Grounded summary for CP-04120: jurisdictional exposure, UBO depth 1, sanctions hits 0."
CP-04121,Counterparty 04121 Holdings,SG,critical,2026-01-15,0,2,"Grounded summary for CP-04121: jurisdictional exposure, UBO depth 2, sanctions hits 0."
CP-04122,Counterparty 04122 Holdings,US,high,2026-01-14,0,3,"Grounded summary for CP-04122: jurisdictional exposure, UBO depth 3, sanctions hits 0."
CP-04123,Counterparty 04123 Holdings,GB,medium,2026-01-13,0,4,"Grounded summary for CP-04123: jurisdictional exposure, UBO depth 4, sanctions hits 0."
CP-04124,Counterparty 04124 Holdings,KY,low,2026-01-12,0,1,"Grounded summary for CP-04124: jurisdictional exposure, UBO depth 1, sanctions hits 0."
CP-04125,Counterparty 04125 Holdings,DE,critical,2026-01-11,0,2,"Grounded summary for CP-04125: jurisdictional exposure, UBO depth 2, sanctions hits 0."
CP-04126,Counterparty 04126 Holdings,AE,high,2026-01-10,0,3,"Grounded summary for CP-04126: jurisdictional exposure, UBO depth 3, sanctions hits 0."
CP-04127,Counterparty 04127 Holdings,SG,medium,2026-01-09,0,4,"Grounded summary for CP-04127: jurisdictional exposure, UBO depth 4, sanctions hits 0."
CP-04128,Counterparty 04128 Holdings,US,low,2026-01-08,0,1,"Grounded summary for CP-04128: jurisdictional exposure, UBO depth 1, sanctions hits 0."
CP-04129,Counterparty 04129 Holdings,GB,critical,2026-01-07,0,2,"Grounded summary for CP-04129: jurisdictional exposure, UBO depth 2, sanctions hits 0."
CP-04130,Counterparty 04130 Holdings,KY,high,2026-01-06,0,3,"Grounded summary for CP-04130: jurisdictional exposure, UBO depth 3, sanctions hits 0."
CP-04131,Counterparty 04131 Holdings,DE,medium,2026-01-05,0,4,"Grounded summary for CP-04131: jurisdictional exposure, UBO depth 4, sanctions hits 0."
CP-04132,Counterparty 04132 Holdings,AE,low,2026-01-04,0,1,"Grounded summary for CP-04132: jurisdictional exposure, UBO depth 1, sanctions hits 0."
CP-04133,Counterparty 04133 Holdings,SG,critical,2026-01-03,0,2,"Grounded summary for CP-04133: jurisdictional exposure, UBO depth 2, sanctions hits 0."
CP-04134,Counterparty 04134 Holdings,US,high,2026-01-02,0,3,"Grounded summary for CP-04134: jurisdictional exposure, UBO depth 3, sanctions hits 0."
CP-04135,Counterparty 04135 Holdings,GB,medium,2026-01-01,0,4,"Grounded summary for CP-04135: jurisdictional exposure, UBO depth 4, sanctions hits 0."
CP-04136,Counterparty 04136 Holdings,KY,low,2025-12-31,0,1,"Grounded summary for CP-04136: jurisdictional exposure, UBO depth 1, sanctions hits 0."
CP-04137,Counterparty 04137 Holdings,DE,critical,2025-12-30,0,2,"Grounded summary for CP-04137: jurisdictional exposure, UBO depth 2, sanctions hits 0."
CP-04138,Counterparty 04138 Holdings,AE,high,2025-12-29,0,3,"Grounded summary for CP-04138: jurisdictional exposure, UBO depth 3, sanctions hits 0."
CP-04139,Counterparty 04139 Holdings,SG,medium,2025-12-28,0,4,"Grounded summary for CP-04139: jurisdictional exposure, UBO depth 4, sanctions hits 0."
CP-04140,Counterparty 04140 Holdings,US,low,2025-12-27,0,1,"Grounded summary for CP-04140: jurisdictional exposure, UBO depth 1, sanctions hits 0."
CP-04141,Counterparty 04141 Holdings,GB,critical,2025-12-26,0,2,"Grounded summary for CP-04141: jurisdictional exposure, UBO depth 2, sanctions hits 0."
CP-04142,Counterparty 04142 Holdings,KY,high,2025-12-25,0,3,"Grounded summary for CP-04142: jurisdictional exposure, UBO depth 3, sanctions hits 0."
CP-04143,Counterparty 04143 Holdings,DE,medium,2025-12-24,0,4,"Grounded summary for CP-04143: jurisdictional exposure, UBO depth 4, sanctions hits 0."
CP-04144,Counterparty 04144 Holdings,AE,low,2025-12-23,0,1,"Grounded summary for CP-04144: jurisdictional exposure, UBO depth 1, sanctions hits 0."
CP-04145,Counterparty 04145 Holdings,SG,critical,2025-12-22,0,2,"Grounded summary for CP-04145: jurisdictional exposure, UBO depth 2, sanctions hits 0."
CP-04146,Counterparty 04146 Holdings,US,high,2025-12-21,0,3,"Grounded summary for CP-04146: jurisdictional exposure, UBO depth 3, sanctions hits 0."
CP-04147,Counterparty 04147 Holdings,GB,medium,2025-12-20,0,4,"Grounded summary for CP-04147: jurisdictional exposure, UBO depth 4, sanctions hits 0."
CP-04148,Counterparty 04148 Holdings,KY,low,2025-12-19,0,1,"Grounded summary for CP-04148: jurisdictional exposure, UBO depth 1, sanctions hits 0."
CP-04149,Counterparty 04149 Holdings,DE,critical,2025-12-18,0,2,"Grounded summary for CP-04149: jurisdictional exposure, UBO depth 2, sanctions hits 0."
CP-04150,Counterparty 04150 Holdings,AE,high,2025-12-17,0,3,"Grounded summary for CP-04150: jurisdictional exposure, UBO depth 3, sanctions hits 0."
CP-04151,Counterparty 04151 Holdings,SG,medium,2025-12-16,0,4,"Grounded summary for CP-04151: jurisdictional exposure, UBO depth 4, sanctions hits 0."
CP-04152,Counterparty 04152 Holdings,US,low,2025-12-15,0,1,"Grounded summary for CP-04152: jurisdictional exposure, UBO depth 1, sanctions hits 0."
CP-04153,Counterparty 04153 Holdings,GB,critical,2025-12-14,0,2,"Grounded summary for CP-04153: jurisdictional exposure, UBO depth 2, sanctions hits 0."
CP-04154,Counterparty 04154 Holdings,KY,high,2025-12-13,0,3,"Grounded summary for CP-04154: jurisdictional exposure, UBO depth 3, sanctions hits 0."
CP-04155,Counterparty 04155 Holdings,DE,medium,2025-12-12,0,4,"Grounded summary for CP-04155: jurisdictional exposure, UBO depth 4, sanctions hits 0."
CP-04156,Counterparty 04156 Holdings,AE,low,2025-12-11,0,1,"Grounded summary for CP-04156: jurisdictional exposure, UBO depth 1, sanctions hits 0."
CP-04157,Counterparty 04157 Holdings,SG,critical,2025-12-10,0,2,"Grounded summary for CP-04157: jurisdictional exposure, UBO depth 2, sanctions hits 0."
CP-04158,Counterparty 04158 Holdings,US,high,2025-12-09,0,3,"Grounded summary for CP-04158: jurisdictional exposure, UBO depth 3, sanctions hits 0."
CP-04159,Counterparty 04159 Holdings,GB,medium,2025-12-08,0,4,"Grounded summary for CP-04159: jurisdictional exposure, UBO depth 4, sanctions hits 0."
CP-04160,Counterparty 04160 Holdings,KY,low,2025-12-07,0,1,"Grounded summary for CP-04160: jurisdictional exposure, UBO depth 1, sanctions hits 0."
CP-04161,Counterparty 04161 Holdings,DE,critical,2025-12-06,0,2,"Grounded summary for CP-04161: jurisdictional exposure, UBO depth 2, sanctions hits 0."
CP-04162,Counterparty 04162 Holdings,AE,high,2025-12-05,0,3,"Grounded summary for CP-04162: jurisdictional exposure, UBO depth 3, sanctions hits 0."
CP-04163,Counterparty 04163 Holdings,SG,medium,2025-12-04,0,4,"Grounded summary for CP-04163: jurisdictional exposure, UBO depth 4, sanctions hits 0."
CP-04164,Counterparty 04164 Holdings,US,low,2025-12-03,0,1,"Grounded summary for CP-04164: jurisdictional exposure, UBO depth 1, sanctions hits 0."
CP-04165,Counterparty 04165 Holdings,GB,critical,2025-12-02,0,2,"Grounded summary for CP-04165: jurisdictional exposure, UBO depth 2, sanctions hits 0."
CP-04166,Counterparty 04166 Holdings,KY,high,2025-12-01,0,3,"Grounded summary for CP-04166: jurisdictional exposure, UBO depth 3, sanctions hits 0."
CP-04167,Counterparty 04167 Holdings,DE,medium,2025-11-30,0,4,"Grounded summary for CP-04167: jurisdictional exposure, UBO depth 4, sanctions hits 0."
CP-04168,Counterparty 04168 Holdings,AE,low,2025-11-29,0,1,"Grounded summary for CP-04168: jurisdictional exposure, UBO depth 1, sanctions hits 0."
CP-04169,Counterparty 04169 Holdings,SG,critical,2025-11-28,0,2,"Grounded summary for CP-04169: jurisdictional exposure, UBO depth 2, sanctions hits 0."
CP-04170,Counterparty 04170 Holdings,US,high,2025-11-27,0,3,"Grounded summary for CP-04170: jurisdictional exposure, UBO depth 3, sanctions hits 0."
CP-04171,Counterparty 04171 Holdings,GB,medium,2025-11-26,0,4,"Grounded summary for CP-04171: jurisdictional exposure, UBO depth 4, sanctions hits 0."
CP-04172,Counterparty 04172 Holdings,KY,low,2025-11-25,0,1,"Grounded summary for CP-04172: jurisdictional exposure, UBO depth 1, sanctions hits 0."
CP-04173,Counterparty 04173 Holdings,DE,critical,2025-11-24,0,2,"Grounded summary for CP-04173: jurisdictional exposure, UBO depth 2, sanctions hits 0."
CP-04174,Counterparty 04174 Holdings,AE,high,2025-11-23,0,3,"Grounded summary for CP-04174: jurisdictional exposure, UBO depth 3, sanctions hits 0."
CP-04175,Counterparty 04175 Holdings,SG,medium,2025-11-22,0,4,"Grounded summary for CP-04175: jurisdictional exposure, UBO depth 4, sanctions hits 0."
CP-04176,Counterparty 04176 Holdings,US,low,2025-11-21,0,1,"Grounded summary for CP-04176: jurisdictional exposure, UBO depth 1, sanctions hits 0."
CP-04177,Counterparty 04177 Holdings,GB,critical,2025-11-20,0,2,"Grounded summary for CP-04177: jurisdictional exposure, UBO depth 2, sanctions hits 0."
CP-04178,Counterparty 04178 Holdings,KY,high,2025-11-19,0,3,"Grounded summary for CP-04178: jurisdictional exposure, UBO depth 3, sanctions hits 0."
CP-04179,Counterparty 04179 Holdings,DE,medium,2025-11-18,0,4,"Grounded summary for CP-04179: jurisdictional exposure, UBO depth 4, sanctions hits 0."
CP-04180,Counterparty 04180 Holdings,AE,low,2025-11-17,0,1,"Grounded summary for CP-04180: jurisdictional exposure, UBO depth 1, sanctions hits 0."
CP-04181,Counterparty 04181 Holdings,SG,critical,2025-11-16,0,2,"Grounded summary for CP-04181: jurisdictional exposure, UBO depth 2, sanctions hits 0."
CP-04182,Counterparty 04182 Holdings,US,high,2025-11-15,0,3,"Grounded summary for CP-04182: jurisdictional exposure, UBO depth 3, sanctions hits 0."
CP-04183,Counterparty 04183 Holdings,GB,medium,2025-11-14,0,4,"Grounded summary for CP-04183: jurisdictional exposure, UBO depth 4, sanctions hits 0."
CP-04184,Counterparty 04184 Holdings,KY,low,2025-11-13,0,1,"Grounded summary for CP-04184: jurisdictional exposure, UBO depth 1, sanctions hits 0."
CP-04185,Counterparty 04185 Holdings,DE,critical,2025-11-12,0,2,"Grounded summary for CP-04185: jurisdictional exposure, UBO depth 2, sanctions hits 0."
CP-04186,Counterparty 04186 Holdings,AE,high,2025-11-11,0,3,"Grounded summary for CP-04186: jurisdictional exposure, UBO depth 3, sanctions hits 0."
CP-04187,Counterparty 04187 Holdings,SG,medium,2025-11-10,0,4,"Grounded summary for CP-04187: jurisdictional exposure, UBO depth 4, sanctions hits 0."
CP-04188,Counterparty 04188 Holdings,US,low,2025-11-09,0,1,"Grounded summary for CP-04188: jurisdictional exposure, UBO depth 1, sanctions hits 0."
CP-04189,Counterparty 04189 Holdings,GB,critical,2025-11-08,0,2,"Grounded summary for CP-04189: jurisdictional exposure, UBO depth 2, sanctions hits 0."
CP-04190,Counterparty 04190 Holdings,KY,high,2025-11-07,0,3,"Grounded summary for CP-04190: jurisdictional exposure, UBO depth 3, sanctions hits 0."
CP-04191,Counterparty 04191 Holdings,DE,medium,2025-11-06,0,4,"Grounded summary for CP-04191: jurisdictional exposure, UBO depth 4, sanctions hits 0."
CP-04192,Counterparty 04192 Holdings,AE,low,2025-11-05,0,1,"Grounded summary for CP-04192: jurisdictional exposure, UBO depth 1, sanctions hits 0."
CP-04193,Counterparty 04193 Holdings,SG,critical,2025-11-04,0,2,"Grounded summary for CP-04193: jurisdictional exposure, UBO depth 2, sanctions hits 0."
CP-04194,Counterparty 04194 Holdings,US,high,2025-11-03,0,3,"Grounded summary for CP-04194: jurisdictional exposure, UBO depth 3, sanctions hits 0."
CP-04195,Counterparty 04195 Holdings,GB,medium,2025-11-02,0,4,"Grounded summary for CP-04195: jurisdictional exposure, UBO depth 4, sanctions hits 0."
CP-04196,Counterparty 04196 Holdings,KY,low,2025-11-01,0,1,"Grounded summary for CP-04196: jurisdictional exposure, UBO depth 1, sanctions hits 0."
CP-04197,Counterparty 04197 Holdings,DE,critical,2025-10-31,0,2,"Grounded summary for CP-04197: jurisdictional exposure, UBO depth 2, sanctions hits 0."
CP-04198,Counterparty 04198 Holdings,AE,high,2025-10-30,0,3,"Grounded summary for CP-04198: jurisdictional exposure, UBO depth 3, sanctions hits 0."
CP-04199,Counterparty 04199 Holdings,SG,medium,2025-10-29,0,4,"Grounded summary for CP-04199: jurisdictional exposure, UBO depth 4, sanctions hits 0."
CP-04200,Counterparty 04200 Holdings,US,low,2025-10-28,0,1,"Grounded summary for CP-04200: jurisdictional exposure, UBO depth 1, sanctions hits 0."
CP-04201,Counterparty 04201 Holdings,GB,critical,2025-10-27,0,2,"Grounded summary for CP-04201: jurisdictional exposure, UBO depth 2, sanctions hits 0."
CP-04202,Counterparty 04202 Holdings,KY,high,2025-10-26,0,3,"Grounded summary for CP-04202: jurisdictional exposure, UBO depth 3, sanctions hits 0."
CP-04203,Counterparty 04203 Holdings,DE,medium,2025-10-25,0,4,"Grounded summary for CP-04203: jurisdictional exposure, UBO depth 4, sanctions hits 0."
CP-04204,Counterparty 04204 Holdings,AE,low,2025-10-24,0,1,"Grounded summary for CP-04204: jurisdictional exposure, UBO depth 1, sanctions hits 0."
CP-04205,Counterparty 04205 Holdings,SG,critical,2025-10-23,0,2,"Grounded summary for CP-04205: jurisdictional exposure, UBO depth 2, sanctions hits 0."
CP-04206,Counterparty 04206 Holdings,US,high,2025-10-22,0,3,"Grounded summary for CP-04206: jurisdictional exposure, UBO depth 3, sanctions hits 0."
CP-04207,Counterparty 04207 Holdings,GB,medium,2025-10-21,0,4,"Grounded summary for CP-04207: jurisdictional exposure, UBO depth 4, sanctions hits 0."
CP-04208,Counterparty 04208 Holdings,KY,low,2025-10-20,0,1,"Grounded summary for CP-04208: jurisdictional exposure, UBO depth 1, sanctions hits 0."
CP-04209,Counterparty 04209 Holdings,DE,critical,2025-10-19,0,2,"Grounded summary for CP-04209: jurisdictional exposure, UBO depth 2, sanctions hits 0."
CP-04210,Counterparty 04210 Holdings,AE,high,2025-10-18,0,3,"Grounded summary for CP-04210: jurisdictional exposure, UBO depth 3, sanctions hits 0."
CP-04211,Counterparty 04211 Holdings,SG,medium,2025-10-17,0,4,"Grounded summary for CP-04211: jurisdictional exposure, UBO depth 4, sanctions hits 0."
CP-04212,Counterparty 04212 Holdings,US,low,2025-10-16,0,1,"Grounded summary for CP-04212: jurisdictional exposure, UBO depth 1, sanctions hits 0."
CP-04213,Counterparty 04213 Holdings,GB,critical,2025-10-15,0,2,"Grounded summary for CP-04213: jurisdictional exposure, UBO depth 2, sanctions hits 0."
CP-04214,Counterparty 04214 Holdings,KY,high,2025-10-14,0,3,"Grounded summary for CP-04214: jurisdictional exposure, UBO depth 3, sanctions hits 0."
CP-04215,Counterparty 04215 Holdings,DE,medium,2025-10-13,0,4,"Grounded summary for CP-04215: jurisdictional exposure, UBO depth 4, sanctions hits 0."
CP-04216,Counterparty 04216 Holdings,AE,low,2025-10-12,0,1,"Grounded summary for CP-04216: jurisdictional exposure, UBO depth 1, sanctions hits 0."
CP-04217,Counterparty 04217 Holdings,SG,critical,2025-10-11,0,2,"Grounded summary for CP-04217: jurisdictional exposure, UBO depth 2, sanctions hits 0."
CP-04218,Counterparty 04218 Holdings,US,high,2025-10-10,0,3,"Grounded summary for CP-04218: jurisdictional exposure, UBO depth 3, sanctions hits 0."
CP-04219,Counterparty 04219 Holdings,GB,medium,2025-10-09,0,4,"Grounded summary for CP-04219: jurisdictional exposure, UBO depth 4, sanctions hits 0."
CP-04220,Counterparty 04220 Holdings,KY,low,2025-10-08,0,1,"Grounded summary for CP-04220: jurisdictional exposure, UBO depth 1, sanctions hits 0."
CP-04221,Counterparty 04221 Holdings,DE,critical,2025-10-07,0,2,"Grounded summary for CP-04221: jurisdictional exposure, UBO depth 2, sanctions hits 0."
CP-04222,Counterparty 04222 Holdings,AE,high,2025-10-06,0,3,"Grounded summary for CP-04222: jurisdictional exposure, UBO depth 3, sanctions hits 0."
CP-04223,Counterparty 04223 Holdings,SG,medium,2025-10-05,0,4,"Grounded summary for CP-04223: jurisdictional exposure, UBO depth 4, sanctions hits 0."
CP-04224,Counterparty 04224 Holdings,US,low,2025-10-04,0,1,"Grounded summary for CP-04224: jurisdictional exposure, UBO depth 1, sanctions hits 0."
CP-04225,Counterparty 04225 Holdings,GB,critical,2025-10-03,0,2,"Grounded summary for CP-04225: jurisdictional exposure, UBO depth 2, sanctions hits 0."
CP-04226,Counterparty 04226 Holdings,KY,high,2025-10-02,0,3,"Grounded summary for CP-04226: jurisdictional exposure, UBO depth 3, sanctions hits 0."
CP-04227,Counterparty 04227 Holdings,DE,medium,2025-10-01,0,4,"Grounded summary for CP-04227: jurisdictional exposure, UBO depth 4, sanctions hits 0."
CP-04228,Counterparty 04228 Holdings,AE,low,2025-09-30,0,1,"Grounded summary for CP-04228: jurisdictional exposure, UBO depth 1, sanctions hits 0."
CP-04229,Counterparty 04229 Holdings,SG,critical,2025-09-29,0,2,"Grounded summary for CP-04229: jurisdictional exposure, UBO depth 2, sanctions hits 0."
CP-04230,Counterparty 04230 Holdings,US,high,2025-09-28,0,3,"Grounded summary for CP-04230: jurisdictional exposure, UBO depth 3, sanctions hits 0."
CP-04231,Counterparty 04231 Holdings,GB,medium,2025-09-27,0,4,"Grounded summary for CP-04231: jurisdictional exposure, UBO depth 4, sanctions hits 0."
CP-04232,Counterparty 04232 Holdings,KY,low,2025-09-26,0,1,"Grounded summary for CP-04232: jurisdictional exposure, UBO depth 1, sanctions hits 0."
CP-04233,Counterparty 04233 Holdings,DE,critical,2025-09-25,0,2,"Grounded summary for CP-04233: jurisdictional exposure, UBO depth 2, sanctions hits 0."
CP-04234,Counterparty 04234 Holdings,AE,high,2025-09-24,0,3,"Grounded summary for CP-04234: jurisdictional exposure, UBO depth 3, sanctions hits 0."
CP-04235,Counterparty 04235 Holdings,SG,medium,2025-09-23,0,4,"Grounded summary for CP-04235: jurisdictional exposure, UBO depth 4, sanctions hits 0."
CP-04236,Counterparty 04236 Holdings,US,low,2025-09-22,0,1,"Grounded summary for CP-04236: jurisdictional exposure, UBO depth 1, sanctions hits 0."
CP-04237,Counterparty 04237 Holdings,GB,critical,2025-09-21,0,2,"Grounded summary for CP-04237: jurisdictional exposure, UBO depth 2, sanctions hits 0."
CP-04238,Counterparty 04238 Holdings,KY,high,2025-09-20,0,3,"Grounded summary for CP-04238: jurisdictional exposure, UBO depth 3, sanctions hits 0."
CP-04239,Counterparty 04239 Holdings,DE,medium,2025-09-19,0,4,"Grounded summary for CP-04239: jurisdictional exposure, UBO depth 4, sanctions hits 0."
CP-04240,Counterparty 04240 Holdings,AE,low,2025-09-18,0,1,"Grounded summary for CP-04240: jurisdictional exposure, UBO depth 1, sanctions hits 0."
CP-04241,Counterparty 04241 Holdings,SG,critical,2025-09-17,0,2,"Grounded summary for CP-04241: jurisdictional exposure, UBO depth 2, sanctions hits 0."
CP-04242,Counterparty 04242 Holdings,US,high,2025-09-16,0,3,"Grounded summary for CP-04242: jurisdictional exposure, UBO depth 3, sanctions hits 0."
CP-04243,Counterparty 04243 Holdings,GB,medium,2025-09-15,0,4,"Grounded summary for CP-04243: jurisdictional exposure, UBO depth 4, sanctions hits 0."
CP-04244,Counterparty 04244 Holdings,KY,low,2025-09-14,0,1,"Grounded summary for CP-04244: jurisdictional exposure, UBO depth 1, sanctions hits 0."
CP-04245,Counterparty 04245 Holdings,DE,critical,2025-09-13,0,2,"Grounded summary for CP-04245: jurisdictional exposure, UBO depth 2, sanctions hits 0."
CP-04246,Counterparty 04246 Holdings,AE,high,2025-09-12,0,3,"Grounded summary for CP-04246: jurisdictional exposure, UBO depth 3, sanctions hits 0."
CP-04247,Counterparty 04247 Holdings,SG,medium,2025-09-11,0,4,"Grounded summary for CP-04247: jurisdictional exposure, UBO depth 4, sanctions hits 0."
CP-04248,Counterparty 04248 Holdings,US,low,2025-09-10,0,1,"Grounded summary for CP-04248: jurisdictional exposure, UBO depth 1, sanctions hits 0."
CP-04249,Counterparty 04249 Holdings,GB,critical,2025-09-09,0,2,"Grounded summary for CP-04249: jurisdictional exposure, UBO depth 2, sanctions hits 0."
CP-04250,Counterparty 04250 Holdings,KY,high,2025-09-08,0,3,"Grounded summary for CP-04250: jurisdictional exposure, UBO depth 3, sanctions hits 0."
CP-04251,Counterparty 04251 Holdings,DE,medium,2025-09-07,0,4,"Grounded summary for CP-04251: jurisdictional exposure, UBO depth 4, sanctions hits 0."
CP-04252,Counterparty 04252 Holdings,AE,low,2025-09-06,0,1,"Grounded summary for CP-04252: jurisdictional exposure, UBO depth 1, sanctions hits 0."
CP-04253,Counterparty 04253 Holdings,SG,critical,2025-09-05,0,2,"Grounded summary for CP-04253: jurisdictional exposure, UBO depth 2, sanctions hits 0."
CP-04254,Counterparty 04254 Holdings,US,high,2025-09-04,0,3,"Grounded summary for CP-04254: jurisdictional exposure, UBO depth 3, sanctions hits 0."
CP-04255,Counterparty 04255 Holdings,GB,medium,2025-09-03,0,4,"Grounded summary for CP-04255: jurisdictional exposure, UBO depth 4, sanctions hits 0."
CP-04256,Counterparty 04256 Holdings,KY,low,2025-09-02,0,1,"Grounded summary for CP-04256: jurisdictional exposure, UBO depth 1, sanctions hits 0."
CP-04257,Counterparty 04257 Holdings,DE,critical,2025-09-01,0,2,"Grounded summary for CP-04257: jurisdictional exposure, UBO depth 2, sanctions hits 0."
CP-04258,Counterparty 04258 Holdings,AE,high,2025-08-31,0,3,"Grounded summary for CP-04258: jurisdictional exposure, UBO depth 3, sanctions hits 0."
CP-04259,Counterparty 04259 Holdings,SG,medium,2025-08-30,0,4,"Grounded summary for CP-04259: jurisdictional exposure, UBO depth 4, sanctions hits 0."
CP-04260,Counterparty 04260 Holdings,US,low,2025-08-29,0,1,"Grounded summary for CP-04260: jurisdictional exposure, UBO depth 1, sanctions hits 0."
CP-04261,Counterparty 04261 Holdings,GB,critical,2025-08-28,0,2,"Grounded summary for CP-04261: jurisdictional exposure, UBO depth 2, sanctions hits 0."
CP-04262,Counterparty 04262 Holdings,KY,high,2025-08-27,0,3,"Grounded summary for CP-04262: jurisdictional exposure, UBO depth 3, sanctions hits 0."
CP-04263,Counterparty 04263 Holdings,DE,medium,2025-08-26,0,4,"Grounded summary for CP-04263: jurisdictional exposure, UBO depth 4, sanctions hits 0."
CP-04264,Counterparty 04264 Holdings,AE,low,2025-08-25,0,1,"Grounded summary for CP-04264: jurisdictional exposure, UBO depth 1, sanctions hits 0."
CP-04265,Counterparty 04265 Holdings,SG,critical,2025-08-24,0,2,"Grounded summary for CP-04265: jurisdictional exposure, UBO depth 2, sanctions hits 0."
CP-04266,Counterparty 04266 Holdings,US,high,2025-08-23,0,3,"Grounded summary for CP-04266: jurisdictional exposure, UBO depth 3, sanctions hits 0."
CP-04267,Counterparty 04267 Holdings,GB,medium,2025-08-22,0,4,"Grounded summary for CP-04267: jurisdictional exposure, UBO depth 4, sanctions hits 0."
CP-04268,Counterparty 04268 Holdings,KY,low,2025-08-21,0,1,"Grounded summary for CP-04268: jurisdictional exposure, UBO depth 1, sanctions hits 0."
CP-04269,Counterparty 04269 Holdings,DE,critical,2025-08-20,0,2,"Grounded summary for CP-04269: jurisdictional exposure, UBO depth 2, sanctions hits 0."
CP-04270,Counterparty 04270 Holdings,AE,high,2025-08-19,0,3,"Grounded summary for CP-04270: jurisdictional exposure, UBO depth 3, sanctions hits 0."
CP-04271,Counterparty 04271 Holdings,SG,medium,2025-08-18,0,4,"Grounded summary for CP-04271: jurisdictional exposure, UBO depth 4, sanctions hits 0."
CP-04272,Counterparty 04272 Holdings,US,low,2025-08-17,0,1,"Grounded summary for CP-04272: jurisdictional exposure, UBO depth 1, sanctions hits 0."
CP-04273,Counterparty 04273 Holdings,GB,critical,2025-08-16,0,2,"Grounded summary for CP-04273: jurisdictional exposure, UBO depth 2, sanctions hits 0."
CP-04274,Counterparty 04274 Holdings,KY,high,2025-08-15,0,3,"Grounded summary for CP-04274: jurisdictional exposure, UBO depth 3, sanctions hits 0."
CP-04275,Counterparty 04275 Holdings,DE,medium,2025-08-14,0,4,"Grounded summary for CP-04275: jurisdictional exposure, UBO depth 4, sanctions hits 0."
CP-04276,Counterparty 04276 Holdings,AE,low,2025-08-13,0,1,"Grounded summary for CP-04276: jurisdictional exposure, UBO depth 1, sanctions hits 0."
CP-04277,Counterparty 04277 Holdings,SG,critical,2025-08-12,0,2,"Grounded summary for CP-04277: jurisdictional exposure, UBO depth 2, sanctions hits 0."
CP-04278,Counterparty 04278 Holdings,US,high,2025-08-11,0,3,"Grounded summary for CP-04278: jurisdictional exposure, UBO depth 3, sanctions hits 0."
CP-04279,Counterparty 04279 Holdings,GB,medium,2025-08-10,0,4,"Grounded summary for CP-04279: jurisdictional exposure, UBO depth 4, sanctions hits 0."
CP-04280,Counterparty 04280 Holdings,KY,low,2025-08-09,0,1,"Grounded summary for CP-04280: jurisdictional exposure, UBO depth 1, sanctions hits 0."
CP-04281,Counterparty 04281 Holdings,DE,critical,2025-08-08,0,2,"Grounded summary for CP-04281: jurisdictional exposure, UBO depth 2, sanctions hits 0."
CP-04282,Counterparty 04282 Holdings,AE,high,2025-08-07,0,3,"Grounded summary for CP-04282: jurisdictional exposure, UBO depth 3, sanctions hits 0."
CP-04283,Counterparty 04283 Holdings,SG,medium,2025-08-06,0,4,"Grounded summary for CP-04283: jurisdictional exposure, UBO depth 4, sanctions hits 0."
CP-04284,Counterparty 04284 Holdings,US,low,2025-08-05,0,1,"Grounded summary for CP-04284: jurisdictional exposure, UBO depth 1, sanctions hits 0."
CP-04285,Counterparty 04285 Holdings,GB,critical,2025-08-04,0,2,"Grounded summary for CP-04285: jurisdictional exposure, UBO depth 2, sanctions hits 0."
CP-04286,Counterparty 04286 Holdings,KY,high,2025-08-03,0,3,"Grounded summary for CP-04286: jurisdictional exposure, UBO depth 3, sanctions hits 0."
CP-04287,Counterparty 04287 Holdings,DE,medium,2025-08-02,0,4,"Grounded summary for CP-04287: jurisdictional exposure, UBO depth 4, sanctions hits 0."
CP-04288,Counterparty 04288 Holdings,AE,low,2025-08-01,0,1,"Grounded summary for CP-04288: jurisdictional exposure, UBO depth 1, sanctions hits 0."
CP-04289,Counterparty 04289 Holdings,SG,critical,2025-07-31,0,2,"Grounded summary for CP-04289: jurisdictional exposure, UBO depth 2, sanctions hits 0."
CP-04290,Counterparty 04290 Holdings,US,high,2025-07-30,0,3,"Grounded summary for CP-04290: jurisdictional exposure, UBO depth 3, sanctions hits 0."
CP-04291,Counterparty 04291 Holdings,GB,medium,2025-07-29,0,4,"Grounded summary for CP-04291: jurisdictional exposure, UBO depth 4, sanctions hits 0."
CP-04292,Counterparty 04292 Holdings,KY,low,2025-07-28,0,1,"Grounded summary for CP-04292: jurisdictional exposure, UBO depth 1, sanctions hits 0."
CP-04293,Counterparty 04293 Holdings,DE,critical,2025-07-27,0,2,"Grounded summary for CP-04293: jurisdictional exposure, UBO depth 2, sanctions hits 0."
CP-04294,Counterparty 04294 Holdings,AE,high,2025-07-26,0,3,"Grounded summary for CP-04294: jurisdictional exposure, UBO depth 3, sanctions hits 0."
CP-04295,Counterparty 04295 Holdings,SG,medium,2025-07-25,0,4,"Grounded summary for CP-04295: jurisdictional exposure, UBO depth 4, sanctions hits 0."
CP-04296,Counterparty 04296 Holdings,US,low,2025-07-24,0,1,"Grounded summary for CP-04296: jurisdictional exposure, UBO depth 1, sanctions hits 0."
CP-04297,Counterparty 04297 Holdings,GB,critical,2025-07-23,0,2,"Grounded summary for CP-04297: jurisdictional exposure, UBO depth 2, sanctions hits 0."
CP-04298,Counterparty 04298 Holdings,KY,high,2025-07-22,0,3,"Grounded summary for CP-04298: jurisdictional exposure, UBO depth 3, sanctions hits 0."
CP-04299,Counterparty 04299 Holdings,DE,medium,2025-07-21,0,4,"Grounded summary for CP-04299: jurisdictional exposure, UBO depth 4, sanctions hits 0."
CP-04300,Counterparty 04300 Holdings,AE,low,2025-07-20,0,1,"Grounded summary for CP-04300: jurisdictional exposure, UBO depth 1, sanctions hits 0."
CP-04301,Counterparty 04301 Holdings,SG,critical,2025-07-19,0,2,"Grounded summary for CP-04301: jurisdictional exposure, UBO depth 2, sanctions hits 0."
CP-04302,Counterparty 04302 Holdings,US,high,2025-07-18,0,3,"Grounded summary for CP-04302: jurisdictional exposure, UBO depth 3, sanctions hits 0."
CP-04303,Counterparty 04303 Holdings,GB,medium,2025-07-17,0,4,"Grounded summary for CP-04303: jurisdictional exposure, UBO depth 4, sanctions hits 0."
CP-04304,Counterparty 04304 Holdings,KY,low,2025-07-16,0,1,"Grounded summary for CP-04304: jurisdictional exposure, UBO depth 1, sanctions hits 0."
CP-04305,Counterparty 04305 Holdings,DE,critical,2025-07-15,0,2,"Grounded summary for CP-04305: jurisdictional exposure, UBO depth 2, sanctions hits 0."
CP-04306,Counterparty 04306 Holdings,AE,high,2025-07-14,0,3,"Grounded summary for CP-04306: jurisdictional exposure, UBO depth 3, sanctions hits 0."
CP-04307,Counterparty 04307 Holdings,SG,medium,2025-07-13,0,4,"Grounded summary for CP-04307: jurisdictional exposure, UBO depth 4, sanctions hits 0."
CP-04308,Counterparty 04308 Holdings,US,low,2025-07-12,0,1,"Grounded summary for CP-04308: jurisdictional exposure, UBO depth 1, sanctions hits 0."
CP-04309,Counterparty 04309 Holdings,GB,critical,2025-07-11,0,2,"Grounded summary for CP-04309: jurisdictional exposure, UBO depth 2, sanctions hits 0."
CP-04310,Counterparty 04310 Holdings,KY,high,2025-07-10,0,3,"Grounded summary for CP-04310: jurisdictional exposure, UBO depth 3, sanctions hits 0."
CP-04311,Counterparty 04311 Holdings,DE,medium,2025-07-09,0,4,"Grounded summary for CP-04311: jurisdictional exposure, UBO depth 4, sanctions hits 0."
CP-04312,Counterparty 04312 Holdings,AE,low,2025-07-08,0,1,"Grounded summary for CP-04312: jurisdictional exposure, UBO depth 1, sanctions hits 0."
CP-04313,Counterparty 04313 Holdings,SG,critical,2025-07-07,0,2,"Grounded summary for CP-04313: jurisdictional exposure, UBO depth 2, sanctions hits 0."
CP-04314,Counterparty 04314 Holdings,US,high,2025-07-06,0,3,"Grounded summary for CP-04314: jurisdictional exposure, UBO depth 3, sanctions hits 0."
CP-04315,Counterparty 04315 Holdings,GB,medium,2025-07-05,0,4,"Grounded summary for CP-04315: jurisdictional exposure, UBO depth 4, sanctions hits 0."
CP-04316,Counterparty 04316 Holdings,KY,low,2025-07-04,0,1,"Grounded summary for CP-04316: jurisdictional exposure, UBO depth 1, sanctions hits 0."
CP-04317,Counterparty 04317 Holdings,DE,critical,2025-07-03,0,2,"Grounded summary for CP-04317: jurisdictional exposure, UBO depth 2, sanctions hits 0."
CP-04318,Counterparty 04318 Holdings,AE,high,2025-07-02,0,3,"Grounded summary for CP-04318: jurisdictional exposure, UBO depth 3, sanctions hits 0."
CP-04319,Counterparty 04319 Holdings,SG,medium,2025-07-01,0,4,"Grounded summary for CP-04319: jurisdictional exposure, UBO depth 4, sanctions hits 0."
CP-04320,Counterparty 04320 Holdings,US,low,2025-06-30,0,1,"Grounded summary for CP-04320: jurisdictional exposure, UBO depth 1, sanctions hits 0."
CP-04321,Counterparty 04321 Holdings,GB,critical,2025-06-29,0,2,"Grounded summary for CP-04321: jurisdictional exposure, UBO depth 2, sanctions hits 0."
CP-04322,Counterparty 04322 Holdings,KY,high,2025-06-28,0,3,"Grounded summary for CP-04322: jurisdictional exposure, UBO depth 3, sanctions hits 0."
CP-04323,Counterparty 04323 Holdings,DE,medium,2025-06-27,0,4,"Grounded summary for CP-04323: jurisdictional exposure, UBO depth 4, sanctions hits 0."
CP-04324,Counterparty 04324 Holdings,AE,low,2025-06-26,0,1,"Grounded summary for CP-04324: jurisdictional exposure, UBO depth 1, sanctions hits 0."
CP-04325,Counterparty 04325 Holdings,SG,critical,2025-06-25,0,2,"Grounded summary for CP-04325: jurisdictional exposure, UBO depth 2, sanctions hits 0."
CP-04326,Counterparty 04326 Holdings,US,high,2025-06-24,0,3,"Grounded summary for CP-04326: jurisdictional exposure, UBO depth 3, sanctions hits 0."
CP-04327,Counterparty 04327 Holdings,GB,medium,2025-06-23,0,4,"Grounded summary for CP-04327: jurisdictional exposure, UBO depth 4, sanctions hits 0."
CP-04328,Counterparty 04328 Holdings,KY,low,2025-06-22,0,1,"Grounded summary for CP-04328: jurisdictional exposure, UBO depth 1, sanctions hits 0."
CP-04329,Counterparty 04329 Holdings,DE,critical,2025-06-21,0,2,"Grounded summary for CP-04329: jurisdictional exposure, UBO depth 2, sanctions hits 0."
CP-04330,Counterparty 04330 Holdings,AE,high,2025-06-20,0,3,"Grounded summary for CP-04330: jurisdictional exposure, UBO depth 3, sanctions hits 0."
CP-04331,Counterparty 04331 Holdings,SG,medium,2025-06-19,0,4,"Grounded summary for CP-04331: jurisdictional exposure, UBO depth 4, sanctions hits 0."
CP-04332,Counterparty 04332 Holdings,US,low,2025-06-18,0,1,"Grounded summary for CP-04332: jurisdictional exposure, UBO depth 1, sanctions hits 0."
CP-04333,Counterparty 04333 Holdings,GB,critical,2025-06-17,0,2,"Grounded summary for CP-04333: jurisdictional exposure, UBO depth 2, sanctions hits 0."
CP-04334,Counterparty 04334 Holdings,KY,high,2025-06-16,0,3,"Grounded summary for CP-04334: jurisdictional exposure, UBO depth 3, sanctions hits 0."
CP-04335,Counterparty 04335 Holdings,DE,medium,2025-06-15,0,4,"Grounded summary for CP-04335: jurisdictional exposure, UBO depth 4, sanctions hits 0."
CP-04336,Counterparty 04336 Holdings,AE,low,2025-06-14,0,1,"Grounded summary for CP-04336: jurisdictional exposure, UBO depth 1, sanctions hits 0."
CP-04337,Counterparty 04337 Holdings,SG,critical,2025-06-13,0,2,"Grounded summary for CP-04337: jurisdictional exposure, UBO depth 2, sanctions hits 0."
CP-04338,Counterparty 04338 Holdings,US,high,2025-06-12,0,3,"Grounded summary for CP-04338: jurisdictional exposure, UBO depth 3, sanctions hits 0."
CP-04339,Counterparty 04339 Holdings,GB,medium,2025-06-11,0,4,"Grounded summary for CP-04339: jurisdictional exposure, UBO depth 4, sanctions hits 0."
CP-04340,Counterparty 04340 Holdings,KY,low,2025-06-10,0,1,"Grounded summary for CP-04340: jurisdictional exposure, UBO depth 1, sanctions hits 0."
CP-04341,Counterparty 04341 Holdings,DE,critical,2025-06-09,0,2,"Grounded summary for CP-04341: jurisdictional exposure, UBO depth 2, sanctions hits 0."
CP-04342,Counterparty 04342 Holdings,AE,high,2025-06-08,0,3,"Grounded summary for CP-04342: jurisdictional exposure, UBO depth 3, sanctions hits 0."
CP-04343,Counterparty 04343 Holdings,SG,medium,2025-06-07,0,4,"Grounded summary for CP-04343: jurisdictional exposure, UBO depth 4, sanctions hits 0."
CP-04344,Counterparty 04344 Holdings,US,low,2025-06-06,0,1,"Grounded summary for CP-04344: jurisdictional exposure, UBO depth 1, sanctions hits 0."
CP-04345,Counterparty 04345 Holdings,GB,critical,2025-06-05,0,2,"Grounded summary for CP-04345: jurisdictional exposure, UBO depth 2, sanctions hits 0."
CP-04346,Counterparty 04346 Holdings,KY,high,2025-06-04,0,3,"Grounded summary for CP-04346: jurisdictional exposure, UBO depth 3, sanctions hits 0."
CP-04347,Counterparty 04347 Holdings,DE,medium,2025-06-03,0,4,"Grounded summary for CP-04347: jurisdictional exposure, UBO depth 4, sanctions hits 0."
CP-04348,Counterparty 04348 Holdings,AE,low,2025-06-02,0,1,"Grounded summary for CP-04348: jurisdictional exposure, UBO depth 1, sanctions hits 0."
CP-04349,Counterparty 04349 Holdings,SG,critical,2025-06-01,0,2,"Grounded summary for CP-04349: jurisdictional exposure, UBO depth 2, sanctions hits 0."
CP-04350,Counterparty 04350 Holdings,US,high,2025-05-31,0,3,"Grounded summary for CP-04350: jurisdictional exposure, UBO depth 3, sanctions hits 0."
CP-04351,Counterparty 04351 Holdings,GB,medium,2025-05-30,0,4,"Grounded summary for CP-04351: jurisdictional exposure, UBO depth 4, sanctions hits 0."
CP-04352,Counterparty 04352 Holdings,KY,low,2025-05-29,0,1,"Grounded summary for CP-04352: jurisdictional exposure, UBO depth 1, sanctions hits 0."
CP-04353,Counterparty 04353 Holdings,DE,critical,2025-05-28,0,2,"Grounded summary for CP-04353: jurisdictional exposure, UBO depth 2, sanctions hits 0."
CP-04354,Counterparty 04354 Holdings,AE,high,2025-05-27,0,3,"Grounded summary for CP-04354: jurisdictional exposure, UBO depth 3, sanctions hits 0."
CP-04355,Counterparty 04355 Holdings,SG,medium,2025-05-26,0,4,"Grounded summary for CP-04355: jurisdictional exposure, UBO depth 4, sanctions hits 0."
CP-04356,Counterparty 04356 Holdings,US,low,2025-05-25,0,1,"Grounded summary for CP-04356: jurisdictional exposure, UBO depth 1, sanctions hits 0."
CP-04357,Counterparty 04357 Holdings,GB,critical,2025-05-24,0,2,"Grounded summary for CP-04357: jurisdictional exposure, UBO depth 2, sanctions hits 0."
CP-04358,Counterparty 04358 Holdings,KY,high,2025-05-23,0,3,"Grounded summary for CP-04358: jurisdictional exposure, UBO depth 3, sanctions hits 0."
CP-04359,Counterparty 04359 Holdings,DE,medium,2025-05-22,0,4,"Grounded summary for CP-04359: jurisdictional exposure, UBO depth 4, sanctions hits 0."
CP-04360,Counterparty 04360 Holdings,AE,low,2025-05-21,0,1,"Grounded summary for CP-04360: jurisdictional exposure, UBO depth 1, sanctions hits 0."
CP-04361,Counterparty 04361 Holdings,SG,critical,2025-05-20,0,2,"Grounded summary for CP-04361: jurisdictional exposure, UBO depth 2, sanctions hits 0."
CP-04362,Counterparty 04362 Holdings,US,high,2025-05-19,0,3,"Grounded summary for CP-04362: jurisdictional exposure, UBO depth 3, sanctions hits 0."
CP-04363,Counterparty 04363 Holdings,GB,medium,2025-05-18,0,4,"Grounded summary for CP-04363: jurisdictional exposure, UBO depth 4, sanctions hits 0."
CP-04364,Counterparty 04364 Holdings,KY,low,2025-05-17,0,1,"Grounded summary for CP-04364: jurisdictional exposure, UBO depth 1, sanctions hits 0."
CP-04365,Counterparty 04365 Holdings,DE,critical,2025-05-16,0,2,"Grounded summary for CP-04365: jurisdictional exposure, UBO depth 2, sanctions hits 0."
CP-04366,Counterparty 04366 Holdings,AE,high,2025-05-15,0,3,"Grounded summary for CP-04366: jurisdictional exposure, UBO depth 3, sanctions hits 0."
CP-04367,Counterparty 04367 Holdings,SG,medium,2025-05-14,0,4,"Grounded summary for CP-04367: jurisdictional exposure, UBO depth 4, sanctions hits 0."
CP-04368,Counterparty 04368 Holdings,US,low,2025-05-13,0,1,"Grounded summary for CP-04368: jurisdictional exposure, UBO depth 1, sanctions hits 0."
CP-04369,Counterparty 04369 Holdings,GB,critical,2025-05-12,0,2,"Grounded summary for CP-04369: jurisdictional exposure, UBO depth 2, sanctions hits 0."
CP-04370,Counterparty 04370 Holdings,KY,high,2025-05-11,0,3,"Grounded summary for CP-04370: jurisdictional exposure, UBO depth 3, sanctions hits 0."
CP-04371,Counterparty 04371 Holdings,DE,medium,2025-05-10,0,4,"Grounded summary for CP-04371: jurisdictional exposure, UBO depth 4, sanctions hits 0."
CP-04372,Counterparty 04372 Holdings,AE,low,2025-05-09,0,1,"Grounded summary for CP-04372: jurisdictional exposure, UBO depth 1, sanctions hits 0."
CP-04373,Counterparty 04373 Holdings,SG,critical,2025-05-08,0,2,"Grounded summary for CP-04373: jurisdictional exposure, UBO depth 2, sanctions hits 0."
CP-04374,Counterparty 04374 Holdings,US,high,2025-05-07,0,3,"Grounded summary for CP-04374: jurisdictional exposure, UBO depth 3, sanctions hits 0."
CP-04375,Counterparty 04375 Holdings,GB,medium,2025-05-06,0,4,"Grounded summary for CP-04375: jurisdictional exposure, UBO depth 4, sanctions hits 0."
CP-04376,Counterparty 04376 Holdings,KY,low,2025-05-05,0,1,"Grounded summary for CP-04376: jurisdictional exposure, UBO depth 1, sanctions hits 0."
CP-04377,Counterparty 04377 Holdings,DE,critical,2025-05-04,0,2,"Grounded summary for CP-04377: jurisdictional exposure, UBO depth 2, sanctions hits 0."
CP-04378,Counterparty 04378 Holdings,AE,high,2025-05-03,0,3,"Grounded summary for CP-04378: jurisdictional exposure, UBO depth 3, sanctions hits 0."
CP-04379,Counterparty 04379 Holdings,SG,medium,2025-05-02,0,4,"Grounded summary for CP-04379: jurisdictional exposure, UBO depth 4, sanctions hits 0."
CP-04380,Counterparty 04380 Holdings,US,low,2026-05-01,0,1,"Grounded summary for CP-04380: jurisdictional exposure, UBO depth 1, sanctions hits 0."
CP-04381,Counterparty 04381 Holdings,GB,critical,2026-04-30,0,2,"Grounded summary for CP-04381: jurisdictional exposure, UBO depth 2, sanctions hits 0."
CP-04382,Counterparty 04382 Holdings,KY,high,2026-04-29,0,3,"Grounded summary for CP-04382: jurisdictional exposure, UBO depth 3, sanctions hits 0."
CP-04383,Counterparty 04383 Holdings,DE,medium,2026-04-28,0,4,"Grounded summary for CP-04383: jurisdictional exposure, UBO depth 4, sanctions hits 0."
CP-04384,Counterparty 04384 Holdings,AE,low,2026-04-27,0,1,"Grounded summary for CP-04384: jurisdictional exposure, UBO depth 1, sanctions hits 0."
CP-04385,Counterparty 04385 Holdings,SG,critical,2026-04-26,0,2,"Grounded summary for CP-04385: jurisdictional exposure, UBO depth 2, sanctions hits 0."
CP-04386,Counterparty 04386 Holdings,US,high,2026-04-25,0,3,"Grounded summary for CP-04386: jurisdictional exposure, UBO depth 3, sanctions hits 0."
CP-04387,Counterparty 04387 Holdings,GB,medium,2026-04-24,0,4,"Grounded summary for CP-04387: jurisdictional exposure, UBO depth 4, sanctions hits 0."
CP-04388,Counterparty 04388 Holdings,KY,low,2026-04-23,0,1,"Grounded summary for CP-04388: jurisdictional exposure, UBO depth 1, sanctions hits 0."
CP-04389,Counterparty 04389 Holdings,DE,critical,2026-04-22,0,2,"Grounded summary for CP-04389: jurisdictional exposure, UBO depth 2, sanctions hits 0."
CP-04390,Counterparty 04390 Holdings,AE,high,2026-04-21,0,3,"Grounded summary for CP-04390: jurisdictional exposure, UBO depth 3, sanctions hits 0."
CP-04391,Counterparty 04391 Holdings,SG,medium,2026-04-20,0,4,"Grounded summary for CP-04391: jurisdictional exposure, UBO depth 4, sanctions hits 0."
CP-04392,Counterparty 04392 Holdings,US,low,2026-04-19,0,1,"Grounded summary for CP-04392: jurisdictional exposure, UBO depth 1, sanctions hits 0."
CP-04393,Counterparty 04393 Holdings,GB,critical,2026-04-18,0,2,"Grounded summary for CP-04393: jurisdictional exposure, UBO depth 2, sanctions hits 0."
CP-04394,Counterparty 04394 Holdings,KY,high,2026-04-17,0,3,"Grounded summary for CP-04394: jurisdictional exposure, UBO depth 3, sanctions hits 0."
CP-04395,Counterparty 04395 Holdings,DE,medium,2026-04-16,0,4,"Grounded summary for CP-04395: jurisdictional exposure, UBO depth 4, sanctions hits 0."
CP-04396,Counterparty 04396 Holdings,AE,low,2026-04-15,0,1,"Grounded summary for CP-04396: jurisdictional exposure, UBO depth 1, sanctions hits 0."
CP-04397,Counterparty 04397 Holdings,SG,critical,2026-04-14,0,2,"Grounded summary for CP-04397: jurisdictional exposure, UBO depth 2, sanctions hits 0."
CP-04398,Counterparty 04398 Holdings,US,high,2026-04-13,0,3,"Grounded summary for CP-04398: jurisdictional exposure, UBO depth 3, sanctions hits 0."
CP-04399,Counterparty 04399 Holdings,GB,medium,2026-04-12,0,4,"Grounded summary for CP-04399: jurisdictional exposure, UBO depth 4, sanctions hits 0."
CP-04400,Counterparty 04400 Holdings,KY,low,2026-04-11,0,1,"Grounded summary for CP-04400: jurisdictional exposure, UBO depth 1, sanctions hits 0."
CP-04401,Counterparty 04401 Holdings,DE,critical,2026-04-10,0,2,"Grounded summary for CP-04401: jurisdictional exposure, UBO depth 2, sanctions hits 0."
CP-04402,Counterparty 04402 Holdings,AE,high,2026-04-09,0,3,"Grounded summary for CP-04402: jurisdictional exposure, UBO depth 3, sanctions hits 0."
CP-04403,Counterparty 04403 Holdings,SG,medium,2026-04-08,0,4,"Grounded summary for CP-04403: jurisdictional exposure, UBO depth 4, sanctions hits 0."
CP-04404,Counterparty 04404 Holdings,US,low,2026-04-07,0,1,"Grounded summary for CP-04404: jurisdictional exposure, UBO depth 1, sanctions hits 0."
CP-04405,Counterparty 04405 Holdings,GB,critical,2026-04-06,0,2,"Grounded summary for CP-04405: jurisdictional exposure, UBO depth 2, sanctions hits 0."
CP-04406,Counterparty 04406 Holdings,KY,high,2026-04-05,0,3,"Grounded summary for CP-04406: jurisdictional exposure, UBO depth 3, sanctions hits 0."
CP-04407,Counterparty 04407 Holdings,DE,medium,2026-04-04,0,4,"Grounded summary for CP-04407: jurisdictional exposure, UBO depth 4, sanctions hits 0."
CP-04408,Counterparty 04408 Holdings,AE,low,2026-04-03,0,1,"Grounded summary for CP-04408: jurisdictional exposure, UBO depth 1, sanctions hits 0."
CP-04409,Counterparty 04409 Holdings,SG,critical,2026-04-02,0,2,"Grounded summary for CP-04409: jurisdictional exposure, UBO depth 2, sanctions hits 0."
CP-04410,Counterparty 04410 Holdings,US,high,2026-04-01,0,3,"Grounded summary for CP-04410: jurisdictional exposure, UBO depth 3, sanctions hits 0."
CP-04411,Counterparty 04411 Holdings,GB,medium,2026-03-31,0,4,"Grounded summary for CP-04411: jurisdictional exposure, UBO depth 4, sanctions hits 0."
CP-04412,Counterparty 04412 Holdings,KY,low,2026-03-30,0,1,"Grounded summary for CP-04412: jurisdictional exposure, UBO depth 1, sanctions hits 0."
CP-04413,Counterparty 04413 Holdings,DE,critical,2026-03-29,0,2,"Grounded summary for CP-04413: jurisdictional exposure, UBO depth 2, sanctions hits 0."
CP-04414,Counterparty 04414 Holdings,AE,high,2026-03-28,0,3,"Grounded summary for CP-04414: jurisdictional exposure, UBO depth 3, sanctions hits 0."
CP-04415,Counterparty 04415 Holdings,SG,medium,2026-03-27,0,4,"Grounded summary for CP-04415: jurisdictional exposure, UBO depth 4, sanctions hits 0."
CP-04416,Counterparty 04416 Holdings,US,low,2026-03-26,0,1,"Grounded summary for CP-04416: jurisdictional exposure, UBO depth 1, sanctions hits 0."
CP-04417,Counterparty 04417 Holdings,GB,critical,2026-03-25,0,2,"Grounded summary for CP-04417: jurisdictional exposure, UBO depth 2, sanctions hits 0."
CP-04418,Counterparty 04418 Holdings,KY,high,2026-03-24,0,3,"Grounded summary for CP-04418: jurisdictional exposure, UBO depth 3, sanctions hits 0."
CP-04419,Counterparty 04419 Holdings,DE,medium,2026-03-23,0,4,"Grounded summary for CP-04419: jurisdictional exposure, UBO depth 4, sanctions hits 0."
CP-04420,Counterparty 04420 Holdings,AE,low,2026-03-22,0,1,"Grounded summary for CP-04420: jurisdictional exposure, UBO depth 1, sanctions hits 0."
CP-04421,Counterparty 04421 Holdings,SG,critical,2026-03-21,0,2,"Grounded summary for CP-04421: jurisdictional exposure, UBO depth 2, sanctions hits 0."
CP-04422,Counterparty 04422 Holdings,US,high,2026-03-20,0,3,"Grounded summary for CP-04422: jurisdictional exposure, UBO depth 3, sanctions hits 0."
CP-04423,Counterparty 04423 Holdings,GB,medium,2026-03-19,0,4,"Grounded summary for CP-04423: jurisdictional exposure, UBO depth 4, sanctions hits 0."
CP-04424,Counterparty 04424 Holdings,KY,low,2026-03-18,0,1,"Grounded summary for CP-04424: jurisdictional exposure, UBO depth 1, sanctions hits 0."
CP-04425,Counterparty 04425 Holdings,DE,critical,2026-03-17,0,2,"Grounded summary for CP-04425: jurisdictional exposure, UBO depth 2, sanctions hits 0."
CP-04426,Counterparty 04426 Holdings,AE,high,2026-03-16,0,3,"Grounded summary for CP-04426: jurisdictional exposure, UBO depth 3, sanctions hits 0."
CP-04427,Counterparty 04427 Holdings,SG,medium,2026-03-15,0,4,"Grounded summary for CP-04427: jurisdictional exposure, UBO depth 4, sanctions hits 0."
CP-04428,Counterparty 04428 Holdings,US,low,2026-03-14,0,1,"Grounded summary for CP-04428: jurisdictional exposure, UBO depth 1, sanctions hits 0."
CP-04429,Counterparty 04429 Holdings,GB,critical,2026-03-13,0,2,"Grounded summary for CP-04429: jurisdictional exposure, UBO depth 2, sanctions hits 0."
CP-04430,Counterparty 04430 Holdings,KY,high,2026-03-12,0,3,"Grounded summary for CP-04430: jurisdictional exposure, UBO depth 3, sanctions hits 0."
CP-04431,Counterparty 04431 Holdings,DE,medium,2026-03-11,0,4,"Grounded summary for CP-04431: jurisdictional exposure, UBO depth 4, sanctions hits 0."
CP-04432,Counterparty 04432 Holdings,AE,low,2026-03-10,0,1,"Grounded summary for CP-04432: jurisdictional exposure, UBO depth 1, sanctions hits 0."
CP-04433,Counterparty 04433 Holdings,SG,critical,2026-03-09,0,2,"Grounded summary for CP-04433: jurisdictional exposure, UBO depth 2, sanctions hits 0."
CP-04434,Counterparty 04434 Holdings,US,high,2026-03-08,0,3,"Grounded summary for CP-04434: jurisdictional exposure, UBO depth 3, sanctions hits 0."
CP-04435,Counterparty 04435 Holdings,GB,medium,2026-03-07,0,4,"Grounded summary for CP-04435: jurisdictional exposure, UBO depth 4, sanctions hits 0."
CP-04436,Counterparty 04436 Holdings,KY,low,2026-03-06,0,1,"Grounded summary for CP-04436: jurisdictional exposure, UBO depth 1, sanctions hits 0."
CP-04437,Counterparty 04437 Holdings,DE,critical,2026-03-05,0,2,"Grounded summary for CP-04437: jurisdictional exposure, UBO depth 2, sanctions hits 0."
CP-04438,Counterparty 04438 Holdings,AE,high,2026-03-04,0,3,"Grounded summary for CP-04438: jurisdictional exposure, UBO depth 3, sanctions hits 0."
CP-04439,Counterparty 04439 Holdings,SG,medium,2026-03-03,0,4,"Grounded summary for CP-04439: jurisdictional exposure, UBO depth 4, sanctions hits 0."
CP-04440,Counterparty 04440 Holdings,US,low,2026-03-02,0,1,"Grounded summary for CP-04440: jurisdictional exposure, UBO depth 1, sanctions hits 0."
CP-04441,Counterparty 04441 Holdings,GB,critical,2026-03-01,0,2,"Grounded summary for CP-04441: jurisdictional exposure, UBO depth 2, sanctions hits 0."
CP-04442,Counterparty 04442 Holdings,KY,high,2026-02-28,0,3,"Grounded summary for CP-04442: jurisdictional exposure, UBO depth 3, sanctions hits 0."
CP-04443,Counterparty 04443 Holdings,DE,medium,2026-02-27,0,4,"Grounded summary for CP-04443: jurisdictional exposure, UBO depth 4, sanctions hits 0."
CP-04444,Counterparty 04444 Holdings,AE,low,2026-02-26,0,1,"Grounded summary for CP-04444: jurisdictional exposure, UBO depth 1, sanctions hits 0."
CP-04445,Counterparty 04445 Holdings,SG,critical,2026-02-25,0,2,"Grounded summary for CP-04445: jurisdictional exposure, UBO depth 2, sanctions hits 0."
CP-04446,Counterparty 04446 Holdings,US,high,2026-02-24,0,3,"Grounded summary for CP-04446: jurisdictional exposure, UBO depth 3, sanctions hits 0."
CP-04447,Counterparty 04447 Holdings,GB,medium,2026-02-23,0,4,"Grounded summary for CP-04447: jurisdictional exposure, UBO depth 4, sanctions hits 0."
CP-04448,Counterparty 04448 Holdings,KY,low,2026-02-22,0,1,"Grounded summary for CP-04448: jurisdictional exposure, UBO depth 1, sanctions hits 0."
CP-04449,Counterparty 04449 Holdings,DE,critical,2026-02-21,0,2,"Grounded summary for CP-04449: jurisdictional exposure, UBO depth 2, sanctions hits 0."
CP-04450,Counterparty 04450 Holdings,AE,high,2026-02-20,0,3,"Grounded summary for CP-04450: jurisdictional exposure, UBO depth 3, sanctions hits 0."
CP-04451,Counterparty 04451 Holdings,SG,medium,2026-02-19,0,4,"Grounded summary for CP-04451: jurisdictional exposure, UBO depth 4, sanctions hits 0."
CP-04452,Counterparty 04452 Holdings,US,low,2026-02-18,0,1,"Grounded summary for CP-04452: jurisdictional exposure, UBO depth 1, sanctions hits 0."
CP-04453,Counterparty 04453 Holdings,GB,critical,2026-02-17,0,2,"Grounded summary for CP-04453: jurisdictional exposure, UBO depth 2, sanctions hits 0."
CP-04454,Counterparty 04454 Holdings,KY,high,2026-02-16,0,3,"Grounded summary for CP-04454: jurisdictional exposure, UBO depth 3, sanctions hits 0."
CP-04455,Counterparty 04455 Holdings,DE,medium,2026-02-15,0,4,"Grounded summary for CP-04455: jurisdictional exposure, UBO depth 4, sanctions hits 0."
CP-04456,Counterparty 04456 Holdings,AE,low,2026-02-14,0,1,"Grounded summary for CP-04456: jurisdictional exposure, UBO depth 1, sanctions hits 0."
CP-04457,Counterparty 04457 Holdings,SG,critical,2026-02-13,0,2,"Grounded summary for CP-04457: jurisdictional exposure, UBO depth 2, sanctions hits 0."
CP-04458,Counterparty 04458 Holdings,US,high,2026-02-12,0,3,"Grounded summary for CP-04458: jurisdictional exposure, UBO depth 3, sanctions hits 0."
CP-04459,Counterparty 04459 Holdings,GB,medium,2026-02-11,0,4,"Grounded summary for CP-04459: jurisdictional exposure, UBO depth 4, sanctions hits 0."
CP-04460,Counterparty 04460 Holdings,KY,low,2026-02-10,0,1,"Grounded summary for CP-04460: jurisdictional exposure, UBO depth 1, sanctions hits 0."
CP-04461,Counterparty 04461 Holdings,DE,critical,2026-02-09,0,2,"Grounded summary for CP-04461: jurisdictional exposure, UBO depth 2, sanctions hits 0."
CP-04462,Counterparty 04462 Holdings,AE,high,2026-02-08,0,3,"Grounded summary for CP-04462: jurisdictional exposure, UBO depth 3, sanctions hits 0."
CP-04463,Counterparty 04463 Holdings,SG,medium,2026-02-07,0,4,"Grounded summary for CP-04463: jurisdictional exposure, UBO depth 4, sanctions hits 0."
CP-04464,Counterparty 04464 Holdings,US,low,2026-02-06,0,1,"Grounded summary for CP-04464: jurisdictional exposure, UBO depth 1, sanctions hits 0."
CP-04465,Counterparty 04465 Holdings,GB,critical,2026-02-05,0,2,"Grounded summary for CP-04465: jurisdictional exposure, UBO depth 2, sanctions hits 0."
CP-04466,Counterparty 04466 Holdings,KY,high,2026-02-04,0,3,"Grounded summary for CP-04466: jurisdictional exposure, UBO depth 3, sanctions hits 0."
CP-04467,Counterparty 04467 Holdings,DE,medium,2026-02-03,0,4,"Grounded summary for CP-04467: jurisdictional exposure, UBO depth 4, sanctions hits 0."
CP-04468,Counterparty 04468 Holdings,AE,low,2026-02-02,0,1,"Grounded summary for CP-04468: jurisdictional exposure, UBO depth 1, sanctions hits 0."
CP-04469,Counterparty 04469 Holdings,SG,critical,2026-02-01,0,2,"Grounded summary for CP-04469: jurisdictional exposure, UBO depth 2, sanctions hits 0."
CP-04470,Counterparty 04470 Holdings,US,high,2026-01-31,0,3,"Grounded summary for CP-04470: jurisdictional exposure, UBO depth 3, sanctions hits 0."
CP-04471,Counterparty 04471 Holdings,GB,medium,2026-01-30,0,4,"Grounded summary for CP-04471: jurisdictional exposure, UBO depth 4, sanctions hits 0."
CP-04472,Counterparty 04472 Holdings,KY,low,2026-01-29,0,1,"Grounded summary for CP-04472: jurisdictional exposure, UBO depth 1, sanctions hits 0."
CP-04473,Counterparty 04473 Holdings,DE,critical,2026-01-28,0,2,"Grounded summary for CP-04473: jurisdictional exposure, UBO depth 2, sanctions hits 0."
CP-04474,Counterparty 04474 Holdings,AE,high,2026-01-27,0,3,"Grounded summary for CP-04474: jurisdictional exposure, UBO depth 3, sanctions hits 0."
CP-04475,Counterparty 04475 Holdings,SG,medium,2026-01-26,0,4,"Grounded summary for CP-04475: jurisdictional exposure, UBO depth 4, sanctions hits 0."
CP-04476,Counterparty 04476 Holdings,US,low,2026-01-25,0,1,"Grounded summary for CP-04476: jurisdictional exposure, UBO depth 1, sanctions hits 0."
CP-04477,Counterparty 04477 Holdings,GB,critical,2026-01-24,0,2,"Grounded summary for CP-04477: jurisdictional exposure, UBO depth 2, sanctions hits 0."
CP-04478,Counterparty 04478 Holdings,KY,high,2026-01-23,0,3,"Grounded summary for CP-04478: jurisdictional exposure, UBO depth 3, sanctions hits 0."
CP-04479,Counterparty 04479 Holdings,DE,medium,2026-01-22,0,4,"Grounded summary for CP-04479: jurisdictional exposure, UBO depth 4, sanctions hits 0."
CP-04480,Counterparty 04480 Holdings,AE,low,2026-01-21,0,1,"Grounded summary for CP-04480: jurisdictional exposure, UBO depth 1, sanctions hits 0."
CP-04481,Counterparty 04481 Holdings,SG,critical,2026-01-20,0,2,"Grounded summary for CP-04481: jurisdictional exposure, UBO depth 2, sanctions hits 0."
CP-04482,Counterparty 04482 Holdings,US,high,2026-01-19,0,3,"Grounded summary for CP-04482: jurisdictional exposure, UBO depth 3, sanctions hits 0."
CP-04483,Counterparty 04483 Holdings,GB,medium,2026-01-18,0,4,"Grounded summary for CP-04483: jurisdictional exposure, UBO depth 4, sanctions hits 0."
CP-04484,Counterparty 04484 Holdings,KY,low,2026-01-17,0,1,"Grounded summary for CP-04484: jurisdictional exposure, UBO depth 1, sanctions hits 0."
CP-04485,Counterparty 04485 Holdings,DE,critical,2026-01-16,0,2,"Grounded summary for CP-04485: jurisdictional exposure, UBO depth 2, sanctions hits 0."
CP-04486,Counterparty 04486 Holdings,AE,high,2026-01-15,0,3,"Grounded summary for CP-04486: jurisdictional exposure, UBO depth 3, sanctions hits 0."
CP-04487,Counterparty 04487 Holdings,SG,medium,2026-01-14,0,4,"Grounded summary for CP-04487: jurisdictional exposure, UBO depth 4, sanctions hits 0."
CP-04488,Counterparty 04488 Holdings,US,low,2026-01-13,0,1,"Grounded summary for CP-04488: jurisdictional exposure, UBO depth 1, sanctions hits 0."
CP-04489,Counterparty 04489 Holdings,GB,critical,2026-01-12,0,2,"Grounded summary for CP-04489: jurisdictional exposure, UBO depth 2, sanctions hits 0."
CP-04490,Counterparty 04490 Holdings,KY,high,2026-01-11,0,3,"Grounded summary for CP-04490: jurisdictional exposure, UBO depth 3, sanctions hits 0."
CP-04491,Counterparty 04491 Holdings,DE,medium,2026-01-10,0,4,"Grounded summary for CP-04491: jurisdictional exposure, UBO depth 4, sanctions hits 0."
CP-04492,Counterparty 04492 Holdings,AE,low,2026-01-09,0,1,"Grounded summary for CP-04492: jurisdictional exposure, UBO depth 1, sanctions hits 0."
CP-04493,Counterparty 04493 Holdings,SG,critical,2026-01-08,0,2,"Grounded summary for CP-04493: jurisdictional exposure, UBO depth 2, sanctions hits 0."
CP-04494,Counterparty 04494 Holdings,US,high,2026-01-07,0,3,"Grounded summary for CP-04494: jurisdictional exposure, UBO depth 3, sanctions hits 0."
CP-04495,Counterparty 04495 Holdings,GB,medium,2026-01-06,0,4,"Grounded summary for CP-04495: jurisdictional exposure, UBO depth 4, sanctions hits 0."
CP-04496,Counterparty 04496 Holdings,KY,low,2026-01-05,0,1,"Grounded summary for CP-04496: jurisdictional exposure, UBO depth 1, sanctions hits 0."
CP-04497,Counterparty 04497 Holdings,DE,critical,2026-01-04,0,2,"Grounded summary for CP-04497: jurisdictional exposure, UBO depth 2, sanctions hits 0."
CP-04498,Counterparty 04498 Holdings,AE,high,2026-01-03,0,3,"Grounded summary for CP-04498: jurisdictional exposure, UBO depth 3, sanctions hits 0."
CP-04499,Counterparty 04499 Holdings,SG,medium,2026-01-02,0,4,"Grounded summary for CP-04499: jurisdictional exposure, UBO depth 4, sanctions hits 0."
CP-04500,Counterparty 04500 Holdings,US,low,2026-01-01,0,1,"Grounded summary for CP-04500: jurisdictional exposure, UBO depth 1, sanctions hits 0."
CP-04501,Counterparty 04501 Holdings,GB,critical,2025-12-31,0,2,"Grounded summary for CP-04501: jurisdictional exposure, UBO depth 2, sanctions hits 0."
CP-04502,Counterparty 04502 Holdings,KY,high,2025-12-30,0,3,"Grounded summary for CP-04502: jurisdictional exposure, UBO depth 3, sanctions hits 0."
CP-04503,Counterparty 04503 Holdings,DE,medium,2025-12-29,0,4,"Grounded summary for CP-04503: jurisdictional exposure, UBO depth 4, sanctions hits 0."
CP-04504,Counterparty 04504 Holdings,AE,low,2025-12-28,0,1,"Grounded summary for CP-04504: jurisdictional exposure, UBO depth 1, sanctions hits 0."
CP-04505,Counterparty 04505 Holdings,SG,critical,2025-12-27,0,2,"Grounded summary for CP-04505: jurisdictional exposure, UBO depth 2, sanctions hits 0."
CP-04506,Counterparty 04506 Holdings,US,high,2025-12-26,0,3,"Grounded summary for CP-04506: jurisdictional exposure, UBO depth 3, sanctions hits 0."
CP-04507,Counterparty 04507 Holdings,GB,medium,2025-12-25,0,4,"Grounded summary for CP-04507: jurisdictional exposure, UBO depth 4, sanctions hits 0."
CP-04508,Counterparty 04508 Holdings,KY,low,2025-12-24,0,1,"Grounded summary for CP-04508: jurisdictional exposure, UBO depth 1, sanctions hits 0."
CP-04509,Counterparty 04509 Holdings,DE,critical,2025-12-23,0,2,"Grounded summary for CP-04509: jurisdictional exposure, UBO depth 2, sanctions hits 0."
CP-04510,Counterparty 04510 Holdings,AE,high,2025-12-22,0,3,"Grounded summary for CP-04510: jurisdictional exposure, UBO depth 3, sanctions hits 0."
CP-04511,Counterparty 04511 Holdings,SG,medium,2025-12-21,0,4,"Grounded summary for CP-04511: jurisdictional exposure, UBO depth 4, sanctions hits 0."
CP-04512,Counterparty 04512 Holdings,US,low,2025-12-20,0,1,"Grounded summary for CP-04512: jurisdictional exposure, UBO depth 1, sanctions hits 0."
CP-04513,Counterparty 04513 Holdings,GB,critical,2025-12-19,0,2,"Grounded summary for CP-04513: jurisdictional exposure, UBO depth 2, sanctions hits 0."
CP-04514,Counterparty 04514 Holdings,KY,high,2025-12-18,0,3,"Grounded summary for CP-04514: jurisdictional exposure, UBO depth 3, sanctions hits 0."
CP-04515,Counterparty 04515 Holdings,DE,medium,2025-12-17,0,4,"Grounded summary for CP-04515: jurisdictional exposure, UBO depth 4, sanctions hits 0."
CP-04516,Counterparty 04516 Holdings,AE,low,2025-12-16,0,1,"Grounded summary for CP-04516: jurisdictional exposure, UBO depth 1, sanctions hits 0."
CP-04517,Counterparty 04517 Holdings,SG,critical,2025-12-15,0,2,"Grounded summary for CP-04517: jurisdictional exposure, UBO depth 2, sanctions hits 0."
CP-04518,Counterparty 04518 Holdings,US,high,2025-12-14,0,3,"Grounded summary for CP-04518: jurisdictional exposure, UBO depth 3, sanctions hits 0."
CP-04519,Counterparty 04519 Holdings,GB,medium,2025-12-13,0,4,"Grounded summary for CP-04519: jurisdictional exposure, UBO depth 4, sanctions hits 0."
CP-04520,Counterparty 04520 Holdings,KY,low,2025-12-12,0,1,"Grounded summary for CP-04520: jurisdictional exposure, UBO depth 1, sanctions hits 0."
CP-04521,Counterparty 04521 Holdings,DE,critical,2025-12-11,0,2,"Grounded summary for CP-04521: jurisdictional exposure, UBO depth 2, sanctions hits 0."
CP-04522,Counterparty 04522 Holdings,AE,high,2025-12-10,0,3,"Grounded summary for CP-04522: jurisdictional exposure, UBO depth 3, sanctions hits 0."
CP-04523,Counterparty 04523 Holdings,SG,medium,2025-12-09,0,4,"Grounded summary for CP-04523: jurisdictional exposure, UBO depth 4, sanctions hits 0."
CP-04524,Counterparty 04524 Holdings,US,low,2025-12-08,0,1,"Grounded summary for CP-04524: jurisdictional exposure, UBO depth 1, sanctions hits 0."
CP-04525,Counterparty 04525 Holdings,GB,critical,2025-12-07,0,2,"Grounded summary for CP-04525: jurisdictional exposure, UBO depth 2, sanctions hits 0."
CP-04526,Counterparty 04526 Holdings,KY,high,2025-12-06,0,3,"Grounded summary for CP-04526: jurisdictional exposure, UBO depth 3, sanctions hits 0."
CP-04527,Counterparty 04527 Holdings,DE,medium,2025-12-05,0,4,"Grounded summary for CP-04527: jurisdictional exposure, UBO depth 4, sanctions hits 0."
CP-04528,Counterparty 04528 Holdings,AE,low,2025-12-04,0,1,"Grounded summary for CP-04528: jurisdictional exposure, UBO depth 1, sanctions hits 0."
CP-04529,Counterparty 04529 Holdings,SG,critical,2025-12-03,0,2,"Grounded summary for CP-04529: jurisdictional exposure, UBO depth 2, sanctions hits 0."
CP-04530,Counterparty 04530 Holdings,US,high,2025-12-02,0,3,"Grounded summary for CP-04530: jurisdictional exposure, UBO depth 3, sanctions hits 0."
CP-04531,Counterparty 04531 Holdings,GB,medium,2025-12-01,0,4,"Grounded summary for CP-04531: jurisdictional exposure, UBO depth 4, sanctions hits 0."
CP-04532,Counterparty 04532 Holdings,KY,low,2025-11-30,0,1,"Grounded summary for CP-04532: jurisdictional exposure, UBO depth 1, sanctions hits 0."
CP-04533,Counterparty 04533 Holdings,DE,critical,2025-11-29,0,2,"Grounded summary for CP-04533: jurisdictional exposure, UBO depth 2, sanctions hits 0."
CP-04534,Counterparty 04534 Holdings,AE,high,2025-11-28,0,3,"Grounded summary for CP-04534: jurisdictional exposure, UBO depth 3, sanctions hits 0."
CP-04535,Counterparty 04535 Holdings,SG,medium,2025-11-27,0,4,"Grounded summary for CP-04535: jurisdictional exposure, UBO depth 4, sanctions hits 0."
CP-04536,Counterparty 04536 Holdings,US,low,2025-11-26,0,1,"Grounded summary for CP-04536: jurisdictional exposure, UBO depth 1, sanctions hits 0."
CP-04537,Counterparty 04537 Holdings,GB,critical,2025-11-25,0,2,"Grounded summary for CP-04537: jurisdictional exposure, UBO depth 2, sanctions hits 0."
CP-04538,Counterparty 04538 Holdings,KY,high,2025-11-24,0,3,"Grounded summary for CP-04538: jurisdictional exposure, UBO depth 3, sanctions hits 0."
CP-04539,Counterparty 04539 Holdings,DE,medium,2025-11-23,0,4,"Grounded summary for CP-04539: jurisdictional exposure, UBO depth 4, sanctions hits 0."
CP-04540,Counterparty 04540 Holdings,AE,low,2025-11-22,0,1,"Grounded summary for CP-04540: jurisdictional exposure, UBO depth 1, sanctions hits 0."
CP-04541,Counterparty 04541 Holdings,SG,critical,2025-11-21,0,2,"Grounded summary for CP-04541: jurisdictional exposure, UBO depth 2, sanctions hits 0."
CP-04542,Counterparty 04542 Holdings,US,high,2025-11-20,0,3,"Grounded summary for CP-04542: jurisdictional exposure, UBO depth 3, sanctions hits 0."
CP-04543,Counterparty 04543 Holdings,GB,medium,2025-11-19,0,4,"Grounded summary for CP-04543: jurisdictional exposure, UBO depth 4, sanctions hits 0."
CP-04544,Counterparty 04544 Holdings,KY,low,2025-11-18,0,1,"Grounded summary for CP-04544: jurisdictional exposure, UBO depth 1, sanctions hits 0."
CP-04545,Counterparty 04545 Holdings,DE,critical,2025-11-17,0,2,"Grounded summary for CP-04545: jurisdictional exposure, UBO depth 2, sanctions hits 0."
CP-04546,Counterparty 04546 Holdings,AE,high,2025-11-16,0,3,"Grounded summary for CP-04546: jurisdictional exposure, UBO depth 3, sanctions hits 0."
CP-04547,Counterparty 04547 Holdings,SG,medium,2025-11-15,0,4,"Grounded summary for CP-04547: jurisdictional exposure, UBO depth 4, sanctions hits 0."
CP-04548,Counterparty 04548 Holdings,US,low,2025-11-14,0,1,"Grounded summary for CP-04548: jurisdictional exposure, UBO depth 1, sanctions hits 0."
CP-04549,Counterparty 04549 Holdings,GB,critical,2025-11-13,0,2,"Grounded summary for CP-04549: jurisdictional exposure, UBO depth 2, sanctions hits 0."
CP-04550,Counterparty 04550 Holdings,KY,high,2025-11-12,0,3,"Grounded summary for CP-04550: jurisdictional exposure, UBO depth 3, sanctions hits 0."
CP-04551,Counterparty 04551 Holdings,DE,medium,2025-11-11,0,4,"Grounded summary for CP-04551: jurisdictional exposure, UBO depth 4, sanctions hits 0."
CP-04552,Counterparty 04552 Holdings,AE,low,2025-11-10,0,1,"Grounded summary for CP-04552: jurisdictional exposure, UBO depth 1, sanctions hits 0."
CP-04553,Counterparty 04553 Holdings,SG,critical,2025-11-09,0,2,"Grounded summary for CP-04553: jurisdictional exposure, UBO depth 2, sanctions hits 0."
CP-04554,Counterparty 04554 Holdings,US,high,2025-11-08,0,3,"Grounded summary for CP-04554: jurisdictional exposure, UBO depth 3, sanctions hits 0."
CP-04555,Counterparty 04555 Holdings,GB,medium,2025-11-07,0,4,"Grounded summary for CP-04555: jurisdictional exposure, UBO depth 4, sanctions hits 0."
CP-04556,Counterparty 04556 Holdings,KY,low,2025-11-06,0,1,"Grounded summary for CP-04556: jurisdictional exposure, UBO depth 1, sanctions hits 0."
CP-04557,Counterparty 04557 Holdings,DE,critical,2025-11-05,0,2,"Grounded summary for CP-04557: jurisdictional exposure, UBO depth 2, sanctions hits 0."
CP-04558,Counterparty 04558 Holdings,AE,high,2025-11-04,0,3,"Grounded summary for CP-04558: jurisdictional exposure, UBO depth 3, sanctions hits 0."
CP-04559,Counterparty 04559 Holdings,SG,medium,2025-11-03,0,4,"Grounded summary for CP-04559: jurisdictional exposure, UBO depth 4, sanctions hits 0."
CP-04560,Counterparty 04560 Holdings,US,low,2025-11-02,0,1,"Grounded summary for CP-04560: jurisdictional exposure, UBO depth 1, sanctions hits 0."
CP-04561,Counterparty 04561 Holdings,GB,critical,2025-11-01,0,2,"Grounded summary for CP-04561: jurisdictional exposure, UBO depth 2, sanctions hits 0."
CP-04562,Counterparty 04562 Holdings,KY,high,2025-10-31,0,3,"Grounded summary for CP-04562: jurisdictional exposure, UBO depth 3, sanctions hits 0."
CP-04563,Counterparty 04563 Holdings,DE,medium,2025-10-30,0,4,"Grounded summary for CP-04563: jurisdictional exposure, UBO depth 4, sanctions hits 0."
CP-04564,Counterparty 04564 Holdings,AE,low,2025-10-29,0,1,"Grounded summary for CP-04564: jurisdictional exposure, UBO depth 1, sanctions hits 0."
CP-04565,Counterparty 04565 Holdings,SG,critical,2025-10-28,0,2,"Grounded summary for CP-04565: jurisdictional exposure, UBO depth 2, sanctions hits 0."
CP-04566,Counterparty 04566 Holdings,US,high,2025-10-27,0,3,"Grounded summary for CP-04566: jurisdictional exposure, UBO depth 3, sanctions hits 0."
CP-04567,Counterparty 04567 Holdings,GB,medium,2025-10-26,0,4,"Grounded summary for CP-04567: jurisdictional exposure, UBO depth 4, sanctions hits 0."
CP-04568,Counterparty 04568 Holdings,KY,low,2025-10-25,0,1,"Grounded summary for CP-04568: jurisdictional exposure, UBO depth 1, sanctions hits 0."
CP-04569,Counterparty 04569 Holdings,DE,critical,2025-10-24,0,2,"Grounded summary for CP-04569: jurisdictional exposure, UBO depth 2, sanctions hits 0."
CP-04570,Counterparty 04570 Holdings,AE,high,2025-10-23,0,3,"Grounded summary for CP-04570: jurisdictional exposure, UBO depth 3, sanctions hits 0."
CP-04571,Counterparty 04571 Holdings,SG,medium,2025-10-22,0,4,"Grounded summary for CP-04571: jurisdictional exposure, UBO depth 4, sanctions hits 0."
CP-04572,Counterparty 04572 Holdings,US,low,2025-10-21,0,1,"Grounded summary for CP-04572: jurisdictional exposure, UBO depth 1, sanctions hits 0."
CP-04573,Counterparty 04573 Holdings,GB,critical,2025-10-20,0,2,"Grounded summary for CP-04573: jurisdictional exposure, UBO depth 2, sanctions hits 0."
CP-04574,Counterparty 04574 Holdings,KY,high,2025-10-19,0,3,"Grounded summary for CP-04574: jurisdictional exposure, UBO depth 3, sanctions hits 0."
CP-04575,Counterparty 04575 Holdings,DE,medium,2025-10-18,0,4,"Grounded summary for CP-04575: jurisdictional exposure, UBO depth 4, sanctions hits 0."
CP-04576,Counterparty 04576 Holdings,AE,low,2025-10-17,0,1,"Grounded summary for CP-04576: jurisdictional exposure, UBO depth 1, sanctions hits 0."
CP-04577,Counterparty 04577 Holdings,SG,critical,2025-10-16,0,2,"Grounded summary for CP-04577: jurisdictional exposure, UBO depth 2, sanctions hits 0."
CP-04578,Counterparty 04578 Holdings,US,high,2025-10-15,0,3,"Grounded summary for CP-04578: jurisdictional exposure, UBO depth 3, sanctions hits 0."
CP-04579,Counterparty 04579 Holdings,GB,medium,2025-10-14,0,4,"Grounded summary for CP-04579: jurisdictional exposure, UBO depth 4, sanctions hits 0."
CP-04580,Counterparty 04580 Holdings,KY,low,2025-10-13,0,1,"Grounded summary for CP-04580: jurisdictional exposure, UBO depth 1, sanctions hits 0."
CP-04581,Counterparty 04581 Holdings,DE,critical,2025-10-12,0,2,"Grounded summary for CP-04581: jurisdictional exposure, UBO depth 2, sanctions hits 0."
CP-04582,Counterparty 04582 Holdings,AE,high,2025-10-11,0,3,"Grounded summary for CP-04582: jurisdictional exposure, UBO depth 3, sanctions hits 0."
CP-04583,Counterparty 04583 Holdings,SG,medium,2025-10-10,0,4,"Grounded summary for CP-04583: jurisdictional exposure, UBO depth 4, sanctions hits 0."
CP-04584,Counterparty 04584 Holdings,US,low,2025-10-09,0,1,"Grounded summary for CP-04584: jurisdictional exposure, UBO depth 1, sanctions hits 0."
CP-04585,Counterparty 04585 Holdings,GB,critical,2025-10-08,0,2,"Grounded summary for CP-04585: jurisdictional exposure, UBO depth 2, sanctions hits 0."
CP-04586,Counterparty 04586 Holdings,KY,high,2025-10-07,0,3,"Grounded summary for CP-04586: jurisdictional exposure, UBO depth 3, sanctions hits 0."
CP-04587,Counterparty 04587 Holdings,DE,medium,2025-10-06,0,4,"Grounded summary for CP-04587: jurisdictional exposure, UBO depth 4, sanctions hits 0."
CP-04588,Counterparty 04588 Holdings,AE,low,2025-10-05,0,1,"Grounded summary for CP-04588: jurisdictional exposure, UBO depth 1, sanctions hits 0."
CP-04589,Counterparty 04589 Holdings,SG,critical,2025-10-04,0,2,"Grounded summary for CP-04589: jurisdictional exposure, UBO depth 2, sanctions hits 0."
CP-04590,Counterparty 04590 Holdings,US,high,2025-10-03,0,3,"Grounded summary for CP-04590: jurisdictional exposure, UBO depth 3, sanctions hits 0."
CP-04591,Counterparty 04591 Holdings,GB,medium,2025-10-02,0,4,"Grounded summary for CP-04591: jurisdictional exposure, UBO depth 4, sanctions hits 0."
CP-04592,Counterparty 04592 Holdings,KY,low,2025-10-01,0,1,"Grounded summary for CP-04592: jurisdictional exposure, UBO depth 1, sanctions hits 0."
CP-04593,Counterparty 04593 Holdings,DE,critical,2025-09-30,0,2,"Grounded summary for CP-04593: jurisdictional exposure, UBO depth 2, sanctions hits 0."
CP-04594,Counterparty 04594 Holdings,AE,high,2025-09-29,0,3,"Grounded summary for CP-04594: jurisdictional exposure, UBO depth 3, sanctions hits 0."
CP-04595,Counterparty 04595 Holdings,SG,medium,2025-09-28,0,4,"Grounded summary for CP-04595: jurisdictional exposure, UBO depth 4, sanctions hits 0."
CP-04596,Counterparty 04596 Holdings,US,low,2025-09-27,0,1,"Grounded summary for CP-04596: jurisdictional exposure, UBO depth 1, sanctions hits 0."
CP-04597,Counterparty 04597 Holdings,GB,critical,2025-09-26,0,2,"Grounded summary for CP-04597: jurisdictional exposure, UBO depth 2, sanctions hits 0."
CP-04598,Counterparty 04598 Holdings,KY,high,2025-09-25,0,3,"Grounded summary for CP-04598: jurisdictional exposure, UBO depth 3, sanctions hits 0."
CP-04599,Counterparty 04599 Holdings,DE,medium,2025-09-24,0,4,"Grounded summary for CP-04599: jurisdictional exposure, UBO depth 4, sanctions hits 0."
CP-04600,Counterparty 04600 Holdings,AE,low,2025-09-23,0,1,"Grounded summary for CP-04600: jurisdictional exposure, UBO depth 1, sanctions hits 0."
CP-04601,Counterparty 04601 Holdings,SG,critical,2025-09-22,0,2,"Grounded summary for CP-04601: jurisdictional exposure, UBO depth 2, sanctions hits 0."
CP-04602,Counterparty 04602 Holdings,US,high,2025-09-21,0,3,"Grounded summary for CP-04602: jurisdictional exposure, UBO depth 3, sanctions hits 0."
CP-04603,Counterparty 04603 Holdings,GB,medium,2025-09-20,0,4,"Grounded summary for CP-04603: jurisdictional exposure, UBO depth 4, sanctions hits 0."
CP-04604,Counterparty 04604 Holdings,KY,low,2025-09-19,0,1,"Grounded summary for CP-04604: jurisdictional exposure, UBO depth 1, sanctions hits 0."
CP-04605,Counterparty 04605 Holdings,DE,critical,2025-09-18,0,2,"Grounded summary for CP-04605: jurisdictional exposure, UBO depth 2, sanctions hits 0."
CP-04606,Counterparty 04606 Holdings,AE,high,2025-09-17,0,3,"Grounded summary for CP-04606: jurisdictional exposure, UBO depth 3, sanctions hits 0."
CP-04607,Counterparty 04607 Holdings,SG,medium,2025-09-16,0,4,"Grounded summary for CP-04607: jurisdictional exposure, UBO depth 4, sanctions hits 0."
CP-04608,Counterparty 04608 Holdings,US,low,2025-09-15,0,1,"Grounded summary for CP-04608: jurisdictional exposure, UBO depth 1, sanctions hits 0."
CP-04609,Counterparty 04609 Holdings,GB,critical,2025-09-14,0,2,"Grounded summary for CP-04609: jurisdictional exposure, UBO depth 2, sanctions hits 0."
CP-04610,Counterparty 04610 Holdings,KY,high,2025-09-13,0,3,"Grounded summary for CP-04610: jurisdictional exposure, UBO depth 3, sanctions hits 0."
CP-04611,Counterparty 04611 Holdings,DE,medium,2025-09-12,0,4,"Grounded summary for CP-04611: jurisdictional exposure, UBO depth 4, sanctions hits 0."
CP-04612,Counterparty 04612 Holdings,AE,low,2025-09-11,0,1,"Grounded summary for CP-04612: jurisdictional exposure, UBO depth 1, sanctions hits 0."
CP-04613,Counterparty 04613 Holdings,SG,critical,2025-09-10,0,2,"Grounded summary for CP-04613: jurisdictional exposure, UBO depth 2, sanctions hits 0."
CP-04614,Counterparty 04614 Holdings,US,high,2025-09-09,0,3,"Grounded summary for CP-04614: jurisdictional exposure, UBO depth 3, sanctions hits 0."
CP-04615,Counterparty 04615 Holdings,GB,medium,2025-09-08,0,4,"Grounded summary for CP-04615: jurisdictional exposure, UBO depth 4, sanctions hits 0."
CP-04616,Counterparty 04616 Holdings,KY,low,2025-09-07,0,1,"Grounded summary for CP-04616: jurisdictional exposure, UBO depth 1, sanctions hits 0."
CP-04617,Counterparty 04617 Holdings,DE,critical,2025-09-06,0,2,"Grounded summary for CP-04617: jurisdictional exposure, UBO depth 2, sanctions hits 0."
CP-04618,Counterparty 04618 Holdings,AE,high,2025-09-05,0,3,"Grounded summary for CP-04618: jurisdictional exposure, UBO depth 3, sanctions hits 0."
CP-04619,Counterparty 04619 Holdings,SG,medium,2025-09-04,0,4,"Grounded summary for CP-04619: jurisdictional exposure, UBO depth 4, sanctions hits 0."
CP-04620,Counterparty 04620 Holdings,US,low,2025-09-03,0,1,"Grounded summary for CP-04620: jurisdictional exposure, UBO depth 1, sanctions hits 0."
CP-04621,Counterparty 04621 Holdings,GB,critical,2025-09-02,0,2,"Grounded summary for CP-04621: jurisdictional exposure, UBO depth 2, sanctions hits 0."
CP-04622,Counterparty 04622 Holdings,KY,high,2025-09-01,0,3,"Grounded summary for CP-04622: jurisdictional exposure, UBO depth 3, sanctions hits 0."
CP-04623,Counterparty 04623 Holdings,DE,medium,2025-08-31,0,4,"Grounded summary for CP-04623: jurisdictional exposure, UBO depth 4, sanctions hits 0."
CP-04624,Counterparty 04624 Holdings,AE,low,2025-08-30,0,1,"Grounded summary for CP-04624: jurisdictional exposure, UBO depth 1, sanctions hits 0."
CP-04625,Counterparty 04625 Holdings,SG,critical,2025-08-29,0,2,"Grounded summary for CP-04625: jurisdictional exposure, UBO depth 2, sanctions hits 0."
CP-04626,Counterparty 04626 Holdings,US,high,2025-08-28,0,3,"Grounded summary for CP-04626: jurisdictional exposure, UBO depth 3, sanctions hits 0."
CP-04627,Counterparty 04627 Holdings,GB,medium,2025-08-27,0,4,"Grounded summary for CP-04627: jurisdictional exposure, UBO depth 4, sanctions hits 0."
CP-04628,Counterparty 04628 Holdings,KY,low,2025-08-26,0,1,"Grounded summary for CP-04628: jurisdictional exposure, UBO depth 1, sanctions hits 0."
CP-04629,Counterparty 04629 Holdings,DE,critical,2025-08-25,0,2,"Grounded summary for CP-04629: jurisdictional exposure, UBO depth 2, sanctions hits 0."
CP-04630,Counterparty 04630 Holdings,AE,high,2025-08-24,0,3,"Grounded summary for CP-04630: jurisdictional exposure, UBO depth 3, sanctions hits 0."
CP-04631,Counterparty 04631 Holdings,SG,medium,2025-08-23,0,4,"Grounded summary for CP-04631: jurisdictional exposure, UBO depth 4, sanctions hits 0."
CP-04632,Counterparty 04632 Holdings,US,low,2025-08-22,0,1,"Grounded summary for CP-04632: jurisdictional exposure, UBO depth 1, sanctions hits 0."
CP-04633,Counterparty 04633 Holdings,GB,critical,2025-08-21,0,2,"Grounded summary for CP-04633: jurisdictional exposure, UBO depth 2, sanctions hits 0."
CP-04634,Counterparty 04634 Holdings,KY,high,2025-08-20,0,3,"Grounded summary for CP-04634: jurisdictional exposure, UBO depth 3, sanctions hits 0."
CP-04635,Counterparty 04635 Holdings,DE,medium,2025-08-19,0,4,"Grounded summary for CP-04635: jurisdictional exposure, UBO depth 4, sanctions hits 0."
CP-04636,Counterparty 04636 Holdings,AE,low,2025-08-18,0,1,"Grounded summary for CP-04636: jurisdictional exposure, UBO depth 1, sanctions hits 0."
CP-04637,Counterparty 04637 Holdings,SG,critical,2025-08-17,0,2,"Grounded summary for CP-04637: jurisdictional exposure, UBO depth 2, sanctions hits 0."
CP-04638,Counterparty 04638 Holdings,US,high,2025-08-16,0,3,"Grounded summary for CP-04638: jurisdictional exposure, UBO depth 3, sanctions hits 0."
CP-04639,Counterparty 04639 Holdings,GB,medium,2025-08-15,0,4,"Grounded summary for CP-04639: jurisdictional exposure, UBO depth 4, sanctions hits 0."
CP-04640,Counterparty 04640 Holdings,KY,low,2025-08-14,0,1,"Grounded summary for CP-04640: jurisdictional exposure, UBO depth 1, sanctions hits 0."
CP-04641,Counterparty 04641 Holdings,DE,critical,2025-08-13,0,2,"Grounded summary for CP-04641: jurisdictional exposure, UBO depth 2, sanctions hits 0."
CP-04642,Counterparty 04642 Holdings,AE,high,2025-08-12,0,3,"Grounded summary for CP-04642: jurisdictional exposure, UBO depth 3, sanctions hits 0."
CP-04643,Counterparty 04643 Holdings,SG,medium,2025-08-11,0,4,"Grounded summary for CP-04643: jurisdictional exposure, UBO depth 4, sanctions hits 0."
CP-04644,Counterparty 04644 Holdings,US,low,2025-08-10,0,1,"Grounded summary for CP-04644: jurisdictional exposure, UBO depth 1, sanctions hits 0."
CP-04645,Counterparty 04645 Holdings,GB,critical,2025-08-09,0,2,"Grounded summary for CP-04645: jurisdictional exposure, UBO depth 2, sanctions hits 0."
CP-04646,Counterparty 04646 Holdings,KY,high,2025-08-08,0,3,"Grounded summary for CP-04646: jurisdictional exposure, UBO depth 3, sanctions hits 0."
CP-04647,Counterparty 04647 Holdings,DE,medium,2025-08-07,0,4,"Grounded summary for CP-04647: jurisdictional exposure, UBO depth 4, sanctions hits 0."
CP-04648,Counterparty 04648 Holdings,AE,low,2025-08-06,0,1,"Grounded summary for CP-04648: jurisdictional exposure, UBO depth 1, sanctions hits 0."
CP-04649,Counterparty 04649 Holdings,SG,critical,2025-08-05,0,2,"Grounded summary for CP-04649: jurisdictional exposure, UBO depth 2, sanctions hits 0."
CP-04650,Counterparty 04650 Holdings,US,high,2025-08-04,0,3,"Grounded summary for CP-04650: jurisdictional exposure, UBO depth 3, sanctions hits 0."
CP-04651,Counterparty 04651 Holdings,GB,medium,2025-08-03,0,4,"Grounded summary for CP-04651: jurisdictional exposure, UBO depth 4, sanctions hits 0."
CP-04652,Counterparty 04652 Holdings,KY,low,2025-08-02,0,1,"Grounded summary for CP-04652: jurisdictional exposure, UBO depth 1, sanctions hits 0."
CP-04653,Counterparty 04653 Holdings,DE,critical,2025-08-01,0,2,"Grounded summary for CP-04653: jurisdictional exposure, UBO depth 2, sanctions hits 0."
CP-04654,Counterparty 04654 Holdings,AE,high,2025-07-31,0,3,"Grounded summary for CP-04654: jurisdictional exposure, UBO depth 3, sanctions hits 0."
CP-04655,Counterparty 04655 Holdings,SG,medium,2025-07-30,0,4,"Grounded summary for CP-04655: jurisdictional exposure, UBO depth 4, sanctions hits 0."
CP-04656,Counterparty 04656 Holdings,US,low,2025-07-29,0,1,"Grounded summary for CP-04656: jurisdictional exposure, UBO depth 1, sanctions hits 0."
CP-04657,Counterparty 04657 Holdings,GB,critical,2025-07-28,0,2,"Grounded summary for CP-04657: jurisdictional exposure, UBO depth 2, sanctions hits 0."
CP-04658,Counterparty 04658 Holdings,KY,high,2025-07-27,0,3,"Grounded summary for CP-04658: jurisdictional exposure, UBO depth 3, sanctions hits 0."
CP-04659,Counterparty 04659 Holdings,DE,medium,2025-07-26,0,4,"Grounded summary for CP-04659: jurisdictional exposure, UBO depth 4, sanctions hits 0."
CP-04660,Counterparty 04660 Holdings,AE,low,2025-07-25,0,1,"Grounded summary for CP-04660: jurisdictional exposure, UBO depth 1, sanctions hits 0."
CP-04661,Counterparty 04661 Holdings,SG,critical,2025-07-24,0,2,"Grounded summary for CP-04661: jurisdictional exposure, UBO depth 2, sanctions hits 0."
CP-04662,Counterparty 04662 Holdings,US,high,2025-07-23,0,3,"Grounded summary for CP-04662: jurisdictional exposure, UBO depth 3, sanctions hits 0."
CP-04663,Counterparty 04663 Holdings,GB,medium,2025-07-22,0,4,"Grounded summary for CP-04663: jurisdictional exposure, UBO depth 4, sanctions hits 0."
CP-04664,Counterparty 04664 Holdings,KY,low,2025-07-21,0,1,"Grounded summary for CP-04664: jurisdictional exposure, UBO depth 1, sanctions hits 0."
CP-04665,Counterparty 04665 Holdings,DE,critical,2025-07-20,0,2,"Grounded summary for CP-04665: jurisdictional exposure, UBO depth 2, sanctions hits 0."
CP-04666,Counterparty 04666 Holdings,AE,high,2025-07-19,0,3,"Grounded summary for CP-04666: jurisdictional exposure, UBO depth 3, sanctions hits 0."
CP-04667,Counterparty 04667 Holdings,SG,medium,2025-07-18,0,4,"Grounded summary for CP-04667: jurisdictional exposure, UBO depth 4, sanctions hits 0."
CP-04668,Counterparty 04668 Holdings,US,low,2025-07-17,0,1,"Grounded summary for CP-04668: jurisdictional exposure, UBO depth 1, sanctions hits 0."
CP-04669,Counterparty 04669 Holdings,GB,critical,2025-07-16,0,2,"Grounded summary for CP-04669: jurisdictional exposure, UBO depth 2, sanctions hits 0."
CP-04670,Counterparty 04670 Holdings,KY,high,2025-07-15,0,3,"Grounded summary for CP-04670: jurisdictional exposure, UBO depth 3, sanctions hits 0."
CP-04671,Counterparty 04671 Holdings,DE,medium,2025-07-14,0,4,"Grounded summary for CP-04671: jurisdictional exposure, UBO depth 4, sanctions hits 0."
CP-04672,Counterparty 04672 Holdings,AE,low,2025-07-13,0,1,"Grounded summary for CP-04672: jurisdictional exposure, UBO depth 1, sanctions hits 0."
CP-04673,Counterparty 04673 Holdings,SG,critical,2025-07-12,0,2,"Grounded summary for CP-04673: jurisdictional exposure, UBO depth 2, sanctions hits 0."
CP-04674,Counterparty 04674 Holdings,US,high,2025-07-11,0,3,"Grounded summary for CP-04674: jurisdictional exposure, UBO depth 3, sanctions hits 0."
CP-04675,Counterparty 04675 Holdings,GB,medium,2025-07-10,0,4,"Grounded summary for CP-04675: jurisdictional exposure, UBO depth 4, sanctions hits 0."
CP-04676,Counterparty 04676 Holdings,KY,low,2025-07-09,0,1,"Grounded summary for CP-04676: jurisdictional exposure, UBO depth 1, sanctions hits 0."
CP-04677,Counterparty 04677 Holdings,DE,critical,2025-07-08,0,2,"Grounded summary for CP-04677: jurisdictional exposure, UBO depth 2, sanctions hits 0."
CP-04678,Counterparty 04678 Holdings,AE,high,2025-07-07,0,3,"Grounded summary for CP-04678: jurisdictional exposure, UBO depth 3, sanctions hits 0."
CP-04679,Counterparty 04679 Holdings,SG,medium,2025-07-06,0,4,"Grounded summary for CP-04679: jurisdictional exposure, UBO depth 4, sanctions hits 0."
CP-04680,Counterparty 04680 Holdings,US,low,2025-07-05,0,1,"Grounded summary for CP-04680: jurisdictional exposure, UBO depth 1, sanctions hits 0."
CP-04681,Counterparty 04681 Holdings,GB,critical,2025-07-04,0,2,"Grounded summary for CP-04681: jurisdictional exposure, UBO depth 2, sanctions hits 0."
CP-04682,Counterparty 04682 Holdings,KY,high,2025-07-03,0,3,"Grounded summary for CP-04682: jurisdictional exposure, UBO depth 3, sanctions hits 0."
CP-04683,Counterparty 04683 Holdings,DE,medium,2025-07-02,0,4,"Grounded summary for CP-04683: jurisdictional exposure, UBO depth 4, sanctions hits 0."
CP-04684,Counterparty 04684 Holdings,AE,low,2025-07-01,0,1,"Grounded summary for CP-04684: jurisdictional exposure, UBO depth 1, sanctions hits 0."
CP-04685,Counterparty 04685 Holdings,SG,critical,2025-06-30,0,2,"Grounded summary for CP-04685: jurisdictional exposure, UBO depth 2, sanctions hits 0."
CP-04686,Counterparty 04686 Holdings,US,high,2025-06-29,0,3,"Grounded summary for CP-04686: jurisdictional exposure, UBO depth 3, sanctions hits 0."
CP-04687,Counterparty 04687 Holdings,GB,medium,2025-06-28,0,4,"Grounded summary for CP-04687: jurisdictional exposure, UBO depth 4, sanctions hits 0."
CP-04688,Counterparty 04688 Holdings,KY,low,2025-06-27,0,1,"Grounded summary for CP-04688: jurisdictional exposure, UBO depth 1, sanctions hits 0."
CP-04689,Counterparty 04689 Holdings,DE,critical,2025-06-26,0,2,"Grounded summary for CP-04689: jurisdictional exposure, UBO depth 2, sanctions hits 0."
CP-04690,Counterparty 04690 Holdings,AE,high,2025-06-25,0,3,"Grounded summary for CP-04690: jurisdictional exposure, UBO depth 3, sanctions hits 0."
CP-04691,Counterparty 04691 Holdings,SG,medium,2025-06-24,0,4,"Grounded summary for CP-04691: jurisdictional exposure, UBO depth 4, sanctions hits 0."
CP-04692,Counterparty 04692 Holdings,US,low,2025-06-23,0,1,"Grounded summary for CP-04692: jurisdictional exposure, UBO depth 1, sanctions hits 0."
CP-04693,Counterparty 04693 Holdings,GB,critical,2025-06-22,0,2,"Grounded summary for CP-04693: jurisdictional exposure, UBO depth 2, sanctions hits 0."
CP-04694,Counterparty 04694 Holdings,KY,high,2025-06-21,0,3,"Grounded summary for CP-04694: jurisdictional exposure, UBO depth 3, sanctions hits 0."
CP-04695,Counterparty 04695 Holdings,DE,medium,2025-06-20,0,4,"Grounded summary for CP-04695: jurisdictional exposure, UBO depth 4, sanctions hits 0."
CP-04696,Counterparty 04696 Holdings,AE,low,2025-06-19,0,1,"Grounded summary for CP-04696: jurisdictional exposure, UBO depth 1, sanctions hits 0."
CP-04697,Counterparty 04697 Holdings,SG,critical,2025-06-18,0,2,"Grounded summary for CP-04697: jurisdictional exposure, UBO depth 2, sanctions hits 0."
CP-04698,Counterparty 04698 Holdings,US,high,2025-06-17,0,3,"Grounded summary for CP-04698: jurisdictional exposure, UBO depth 3, sanctions hits 0."
CP-04699,Counterparty 04699 Holdings,GB,medium,2025-06-16,0,4,"Grounded summary for CP-04699: jurisdictional exposure, UBO depth 4, sanctions hits 0."
CP-04700,Counterparty 04700 Holdings,KY,low,2025-06-15,0,1,"Grounded summary for CP-04700: jurisdictional exposure, UBO depth 1, sanctions hits 0."
CP-04701,Counterparty 04701 Holdings,DE,critical,2025-06-14,0,2,"Grounded summary for CP-04701: jurisdictional exposure, UBO depth 2, sanctions hits 0."
CP-04702,Counterparty 04702 Holdings,AE,high,2025-06-13,0,3,"Grounded summary for CP-04702: jurisdictional exposure, UBO depth 3, sanctions hits 0."
CP-04703,Counterparty 04703 Holdings,SG,medium,2025-06-12,0,4,"Grounded summary for CP-04703: jurisdictional exposure, UBO depth 4, sanctions hits 0."
CP-04704,Counterparty 04704 Holdings,US,low,2025-06-11,0,1,"Grounded summary for CP-04704: jurisdictional exposure, UBO depth 1, sanctions hits 0."
CP-04705,Counterparty 04705 Holdings,GB,critical,2025-06-10,0,2,"Grounded summary for CP-04705: jurisdictional exposure, UBO depth 2, sanctions hits 0."
CP-04706,Counterparty 04706 Holdings,KY,high,2025-06-09,0,3,"Grounded summary for CP-04706: jurisdictional exposure, UBO depth 3, sanctions hits 0."
CP-04707,Counterparty 04707 Holdings,DE,medium,2025-06-08,0,4,"Grounded summary for CP-04707: jurisdictional exposure, UBO depth 4, sanctions hits 0."
CP-04708,Counterparty 04708 Holdings,AE,low,2025-06-07,0,1,"Grounded summary for CP-04708: jurisdictional exposure, UBO depth 1, sanctions hits 0."
CP-04709,Counterparty 04709 Holdings,SG,critical,2025-06-06,0,2,"Grounded summary for CP-04709: jurisdictional exposure, UBO depth 2, sanctions hits 0."
CP-04710,Counterparty 04710 Holdings,US,high,2025-06-05,0,3,"Grounded summary for CP-04710: jurisdictional exposure, UBO depth 3, sanctions hits 0."
CP-04711,Counterparty 04711 Holdings,GB,medium,2025-06-04,0,4,"Grounded summary for CP-04711: jurisdictional exposure, UBO depth 4, sanctions hits 0."
CP-04712,Counterparty 04712 Holdings,KY,low,2025-06-03,0,1,"Grounded summary for CP-04712: jurisdictional exposure, UBO depth 1, sanctions hits 0."
CP-04713,Counterparty 04713 Holdings,DE,critical,2025-06-02,0,2,"Grounded summary for CP-04713: jurisdictional exposure, UBO depth 2, sanctions hits 0."
CP-04714,Counterparty 04714 Holdings,AE,high,2025-06-01,0,3,"Grounded summary for CP-04714: jurisdictional exposure, UBO depth 3, sanctions hits 0."
CP-04715,Counterparty 04715 Holdings,SG,medium,2025-05-31,0,4,"Grounded summary for CP-04715: jurisdictional exposure, UBO depth 4, sanctions hits 0."
CP-04716,Counterparty 04716 Holdings,US,low,2025-05-30,0,1,"Grounded summary for CP-04716: jurisdictional exposure, UBO depth 1, sanctions hits 0."
CP-04717,Counterparty 04717 Holdings,GB,critical,2025-05-29,0,2,"Grounded summary for CP-04717: jurisdictional exposure, UBO depth 2, sanctions hits 0."
CP-04718,Counterparty 04718 Holdings,KY,high,2025-05-28,0,3,"Grounded summary for CP-04718: jurisdictional exposure, UBO depth 3, sanctions hits 0."
CP-04719,Counterparty 04719 Holdings,DE,medium,2025-05-27,0,4,"Grounded summary for CP-04719: jurisdictional exposure, UBO depth 4, sanctions hits 0."
CP-04720,Counterparty 04720 Holdings,AE,low,2025-05-26,0,1,"Grounded summary for CP-04720: jurisdictional exposure, UBO depth 1, sanctions hits 0."
CP-04721,Counterparty 04721 Holdings,SG,critical,2025-05-25,0,2,"Grounded summary for CP-04721: jurisdictional exposure, UBO depth 2, sanctions hits 0."
CP-04722,Counterparty 04722 Holdings,US,high,2025-05-24,0,3,"Grounded summary for CP-04722: jurisdictional exposure, UBO depth 3, sanctions hits 0."
CP-04723,Counterparty 04723 Holdings,GB,medium,2025-05-23,0,4,"Grounded summary for CP-04723: jurisdictional exposure, UBO depth 4, sanctions hits 0."
CP-04724,Counterparty 04724 Holdings,KY,low,2025-05-22,0,1,"Grounded summary for CP-04724: jurisdictional exposure, UBO depth 1, sanctions hits 0."
CP-04725,Counterparty 04725 Holdings,DE,critical,2025-05-21,0,2,"Grounded summary for CP-04725: jurisdictional exposure, UBO depth 2, sanctions hits 0."
CP-04726,Counterparty 04726 Holdings,AE,high,2025-05-20,0,3,"Grounded summary for CP-04726: jurisdictional exposure, UBO depth 3, sanctions hits 0."
CP-04727,Counterparty 04727 Holdings,SG,medium,2025-05-19,0,4,"Grounded summary for CP-04727: jurisdictional exposure, UBO depth 4, sanctions hits 0."
CP-04728,Counterparty 04728 Holdings,US,low,2025-05-18,0,1,"Grounded summary for CP-04728: jurisdictional exposure, UBO depth 1, sanctions hits 0."
CP-04729,Counterparty 04729 Holdings,GB,critical,2025-05-17,0,2,"Grounded summary for CP-04729: jurisdictional exposure, UBO depth 2, sanctions hits 0."
CP-04730,Counterparty 04730 Holdings,KY,high,2025-05-16,0,3,"Grounded summary for CP-04730: jurisdictional exposure, UBO depth 3, sanctions hits 0."
CP-04731,Counterparty 04731 Holdings,DE,medium,2025-05-15,0,4,"Grounded summary for CP-04731: jurisdictional exposure, UBO depth 4, sanctions hits 0."
CP-04732,Counterparty 04732 Holdings,AE,low,2025-05-14,0,1,"Grounded summary for CP-04732: jurisdictional exposure, UBO depth 1, sanctions hits 0."
CP-04733,Counterparty 04733 Holdings,SG,critical,2025-05-13,0,2,"Grounded summary for CP-04733: jurisdictional exposure, UBO depth 2, sanctions hits 0."
CP-04734,Counterparty 04734 Holdings,US,high,2025-05-12,0,3,"Grounded summary for CP-04734: jurisdictional exposure, UBO depth 3, sanctions hits 0."
CP-04735,Counterparty 04735 Holdings,GB,medium,2025-05-11,0,4,"Grounded summary for CP-04735: jurisdictional exposure, UBO depth 4, sanctions hits 0."
CP-04736,Counterparty 04736 Holdings,KY,low,2025-05-10,0,1,"Grounded summary for CP-04736: jurisdictional exposure, UBO depth 1, sanctions hits 0."
CP-04737,Counterparty 04737 Holdings,DE,critical,2025-05-09,0,2,"Grounded summary for CP-04737: jurisdictional exposure, UBO depth 2, sanctions hits 0."
CP-04738,Counterparty 04738 Holdings,AE,high,2025-05-08,0,3,"Grounded summary for CP-04738: jurisdictional exposure, UBO depth 3, sanctions hits 0."
CP-04739,Counterparty 04739 Holdings,SG,medium,2025-05-07,0,4,"Grounded summary for CP-04739: jurisdictional exposure, UBO depth 4, sanctions hits 0."
CP-04740,Counterparty 04740 Holdings,US,low,2025-05-06,0,1,"Grounded summary for CP-04740: jurisdictional exposure, UBO depth 1, sanctions hits 0."
CP-04741,Counterparty 04741 Holdings,GB,critical,2025-05-05,0,2,"Grounded summary for CP-04741: jurisdictional exposure, UBO depth 2, sanctions hits 0."
CP-04742,Counterparty 04742 Holdings,KY,high,2025-05-04,0,3,"Grounded summary for CP-04742: jurisdictional exposure, UBO depth 3, sanctions hits 0."
CP-04743,Counterparty 04743 Holdings,DE,medium,2025-05-03,0,4,"Grounded summary for CP-04743: jurisdictional exposure, UBO depth 4, sanctions hits 0."
CP-04744,Counterparty 04744 Holdings,AE,low,2025-05-02,0,1,"Grounded summary for CP-04744: jurisdictional exposure, UBO depth 1, sanctions hits 0."
CP-04745,Counterparty 04745 Holdings,SG,critical,2026-05-01,0,2,"Grounded summary for CP-04745: jurisdictional exposure, UBO depth 2, sanctions hits 0."
CP-04746,Counterparty 04746 Holdings,US,high,2026-04-30,0,3,"Grounded summary for CP-04746: jurisdictional exposure, UBO depth 3, sanctions hits 0."
CP-04747,Counterparty 04747 Holdings,GB,medium,2026-04-29,0,4,"Grounded summary for CP-04747: jurisdictional exposure, UBO depth 4, sanctions hits 0."
CP-04748,Counterparty 04748 Holdings,KY,low,2026-04-28,0,1,"Grounded summary for CP-04748: jurisdictional exposure, UBO depth 1, sanctions hits 0."
CP-04749,Counterparty 04749 Holdings,DE,critical,2026-04-27,0,2,"Grounded summary for CP-04749: jurisdictional exposure, UBO depth 2, sanctions hits 0."
CP-04750,Counterparty 04750 Holdings,AE,high,2026-04-26,0,3,"Grounded summary for CP-04750: jurisdictional exposure, UBO depth 3, sanctions hits 0."
CP-04751,Counterparty 04751 Holdings,SG,medium,2026-04-25,0,4,"Grounded summary for CP-04751: jurisdictional exposure, UBO depth 4, sanctions hits 0."
CP-04752,Counterparty 04752 Holdings,US,low,2026-04-24,0,1,"Grounded summary for CP-04752: jurisdictional exposure, UBO depth 1, sanctions hits 0."
CP-04753,Counterparty 04753 Holdings,GB,critical,2026-04-23,0,2,"Grounded summary for CP-04753: jurisdictional exposure, UBO depth 2, sanctions hits 0."
CP-04754,Counterparty 04754 Holdings,KY,high,2026-04-22,0,3,"Grounded summary for CP-04754: jurisdictional exposure, UBO depth 3, sanctions hits 0."
CP-04755,Counterparty 04755 Holdings,DE,medium,2026-04-21,0,4,"Grounded summary for CP-04755: jurisdictional exposure, UBO depth 4, sanctions hits 0."
CP-04756,Counterparty 04756 Holdings,AE,low,2026-04-20,0,1,"Grounded summary for CP-04756: jurisdictional exposure, UBO depth 1, sanctions hits 0."
CP-04757,Counterparty 04757 Holdings,SG,critical,2026-04-19,0,2,"Grounded summary for CP-04757: jurisdictional exposure, UBO depth 2, sanctions hits 0."
CP-04758,Counterparty 04758 Holdings,US,high,2026-04-18,0,3,"Grounded summary for CP-04758: jurisdictional exposure, UBO depth 3, sanctions hits 0."
CP-04759,Counterparty 04759 Holdings,GB,medium,2026-04-17,0,4,"Grounded summary for CP-04759: jurisdictional exposure, UBO depth 4, sanctions hits 0."
CP-04760,Counterparty 04760 Holdings,KY,low,2026-04-16,0,1,"Grounded summary for CP-04760: jurisdictional exposure, UBO depth 1, sanctions hits 0."
CP-04761,Counterparty 04761 Holdings,DE,critical,2026-04-15,0,2,"Grounded summary for CP-04761: jurisdictional exposure, UBO depth 2, sanctions hits 0."
CP-04762,Counterparty 04762 Holdings,AE,high,2026-04-14,0,3,"Grounded summary for CP-04762: jurisdictional exposure, UBO depth 3, sanctions hits 0."
CP-04763,Counterparty 04763 Holdings,SG,medium,2026-04-13,0,4,"Grounded summary for CP-04763: jurisdictional exposure, UBO depth 4, sanctions hits 0."
CP-04764,Counterparty 04764 Holdings,US,low,2026-04-12,0,1,"Grounded summary for CP-04764: jurisdictional exposure, UBO depth 1, sanctions hits 0."
CP-04765,Counterparty 04765 Holdings,GB,critical,2026-04-11,0,2,"Grounded summary for CP-04765: jurisdictional exposure, UBO depth 2, sanctions hits 0."
CP-04766,Counterparty 04766 Holdings,KY,high,2026-04-10,0,3,"Grounded summary for CP-04766: jurisdictional exposure, UBO depth 3, sanctions hits 0."
CP-04767,Counterparty 04767 Holdings,DE,medium,2026-04-09,0,4,"Grounded summary for CP-04767: jurisdictional exposure, UBO depth 4, sanctions hits 0."
CP-04768,Counterparty 04768 Holdings,AE,low,2026-04-08,0,1,"Grounded summary for CP-04768: jurisdictional exposure, UBO depth 1, sanctions hits 0."
CP-04769,Counterparty 04769 Holdings,SG,critical,2026-04-07,0,2,"Grounded summary for CP-04769: jurisdictional exposure, UBO depth 2, sanctions hits 0."
CP-04770,Counterparty 04770 Holdings,US,high,2026-04-06,0,3,"Grounded summary for CP-04770: jurisdictional exposure, UBO depth 3, sanctions hits 0."
CP-04771,Counterparty 04771 Holdings,GB,medium,2026-04-05,0,4,"Grounded summary for CP-04771: jurisdictional exposure, UBO depth 4, sanctions hits 0."
CP-04772,Counterparty 04772 Holdings,KY,low,2026-04-04,0,1,"Grounded summary for CP-04772: jurisdictional exposure, UBO depth 1, sanctions hits 0."
CP-04773,Counterparty 04773 Holdings,DE,critical,2026-04-03,0,2,"Grounded summary for CP-04773: jurisdictional exposure, UBO depth 2, sanctions hits 0."
CP-04774,Counterparty 04774 Holdings,AE,high,2026-04-02,0,3,"Grounded summary for CP-04774: jurisdictional exposure, UBO depth 3, sanctions hits 0."
CP-04775,Counterparty 04775 Holdings,SG,medium,2026-04-01,0,4,"Grounded summary for CP-04775: jurisdictional exposure, UBO depth 4, sanctions hits 0."
CP-04776,Counterparty 04776 Holdings,US,low,2026-03-31,0,1,"Grounded summary for CP-04776: jurisdictional exposure, UBO depth 1, sanctions hits 0."
CP-04777,Counterparty 04777 Holdings,GB,critical,2026-03-30,0,2,"Grounded summary for CP-04777: jurisdictional exposure, UBO depth 2, sanctions hits 0."
CP-04778,Counterparty 04778 Holdings,KY,high,2026-03-29,0,3,"Grounded summary for CP-04778: jurisdictional exposure, UBO depth 3, sanctions hits 0."
CP-04779,Counterparty 04779 Holdings,DE,medium,2026-03-28,0,4,"Grounded summary for CP-04779: jurisdictional exposure, UBO depth 4, sanctions hits 0."
CP-04780,Counterparty 04780 Holdings,AE,low,2026-03-27,0,1,"Grounded summary for CP-04780: jurisdictional exposure, UBO depth 1, sanctions hits 0."
CP-04781,Counterparty 04781 Holdings,SG,critical,2026-03-26,0,2,"Grounded summary for CP-04781: jurisdictional exposure, UBO depth 2, sanctions hits 0."
CP-04782,Counterparty 04782 Holdings,US,high,2026-03-25,0,3,"Grounded summary for CP-04782: jurisdictional exposure, UBO depth 3, sanctions hits 0."
CP-04783,Counterparty 04783 Holdings,GB,medium,2026-03-24,0,4,"Grounded summary for CP-04783: jurisdictional exposure, UBO depth 4, sanctions hits 0."
CP-04784,Counterparty 04784 Holdings,KY,low,2026-03-23,0,1,"Grounded summary for CP-04784: jurisdictional exposure, UBO depth 1, sanctions hits 0."
CP-04785,Counterparty 04785 Holdings,DE,critical,2026-03-22,0,2,"Grounded summary for CP-04785: jurisdictional exposure, UBO depth 2, sanctions hits 0."
CP-04786,Counterparty 04786 Holdings,AE,high,2026-03-21,0,3,"Grounded summary for CP-04786: jurisdictional exposure, UBO depth 3, sanctions hits 0."
CP-04787,Counterparty 04787 Holdings,SG,medium,2026-03-20,0,4,"Grounded summary for CP-04787: jurisdictional exposure, UBO depth 4, sanctions hits 0."
CP-04788,Counterparty 04788 Holdings,US,low,2026-03-19,0,1,"Grounded summary for CP-04788: jurisdictional exposure, UBO depth 1, sanctions hits 0."
CP-04789,Counterparty 04789 Holdings,GB,critical,2026-03-18,0,2,"Grounded summary for CP-04789: jurisdictional exposure, UBO depth 2, sanctions hits 0."
CP-04790,Counterparty 04790 Holdings,KY,high,2026-03-17,0,3,"Grounded summary for CP-04790: jurisdictional exposure, UBO depth 3, sanctions hits 0."
CP-04791,Counterparty 04791 Holdings,DE,medium,2026-03-16,0,4,"Grounded summary for CP-04791: jurisdictional exposure, UBO depth 4, sanctions hits 0."
CP-04792,Counterparty 04792 Holdings,AE,low,2026-03-15,0,1,"Grounded summary for CP-04792: jurisdictional exposure, UBO depth 1, sanctions hits 0."
CP-04793,Counterparty 04793 Holdings,SG,critical,2026-03-14,0,2,"Grounded summary for CP-04793: jurisdictional exposure, UBO depth 2, sanctions hits 0."
CP-04794,Counterparty 04794 Holdings,US,high,2026-03-13,0,3,"Grounded summary for CP-04794: jurisdictional exposure, UBO depth 3, sanctions hits 0."
CP-04795,Counterparty 04795 Holdings,GB,medium,2026-03-12,0,4,"Grounded summary for CP-04795: jurisdictional exposure, UBO depth 4, sanctions hits 0."
CP-04796,Counterparty 04796 Holdings,KY,low,2026-03-11,0,1,"Grounded summary for CP-04796: jurisdictional exposure, UBO depth 1, sanctions hits 0."
CP-04797,Counterparty 04797 Holdings,DE,critical,2026-03-10,0,2,"Grounded summary for CP-04797: jurisdictional exposure, UBO depth 2, sanctions hits 0."
CP-04798,Counterparty 04798 Holdings,AE,high,2026-03-09,0,3,"Grounded summary for CP-04798: jurisdictional exposure, UBO depth 3, sanctions hits 0."
CP-04799,Counterparty 04799 Holdings,SG,medium,2026-03-08,0,4,"Grounded summary for CP-04799: jurisdictional exposure, UBO depth 4, sanctions hits 0."
CP-04800,Counterparty 04800 Holdings,US,low,2026-03-07,0,1,"Grounded summary for CP-04800: jurisdictional exposure, UBO depth 1, sanctions hits 0."
CP-04801,Counterparty 04801 Holdings,GB,critical,2026-03-06,0,2,"Grounded summary for CP-04801: jurisdictional exposure, UBO depth 2, sanctions hits 0."
CP-04802,Counterparty 04802 Holdings,KY,high,2026-03-05,0,3,"Grounded summary for CP-04802: jurisdictional exposure, UBO depth 3, sanctions hits 0."
CP-04803,Counterparty 04803 Holdings,DE,medium,2026-03-04,0,4,"Grounded summary for CP-04803: jurisdictional exposure, UBO depth 4, sanctions hits 0."
CP-04804,Counterparty 04804 Holdings,AE,low,2026-03-03,0,1,"Grounded summary for CP-04804: jurisdictional exposure, UBO depth 1, sanctions hits 0."
CP-04805,Counterparty 04805 Holdings,SG,critical,2026-03-02,0,2,"Grounded summary for CP-04805: jurisdictional exposure, UBO depth 2, sanctions hits 0."
CP-04806,Counterparty 04806 Holdings,US,high,2026-03-01,0,3,"Grounded summary for CP-04806: jurisdictional exposure, UBO depth 3, sanctions hits 0."
CP-04807,Counterparty 04807 Holdings,GB,medium,2026-02-28,0,4,"Grounded summary for CP-04807: jurisdictional exposure, UBO depth 4, sanctions hits 0."
CP-04808,Counterparty 04808 Holdings,KY,low,2026-02-27,0,1,"Grounded summary for CP-04808: jurisdictional exposure, UBO depth 1, sanctions hits 0."
CP-04809,Counterparty 04809 Holdings,DE,critical,2026-02-26,0,2,"Grounded summary for CP-04809: jurisdictional exposure, UBO depth 2, sanctions hits 0."
CP-04810,Counterparty 04810 Holdings,AE,high,2026-02-25,0,3,"Grounded summary for CP-04810: jurisdictional exposure, UBO depth 3, sanctions hits 0."
CP-04811,Counterparty 04811 Holdings,SG,medium,2026-02-24,0,4,"Grounded summary for CP-04811: jurisdictional exposure, UBO depth 4, sanctions hits 0."
CP-04812,Counterparty 04812 Holdings,US,low,2026-02-23,0,1,"Grounded summary for CP-04812: jurisdictional exposure, UBO depth 1, sanctions hits 0."
CP-04813,Counterparty 04813 Holdings,GB,critical,2026-02-22,0,2,"Grounded summary for CP-04813: jurisdictional exposure, UBO depth 2, sanctions hits 0."
CP-04814,Counterparty 04814 Holdings,KY,high,2026-02-21,0,3,"Grounded summary for CP-04814: jurisdictional exposure, UBO depth 3, sanctions hits 0."
CP-04815,Counterparty 04815 Holdings,DE,medium,2026-02-20,0,4,"Grounded summary for CP-04815: jurisdictional exposure, UBO depth 4, sanctions hits 0."
CP-04816,Counterparty 04816 Holdings,AE,low,2026-02-19,0,1,"Grounded summary for CP-04816: jurisdictional exposure, UBO depth 1, sanctions hits 0."
CP-04817,Counterparty 04817 Holdings,SG,critical,2026-02-18,0,2,"Grounded summary for CP-04817: jurisdictional exposure, UBO depth 2, sanctions hits 0."
CP-04818,Counterparty 04818 Holdings,US,high,2026-02-17,0,3,"Grounded summary for CP-04818: jurisdictional exposure, UBO depth 3, sanctions hits 0."
CP-04819,Counterparty 04819 Holdings,GB,medium,2026-02-16,0,4,"Grounded summary for CP-04819: jurisdictional exposure, UBO depth 4, sanctions hits 0."
CP-04820,Counterparty 04820 Holdings,KY,low,2026-02-15,0,1,"Grounded summary for CP-04820: jurisdictional exposure, UBO depth 1, sanctions hits 0."
CP-04821,Counterparty 04821 Holdings,DE,critical,2026-02-14,0,2,"Grounded summary for CP-04821: jurisdictional exposure, UBO depth 2, sanctions hits 0."
CP-04822,Counterparty 04822 Holdings,AE,high,2026-02-13,0,3,"Grounded summary for CP-04822: jurisdictional exposure, UBO depth 3, sanctions hits 0."
CP-04823,Counterparty 04823 Holdings,SG,medium,2026-02-12,0,4,"Grounded summary for CP-04823: jurisdictional exposure, UBO depth 4, sanctions hits 0."
CP-04824,Counterparty 04824 Holdings,US,low,2026-02-11,0,1,"Grounded summary for CP-04824: jurisdictional exposure, UBO depth 1, sanctions hits 0."
CP-04825,Counterparty 04825 Holdings,GB,critical,2026-02-10,0,2,"Grounded summary for CP-04825: jurisdictional exposure, UBO depth 2, sanctions hits 0."
CP-04826,Counterparty 04826 Holdings,KY,high,2026-02-09,0,3,"Grounded summary for CP-04826: jurisdictional exposure, UBO depth 3, sanctions hits 0."
CP-04827,Counterparty 04827 Holdings,DE,medium,2026-02-08,0,4,"Grounded summary for CP-04827: jurisdictional exposure, UBO depth 4, sanctions hits 0."
CP-04828,Counterparty 04828 Holdings,AE,low,2026-02-07,0,1,"Grounded summary for CP-04828: jurisdictional exposure, UBO depth 1, sanctions hits 0."
CP-04829,Counterparty 04829 Holdings,SG,critical,2026-02-06,0,2,"Grounded summary for CP-04829: jurisdictional exposure, UBO depth 2, sanctions hits 0."
CP-04830,Counterparty 04830 Holdings,US,high,2026-02-05,0,3,"Grounded summary for CP-04830: jurisdictional exposure, UBO depth 3, sanctions hits 0."
CP-04831,Counterparty 04831 Holdings,GB,medium,2026-02-04,0,4,"Grounded summary for CP-04831: jurisdictional exposure, UBO depth 4, sanctions hits 0."
CP-04832,Counterparty 04832 Holdings,KY,low,2026-02-03,0,1,"Grounded summary for CP-04832: jurisdictional exposure, UBO depth 1, sanctions hits 0."
CP-04833,Counterparty 04833 Holdings,DE,critical,2026-02-02,0,2,"Grounded summary for CP-04833: jurisdictional exposure, UBO depth 2, sanctions hits 0."
CP-04834,Counterparty 04834 Holdings,AE,high,2026-02-01,0,3,"Grounded summary for CP-04834: jurisdictional exposure, UBO depth 3, sanctions hits 0."
CP-04835,Counterparty 04835 Holdings,SG,medium,2026-01-31,0,4,"Grounded summary for CP-04835: jurisdictional exposure, UBO depth 4, sanctions hits 0."
CP-04836,Counterparty 04836 Holdings,US,low,2026-01-30,0,1,"Grounded summary for CP-04836: jurisdictional exposure, UBO depth 1, sanctions hits 0."
CP-04837,Counterparty 04837 Holdings,GB,critical,2026-01-29,0,2,"Grounded summary for CP-04837: jurisdictional exposure, UBO depth 2, sanctions hits 0."
CP-04838,Counterparty 04838 Holdings,KY,high,2026-01-28,0,3,"Grounded summary for CP-04838: jurisdictional exposure, UBO depth 3, sanctions hits 0."
CP-04839,Counterparty 04839 Holdings,DE,medium,2026-01-27,0,4,"Grounded summary for CP-04839: jurisdictional exposure, UBO depth 4, sanctions hits 0."
CP-04840,Counterparty 04840 Holdings,AE,low,2026-01-26,0,1,"Grounded summary for CP-04840: jurisdictional exposure, UBO depth 1, sanctions hits 0."
CP-04841,Counterparty 04841 Holdings,SG,critical,2026-01-25,0,2,"Grounded summary for CP-04841: jurisdictional exposure, UBO depth 2, sanctions hits 0."
CP-04842,Counterparty 04842 Holdings,US,high,2026-01-24,0,3,"Grounded summary for CP-04842: jurisdictional exposure, UBO depth 3, sanctions hits 0."
CP-04843,Counterparty 04843 Holdings,GB,medium,2026-01-23,0,4,"Grounded summary for CP-04843: jurisdictional exposure, UBO depth 4, sanctions hits 0."
CP-04844,Counterparty 04844 Holdings,KY,low,2026-01-22,0,1,"Grounded summary for CP-04844: jurisdictional exposure, UBO depth 1, sanctions hits 0."
CP-04845,Counterparty 04845 Holdings,DE,critical,2026-01-21,0,2,"Grounded summary for CP-04845: jurisdictional exposure, UBO depth 2, sanctions hits 0."
CP-04846,Counterparty 04846 Holdings,AE,high,2026-01-20,0,3,"Grounded summary for CP-04846: jurisdictional exposure, UBO depth 3, sanctions hits 0."
CP-04847,Counterparty 04847 Holdings,SG,medium,2026-01-19,0,4,"Grounded summary for CP-04847: jurisdictional exposure, UBO depth 4, sanctions hits 0."
CP-04848,Counterparty 04848 Holdings,US,low,2026-01-18,0,1,"Grounded summary for CP-04848: jurisdictional exposure, UBO depth 1, sanctions hits 0."
CP-04849,Counterparty 04849 Holdings,GB,critical,2026-01-17,0,2,"Grounded summary for CP-04849: jurisdictional exposure, UBO depth 2, sanctions hits 0."
CP-04850,Counterparty 04850 Holdings,KY,high,2026-01-16,0,3,"Grounded summary for CP-04850: jurisdictional exposure, UBO depth 3, sanctions hits 0."
CP-04851,Counterparty 04851 Holdings,DE,medium,2026-01-15,0,4,"Grounded summary for CP-04851: jurisdictional exposure, UBO depth 4, sanctions hits 0."
CP-04852,Counterparty 04852 Holdings,AE,low,2026-01-14,0,1,"Grounded summary for CP-04852: jurisdictional exposure, UBO depth 1, sanctions hits 0."
CP-04853,Counterparty 04853 Holdings,SG,critical,2026-01-13,0,2,"Grounded summary for CP-04853: jurisdictional exposure, UBO depth 2, sanctions hits 0."
CP-04854,Counterparty 04854 Holdings,US,high,2026-01-12,0,3,"Grounded summary for CP-04854: jurisdictional exposure, UBO depth 3, sanctions hits 0."
CP-04855,Counterparty 04855 Holdings,GB,medium,2026-01-11,0,4,"Grounded summary for CP-04855: jurisdictional exposure, UBO depth 4, sanctions hits 0."
CP-04856,Counterparty 04856 Holdings,KY,low,2026-01-10,0,1,"Grounded summary for CP-04856: jurisdictional exposure, UBO depth 1, sanctions hits 0."
CP-04857,Counterparty 04857 Holdings,DE,critical,2026-01-09,0,2,"Grounded summary for CP-04857: jurisdictional exposure, UBO depth 2, sanctions hits 0."
CP-04858,Counterparty 04858 Holdings,AE,high,2026-01-08,0,3,"Grounded summary for CP-04858: jurisdictional exposure, UBO depth 3, sanctions hits 0."
CP-04859,Counterparty 04859 Holdings,SG,medium,2026-01-07,0,4,"Grounded summary for CP-04859: jurisdictional exposure, UBO depth 4, sanctions hits 0."
CP-04860,Counterparty 04860 Holdings,US,low,2026-01-06,0,1,"Grounded summary for CP-04860: jurisdictional exposure, UBO depth 1, sanctions hits 0."
CP-04861,Counterparty 04861 Holdings,GB,critical,2026-01-05,0,2,"Grounded summary for CP-04861: jurisdictional exposure, UBO depth 2, sanctions hits 0."
CP-04862,Counterparty 04862 Holdings,KY,high,2026-01-04,0,3,"Grounded summary for CP-04862: jurisdictional exposure, UBO depth 3, sanctions hits 0."
CP-04863,Counterparty 04863 Holdings,DE,medium,2026-01-03,0,4,"Grounded summary for CP-04863: jurisdictional exposure, UBO depth 4, sanctions hits 0."
CP-04864,Counterparty 04864 Holdings,AE,low,2026-01-02,0,1,"Grounded summary for CP-04864: jurisdictional exposure, UBO depth 1, sanctions hits 0."
CP-04865,Counterparty 04865 Holdings,SG,critical,2026-01-01,0,2,"Grounded summary for CP-04865: jurisdictional exposure, UBO depth 2, sanctions hits 0."
CP-04866,Counterparty 04866 Holdings,US,high,2025-12-31,0,3,"Grounded summary for CP-04866: jurisdictional exposure, UBO depth 3, sanctions hits 0."
CP-04867,Counterparty 04867 Holdings,GB,medium,2025-12-30,0,4,"Grounded summary for CP-04867: jurisdictional exposure, UBO depth 4, sanctions hits 0."
CP-04868,Counterparty 04868 Holdings,KY,low,2025-12-29,0,1,"Grounded summary for CP-04868: jurisdictional exposure, UBO depth 1, sanctions hits 0."
CP-04869,Counterparty 04869 Holdings,DE,critical,2025-12-28,0,2,"Grounded summary for CP-04869: jurisdictional exposure, UBO depth 2, sanctions hits 0."
CP-04870,Counterparty 04870 Holdings,AE,high,2025-12-27,0,3,"Grounded summary for CP-04870: jurisdictional exposure, UBO depth 3, sanctions hits 0."
CP-04871,Counterparty 04871 Holdings,SG,medium,2025-12-26,0,4,"Grounded summary for CP-04871: jurisdictional exposure, UBO depth 4, sanctions hits 0."
CP-04872,Counterparty 04872 Holdings,US,low,2025-12-25,0,1,"Grounded summary for CP-04872: jurisdictional exposure, UBO depth 1, sanctions hits 0."
CP-04873,Counterparty 04873 Holdings,GB,critical,2025-12-24,0,2,"Grounded summary for CP-04873: jurisdictional exposure, UBO depth 2, sanctions hits 0."
CP-04874,Counterparty 04874 Holdings,KY,high,2025-12-23,0,3,"Grounded summary for CP-04874: jurisdictional exposure, UBO depth 3, sanctions hits 0."
CP-04875,Counterparty 04875 Holdings,DE,medium,2025-12-22,0,4,"Grounded summary for CP-04875: jurisdictional exposure, UBO depth 4, sanctions hits 0."
CP-04876,Counterparty 04876 Holdings,AE,low,2025-12-21,0,1,"Grounded summary for CP-04876: jurisdictional exposure, UBO depth 1, sanctions hits 0."
CP-04877,Counterparty 04877 Holdings,SG,critical,2025-12-20,0,2,"Grounded summary for CP-04877: jurisdictional exposure, UBO depth 2, sanctions hits 0."
CP-04878,Counterparty 04878 Holdings,US,high,2025-12-19,0,3,"Grounded summary for CP-04878: jurisdictional exposure, UBO depth 3, sanctions hits 0."
CP-04879,Counterparty 04879 Holdings,GB,medium,2025-12-18,0,4,"Grounded summary for CP-04879: jurisdictional exposure, UBO depth 4, sanctions hits 0."
CP-04880,Counterparty 04880 Holdings,KY,low,2025-12-17,0,1,"Grounded summary for CP-04880: jurisdictional exposure, UBO depth 1, sanctions hits 0."
CP-04881,Counterparty 04881 Holdings,DE,critical,2025-12-16,0,2,"Grounded summary for CP-04881: jurisdictional exposure, UBO depth 2, sanctions hits 0."
CP-04882,Counterparty 04882 Holdings,AE,high,2025-12-15,0,3,"Grounded summary for CP-04882: jurisdictional exposure, UBO depth 3, sanctions hits 0."
CP-04883,Counterparty 04883 Holdings,SG,medium,2025-12-14,0,4,"Grounded summary for CP-04883: jurisdictional exposure, UBO depth 4, sanctions hits 0."
CP-04884,Counterparty 04884 Holdings,US,low,2025-12-13,0,1,"Grounded summary for CP-04884: jurisdictional exposure, UBO depth 1, sanctions hits 0."
CP-04885,Counterparty 04885 Holdings,GB,critical,2025-12-12,0,2,"Grounded summary for CP-04885: jurisdictional exposure, UBO depth 2, sanctions hits 0."
CP-04886,Counterparty 04886 Holdings,KY,high,2025-12-11,0,3,"Grounded summary for CP-04886: jurisdictional exposure, UBO depth 3, sanctions hits 0."
CP-04887,Counterparty 04887 Holdings,DE,medium,2025-12-10,0,4,"Grounded summary for CP-04887: jurisdictional exposure, UBO depth 4, sanctions hits 0."
CP-04888,Counterparty 04888 Holdings,AE,low,2025-12-09,0,1,"Grounded summary for CP-04888: jurisdictional exposure, UBO depth 1, sanctions hits 0."
CP-04889,Counterparty 04889 Holdings,SG,critical,2025-12-08,0,2,"Grounded summary for CP-04889: jurisdictional exposure, UBO depth 2, sanctions hits 0."
CP-04890,Counterparty 04890 Holdings,US,high,2025-12-07,0,3,"Grounded summary for CP-04890: jurisdictional exposure, UBO depth 3, sanctions hits 0."
CP-04891,Counterparty 04891 Holdings,GB,medium,2025-12-06,0,4,"Grounded summary for CP-04891: jurisdictional exposure, UBO depth 4, sanctions hits 0."
CP-04892,Counterparty 04892 Holdings,KY,low,2025-12-05,0,1,"Grounded summary for CP-04892: jurisdictional exposure, UBO depth 1, sanctions hits 0."
CP-04893,Counterparty 04893 Holdings,DE,critical,2025-12-04,0,2,"Grounded summary for CP-04893: jurisdictional exposure, UBO depth 2, sanctions hits 0."
CP-04894,Counterparty 04894 Holdings,AE,high,2025-12-03,0,3,"Grounded summary for CP-04894: jurisdictional exposure, UBO depth 3, sanctions hits 0."
CP-04895,Counterparty 04895 Holdings,SG,medium,2025-12-02,0,4,"Grounded summary for CP-04895: jurisdictional exposure, UBO depth 4, sanctions hits 0."
CP-04896,Counterparty 04896 Holdings,US,low,2025-12-01,0,1,"Grounded summary for CP-04896: jurisdictional exposure, UBO depth 1, sanctions hits 0."
CP-04897,Counterparty 04897 Holdings,GB,critical,2025-11-30,0,2,"Grounded summary for CP-04897: jurisdictional exposure, UBO depth 2, sanctions hits 0."
CP-04898,Counterparty 04898 Holdings,KY,high,2025-11-29,0,3,"Grounded summary for CP-04898: jurisdictional exposure, UBO depth 3, sanctions hits 0."
CP-04899,Counterparty 04899 Holdings,DE,medium,2025-11-28,0,4,"Grounded summary for CP-04899: jurisdictional exposure, UBO depth 4, sanctions hits 0."
CP-04900,Counterparty 04900 Holdings,AE,low,2025-11-27,0,1,"Grounded summary for CP-04900: jurisdictional exposure, UBO depth 1, sanctions hits 0."
CP-04901,Counterparty 04901 Holdings,SG,critical,2025-11-26,0,2,"Grounded summary for CP-04901: jurisdictional exposure, UBO depth 2, sanctions hits 0."
CP-04902,Counterparty 04902 Holdings,US,high,2025-11-25,0,3,"Grounded summary for CP-04902: jurisdictional exposure, UBO depth 3, sanctions hits 0."
CP-04903,Counterparty 04903 Holdings,GB,medium,2025-11-24,0,4,"Grounded summary for CP-04903: jurisdictional exposure, UBO depth 4, sanctions hits 0."
CP-04904,Counterparty 04904 Holdings,KY,low,2025-11-23,0,1,"Grounded summary for CP-04904: jurisdictional exposure, UBO depth 1, sanctions hits 0."
CP-04905,Counterparty 04905 Holdings,DE,critical,2025-11-22,0,2,"Grounded summary for CP-04905: jurisdictional exposure, UBO depth 2, sanctions hits 0."
CP-04906,Counterparty 04906 Holdings,AE,high,2025-11-21,0,3,"Grounded summary for CP-04906: jurisdictional exposure, UBO depth 3, sanctions hits 0."
CP-04907,Counterparty 04907 Holdings,SG,medium,2025-11-20,0,4,"Grounded summary for CP-04907: jurisdictional exposure, UBO depth 4, sanctions hits 0."
CP-04908,Counterparty 04908 Holdings,US,low,2025-11-19,0,1,"Grounded summary for CP-04908: jurisdictional exposure, UBO depth 1, sanctions hits 0."
CP-04909,Counterparty 04909 Holdings,GB,critical,2025-11-18,0,2,"Grounded summary for CP-04909: jurisdictional exposure, UBO depth 2, sanctions hits 0."
CP-04910,Counterparty 04910 Holdings,KY,high,2025-11-17,0,3,"Grounded summary for CP-04910: jurisdictional exposure, UBO depth 3, sanctions hits 0."
CP-04911,Counterparty 04911 Holdings,DE,medium,2025-11-16,0,4,"Grounded summary for CP-04911: jurisdictional exposure, UBO depth 4, sanctions hits 0."
CP-04912,Counterparty 04912 Holdings,AE,low,2025-11-15,0,1,"Grounded summary for CP-04912: jurisdictional exposure, UBO depth 1, sanctions hits 0."
CP-04913,Counterparty 04913 Holdings,SG,critical,2025-11-14,0,2,"Grounded summary for CP-04913: jurisdictional exposure, UBO depth 2, sanctions hits 0."
CP-04914,Counterparty 04914 Holdings,US,high,2025-11-13,0,3,"Grounded summary for CP-04914: jurisdictional exposure, UBO depth 3, sanctions hits 0."
CP-04915,Counterparty 04915 Holdings,GB,medium,2025-11-12,0,4,"Grounded summary for CP-04915: jurisdictional exposure, UBO depth 4, sanctions hits 0."
CP-04916,Counterparty 04916 Holdings,KY,low,2025-11-11,0,1,"Grounded summary for CP-04916: jurisdictional exposure, UBO depth 1, sanctions hits 0."
CP-04917,Counterparty 04917 Holdings,DE,critical,2025-11-10,0,2,"Grounded summary for CP-04917: jurisdictional exposure, UBO depth 2, sanctions hits 0."
CP-04918,Counterparty 04918 Holdings,AE,high,2025-11-09,0,3,"Grounded summary for CP-04918: jurisdictional exposure, UBO depth 3, sanctions hits 0."
CP-04919,Counterparty 04919 Holdings,SG,medium,2025-11-08,0,4,"Grounded summary for CP-04919: jurisdictional exposure, UBO depth 4, sanctions hits 0."
CP-04920,Counterparty 04920 Holdings,US,low,2025-11-07,0,1,"Grounded summary for CP-04920: jurisdictional exposure, UBO depth 1, sanctions hits 0."
CP-04921,Counterparty 04921 Holdings,GB,critical,2025-11-06,0,2,"Grounded summary for CP-04921: jurisdictional exposure, UBO depth 2, sanctions hits 0."
CP-04922,Counterparty 04922 Holdings,KY,high,2025-11-05,0,3,"Grounded summary for CP-04922: jurisdictional exposure, UBO depth 3, sanctions hits 0."
CP-04923,Counterparty 04923 Holdings,DE,medium,2025-11-04,0,4,"Grounded summary for CP-04923: jurisdictional exposure, UBO depth 4, sanctions hits 0."
CP-04924,Counterparty 04924 Holdings,AE,low,2025-11-03,0,1,"Grounded summary for CP-04924: jurisdictional exposure, UBO depth 1, sanctions hits 0."
CP-04925,Counterparty 04925 Holdings,SG,critical,2025-11-02,0,2,"Grounded summary for CP-04925: jurisdictional exposure, UBO depth 2, sanctions hits 0."
CP-04926,Counterparty 04926 Holdings,US,high,2025-11-01,0,3,"Grounded summary for CP-04926: jurisdictional exposure, UBO depth 3, sanctions hits 0."
CP-04927,Counterparty 04927 Holdings,GB,medium,2025-10-31,0,4,"Grounded summary for CP-04927: jurisdictional exposure, UBO depth 4, sanctions hits 0."
CP-04928,Counterparty 04928 Holdings,KY,low,2025-10-30,0,1,"Grounded summary for CP-04928: jurisdictional exposure, UBO depth 1, sanctions hits 0."
CP-04929,Counterparty 04929 Holdings,DE,critical,2025-10-29,0,2,"Grounded summary for CP-04929: jurisdictional exposure, UBO depth 2, sanctions hits 0."
CP-04930,Counterparty 04930 Holdings,AE,high,2025-10-28,0,3,"Grounded summary for CP-04930: jurisdictional exposure, UBO depth 3, sanctions hits 0."
CP-04931,Counterparty 04931 Holdings,SG,medium,2025-10-27,0,4,"Grounded summary for CP-04931: jurisdictional exposure, UBO depth 4, sanctions hits 0."
CP-04932,Counterparty 04932 Holdings,US,low,2025-10-26,0,1,"Grounded summary for CP-04932: jurisdictional exposure, UBO depth 1, sanctions hits 0."
CP-04933,Counterparty 04933 Holdings,GB,critical,2025-10-25,0,2,"Grounded summary for CP-04933: jurisdictional exposure, UBO depth 2, sanctions hits 0."
CP-04934,Counterparty 04934 Holdings,KY,high,2025-10-24,0,3,"Grounded summary for CP-04934: jurisdictional exposure, UBO depth 3, sanctions hits 0."
CP-04935,Counterparty 04935 Holdings,DE,medium,2025-10-23,0,4,"Grounded summary for CP-04935: jurisdictional exposure, UBO depth 4, sanctions hits 0."
CP-04936,Counterparty 04936 Holdings,AE,low,2025-10-22,0,1,"Grounded summary for CP-04936: jurisdictional exposure, UBO depth 1, sanctions hits 0."
CP-04937,Counterparty 04937 Holdings,SG,critical,2025-10-21,0,2,"Grounded summary for CP-04937: jurisdictional exposure, UBO depth 2, sanctions hits 0."
CP-04938,Counterparty 04938 Holdings,US,high,2025-10-20,0,3,"Grounded summary for CP-04938: jurisdictional exposure, UBO depth 3, sanctions hits 0."
CP-04939,Counterparty 04939 Holdings,GB,medium,2025-10-19,0,4,"Grounded summary for CP-04939: jurisdictional exposure, UBO depth 4, sanctions hits 0."
CP-04940,Counterparty 04940 Holdings,KY,low,2025-10-18,0,1,"Grounded summary for CP-04940: jurisdictional exposure, UBO depth 1, sanctions hits 0."
CP-04941,Counterparty 04941 Holdings,DE,critical,2025-10-17,0,2,"Grounded summary for CP-04941: jurisdictional exposure, UBO depth 2, sanctions hits 0."
CP-04942,Counterparty 04942 Holdings,AE,high,2025-10-16,0,3,"Grounded summary for CP-04942: jurisdictional exposure, UBO depth 3, sanctions hits 0."
CP-04943,Counterparty 04943 Holdings,SG,medium,2025-10-15,0,4,"Grounded summary for CP-04943: jurisdictional exposure, UBO depth 4, sanctions hits 0."
CP-04944,Counterparty 04944 Holdings,US,low,2025-10-14,0,1,"Grounded summary for CP-04944: jurisdictional exposure, UBO depth 1, sanctions hits 0."
CP-04945,Counterparty 04945 Holdings,GB,critical,2025-10-13,0,2,"Grounded summary for CP-04945: jurisdictional exposure, UBO depth 2, sanctions hits 0."
CP-04946,Counterparty 04946 Holdings,KY,high,2025-10-12,0,3,"Grounded summary for CP-04946: jurisdictional exposure, UBO depth 3, sanctions hits 0."
CP-04947,Counterparty 04947 Holdings,DE,medium,2025-10-11,0,4,"Grounded summary for CP-04947: jurisdictional exposure, UBO depth 4, sanctions hits 0."
CP-04948,Counterparty 04948 Holdings,AE,low,2025-10-10,0,1,"Grounded summary for CP-04948: jurisdictional exposure, UBO depth 1, sanctions hits 0."
CP-04949,Counterparty 04949 Holdings,SG,critical,2025-10-09,0,2,"Grounded summary for CP-04949: jurisdictional exposure, UBO depth 2, sanctions hits 0."
CP-04950,Counterparty 04950 Holdings,US,high,2025-10-08,0,3,"Grounded summary for CP-04950: jurisdictional exposure, UBO depth 3, sanctions hits 0."
CP-04951,Counterparty 04951 Holdings,GB,medium,2025-10-07,0,4,"Grounded summary for CP-04951: jurisdictional exposure, UBO depth 4, sanctions hits 0."
CP-04952,Counterparty 04952 Holdings,KY,low,2025-10-06,0,1,"Grounded summary for CP-04952: jurisdictional exposure, UBO depth 1, sanctions hits 0."
CP-04953,Counterparty 04953 Holdings,DE,critical,2025-10-05,0,2,"Grounded summary for CP-04953: jurisdictional exposure, UBO depth 2, sanctions hits 0."
CP-04954,Counterparty 04954 Holdings,AE,high,2025-10-04,0,3,"Grounded summary for CP-04954: jurisdictional exposure, UBO depth 3, sanctions hits 0."
CP-04955,Counterparty 04955 Holdings,SG,medium,2025-10-03,0,4,"Grounded summary for CP-04955: jurisdictional exposure, UBO depth 4, sanctions hits 0."
CP-04956,Counterparty 04956 Holdings,US,low,2025-10-02,0,1,"Grounded summary for CP-04956: jurisdictional exposure, UBO depth 1, sanctions hits 0."
CP-04957,Counterparty 04957 Holdings,GB,critical,2025-10-01,0,2,"Grounded summary for CP-04957: jurisdictional exposure, UBO depth 2, sanctions hits 0."
CP-04958,Counterparty 04958 Holdings,KY,high,2025-09-30,0,3,"Grounded summary for CP-04958: jurisdictional exposure, UBO depth 3, sanctions hits 0."
CP-04959,Counterparty 04959 Holdings,DE,medium,2025-09-29,0,4,"Grounded summary for CP-04959: jurisdictional exposure, UBO depth 4, sanctions hits 0."
CP-04960,Counterparty 04960 Holdings,AE,low,2025-09-28,0,1,"Grounded summary for CP-04960: jurisdictional exposure, UBO depth 1, sanctions hits 0."
CP-04961,Counterparty 04961 Holdings,SG,critical,2025-09-27,0,2,"Grounded summary for CP-04961: jurisdictional exposure, UBO depth 2, sanctions hits 0."
CP-04962,Counterparty 04962 Holdings,US,high,2025-09-26,0,3,"Grounded summary for CP-04962: jurisdictional exposure, UBO depth 3, sanctions hits 0."
CP-04963,Counterparty 04963 Holdings,GB,medium,2025-09-25,0,4,"Grounded summary for CP-04963: jurisdictional exposure, UBO depth 4, sanctions hits 0."
CP-04964,Counterparty 04964 Holdings,KY,low,2025-09-24,0,1,"Grounded summary for CP-04964: jurisdictional exposure, UBO depth 1, sanctions hits 0."
CP-04965,Counterparty 04965 Holdings,DE,critical,2025-09-23,0,2,"Grounded summary for CP-04965: jurisdictional exposure, UBO depth 2, sanctions hits 0."
CP-04966,Counterparty 04966 Holdings,AE,high,2025-09-22,0,3,"Grounded summary for CP-04966: jurisdictional exposure, UBO depth 3, sanctions hits 0."
CP-04967,Counterparty 04967 Holdings,SG,medium,2025-09-21,0,4,"Grounded summary for CP-04967: jurisdictional exposure, UBO depth 4, sanctions hits 0."
CP-04968,Counterparty 04968 Holdings,US,low,2025-09-20,0,1,"Grounded summary for CP-04968: jurisdictional exposure, UBO depth 1, sanctions hits 0."
CP-04969,Counterparty 04969 Holdings,GB,critical,2025-09-19,0,2,"Grounded summary for CP-04969: jurisdictional exposure, UBO depth 2, sanctions hits 0."
CP-04970,Counterparty 04970 Holdings,KY,high,2025-09-18,0,3,"Grounded summary for CP-04970: jurisdictional exposure, UBO depth 3, sanctions hits 0."
CP-04971,Counterparty 04971 Holdings,DE,medium,2025-09-17,0,4,"Grounded summary for CP-04971: jurisdictional exposure, UBO depth 4, sanctions hits 0."
CP-04972,Counterparty 04972 Holdings,AE,low,2025-09-16,0,1,"Grounded summary for CP-04972: jurisdictional exposure, UBO depth 1, sanctions hits 0."
CP-04973,Counterparty 04973 Holdings,SG,critical,2025-09-15,0,2,"Grounded summary for CP-04973: jurisdictional exposure, UBO depth 2, sanctions hits 0."
CP-04974,Counterparty 04974 Holdings,US,high,2025-09-14,0,3,"Grounded summary for CP-04974: jurisdictional exposure, UBO depth 3, sanctions hits 0."
CP-04975,Counterparty 04975 Holdings,GB,medium,2025-09-13,0,4,"Grounded summary for CP-04975: jurisdictional exposure, UBO depth 4, sanctions hits 0."
CP-04976,Counterparty 04976 Holdings,KY,low,2025-09-12,0,1,"Grounded summary for CP-04976: jurisdictional exposure, UBO depth 1, sanctions hits 0."
CP-04977,Counterparty 04977 Holdings,DE,critical,2025-09-11,0,2,"Grounded summary for CP-04977: jurisdictional exposure, UBO depth 2, sanctions hits 0."
CP-04978,Counterparty 04978 Holdings,AE,high,2025-09-10,0,3,"Grounded summary for CP-04978: jurisdictional exposure, UBO depth 3, sanctions hits 0."
CP-04979,Counterparty 04979 Holdings,SG,medium,2025-09-09,0,4,"Grounded summary for CP-04979: jurisdictional exposure, UBO depth 4, sanctions hits 0."
CP-04980,Counterparty 04980 Holdings,US,low,2025-09-08,0,1,"Grounded summary for CP-04980: jurisdictional exposure, UBO depth 1, sanctions hits 0."
CP-04981,Counterparty 04981 Holdings,GB,critical,2025-09-07,0,2,"Grounded summary for CP-04981: jurisdictional exposure, UBO depth 2, sanctions hits 0."
CP-04982,Counterparty 04982 Holdings,KY,high,2025-09-06,0,3,"Grounded summary for CP-04982: jurisdictional exposure, UBO depth 3, sanctions hits 0."
CP-04983,Counterparty 04983 Holdings,DE,medium,2025-09-05,0,4,"Grounded summary for CP-04983: jurisdictional exposure, UBO depth 4, sanctions hits 0."
CP-04984,Counterparty 04984 Holdings,AE,low,2025-09-04,0,1,"Grounded summary for CP-04984: jurisdictional exposure, UBO depth 1, sanctions hits 0."
CP-04985,Counterparty 04985 Holdings,SG,critical,2025-09-03,1,2,"Grounded summary for CP-04985: jurisdictional exposure, UBO depth 2, sanctions hits 1."
CP-04986,Counterparty 04986 Holdings,US,high,2025-09-02,0,3,"Grounded summary for CP-04986: jurisdictional exposure, UBO depth 3, sanctions hits 0."
CP-04987,Counterparty 04987 Holdings,GB,medium,2025-09-01,0,4,"Grounded summary for CP-04987: jurisdictional exposure, UBO depth 4, sanctions hits 0."
CP-04988,Counterparty 04988 Holdings,KY,low,2025-08-31,0,1,"Grounded summary for CP-04988: jurisdictional exposure, UBO depth 1, sanctions hits 0."
CP-04989,Counterparty 04989 Holdings,DE,critical,2025-08-30,0,2,"Grounded summary for CP-04989: jurisdictional exposure, UBO depth 2, sanctions hits 0."
CP-04990,Counterparty 04990 Holdings,AE,high,2025-08-29,0,3,"Grounded summary for CP-04990: jurisdictional exposure, UBO depth 3, sanctions hits 0."
CP-04991,Counterparty 04991 Holdings,SG,medium,2025-08-28,0,4,"Grounded summary for CP-04991: jurisdictional exposure, UBO depth 4, sanctions hits 0."
CP-04992,Counterparty 04992 Holdings,US,low,2025-08-27,0,1,"Grounded summary for CP-04992: jurisdictional exposure, UBO depth 1, sanctions hits 0."
CP-04993,Counterparty 04993 Holdings,GB,critical,2025-08-26,0,2,"Grounded summary for CP-04993: jurisdictional exposure, UBO depth 2, sanctions hits 0."
CP-04994,Counterparty 04994 Holdings,KY,high,2025-08-25,0,3,"Grounded summary for CP-04994: jurisdictional exposure, UBO depth 3, sanctions hits 0."
CP-04995,Counterparty 04995 Holdings,DE,medium,2025-08-24,0,4,"Grounded summary for CP-04995: jurisdictional exposure, UBO depth 4, sanctions hits 0."
CP-04996,Counterparty 04996 Holdings,AE,low,2025-08-23,0,1,"Grounded summary for CP-04996: jurisdictional exposure, UBO depth 1, sanctions hits 0."
CP-04997,Counterparty 04997 Holdings,SG,critical,2025-08-22,0,2,"Grounded summary for CP-04997: jurisdictional exposure, UBO depth 2, sanctions hits 0."
CP-04998,Counterparty 04998 Holdings,US,high,2025-08-21,0,3,"Grounded summary for CP-04998: jurisdictional exposure, UBO depth 3, sanctions hits 0."
CP-04999,Counterparty 04999 Holdings,GB,medium,2025-08-20,0,4,"Grounded summary for CP-04999: jurisdictional exposure, UBO depth 4, sanctions hits 0."
CP-05000,Counterparty 05000 Holdings,KY,low,2025-08-19,0,1,"Grounded summary for CP-05000: jurisdictional exposure, UBO depth 1, sanctions hits 0."
