source_counterparty_id,relationship_type,target_id,metric
CP-00001,TransactedWith,CP-00018,100001
CP-00001,UltimateBeneficialOwner,P-00001,1
CP-00002,TransactedWith,CP-00019,100002
CP-00002,UltimateBeneficialOwner,P-00002,1
CP-00003,TransactedWith,CP-00020,100003
CP-00003,UltimateBeneficialOwner,P-00003,1
CP-00004,TransactedWith,CP-00021,100004
CP-00004,UltimateBeneficialOwner,P-00004,1
CP-00005,TransactedWith,CP-00022,100005
CP-00005,UltimateBeneficialOwner,P-00005,1
CP-00006,TransactedWith,CP-00023,100006
CP-00006,UltimateBeneficialOwner,P-00006,1
CP-00007,TransactedWith,CP-00024,100007
CP-00007,UltimateBeneficialOwner,P-00007,1
CP-00008,TransactedWith,CP-00025,100008
CP-00008,UltimateBeneficialOwner,P-00008,1
CP-00009,TransactedWith,CP-00026,100009
CP-00009,UltimateBeneficialOwner,P-00009,1
CP-00010,TransactedWith,CP-00027,100010
CP-00010,UltimateBeneficialOwner,P-00010,1
CP-00011,TransactedWith,CP-00028,100011
CP-00011,UltimateBeneficialOwner,P-00011,1
CP-00012,TransactedWith,CP-00029,100012
CP-00012,UltimateBeneficialOwner,P-00012,1
CP-00013,TransactedWith,CP-00030,100013
CP-00013,UltimateBeneficialOwner,P-00013,1
CP-00014,TransactedWith,CP-00031,100014
CP-00014,UltimateBeneficialOwner,P-00014,1
CP-00015,TransactedWith,CP-00032,100015
CP-00015,UltimateBeneficialOwner,P-00015,1
CP-00016,TransactedWith,CP-00033,100016
CP-00016,UltimateBeneficialOwner,P-00016,1
CP-00017,TransactedWith,CP-00034,100017
CP-00017,UltimateBeneficialOwner,P-00017,1
CP-00018,TransactedWith,CP-00035,100018
CP-00018,UltimateBeneficialOwner,P-00018,1
CP-00019,TransactedWith,CP-00036,100019
CP-00019,UltimateBeneficialOwner,P-00019,1
CP-00020,TransactedWith,CP-00037,100020
CP-00020,UltimateBeneficialOwner,P-00020,1
CP-00021,TransactedWith,CP-00038,100021
CP-00021,UltimateBeneficialOwner,P-00021,1
CP-00022,TransactedWith,CP-00039,100022
CP-00022,UltimateBeneficialOwner,P-00022,1
CP-00023,TransactedWith,CP-00040,100023
CP-00023,UltimateBeneficialOwner,P-00023,1
CP-00024,TransactedWith,CP-00041,100024
CP-00024,UltimateBeneficialOwner,P-00024,1
CP-00025,TransactedWith,CP-00042,100025
CP-00025,UltimateBeneficialOwner,P-00025,1
CP-00026,TransactedWith,CP-00043,100026
CP-00026,UltimateBeneficialOwner,P-00026,1
CP-00027,TransactedWith,CP-00044,100027
CP-00027,UltimateBeneficialOwner,P-00027,1
CP-00028,TransactedWith,CP-00045,100028
CP-00028,UltimateBeneficialOwner,P-00028,1
CP-00029,TransactedWith,CP-00046,100029
CP-00029,UltimateBeneficialOwner,P-00029,1
CP-00030,TransactedWith,CP-00047,100030
CP-00030,UltimateBeneficialOwner,P-00030,1
CP-00031,TransactedWith,CP-00048,100031
CP-00031,UltimateBeneficialOwner,P-00031,1
CP-00032,TransactedWith,CP-00049,100032
CP-00032,UltimateBeneficialOwner,P-00032,1
CP-00033,TransactedWith,CP-00050,100033
CP-00033,UltimateBeneficialOwner,P-00033,1
CP-00034,TransactedWith,CP-00051,100034
CP-00034,UltimateBeneficialOwner,P-00034,1
CP-00035,TransactedWith,CP-00052,100035
CP-00035,UltimateBeneficialOwner,P-00035,1
CP-00036,TransactedWith,CP-00053,100036
CP-00036,UltimateBeneficialOwner,P-00036,1
CP-00037,TransactedWith,CP-00054,100037
CP-00037,UltimateBeneficialOwner,P-00037,1
CP-00038,TransactedWith,CP-00055,100038
CP-00038,UltimateBeneficialOwner,P-00038,1
CP-00039,TransactedWith,CP-00056,100039
CP-00039,UltimateBeneficialOwner,P-00039,1
CP-00040,TransactedWith,CP-00057,100040
CP-00040,UltimateBeneficialOwner,P-00040,1
CP-00041,TransactedWith,CP-00058,100041
CP-00041,UltimateBeneficialOwner,P-00041,1
CP-00042,TransactedWith,CP-00059,100042
CP-00042,UltimateBeneficialOwner,P-00042,1
CP-00043,TransactedWith,CP-00060,100043
CP-00043,UltimateBeneficialOwner,P-00043,1
CP-00044,TransactedWith,CP-00061,100044
CP-00044,UltimateBeneficialOwner,P-00044,1
CP-00045,TransactedWith,CP-00062,100045
CP-00045,UltimateBeneficialOwner,P-00045,1
CP-00046,TransactedWith,CP-00063,100046
CP-00046,UltimateBeneficialOwner,P-00046,1
CP-00047,TransactedWith,CP-00064,100047
CP-00047,UltimateBeneficialOwner,P-00047,1
CP-00048,TransactedWith,CP-00065,100048
CP-00048,UltimateBeneficialOwner,P-00048,1
CP-00049,TransactedWith,CP-00066,100049
CP-00049,UltimateBeneficialOwner,P-00049,1
CP-00050,TransactedWith,CP-00067,100050
CP-00050,UltimateBeneficialOwner,P-00050,1
CP-00051,TransactedWith,CP-00068,100051
CP-00051,UltimateBeneficialOwner,P-00051,1
CP-00052,TransactedWith,CP-00069,100052
CP-00052,UltimateBeneficialOwner,P-00052,1
CP-00053,TransactedWith,CP-00070,100053
CP-00053,UltimateBeneficialOwner,P-00053,1
CP-00054,TransactedWith,CP-00071,100054
CP-00054,UltimateBeneficialOwner,P-00054,1
CP-00055,TransactedWith,CP-00072,100055
CP-00055,UltimateBeneficialOwner,P-00055,1
CP-00056,TransactedWith,CP-00073,100056
CP-00056,UltimateBeneficialOwner,P-00056,1
CP-00057,TransactedWith,CP-00074,100057
CP-00057,UltimateBeneficialOwner,P-00057,1
CP-00058,TransactedWith,CP-00075,100058
CP-00058,UltimateBeneficialOwner,P-00058,1
CP-00059,TransactedWith,CP-00076,100059
CP-00059,UltimateBeneficialOwner,P-00059,1
CP-00060,TransactedWith,CP-00077,100060
CP-00060,UltimateBeneficialOwner,P-00060,1
CP-00061,TransactedWith,CP-00078,100061
CP-00061,UltimateBeneficialOwner,P-00061,1
CP-00062,TransactedWith,CP-00079,100062
CP-00062,UltimateBeneficialOwner,P-00062,1
CP-00063,TransactedWith,CP-00080,100063
CP-00063,UltimateBeneficialOwner,P-00063,1
CP-00064,TransactedWith,CP-00081,100064
CP-00064,UltimateBeneficialOwner,P-00064,1
CP-00065,TransactedWith,CP-00082,100065
CP-00065,UltimateBeneficialOwner,P-00065,1
CP-00066,TransactedWith,CP-00083,100066
CP-00066,UltimateBeneficialOwner,P-00066,1
CP-00067,TransactedWith,CP-00084,100067
CP-00067,UltimateBeneficialOwner,P-00067,1
CP-00068,TransactedWith,CP-00085,100068
CP-00068,UltimateBeneficialOwner,P-00068,1
CP-00069,TransactedWith,CP-00086,100069
CP-00069,UltimateBeneficialOwner,P-00069,1
CP-00070,TransactedWith,CP-00087,100070
CP-00070,UltimateBeneficialOwner,P-00070,1
CP-00071,TransactedWith,CP-00088,100071
CP-00071,UltimateBeneficialOwner,P-00071,1
CP-00072,TransactedWith,CP-00089,100072
CP-00072,UltimateBeneficialOwner,P-00072,1
CP-00073,TransactedWith,CP-00090,100073
CP-00073,UltimateBeneficialOwner,P-00073,1
CP-00074,TransactedWith,CP-00091,100074
CP-00074,UltimateBeneficialOwner,P-00074,1
CP-00075,TransactedWith,CP-00092,100075
CP-00075,UltimateBeneficialOwner,P-00075,1
CP-00076,TransactedWith,CP-00093,100076
CP-00076,UltimateBeneficialOwner,P-00076,1
CP-00077,TransactedWith,CP-00094,100077
CP-00077,UltimateBeneficialOwner,P-00077,1
CP-00078,TransactedWith,CP-00095,100078
CP-00078,UltimateBeneficialOwner,P-00078,1
CP-00079,TransactedWith,CP-00096,100079
CP-00079,UltimateBeneficialOwner,P-00079,1
CP-00080,TransactedWith,CP-00097,100080
CP-00080,UltimateBeneficialOwner,P-00080,1
CP-00081,TransactedWith,CP-00098,100081
CP-00081,UltimateBeneficialOwner,P-00081,1
CP-00082,TransactedWith,CP-00099,100082
CP-00082,UltimateBeneficialOwner,P-00082,1
CP-00083,TransactedWith,CP-00100,100083
CP-00083,UltimateBeneficialOwner,P-00083,1
CP-00084,TransactedWith,CP-00101,100084
CP-00084,UltimateBeneficialOwner,P-00084,1
CP-00085,TransactedWith,CP-00102,100085
CP-00085,UltimateBeneficialOwner,P-00085,1
CP-00086,TransactedWith,CP-00103,100086
CP-00086,UltimateBeneficialOwner,P-00086,1
CP-00087,TransactedWith,CP-00104,100087
CP-00087,UltimateBeneficialOwner,P-00087,1
CP-00088,TransactedWith,CP-00105,100088
CP-00088,UltimateBeneficialOwner,P-00088,1
CP-00089,TransactedWith,CP-00106,100089
CP-00089,UltimateBeneficialOwner,P-00089,1
CP-00090,TransactedWith,CP-00107,100090
CP-00090,UltimateBeneficialOwner,P-00090,1
CP-00091,TransactedWith,CP-00108,100091
CP-00091,UltimateBeneficialOwner,P-00091,1
CP-00092,TransactedWith,CP-00109,100092
CP-00092,UltimateBeneficialOwner,P-00092,1
CP-00093,TransactedWith,CP-00110,100093
CP-00093,UltimateBeneficialOwner,P-00093,1
CP-00094,TransactedWith,CP-00111,100094
CP-00094,UltimateBeneficialOwner,P-00094,1
CP-00095,TransactedWith,CP-00112,100095
CP-00095,UltimateBeneficialOwner,P-00095,1
CP-00096,TransactedWith,CP-00113,100096
CP-00096,UltimateBeneficialOwner,P-00096,1
CP-00097,TransactedWith,CP-00114,100097
CP-00097,UltimateBeneficialOwner,P-00097,1
CP-00098,TransactedWith,CP-00115,100098
CP-00098,UltimateBeneficialOwner,P-00098,1
CP-00099,TransactedWith,CP-00116,100099
CP-00099,UltimateBeneficialOwner,P-00099,1
CP-00100,TransactedWith,CP-00117,100100
CP-00100,UltimateBeneficialOwner,P-00100,1
CP-00101,TransactedWith,CP-00118,100101
CP-00101,UltimateBeneficialOwner,P-00101,1
CP-00102,TransactedWith,CP-00119,100102
CP-00102,UltimateBeneficialOwner,P-00102,1
CP-00103,TransactedWith,CP-00120,100103
CP-00103,UltimateBeneficialOwner,P-00103,1
CP-00104,TransactedWith,CP-00121,100104
CP-00104,UltimateBeneficialOwner,P-00104,1
CP-00105,TransactedWith,CP-00122,100105
CP-00105,UltimateBeneficialOwner,P-00105,1
CP-00106,TransactedWith,CP-00123,100106
CP-00106,UltimateBeneficialOwner,P-00106,1
CP-00107,TransactedWith,CP-00124,100107
CP-00107,UltimateBeneficialOwner,P-00107,1
CP-00108,TransactedWith,CP-00125,100108
CP-00108,UltimateBeneficialOwner,P-00108,1
CP-00109,TransactedWith,CP-00126,100109
CP-00109,UltimateBeneficialOwner,P-00109,1
CP-00110,TransactedWith,CP-00127,100110
CP-00110,UltimateBeneficialOwner,P-00110,1
CP-00111,TransactedWith,CP-00128,100111
CP-00111,UltimateBeneficialOwner,P-00111,1
CP-00112,TransactedWith,CP-00129,100112
CP-00112,UltimateBeneficialOwner,P-00112,1
CP-00113,TransactedWith,CP-00130,100113
CP-00113,UltimateBeneficialOwner,P-00113,1
CP-00114,TransactedWith,CP-00131,100114
CP-00114,UltimateBeneficialOwner,P-00114,1
CP-00115,TransactedWith,CP-00132,100115
CP-00115,UltimateBeneficialOwner,P-00115,1
CP-00116,TransactedWith,CP-00133,100116
CP-00116,UltimateBeneficialOwner,P-00116,1
CP-00117,TransactedWith,CP-00134,100117
CP-00117,UltimateBeneficialOwner,P-00117,1
CP-00118,TransactedWith,CP-00135,100118
CP-00118,UltimateBeneficialOwner,P-00118,1
CP-00119,TransactedWith,CP-00136,100119
CP-00119,UltimateBeneficialOwner,P-00119,1
CP-00120,TransactedWith,CP-00137,100120
CP-00120,UltimateBeneficialOwner,P-00120,1
CP-00121,TransactedWith,CP-00138,100121
CP-00121,UltimateBeneficialOwner,P-00121,1
CP-00122,TransactedWith,CP-00139,100122
CP-00122,UltimateBeneficialOwner,P-00122,1
CP-00123,TransactedWith,CP-00140,100123
CP-00123,UltimateBeneficialOwner,P-00123,1
CP-00124,TransactedWith,CP-00141,100124
CP-00124,UltimateBeneficialOwner,P-00124,1
CP-00125,TransactedWith,CP-00142,100125
CP-00125,UltimateBeneficialOwner,P-00125,1
CP-00126,TransactedWith,CP-00143,100126
CP-00126,UltimateBeneficialOwner,P-00126,1
CP-00127,TransactedWith,CP-00144,100127
CP-00127,UltimateBeneficialOwner,P-00127,1
CP-00128,TransactedWith,CP-00145,100128
CP-00128,UltimateBeneficialOwner,P-00128,1
CP-00129,TransactedWith,CP-00146,100129
CP-00129,UltimateBeneficialOwner,P-00129,1
CP-00130,TransactedWith,CP-00147,100130
CP-00130,UltimateBeneficialOwner,P-00130,1
CP-00131,TransactedWith,CP-00148,100131
CP-00131,UltimateBeneficialOwner,P-00131,1
CP-00132,TransactedWith,CP-00149,100132
CP-00132,UltimateBeneficialOwner,P-00132,1
CP-00133,TransactedWith,CP-00150,100133
CP-00133,UltimateBeneficialOwner,P-00133,1
CP-00134,TransactedWith,CP-00151,100134
CP-00134,UltimateBeneficialOwner,P-00134,1
CP-00135,TransactedWith,CP-00152,100135
CP-00135,UltimateBeneficialOwner,P-00135,1
CP-00136,TransactedWith,CP-00153,100136
CP-00136,UltimateBeneficialOwner,P-00136,1
CP-00137,TransactedWith,CP-00154,100137
CP-00137,UltimateBeneficialOwner,P-00137,1
CP-00138,TransactedWith,CP-00155,100138
CP-00138,UltimateBeneficialOwner,P-00138,1
CP-00139,TransactedWith,CP-00156,100139
CP-00139,UltimateBeneficialOwner,P-00139,1
CP-00140,TransactedWith,CP-00157,100140
CP-00140,UltimateBeneficialOwner,P-00140,1
CP-00141,TransactedWith,CP-00158,100141
CP-00141,UltimateBeneficialOwner,P-00141,1
CP-00142,TransactedWith,CP-00159,100142
CP-00142,UltimateBeneficialOwner,P-00142,1
CP-00143,TransactedWith,CP-00160,100143
CP-00143,UltimateBeneficialOwner,P-00143,1
CP-00144,TransactedWith,CP-00161,100144
CP-00144,UltimateBeneficialOwner,P-00144,1
CP-00145,TransactedWith,CP-00162,100145
CP-00145,UltimateBeneficialOwner,P-00145,1
CP-00146,TransactedWith,CP-00163,100146
CP-00146,UltimateBeneficialOwner,P-00146,1
CP-00147,TransactedWith,CP-00164,100147
CP-00147,UltimateBeneficialOwner,P-00147,1
CP-00148,TransactedWith,CP-00165,100148
CP-00148,UltimateBeneficialOwner,P-00148,1
CP-00149,TransactedWith,CP-00166,100149
CP-00149,UltimateBeneficialOwner,P-00149,1
CP-00150,TransactedWith,CP-00167,100150
CP-00150,UltimateBeneficialOwner,P-00150,1
CP-00151,TransactedWith,CP-00168,100151
CP-00151,UltimateBeneficialOwner,P-00151,1
CP-00152,TransactedWith,CP-00169,100152
CP-00152,UltimateBeneficialOwner,P-00152,1
CP-00153,TransactedWith,CP-00170,100153
CP-00153,UltimateBeneficialOwner,P-00153,1
CP-00154,TransactedWith,CP-00171,100154
CP-00154,UltimateBeneficialOwner,P-00154,1
CP-00155,TransactedWith,CP-00172,100155
CP-00155,UltimateBeneficialOwner,P-00155,1
CP-00156,TransactedWith,CP-00173,100156
CP-00156,UltimateBeneficialOwner,P-00156,1
CP-00157,TransactedWith,CP-00174,100157
CP-00157,UltimateBeneficialOwner,P-00157,1
CP-00158,TransactedWith,CP-00175,100158
CP-00158,UltimateBeneficialOwner,P-00158,1
CP-00159,TransactedWith,CP-00176,100159
CP-00159,UltimateBeneficialOwner,P-00159,1
CP-00160,TransactedWith,CP-00177,100160
CP-00160,UltimateBeneficialOwner,P-00160,1
CP-00161,TransactedWith,CP-00178,100161
CP-00161,UltimateBeneficialOwner,P-00161,1
CP-00162,TransactedWith,CP-00179,100162
CP-00162,UltimateBeneficialOwner,P-00162,1
CP-00163,TransactedWith,CP-00180,100163
CP-00163,UltimateBeneficialOwner,P-00163,1
CP-00164,TransactedWith,CP-00181,100164
CP-00164,UltimateBeneficialOwner,P-00164,1
CP-00165,TransactedWith,CP-00182,100165
CP-00165,UltimateBeneficialOwner,P-00165,1
CP-00166,TransactedWith,CP-00183,100166
CP-00166,UltimateBeneficialOwner,P-00166,1
CP-00167,TransactedWith,CP-00184,100167
CP-00167,UltimateBeneficialOwner,P-00167,1
CP-00168,TransactedWith,CP-00185,100168
CP-00168,UltimateBeneficialOwner,P-00168,1
CP-00169,TransactedWith,CP-00186,100169
CP-00169,UltimateBeneficialOwner,P-00169,1
CP-00170,TransactedWith,CP-00187,100170
CP-00170,UltimateBeneficialOwner,P-00170,1
CP-00171,TransactedWith,CP-00188,100171
CP-00171,UltimateBeneficialOwner,P-00171,1
CP-00172,TransactedWith,CP-00189,100172
CP-00172,UltimateBeneficialOwner,P-00172,1
CP-00173,TransactedWith,CP-00190,100173
CP-00173,UltimateBeneficialOwner,P-00173,1
CP-00174,TransactedWith,CP-00191,100174
CP-00174,UltimateBeneficialOwner,P-00174,1
CP-00175,TransactedWith,CP-00192,100175
CP-00175,UltimateBeneficialOwner,P-00175,1
CP-00176,TransactedWith,CP-00193,100176
CP-00176,UltimateBeneficialOwner,P-00176,1
CP-00177,TransactedWith,CP-00194,100177
CP-00177,UltimateBeneficialOwner,P-00177,1
CP-00178,TransactedWith,CP-00195,100178
CP-00178,UltimateBeneficialOwner,P-00178,1
CP-00179,TransactedWith,CP-00196,100179
CP-00179,UltimateBeneficialOwner,P-00179,1
CP-00180,TransactedWith,CP-00197,100180
CP-00180,UltimateBeneficialOwner,P-00180,1
CP-00181,TransactedWith,CP-00198,100181
CP-00181,UltimateBeneficialOwner,P-00181,1
CP-00182,TransactedWith,CP-00199,100182
CP-00182,UltimateBeneficialOwner,P-00182,1
CP-00183,TransactedWith,CP-00200,100183
CP-00183,UltimateBeneficialOwner,P-00183,1
CP-00184,TransactedWith,CP-00201,100184
CP-00184,UltimateBeneficialOwner,P-00184,1
CP-00185,TransactedWith,CP-00202,100185
CP-00185,UltimateBeneficialOwner,P-00185,1
CP-00186,TransactedWith,CP-00203,100186
CP-00186,UltimateBeneficialOwner,P-00186,1
CP-00187,TransactedWith,CP-00204,100187
CP-00187,UltimateBeneficialOwner,P-00187,1
CP-00188,TransactedWith,CP-00205,100188
CP-00188,UltimateBeneficialOwner,P-00188,1
CP-00189,TransactedWith,CP-00206,100189
CP-00189,UltimateBeneficialOwner,P-00189,1
CP-00190,TransactedWith,CP-00207,100190
CP-00190,UltimateBeneficialOwner,P-00190,1
CP-00191,TransactedWith,CP-00208,100191
CP-00191,UltimateBeneficialOwner,P-00191,1
CP-00192,TransactedWith,CP-00209,100192
CP-00192,UltimateBeneficialOwner,P-00192,1
CP-00193,TransactedWith,CP-00210,100193
CP-00193,UltimateBeneficialOwner,P-00193,1
CP-00194,TransactedWith,CP-00211,100194
CP-00194,UltimateBeneficialOwner,P-00194,1
CP-00195,TransactedWith,CP-00212,100195
CP-00195,UltimateBeneficialOwner,P-00195,1
CP-00196,TransactedWith,CP-00213,100196
CP-00196,UltimateBeneficialOwner,P-00196,1
CP-00197,TransactedWith,CP-00214,100197
CP-00197,UltimateBeneficialOwner,P-00197,1
CP-00198,TransactedWith,CP-00215,100198
CP-00198,UltimateBeneficialOwner,P-00198,1
CP-00199,TransactedWith,CP-00216,100199
CP-00199,UltimateBeneficialOwner,P-00199,1
CP-00200,TransactedWith,CP-00217,100200
CP-00200,UltimateBeneficialOwner,P-00200,1
CP-00201,TransactedWith,CP-00218,100201
CP-00201,UltimateBeneficialOwner,P-00201,1
CP-00202,TransactedWith,CP-00219,100202
CP-00202,UltimateBeneficialOwner,P-00202,1
CP-00203,TransactedWith,CP-00220,100203
CP-00203,UltimateBeneficialOwner,P-00203,1
CP-00204,TransactedWith,CP-00221,100204
CP-00204,UltimateBeneficialOwner,P-00204,1
CP-00205,TransactedWith,CP-00222,100205
CP-00205,UltimateBeneficialOwner,P-00205,1
CP-00206,TransactedWith,CP-00223,100206
CP-00206,UltimateBeneficialOwner,P-00206,1
CP-00207,TransactedWith,CP-00224,100207
CP-00207,UltimateBeneficialOwner,P-00207,1
CP-00208,TransactedWith,CP-00225,100208
CP-00208,UltimateBeneficialOwner,P-00208,1
CP-00209,TransactedWith,CP-00226,100209
CP-00209,UltimateBeneficialOwner,P-00209,1
CP-00210,TransactedWith,CP-00227,100210
CP-00210,UltimateBeneficialOwner,P-00210,1
CP-00211,TransactedWith,CP-00228,100211
CP-00211,UltimateBeneficialOwner,P-00211,1
CP-00212,TransactedWith,CP-00229,100212
CP-00212,UltimateBeneficialOwner,P-00212,1
CP-00213,TransactedWith,CP-00230,100213
CP-00213,UltimateBeneficialOwner,P-00213,1
CP-00214,TransactedWith,CP-00231,100214
CP-00214,UltimateBeneficialOwner,P-00214,1
CP-00215,TransactedWith,CP-00232,100215
CP-00215,UltimateBeneficialOwner,P-00215,1
CP-00216,TransactedWith,CP-00233,100216
CP-00216,UltimateBeneficialOwner,P-00216,1
CP-00217,TransactedWith,CP-00234,100217
CP-00217,UltimateBeneficialOwner,P-00217,1
CP-00218,TransactedWith,CP-00235,100218
CP-00218,UltimateBeneficialOwner,P-00218,1
CP-00219,TransactedWith,CP-00236,100219
CP-00219,UltimateBeneficialOwner,P-00219,1
CP-00220,TransactedWith,CP-00237,100220
CP-00220,UltimateBeneficialOwner,P-00220,1
CP-00221,TransactedWith,CP-00238,100221
CP-00221,UltimateBeneficialOwner,P-00221,1
CP-00222,TransactedWith,CP-00239,100222
CP-00222,UltimateBeneficialOwner,P-00222,1
CP-00223,TransactedWith,CP-00240,100223
CP-00223,UltimateBeneficialOwner,P-00223,1
CP-00224,TransactedWith,CP-00241,100224
CP-00224,UltimateBeneficialOwner,P-00224,1
CP-00225,TransactedWith,CP-00242,100225
CP-00225,UltimateBeneficialOwner,P-00225,1
CP-00226,TransactedWith,CP-00243,100226
CP-00226,UltimateBeneficialOwner,P-00226,1
CP-00227,TransactedWith,CP-00244,100227
CP-00227,UltimateBeneficialOwner,P-00227,1
CP-00228,TransactedWith,CP-00245,100228
CP-00228,UltimateBeneficialOwner,P-00228,1
CP-00229,TransactedWith,CP-00246,100229
CP-00229,UltimateBeneficialOwner,P-00229,1
CP-00230,TransactedWith,CP-00247,100230
CP-00230,UltimateBeneficialOwner,P-00230,1
CP-00231,TransactedWith,CP-00248,100231
CP-00231,UltimateBeneficialOwner,P-00231,1
CP-00232,TransactedWith,CP-00249,100232
CP-00232,UltimateBeneficialOwner,P-00232,1
CP-00233,TransactedWith,CP-00250,100233
CP-00233,UltimateBeneficialOwner,P-00233,1
CP-00234,TransactedWith,CP-00251,100234
CP-00234,UltimateBeneficialOwner,P-00234,1
CP-00235,TransactedWith,CP-00252,100235
CP-00235,UltimateBeneficialOwner,P-00235,1
CP-00236,TransactedWith,CP-00253,100236
CP-00236,UltimateBeneficialOwner,P-00236,1
CP-00237,TransactedWith,CP-00254,100237
CP-00237,UltimateBeneficialOwner,P-00237,1
CP-00238,TransactedWith,CP-00255,100238
CP-00238,UltimateBeneficialOwner,P-00238,1
CP-00239,TransactedWith,CP-00256,100239
CP-00239,UltimateBeneficialOwner,P-00239,1
CP-00240,TransactedWith,CP-00257,100240
CP-00240,UltimateBeneficialOwner,P-00240,1
CP-00241,TransactedWith,CP-00258,100241
CP-00241,UltimateBeneficialOwner,P-00241,1
CP-00242,TransactedWith,CP-00259,100242
CP-00242,UltimateBeneficialOwner,P-00242,1
CP-00243,TransactedWith,CP-00260,100243
CP-00243,UltimateBeneficialOwner,P-00243,1
CP-00244,TransactedWith,CP-00261,100244
CP-00244,UltimateBeneficialOwner,P-00244,1
CP-00245,TransactedWith,CP-00262,100245
CP-00245,UltimateBeneficialOwner,P-00245,1
CP-00246,TransactedWith,CP-00263,100246
CP-00246,UltimateBeneficialOwner,P-00246,1
CP-00247,TransactedWith,CP-00264,100247
CP-00247,UltimateBeneficialOwner,P-00247,1
CP-00248,TransactedWith,CP-00265,100248
CP-00248,UltimateBeneficialOwner,P-00248,1
CP-00249,TransactedWith,CP-00266,100249
CP-00249,UltimateBeneficialOwner,P-00249,1
CP-00250,TransactedWith,CP-00267,100250
CP-00250,UltimateBeneficialOwner,P-00250,1
CP-00251,TransactedWith,CP-00268,100251
CP-00251,UltimateBeneficialOwner,P-00251,1
CP-00252,TransactedWith,CP-00269,100252
CP-00252,UltimateBeneficialOwner,P-00252,1
CP-00253,TransactedWith,CP-00270,100253
CP-00253,UltimateBeneficialOwner,P-00253,1
CP-00254,TransactedWith,CP-00271,100254
CP-00254,UltimateBeneficialOwner,P-00254,1
CP-00255,TransactedWith,CP-00272,100255
CP-00255,UltimateBeneficialOwner,P-00255,1
CP-00256,TransactedWith,CP-00273,100256
CP-00256,UltimateBeneficialOwner,P-00256,1
CP-00257,TransactedWith,CP-00274,100257
CP-00257,UltimateBeneficialOwner,P-00257,1
CP-00258,TransactedWith,CP-00275,100258
CP-00258,UltimateBeneficialOwner,P-00258,1
CP-00259,TransactedWith,CP-00276,100259
CP-00259,UltimateBeneficialOwner,P-00259,1
CP-00260,TransactedWith,CP-00277,100260
CP-00260,UltimateBeneficialOwner,P-00260,1
CP-00261,TransactedWith,CP-00278,100261
CP-00261,UltimateBeneficialOwner,P-00261,1
CP-00262,TransactedWith,CP-00279,100262
CP-00262,UltimateBeneficialOwner,P-00262,1
CP-00263,TransactedWith,CP-00280,100263
CP-00263,UltimateBeneficialOwner,P-00263,1
CP-00264,TransactedWith,CP-00281,100264
CP-00264,UltimateBeneficialOwner,P-00264,1
CP-00265,TransactedWith,CP-00282,100265
CP-00265,UltimateBeneficialOwner,P-00265,1
CP-00266,TransactedWith,CP-00283,100266
CP-00266,UltimateBeneficialOwner,P-00266,1
CP-00267,TransactedWith,CP-00284,100267
CP-00267,UltimateBeneficialOwner,P-00267,1
CP-00268,TransactedWith,CP-00285,100268
CP-00268,UltimateBeneficialOwner,P-00268,1
CP-00269,TransactedWith,CP-00286,100269
CP-00269,UltimateBeneficialOwner,P-00269,1
CP-00270,TransactedWith,CP-00287,100270
CP-00270,UltimateBeneficialOwner,P-00270,1
CP-00271,TransactedWith,CP-00288,100271
CP-00271,UltimateBeneficialOwner,P-00271,1
CP-00272,TransactedWith,CP-00289,100272
CP-00272,UltimateBeneficialOwner,P-00272,1
CP-00273,TransactedWith,CP-00290,100273
CP-00273,UltimateBeneficialOwner,P-00273,1
CP-00274,TransactedWith,CP-00291,100274
CP-00274,UltimateBeneficialOwner,P-00274,1
CP-00275,TransactedWith,CP-00292,100275
CP-00275,UltimateBeneficialOwner,P-00275,1
CP-00276,TransactedWith,CP-00293,100276
CP-00276,UltimateBeneficialOwner,P-00276,1
CP-00277,TransactedWith,CP-00294,100277
CP-00277,UltimateBeneficialOwner,P-00277,1
CP-00278,TransactedWith,CP-00295,100278
CP-00278,UltimateBeneficialOwner,P-00278,1
CP-00279,TransactedWith,CP-00296,100279
CP-00279,UltimateBeneficialOwner,P-00279,1
CP-00280,TransactedWith,CP-00297,100280
CP-00280,UltimateBeneficialOwner,P-00280,1
CP-00281,TransactedWith,CP-00298,100281
CP-00281,UltimateBeneficialOwner,P-00281,1
CP-00282,TransactedWith,CP-00299,100282
CP-00282,UltimateBeneficialOwner,P-00282,1
CP-00283,TransactedWith,CP-00300,100283
CP-00283,UltimateBeneficialOwner,P-00283,1
CP-00284,TransactedWith,CP-00301,100284
CP-00284,UltimateBeneficialOwner,P-00284,1
CP-00285,TransactedWith,CP-00302,100285
CP-00285,UltimateBeneficialOwner,P-00285,1
CP-00286,TransactedWith,CP-00303,100286
CP-00286,UltimateBeneficialOwner,P-00286,1
CP-00287,TransactedWith,CP-00304,100287
CP-00287,UltimateBeneficialOwner,P-00287,1
CP-00288,TransactedWith,CP-00305,100288
CP-00288,UltimateBeneficialOwner,P-00288,1
CP-00289,TransactedWith,CP-00306,100289
CP-00289,UltimateBeneficialOwner,P-00289,1
CP-00290,TransactedWith,CP-00307,100290
CP-00290,UltimateBeneficialOwner,P-00290,1
CP-00291,TransactedWith,CP-00308,100291
CP-00291,UltimateBeneficialOwner,P-00291,1
CP-00292,TransactedWith,CP-00309,100292
CP-00292,UltimateBeneficialOwner,P-00292,1
CP-00293,TransactedWith,CP-00310,100293
CP-00293,UltimateBeneficialOwner,P-00293,1
CP-00294,TransactedWith,CP-00311,100294
CP-00294,UltimateBeneficialOwner,P-00294,1
CP-00295,TransactedWith,CP-00312,100295
CP-00295,UltimateBeneficialOwner,P-00295,1
CP-00296,TransactedWith,CP-00313,100296
CP-00296,UltimateBeneficialOwner,P-00296,1
CP-00297,TransactedWith,CP-00314,100297
CP-00297,UltimateBeneficialOwner,P-00297,1
CP-00298,TransactedWith,CP-00315,100298
CP-00298,UltimateBeneficialOwner,P-00298,1
CP-00299,TransactedWith,CP-00316,100299
CP-00299,UltimateBeneficialOwner,P-00299,1
CP-00300,TransactedWith,CP-00317,100300
CP-00300,UltimateBeneficialOwner,P-00300,1
CP-00301,TransactedWith,CP-00318,100301
CP-00301,UltimateBeneficialOwner,P-00301,1
CP-00302,TransactedWith,CP-00319,100302
CP-00302,UltimateBeneficialOwner,P-00302,1
CP-00303,TransactedWith,CP-00320,100303
CP-00303,UltimateBeneficialOwner,P-00303,1
CP-00304,TransactedWith,CP-00321,100304
CP-00304,UltimateBeneficialOwner,P-00304,1
CP-00305,TransactedWith,CP-00322,100305
CP-00305,UltimateBeneficialOwner,P-00305,1
CP-00306,TransactedWith,CP-00323,100306
CP-00306,UltimateBeneficialOwner,P-00306,1
CP-00307,TransactedWith,CP-00324,100307
CP-00307,UltimateBeneficialOwner,P-00307,1
CP-00308,TransactedWith,CP-00325,100308
CP-00308,UltimateBeneficialOwner,P-00308,1
CP-00309,TransactedWith,CP-00326,100309
CP-00309,UltimateBeneficialOwner,P-00309,1
CP-00310,TransactedWith,CP-00327,100310
CP-00310,UltimateBeneficialOwner,P-00310,1
CP-00311,TransactedWith,CP-00328,100311
CP-00311,UltimateBeneficialOwner,P-00311,1
CP-00312,TransactedWith,CP-00329,100312
CP-00312,UltimateBeneficialOwner,P-00312,1
CP-00313,TransactedWith,CP-00330,100313
CP-00313,UltimateBeneficialOwner,P-00313,1
CP-00314,TransactedWith,CP-00331,100314
CP-00314,UltimateBeneficialOwner,P-00314,1
CP-00315,TransactedWith,CP-00332,100315
CP-00315,UltimateBeneficialOwner,P-00315,1
CP-00316,TransactedWith,CP-00333,100316
CP-00316,UltimateBeneficialOwner,P-00316,1
CP-00317,TransactedWith,CP-00334,100317
CP-00317,UltimateBeneficialOwner,P-00317,1
CP-00318,TransactedWith,CP-00335,100318
CP-00318,UltimateBeneficialOwner,P-00318,1
CP-00319,TransactedWith,CP-00336,100319
CP-00319,UltimateBeneficialOwner,P-00319,1
CP-00320,TransactedWith,CP-00337,100320
CP-00320,UltimateBeneficialOwner,P-00320,1
CP-00321,TransactedWith,CP-00338,100321
CP-00321,UltimateBeneficialOwner,P-00321,1
CP-00322,TransactedWith,CP-00339,100322
CP-00322,UltimateBeneficialOwner,P-00322,1
CP-00323,TransactedWith,CP-00340,100323
CP-00323,UltimateBeneficialOwner,P-00323,1
CP-00324,TransactedWith,CP-00341,100324
CP-00324,UltimateBeneficialOwner,P-00324,1
CP-00325,TransactedWith,CP-00342,100325
CP-00325,UltimateBeneficialOwner,P-00325,1
CP-00326,TransactedWith,CP-00343,100326
CP-00326,UltimateBeneficialOwner,P-00326,1
CP-00327,TransactedWith,CP-00344,100327
CP-00327,UltimateBeneficialOwner,P-00327,1
CP-00328,TransactedWith,CP-00345,100328
CP-00328,UltimateBeneficialOwner,P-00328,1
CP-00329,TransactedWith,CP-00346,100329
CP-00329,UltimateBeneficialOwner,P-00329,1
CP-00330,TransactedWith,CP-00347,100330
CP-00330,UltimateBeneficialOwner,P-00330,1
CP-00331,TransactedWith,CP-00348,100331
CP-00331,UltimateBeneficialOwner,P-00331,1
CP-00332,TransactedWith,CP-00349,100332
CP-00332,UltimateBeneficialOwner,P-00332,1
CP-00333,TransactedWith,CP-00350,100333
CP-00333,UltimateBeneficialOwner,P-00333,1
CP-00334,TransactedWith,CP-00351,100334
CP-00334,UltimateBeneficialOwner,P-00334,1
CP-00335,TransactedWith,CP-00352,100335
CP-00335,UltimateBeneficialOwner,P-00335,1
CP-00336,TransactedWith,CP-00353,100336
CP-00336,UltimateBeneficialOwner,P-00336,1
CP-00337,TransactedWith,CP-00354,100337
CP-00337,UltimateBeneficialOwner,P-00337,1
CP-00338,TransactedWith,CP-00355,100338
CP-00338,UltimateBeneficialOwner,P-00338,1
CP-00339,TransactedWith,CP-00356,100339
CP-00339,UltimateBeneficialOwner,P-00339,1
CP-00340,TransactedWith,CP-00357,100340
CP-00340,UltimateBeneficialOwner,P-00340,1
CP-00341,TransactedWith,CP-00358,100341
CP-00341,UltimateBeneficialOwner,P-00341,1
CP-00342,TransactedWith,CP-00359,100342
CP-00342,UltimateBeneficialOwner,P-00342,1
CP-00343,TransactedWith,CP-00360,100343
CP-00343,UltimateBeneficialOwner,P-00343,1
CP-00344,TransactedWith,CP-00361,100344
CP-00344,UltimateBeneficialOwner,P-00344,1
CP-00345,TransactedWith,CP-00362,100345
CP-00345,UltimateBeneficialOwner,P-00345,1
CP-00346,TransactedWith,CP-00363,100346
CP-00346,UltimateBeneficialOwner,P-00346,1
CP-00347,TransactedWith,CP-00364,100347
CP-00347,UltimateBeneficialOwner,P-00347,1
CP-00348,TransactedWith,CP-00365,100348
CP-00348,UltimateBeneficialOwner,P-00348,1
CP-00349,TransactedWith,CP-00366,100349
CP-00349,UltimateBeneficialOwner,P-00349,1
CP-00350,TransactedWith,CP-00367,100350
CP-00350,UltimateBeneficialOwner,P-00350,1
CP-00351,TransactedWith,CP-00368,100351
CP-00351,UltimateBeneficialOwner,P-00351,1
CP-00352,TransactedWith,CP-00369,100352
CP-00352,UltimateBeneficialOwner,P-00352,1
CP-00353,TransactedWith,CP-00370,100353
CP-00353,UltimateBeneficialOwner,P-00353,1
CP-00354,TransactedWith,CP-00371,100354
CP-00354,UltimateBeneficialOwner,P-00354,1
CP-00355,TransactedWith,CP-00372,100355
CP-00355,UltimateBeneficialOwner,P-00355,1
CP-00356,TransactedWith,CP-00373,100356
CP-00356,UltimateBeneficialOwner,P-00356,1
CP-00357,TransactedWith,CP-00374,100357
CP-00357,UltimateBeneficialOwner,P-00357,1
CP-00358,TransactedWith,CP-00375,100358
CP-00358,UltimateBeneficialOwner,P-00358,1
CP-00359,TransactedWith,CP-00376,100359
CP-00359,UltimateBeneficialOwner,P-00359,1
CP-00360,TransactedWith,CP-00377,100360
CP-00360,UltimateBeneficialOwner,P-00360,1
CP-00361,TransactedWith,CP-00378,100361
CP-00361,UltimateBeneficialOwner,P-00361,1
CP-00362,TransactedWith,CP-00379,100362
CP-00362,UltimateBeneficialOwner,P-00362,1
CP-00363,TransactedWith,CP-00380,100363
CP-00363,UltimateBeneficialOwner,P-00363,1
CP-00364,TransactedWith,CP-00381,100364
CP-00364,UltimateBeneficialOwner,P-00364,1
CP-00365,TransactedWith,CP-00382,100365
CP-00365,UltimateBeneficialOwner,P-00365,1
CP-00366,TransactedWith,CP-00383,100366
CP-00366,UltimateBeneficialOwner,P-00366,1
CP-00367,TransactedWith,CP-00384,100367
CP-00367,UltimateBeneficialOwner,P-00367,1
CP-00368,TransactedWith,CP-00385,100368
CP-00368,UltimateBeneficialOwner,P-00368,1
CP-00369,TransactedWith,CP-00386,100369
CP-00369,UltimateBeneficialOwner,P-00369,1
CP-00370,TransactedWith,CP-00387,100370
CP-00370,UltimateBeneficialOwner,P-00370,1
CP-00371,TransactedWith,CP-00388,100371
CP-00371,UltimateBeneficialOwner,P-00371,1
CP-00372,TransactedWith,CP-00389,100372
CP-00372,UltimateBeneficialOwner,P-00372,1
CP-00373,TransactedWith,CP-00390,100373
CP-00373,UltimateBeneficialOwner,P-00373,1
CP-00374,TransactedWith,CP-00391,100374
CP-00374,UltimateBeneficialOwner,P-00374,1
CP-00375,TransactedWith,CP-00392,100375
CP-00375,UltimateBeneficialOwner,P-00375,1
CP-00376,TransactedWith,CP-00393,100376
CP-00376,UltimateBeneficialOwner,P-00376,1
CP-00377,TransactedWith,CP-00394,100377
CP-00377,UltimateBeneficialOwner,P-00377,1
CP-00378,TransactedWith,CP-00395,100378
CP-00378,UltimateBeneficialOwner,P-00378,1
CP-00379,TransactedWith,CP-00396,100379
CP-00379,UltimateBeneficialOwner,P-00379,1
CP-00380,TransactedWith,CP-00397,100380
CP-00380,UltimateBeneficialOwner,P-00380,1
CP-00381,TransactedWith,CP-00398,100381
CP-00381,UltimateBeneficialOwner,P-00381,1
CP-00382,TransactedWith,CP-00399,100382
CP-00382,UltimateBeneficialOwner,P-00382,1
CP-00383,TransactedWith,CP-00400,100383
CP-00383,UltimateBeneficialOwner,P-00383,1
CP-00384,TransactedWith,CP-00401,100384
CP-00384,UltimateBeneficialOwner,P-00384,1
CP-00385,TransactedWith,CP-00402,100385
CP-00385,UltimateBeneficialOwner,P-00385,1
CP-00386,TransactedWith,CP-00403,100386
CP-00386,UltimateBeneficialOwner,P-00386,1
CP-00387,TransactedWith,CP-00404,100387
CP-00387,UltimateBeneficialOwner,P-00387,1
CP-00388,TransactedWith,CP-00405,100388
CP-00388,UltimateBeneficialOwner,P-00388,1
CP-00389,TransactedWith,CP-00406,100389
CP-00389,UltimateBeneficialOwner,P-00389,1
CP-00390,TransactedWith,CP-00407,100390
CP-00390,UltimateBeneficialOwner,P-00390,1
CP-00391,TransactedWith,CP-00408,100391
CP-00391,UltimateBeneficialOwner,P-00391,1
CP-00392,TransactedWith,CP-00409,100392
CP-00392,UltimateBeneficialOwner,P-00392,1
CP-00393,TransactedWith,CP-00410,100393
CP-00393,UltimateBeneficialOwner,P-00393,1
CP-00394,TransactedWith,CP-00411,100394
CP-00394,UltimateBeneficialOwner,P-00394,1
CP-00395,TransactedWith,CP-00412,100395
CP-00395,UltimateBeneficialOwner,P-00395,1
CP-00396,TransactedWith,CP-00413,100396
CP-00396,UltimateBeneficialOwner,P-00396,1
CP-00397,TransactedWith,CP-00414,100397
CP-00397,UltimateBeneficialOwner,P-00397,1
CP-00398,TransactedWith,CP-00415,100398
CP-00398,UltimateBeneficialOwner,P-00398,1
CP-00399,TransactedWith,CP-00416,100399
CP-00399,UltimateBeneficialOwner,P-00399,1
CP-00400,TransactedWith,CP-00417,100400
CP-00400,UltimateBeneficialOwner,P-00400,1
CP-00401,TransactedWith,CP-00418,100401
CP-00401,UltimateBeneficialOwner,P-00401,1
CP-00402,TransactedWith,CP-00419,100402
CP-00402,UltimateBeneficialOwner,P-00402,1
CP-00403,TransactedWith,CP-00420,100403
CP-00403,UltimateBeneficialOwner,P-00403,1
CP-00404,TransactedWith,CP-00421,100404
CP-00404,UltimateBeneficialOwner,P-00404,1
CP-00405,TransactedWith,CP-00422,100405
CP-00405,UltimateBeneficialOwner,P-00405,1
CP-00406,TransactedWith,CP-00423,100406
CP-00406,UltimateBeneficialOwner,P-00406,1
CP-00407,TransactedWith,CP-00424,100407
CP-00407,UltimateBeneficialOwner,P-00407,1
CP-00408,TransactedWith,CP-00425,100408
CP-00408,UltimateBeneficialOwner,P-00408,1
CP-00409,TransactedWith,CP-00426,100409
CP-00409,UltimateBeneficialOwner,P-00409,1
CP-00410,TransactedWith,CP-00427,100410
CP-00410,UltimateBeneficialOwner,P-00410,1
CP-00411,TransactedWith,CP-00428,100411
CP-00411,UltimateBeneficialOwner,P-00411,1
CP-00412,TransactedWith,CP-00429,100412
CP-00412,UltimateBeneficialOwner,P-00412,1
CP-00413,TransactedWith,CP-00430,100413
CP-00413,UltimateBeneficialOwner,P-00413,1
CP-00414,TransactedWith,CP-00431,100414
CP-00414,UltimateBeneficialOwner,P-00414,1
CP-00415,TransactedWith,CP-00432,100415
CP-00415,UltimateBeneficialOwner,P-00415,1
CP-00416,TransactedWith,CP-00433,100416
CP-00416,UltimateBeneficialOwner,P-00416,1
CP-00417,TransactedWith,CP-00434,100417
CP-00417,UltimateBeneficialOwner,P-00417,1
CP-00418,TransactedWith,CP-00435,100418
CP-00418,UltimateBeneficialOwner,P-00418,1
CP-00419,TransactedWith,CP-00436,100419
CP-00419,UltimateBeneficialOwner,P-00419,1
CP-00420,TransactedWith,CP-00437,100420
CP-00420,UltimateBeneficialOwner,P-00420,1
CP-00421,TransactedWith,CP-00438,100421
CP-00421,UltimateBeneficialOwner,P-00421,1
CP-00422,TransactedWith,CP-00439,100422
CP-00422,UltimateBeneficialOwner,P-00422,1
CP-00423,TransactedWith,CP-00440,100423
CP-00423,UltimateBeneficialOwner,P-00423,1
CP-00424,TransactedWith,CP-00441,100424
CP-00424,UltimateBeneficialOwner,P-00424,1
CP-00425,TransactedWith,CP-00442,100425
CP-00425,UltimateBeneficialOwner,P-00425,1
CP-00426,TransactedWith,CP-00443,100426
CP-00426,UltimateBeneficialOwner,P-00426,1
CP-00427,TransactedWith,CP-00444,100427
CP-00427,UltimateBeneficialOwner,P-00427,1
CP-00428,TransactedWith,CP-00445,100428
CP-00428,UltimateBeneficialOwner,P-00428,1
CP-00429,TransactedWith,CP-00446,100429
CP-00429,UltimateBeneficialOwner,P-00429,1
CP-00430,TransactedWith,CP-00447,100430
CP-00430,UltimateBeneficialOwner,P-00430,1
CP-00431,TransactedWith,CP-00448,100431
CP-00431,UltimateBeneficialOwner,P-00431,1
CP-00432,TransactedWith,CP-00449,100432
CP-00432,UltimateBeneficialOwner,P-00432,1
CP-00433,TransactedWith,CP-00450,100433
CP-00433,UltimateBeneficialOwner,P-00433,1
CP-00434,TransactedWith,CP-00451,100434
CP-00434,UltimateBeneficialOwner,P-00434,1
CP-00435,TransactedWith,CP-00452,100435
CP-00435,UltimateBeneficialOwner,P-00435,1
CP-00436,TransactedWith,CP-00453,100436
CP-00436,UltimateBeneficialOwner,P-00436,1
CP-00437,TransactedWith,CP-00454,100437
CP-00437,UltimateBeneficialOwner,P-00437,1
CP-00438,TransactedWith,CP-00455,100438
CP-00438,UltimateBeneficialOwner,P-00438,1
CP-00439,TransactedWith,CP-00456,100439
CP-00439,UltimateBeneficialOwner,P-00439,1
CP-00440,TransactedWith,CP-00457,100440
CP-00440,UltimateBeneficialOwner,P-00440,1
CP-00441,TransactedWith,CP-00458,100441
CP-00441,UltimateBeneficialOwner,P-00441,1
CP-00442,TransactedWith,CP-00459,100442
CP-00442,UltimateBeneficialOwner,P-00442,1
CP-00443,TransactedWith,CP-00460,100443
CP-00443,UltimateBeneficialOwner,P-00443,1
CP-00444,TransactedWith,CP-00461,100444
CP-00444,UltimateBeneficialOwner,P-00444,1
CP-00445,TransactedWith,CP-00462,100445
CP-00445,UltimateBeneficialOwner,P-00445,1
CP-00446,TransactedWith,CP-00463,100446
CP-00446,UltimateBeneficialOwner,P-00446,1
CP-00447,TransactedWith,CP-00464,100447
CP-00447,UltimateBeneficialOwner,P-00447,1
CP-00448,TransactedWith,CP-00465,100448
CP-00448,UltimateBeneficialOwner,P-00448,1
CP-00449,TransactedWith,CP-00466,100449
CP-00449,UltimateBeneficialOwner,P-00449,1
CP-00450,TransactedWith,CP-00467,100450
CP-00450,UltimateBeneficialOwner,P-00450,1
CP-00451,TransactedWith,CP-00468,100451
CP-00451,UltimateBeneficialOwner,P-00451,1
CP-00452,TransactedWith,CP-00469,100452
CP-00452,UltimateBeneficialOwner,P-00452,1
CP-00453,TransactedWith,CP-00470,100453
CP-00453,UltimateBeneficialOwner,P-00453,1
CP-00454,TransactedWith,CP-00471,100454
CP-00454,UltimateBeneficialOwner,P-00454,1
CP-00455,TransactedWith,CP-00472,100455
CP-00455,UltimateBeneficialOwner,P-00455,1
CP-00456,TransactedWith,CP-00473,100456
CP-00456,UltimateBeneficialOwner,P-00456,1
CP-00457,TransactedWith,CP-00474,100457
CP-00457,UltimateBeneficialOwner,P-00457,1
CP-00458,TransactedWith,CP-00475,100458
CP-00458,UltimateBeneficialOwner,P-00458,1
CP-00459,TransactedWith,CP-00476,100459
CP-00459,UltimateBeneficialOwner,P-00459,1
CP-00460,TransactedWith,CP-00477,100460
CP-00460,UltimateBeneficialOwner,P-00460,1
CP-00461,TransactedWith,CP-00478,100461
CP-00461,UltimateBeneficialOwner,P-00461,1
CP-00462,TransactedWith,CP-00479,100462
CP-00462,UltimateBeneficialOwner,P-00462,1
CP-00463,TransactedWith,CP-00480,100463
CP-00463,UltimateBeneficialOwner,P-00463,1
CP-00464,TransactedWith,CP-00481,100464
CP-00464,UltimateBeneficialOwner,P-00464,1
CP-00465,TransactedWith,CP-00482,100465
CP-00465,UltimateBeneficialOwner,P-00465,1
CP-00466,TransactedWith,CP-00483,100466
CP-00466,UltimateBeneficialOwner,P-00466,1
CP-00467,TransactedWith,CP-00484,100467
CP-00467,UltimateBeneficialOwner,P-00467,1
CP-00468,TransactedWith,CP-00485,100468
CP-00468,UltimateBeneficialOwner,P-00468,1
CP-00469,TransactedWith,CP-00486,100469
CP-00469,UltimateBeneficialOwner,P-00469,1
CP-00470,TransactedWith,CP-00487,100470
CP-00470,UltimateBeneficialOwner,P-00470,1
CP-00471,TransactedWith,CP-00488,100471
CP-00471,UltimateBeneficialOwner,P-00471,1
CP-00472,TransactedWith,CP-00489,100472
CP-00472,UltimateBeneficialOwner,P-00472,1
CP-00473,TransactedWith,CP-00490,100473
CP-00473,UltimateBeneficialOwner,P-00473,1
CP-00474,TransactedWith,CP-00491,100474
CP-00474,UltimateBeneficialOwner,P-00474,1
CP-00475,TransactedWith,CP-00492,100475
CP-00475,UltimateBeneficialOwner,P-00475,1
CP-00476,TransactedWith,CP-00493,100476
CP-00476,UltimateBeneficialOwner,P-00476,1
CP-00477,TransactedWith,CP-00494,100477
CP-00477,UltimateBeneficialOwner,P-00477,1
CP-00478,TransactedWith,CP-00495,100478
CP-00478,UltimateBeneficialOwner,P-00478,1
CP-00479,TransactedWith,CP-00496,100479
CP-00479,UltimateBeneficialOwner,P-00479,1
CP-00480,TransactedWith,CP-00497,100480
CP-00480,UltimateBeneficialOwner,P-00480,1
CP-00481,TransactedWith,CP-00498,100481
CP-00481,UltimateBeneficialOwner,P-00481,1
CP-00482,TransactedWith,CP-00499,100482
CP-00482,UltimateBeneficialOwner,P-00482,1
CP-00483,TransactedWith,CP-00500,100483
CP-00483,UltimateBeneficialOwner,P-00483,1
CP-00484,TransactedWith,CP-00501,100484
CP-00484,UltimateBeneficialOwner,P-00484,1
CP-00485,TransactedWith,CP-00502,100485
CP-00485,UltimateBeneficialOwner,P-00485,1
CP-00486,TransactedWith,CP-00503,100486
CP-00486,UltimateBeneficialOwner,P-00486,1
CP-00487,TransactedWith,CP-00504,100487
CP-00487,UltimateBeneficialOwner,P-00487,1
CP-00488,TransactedWith,CP-00505,100488
CP-00488,UltimateBeneficialOwner,P-00488,1
CP-00489,TransactedWith,CP-00506,100489
CP-00489,UltimateBeneficialOwner,P-00489,1
CP-00490,TransactedWith,CP-00507,100490
CP-00490,UltimateBeneficialOwner,P-00490,1
CP-00491,TransactedWith,CP-00508,100491
CP-00491,UltimateBeneficialOwner,P-00491,1
CP-00492,TransactedWith,CP-00509,100492
CP-00492,UltimateBeneficialOwner,P-00492,1
CP-00493,TransactedWith,CP-00510,100493
CP-00493,UltimateBeneficialOwner,P-00493,1
CP-00494,TransactedWith,CP-00511,100494
CP-00494,UltimateBeneficialOwner,P-00494,1
CP-00495,TransactedWith,CP-00512,100495
CP-00495,UltimateBeneficialOwner,P-00495,1
CP-00496,TransactedWith,CP-00513,100496
CP-00496,UltimateBeneficialOwner,P-00496,1
CP-00497,TransactedWith,CP-00514,100497
CP-00497,UltimateBeneficialOwner,P-00497,1
CP-00498,TransactedWith,CP-00515,100498
CP-00498,UltimateBeneficialOwner,P-00498,1
CP-00499,TransactedWith,CP-00516,100499
CP-00499,UltimateBeneficialOwner,P-00499,1
CP-00500,TransactedWith,CP-00517,100500
CP-00500,UltimateBeneficialOwner,P-00500,1
CP-00501,TransactedWith,CP-00518,100501
CP-00501,UltimateBeneficialOwner,P-00501,1
CP-00502,TransactedWith,CP-00519,100502
CP-00502,UltimateBeneficialOwner,P-00502,1
CP-00503,TransactedWith,CP-00520,100503
CP-00503,UltimateBeneficialOwner,P-00503,1
CP-00504,TransactedWith,CP-00521,100504
CP-00504,UltimateBeneficialOwner,P-00504,1
CP-00505,TransactedWith,CP-00522,100505
CP-00505,UltimateBeneficialOwner,P-00505,1
CP-00506,TransactedWith,CP-00523,100506
CP-00506,UltimateBeneficialOwner,P-00506,1
CP-00507,TransactedWith,CP-00524,100507
CP-00507,UltimateBeneficialOwner,P-00507,1
CP-00508,TransactedWith,CP-00525,100508
CP-00508,UltimateBeneficialOwner,P-00508,1
CP-00509,TransactedWith,CP-00526,100509
CP-00509,UltimateBeneficialOwner,P-00509,1
CP-00510,TransactedWith,CP-00527,100510
CP-00510,UltimateBeneficialOwner,P-00510,1
CP-00511,TransactedWith,CP-00528,100511
CP-00511,UltimateBeneficialOwner,P-00511,1
CP-00512,TransactedWith,CP-00529,100512
CP-00512,UltimateBeneficialOwner,P-00512,1
CP-00513,TransactedWith,CP-00530,100513
CP-00513,UltimateBeneficialOwner,P-00513,1
CP-00514,TransactedWith,CP-00531,100514
CP-00514,UltimateBeneficialOwner,P-00514,1
CP-00515,TransactedWith,CP-00532,100515
CP-00515,UltimateBeneficialOwner,P-00515,1
CP-00516,TransactedWith,CP-00533,100516
CP-00516,UltimateBeneficialOwner,P-00516,1
CP-00517,TransactedWith,CP-00534,100517
CP-00517,UltimateBeneficialOwner,P-00517,1
CP-00518,TransactedWith,CP-00535,100518
CP-00518,UltimateBeneficialOwner,P-00518,1
CP-00519,TransactedWith,CP-00536,100519
CP-00519,UltimateBeneficialOwner,P-00519,1
CP-00520,TransactedWith,CP-00537,100520
CP-00520,UltimateBeneficialOwner,P-00520,1
CP-00521,TransactedWith,CP-00538,100521
CP-00521,UltimateBeneficialOwner,P-00521,1
CP-00522,TransactedWith,CP-00539,100522
CP-00522,UltimateBeneficialOwner,P-00522,1
CP-00523,TransactedWith,CP-00540,100523
CP-00523,UltimateBeneficialOwner,P-00523,1
CP-00524,TransactedWith,CP-00541,100524
CP-00524,UltimateBeneficialOwner,P-00524,1
CP-00525,TransactedWith,CP-00542,100525
CP-00525,UltimateBeneficialOwner,P-00525,1
CP-00526,TransactedWith,CP-00543,100526
CP-00526,UltimateBeneficialOwner,P-00526,1
CP-00527,TransactedWith,CP-00544,100527
CP-00527,UltimateBeneficialOwner,P-00527,1
CP-00528,TransactedWith,CP-00545,100528
CP-00528,UltimateBeneficialOwner,P-00528,1
CP-00529,TransactedWith,CP-00546,100529
CP-00529,UltimateBeneficialOwner,P-00529,1
CP-00530,TransactedWith,CP-00547,100530
CP-00530,UltimateBeneficialOwner,P-00530,1
CP-00531,TransactedWith,CP-00548,100531
CP-00531,UltimateBeneficialOwner,P-00531,1
CP-00532,TransactedWith,CP-00549,100532
CP-00532,UltimateBeneficialOwner,P-00532,1
CP-00533,TransactedWith,CP-00550,100533
CP-00533,UltimateBeneficialOwner,P-00533,1
CP-00534,TransactedWith,CP-00551,100534
CP-00534,UltimateBeneficialOwner,P-00534,1
CP-00535,TransactedWith,CP-00552,100535
CP-00535,UltimateBeneficialOwner,P-00535,1
CP-00536,TransactedWith,CP-00553,100536
CP-00536,UltimateBeneficialOwner,P-00536,1
CP-00537,TransactedWith,CP-00554,100537
CP-00537,UltimateBeneficialOwner,P-00537,1
CP-00538,TransactedWith,CP-00555,100538
CP-00538,UltimateBeneficialOwner,P-00538,1
CP-00539,TransactedWith,CP-00556,100539
CP-00539,UltimateBeneficialOwner,P-00539,1
CP-00540,TransactedWith,CP-00557,100540
CP-00540,UltimateBeneficialOwner,P-00540,1
CP-00541,TransactedWith,CP-00558,100541
CP-00541,UltimateBeneficialOwner,P-00541,1
CP-00542,TransactedWith,CP-00559,100542
CP-00542,UltimateBeneficialOwner,P-00542,1
CP-00543,TransactedWith,CP-00560,100543
CP-00543,UltimateBeneficialOwner,P-00543,1
CP-00544,TransactedWith,CP-00561,100544
CP-00544,UltimateBeneficialOwner,P-00544,1
CP-00545,TransactedWith,CP-00562,100545
CP-00545,UltimateBeneficialOwner,P-00545,1
CP-00546,TransactedWith,CP-00563,100546
CP-00546,UltimateBeneficialOwner,P-00546,1
CP-00547,TransactedWith,CP-00564,100547
CP-00547,UltimateBeneficialOwner,P-00547,1
CP-00548,TransactedWith,CP-00565,100548
CP-00548,UltimateBeneficialOwner,P-00548,1
CP-00549,TransactedWith,CP-00566,100549
CP-00549,UltimateBeneficialOwner,P-00549,1
CP-00550,TransactedWith,CP-00567,100550
CP-00550,UltimateBeneficialOwner,P-00550,1
CP-00551,TransactedWith,CP-00568,100551
CP-00551,UltimateBeneficialOwner,P-00551,1
CP-00552,TransactedWith,CP-00569,100552
CP-00552,UltimateBeneficialOwner,P-00552,1
CP-00553,TransactedWith,CP-00570,100553
CP-00553,UltimateBeneficialOwner,P-00553,1
CP-00554,TransactedWith,CP-00571,100554
CP-00554,UltimateBeneficialOwner,P-00554,1
CP-00555,TransactedWith,CP-00572,100555
CP-00555,UltimateBeneficialOwner,P-00555,1
CP-00556,TransactedWith,CP-00573,100556
CP-00556,UltimateBeneficialOwner,P-00556,1
CP-00557,TransactedWith,CP-00574,100557
CP-00557,UltimateBeneficialOwner,P-00557,1
CP-00558,TransactedWith,CP-00575,100558
CP-00558,UltimateBeneficialOwner,P-00558,1
CP-00559,TransactedWith,CP-00576,100559
CP-00559,UltimateBeneficialOwner,P-00559,1
CP-00560,TransactedWith,CP-00577,100560
CP-00560,UltimateBeneficialOwner,P-00560,1
CP-00561,TransactedWith,CP-00578,100561
CP-00561,UltimateBeneficialOwner,P-00561,1
CP-00562,TransactedWith,CP-00579,100562
CP-00562,UltimateBeneficialOwner,P-00562,1
CP-00563,TransactedWith,CP-00580,100563
CP-00563,UltimateBeneficialOwner,P-00563,1
CP-00564,TransactedWith,CP-00581,100564
CP-00564,UltimateBeneficialOwner,P-00564,1
CP-00565,TransactedWith,CP-00582,100565
CP-00565,UltimateBeneficialOwner,P-00565,1
CP-00566,TransactedWith,CP-00583,100566
CP-00566,UltimateBeneficialOwner,P-00566,1
CP-00567,TransactedWith,CP-00584,100567
CP-00567,UltimateBeneficialOwner,P-00567,1
CP-00568,TransactedWith,CP-00585,100568
CP-00568,UltimateBeneficialOwner,P-00568,1
CP-00569,TransactedWith,CP-00586,100569
CP-00569,UltimateBeneficialOwner,P-00569,1
CP-00570,TransactedWith,CP-00587,100570
CP-00570,UltimateBeneficialOwner,P-00570,1
CP-00571,TransactedWith,CP-00588,100571
CP-00571,UltimateBeneficialOwner,P-00571,1
CP-00572,TransactedWith,CP-00589,100572
CP-00572,UltimateBeneficialOwner,P-00572,1
CP-00573,TransactedWith,CP-00590,100573
CP-00573,UltimateBeneficialOwner,P-00573,1
CP-00574,TransactedWith,CP-00591,100574
CP-00574,UltimateBeneficialOwner,P-00574,1
CP-00575,TransactedWith,CP-00592,100575
CP-00575,UltimateBeneficialOwner,P-00575,1
CP-00576,TransactedWith,CP-00593,100576
CP-00576,UltimateBeneficialOwner,P-00576,1
CP-00577,TransactedWith,CP-00594,100577
CP-00577,UltimateBeneficialOwner,P-00577,1
CP-00578,TransactedWith,CP-00595,100578
CP-00578,UltimateBeneficialOwner,P-00578,1
CP-00579,TransactedWith,CP-00596,100579
CP-00579,UltimateBeneficialOwner,P-00579,1
CP-00580,TransactedWith,CP-00597,100580
CP-00580,UltimateBeneficialOwner,P-00580,1
CP-00581,TransactedWith,CP-00598,100581
CP-00581,UltimateBeneficialOwner,P-00581,1
CP-00582,TransactedWith,CP-00599,100582
CP-00582,UltimateBeneficialOwner,P-00582,1
CP-00583,TransactedWith,CP-00600,100583
CP-00583,UltimateBeneficialOwner,P-00583,1
CP-00584,TransactedWith,CP-00601,100584
CP-00584,UltimateBeneficialOwner,P-00584,1
CP-00585,TransactedWith,CP-00602,100585
CP-00585,UltimateBeneficialOwner,P-00585,1
CP-00586,TransactedWith,CP-00603,100586
CP-00586,UltimateBeneficialOwner,P-00586,1
CP-00587,TransactedWith,CP-00604,100587
CP-00587,UltimateBeneficialOwner,P-00587,1
CP-00588,TransactedWith,CP-00605,100588
CP-00588,UltimateBeneficialOwner,P-00588,1
CP-00589,TransactedWith,CP-00606,100589
CP-00589,UltimateBeneficialOwner,P-00589,1
CP-00590,TransactedWith,CP-00607,100590
CP-00590,UltimateBeneficialOwner,P-00590,1
CP-00591,TransactedWith,CP-00608,100591
CP-00591,UltimateBeneficialOwner,P-00591,1
CP-00592,TransactedWith,CP-00609,100592
CP-00592,UltimateBeneficialOwner,P-00592,1
CP-00593,TransactedWith,CP-00610,100593
CP-00593,UltimateBeneficialOwner,P-00593,1
CP-00594,TransactedWith,CP-00611,100594
CP-00594,UltimateBeneficialOwner,P-00594,1
CP-00595,TransactedWith,CP-00612,100595
CP-00595,UltimateBeneficialOwner,P-00595,1
CP-00596,TransactedWith,CP-00613,100596
CP-00596,UltimateBeneficialOwner,P-00596,1
CP-00597,TransactedWith,CP-00614,100597
CP-00597,UltimateBeneficialOwner,P-00597,1
CP-00598,TransactedWith,CP-00615,100598
CP-00598,UltimateBeneficialOwner,P-00598,1
CP-00599,TransactedWith,CP-00616,100599
CP-00599,UltimateBeneficialOwner,P-00599,1
CP-00600,TransactedWith,CP-00617,100600
CP-00600,UltimateBeneficialOwner,P-00600,1
CP-00601,TransactedWith,CP-00618,100601
CP-00601,UltimateBeneficialOwner,P-00601,1
CP-00602,TransactedWith,CP-00619,100602
CP-00602,UltimateBeneficialOwner,P-00602,1
CP-00603,TransactedWith,CP-00620,100603
CP-00603,UltimateBeneficialOwner,P-00603,1
CP-00604,TransactedWith,CP-00621,100604
CP-00604,UltimateBeneficialOwner,P-00604,1
CP-00605,TransactedWith,CP-00622,100605
CP-00605,UltimateBeneficialOwner,P-00605,1
CP-00606,TransactedWith,CP-00623,100606
CP-00606,UltimateBeneficialOwner,P-00606,1
CP-00607,TransactedWith,CP-00624,100607
CP-00607,UltimateBeneficialOwner,P-00607,1
CP-00608,TransactedWith,CP-00625,100608
CP-00608,UltimateBeneficialOwner,P-00608,1
CP-00609,TransactedWith,CP-00626,100609
CP-00609,UltimateBeneficialOwner,P-00609,1
CP-00610,TransactedWith,CP-00627,100610
CP-00610,UltimateBeneficialOwner,P-00610,1
CP-00611,TransactedWith,CP-00628,100611
CP-00611,UltimateBeneficialOwner,P-00611,1
CP-00612,TransactedWith,CP-00629,100612
CP-00612,UltimateBeneficialOwner,P-00612,1
CP-00613,TransactedWith,CP-00630,100613
CP-00613,UltimateBeneficialOwner,P-00613,1
CP-00614,TransactedWith,CP-00631,100614
CP-00614,UltimateBeneficialOwner,P-00614,1
CP-00615,TransactedWith,CP-00632,100615
CP-00615,UltimateBeneficialOwner,P-00615,1
CP-00616,TransactedWith,CP-00633,100616
CP-00616,UltimateBeneficialOwner,P-00616,1
CP-00617,TransactedWith,CP-00634,100617
CP-00617,UltimateBeneficialOwner,P-00617,1
CP-00618,TransactedWith,CP-00635,100618
CP-00618,UltimateBeneficialOwner,P-00618,1
CP-00619,TransactedWith,CP-00636,100619
CP-00619,UltimateBeneficialOwner,P-00619,1
CP-00620,TransactedWith,CP-00637,100620
CP-00620,UltimateBeneficialOwner,P-00620,1
CP-00621,TransactedWith,CP-00638,100621
CP-00621,UltimateBeneficialOwner,P-00621,1
CP-00622,TransactedWith,CP-00639,100622
CP-00622,UltimateBeneficialOwner,P-00622,1
CP-00623,TransactedWith,CP-00640,100623
CP-00623,UltimateBeneficialOwner,P-00623,1
CP-00624,TransactedWith,CP-00641,100624
CP-00624,UltimateBeneficialOwner,P-00624,1
CP-00625,TransactedWith,CP-00642,100625
CP-00625,UltimateBeneficialOwner,P-00625,1
CP-00626,TransactedWith,CP-00643,100626
CP-00626,UltimateBeneficialOwner,P-00626,1
CP-00627,TransactedWith,CP-00644,100627
CP-00627,UltimateBeneficialOwner,P-00627,1
CP-00628,TransactedWith,CP-00645,100628
CP-00628,UltimateBeneficialOwner,P-00628,1
CP-00629,TransactedWith,CP-00646,100629
CP-00629,UltimateBeneficialOwner,P-00629,1
CP-00630,TransactedWith,CP-00647,100630
CP-00630,UltimateBeneficialOwner,P-00630,1
CP-00631,TransactedWith,CP-00648,100631
CP-00631,UltimateBeneficialOwner,P-00631,1
CP-00632,TransactedWith,CP-00649,100632
CP-00632,UltimateBeneficialOwner,P-00632,1
CP-00633,TransactedWith,CP-00650,100633
CP-00633,UltimateBeneficialOwner,P-00633,1
CP-00634,TransactedWith,CP-00651,100634
CP-00634,UltimateBeneficialOwner,P-00634,1
CP-00635,TransactedWith,CP-00652,100635
CP-00635,UltimateBeneficialOwner,P-00635,1
CP-00636,TransactedWith,CP-00653,100636
CP-00636,UltimateBeneficialOwner,P-00636,1
CP-00637,TransactedWith,CP-00654,100637
CP-00637,UltimateBeneficialOwner,P-00637,1
CP-00638,TransactedWith,CP-00655,100638
CP-00638,UltimateBeneficialOwner,P-00638,1
CP-00639,TransactedWith,CP-00656,100639
CP-00639,UltimateBeneficialOwner,P-00639,1
CP-00640,TransactedWith,CP-00657,100640
CP-00640,UltimateBeneficialOwner,P-00640,1
CP-00641,TransactedWith,CP-00658,100641
CP-00641,UltimateBeneficialOwner,P-00641,1
CP-00642,TransactedWith,CP-00659,100642
CP-00642,UltimateBeneficialOwner,P-00642,1
CP-00643,TransactedWith,CP-00660,100643
CP-00643,UltimateBeneficialOwner,P-00643,1
CP-00644,TransactedWith,CP-00661,100644
CP-00644,UltimateBeneficialOwner,P-00644,1
CP-00645,TransactedWith,CP-00662,100645
CP-00645,UltimateBeneficialOwner,P-00645,1
CP-00646,TransactedWith,CP-00663,100646
CP-00646,UltimateBeneficialOwner,P-00646,1
CP-00647,TransactedWith,CP-00664,100647
CP-00647,UltimateBeneficialOwner,P-00647,1
CP-00648,TransactedWith,CP-00665,100648
CP-00648,UltimateBeneficialOwner,P-00648,1
CP-00649,TransactedWith,CP-00666,100649
CP-00649,UltimateBeneficialOwner,P-00649,1
CP-00650,TransactedWith,CP-00667,100650
CP-00650,UltimateBeneficialOwner,P-00650,1
CP-00651,TransactedWith,CP-00668,100651
CP-00651,UltimateBeneficialOwner,P-00651,1
CP-00652,TransactedWith,CP-00669,100652
CP-00652,UltimateBeneficialOwner,P-00652,1
CP-00653,TransactedWith,CP-00670,100653
CP-00653,UltimateBeneficialOwner,P-00653,1
CP-00654,TransactedWith,CP-00671,100654
CP-00654,UltimateBeneficialOwner,P-00654,1
CP-00655,TransactedWith,CP-00672,100655
CP-00655,UltimateBeneficialOwner,P-00655,1
CP-00656,TransactedWith,CP-00673,100656
CP-00656,UltimateBeneficialOwner,P-00656,1
CP-00657,TransactedWith,CP-00674,100657
CP-00657,UltimateBeneficialOwner,P-00657,1
CP-00658,TransactedWith,CP-00675,100658
CP-00658,UltimateBeneficialOwner,P-00658,1
CP-00659,TransactedWith,CP-00676,100659
CP-00659,UltimateBeneficialOwner,P-00659,1
CP-00660,TransactedWith,CP-00677,100660
CP-00660,UltimateBeneficialOwner,P-00660,1
CP-00661,TransactedWith,CP-00678,100661
CP-00661,UltimateBeneficialOwner,P-00661,1
CP-00662,TransactedWith,CP-00679,100662
CP-00662,UltimateBeneficialOwner,P-00662,1
CP-00663,TransactedWith,CP-00680,100663
CP-00663,UltimateBeneficialOwner,P-00663,1
CP-00664,TransactedWith,CP-00681,100664
CP-00664,UltimateBeneficialOwner,P-00664,1
CP-00665,TransactedWith,CP-00682,100665
CP-00665,UltimateBeneficialOwner,P-00665,1
CP-00666,TransactedWith,CP-00683,100666
CP-00666,UltimateBeneficialOwner,P-00666,1
CP-00667,TransactedWith,CP-00684,100667
CP-00667,UltimateBeneficialOwner,P-00667,1
CP-00668,TransactedWith,CP-00685,100668
CP-00668,UltimateBeneficialOwner,P-00668,1
CP-00669,TransactedWith,CP-00686,100669
CP-00669,UltimateBeneficialOwner,P-00669,1
CP-00670,TransactedWith,CP-00687,100670
CP-00670,UltimateBeneficialOwner,P-00670,1
CP-00671,TransactedWith,CP-00688,100671
CP-00671,UltimateBeneficialOwner,P-00671,1
CP-00672,TransactedWith,CP-00689,100672
CP-00672,UltimateBeneficialOwner,P-00672,1
CP-00673,TransactedWith,CP-00690,100673
CP-00673,UltimateBeneficialOwner,P-00673,1
CP-00674,TransactedWith,CP-00691,100674
CP-00674,UltimateBeneficialOwner,P-00674,1
CP-00675,TransactedWith,CP-00692,100675
CP-00675,UltimateBeneficialOwner,P-00675,1
CP-00676,TransactedWith,CP-00693,100676
CP-00676,UltimateBeneficialOwner,P-00676,1
CP-00677,TransactedWith,CP-00694,100677
CP-00677,UltimateBeneficialOwner,P-00677,1
CP-00678,TransactedWith,CP-00695,100678
CP-00678,UltimateBeneficialOwner,P-00678,1
CP-00679,TransactedWith,CP-00696,100679
CP-00679,UltimateBeneficialOwner,P-00679,1
CP-00680,TransactedWith,CP-00697,100680
CP-00680,UltimateBeneficialOwner,P-00680,1
CP-00681,TransactedWith,CP-00698,100681
CP-00681,UltimateBeneficialOwner,P-00681,1
CP-00682,TransactedWith,CP-00699,100682
CP-00682,UltimateBeneficialOwner,P-00682,1
CP-00683,TransactedWith,CP-00700,100683
CP-00683,UltimateBeneficialOwner,P-00683,1
CP-00684,TransactedWith,CP-00701,100684
CP-00684,UltimateBeneficialOwner,P-00684,1
CP-00685,TransactedWith,CP-00702,100685
CP-00685,UltimateBeneficialOwner,P-00685,1
CP-00686,TransactedWith,CP-00703,100686
CP-00686,UltimateBeneficialOwner,P-00686,1
CP-00687,TransactedWith,CP-00704,100687
CP-00687,UltimateBeneficialOwner,P-00687,1
CP-00688,TransactedWith,CP-00705,100688
CP-00688,UltimateBeneficialOwner,P-00688,1
CP-00689,TransactedWith,CP-00706,100689
CP-00689,UltimateBeneficialOwner,P-00689,1
CP-00690,TransactedWith,CP-00707,100690
CP-00690,UltimateBeneficialOwner,P-00690,1
CP-00691,TransactedWith,CP-00708,100691
CP-00691,UltimateBeneficialOwner,P-00691,1
CP-00692,TransactedWith,CP-00709,100692
CP-00692,UltimateBeneficialOwner,P-00692,1
CP-00693,TransactedWith,CP-00710,100693
CP-00693,UltimateBeneficialOwner,P-00693,1
CP-00694,TransactedWith,CP-00711,100694
CP-00694,UltimateBeneficialOwner,P-00694,1
CP-00695,TransactedWith,CP-00712,100695
CP-00695,UltimateBeneficialOwner,P-00695,1
CP-00696,TransactedWith,CP-00713,100696
CP-00696,UltimateBeneficialOwner,P-00696,1
CP-00697,TransactedWith,CP-00714,100697
CP-00697,UltimateBeneficialOwner,P-00697,1
CP-00698,TransactedWith,CP-00715,100698
CP-00698,UltimateBeneficialOwner,P-00698,1
CP-00699,TransactedWith,CP-00716,100699
CP-00699,UltimateBeneficialOwner,P-00699,1
CP-00700,TransactedWith,CP-00717,100700
CP-00700,UltimateBeneficialOwner,P-00700,1
CP-00701,TransactedWith,CP-00718,100701
CP-00701,UltimateBeneficialOwner,P-00701,1
CP-00702,TransactedWith,CP-00719,100702
CP-00702,UltimateBeneficialOwner,P-00702,1
CP-00703,TransactedWith,CP-00720,100703
CP-00703,UltimateBeneficialOwner,P-00703,1
CP-00704,TransactedWith,CP-00721,100704
CP-00704,UltimateBeneficialOwner,P-00704,1
CP-00705,TransactedWith,CP-00722,100705
CP-00705,UltimateBeneficialOwner,P-00705,1
CP-00706,TransactedWith,CP-00723,100706
CP-00706,UltimateBeneficialOwner,P-00706,1
CP-00707,TransactedWith,CP-00724,100707
CP-00707,UltimateBeneficialOwner,P-00707,1
CP-00708,TransactedWith,CP-00725,100708
CP-00708,UltimateBeneficialOwner,P-00708,1
CP-00709,TransactedWith,CP-00726,100709
CP-00709,UltimateBeneficialOwner,P-00709,1
CP-00710,TransactedWith,CP-00727,100710
CP-00710,UltimateBeneficialOwner,P-00710,1
CP-00711,TransactedWith,CP-00728,100711
CP-00711,UltimateBeneficialOwner,P-00711,1
CP-00712,TransactedWith,CP-00729,100712
CP-00712,UltimateBeneficialOwner,P-00712,1
CP-00713,TransactedWith,CP-00730,100713
CP-00713,UltimateBeneficialOwner,P-00713,1
CP-00714,TransactedWith,CP-00731,100714
CP-00714,UltimateBeneficialOwner,P-00714,1
CP-00715,TransactedWith,CP-00732,100715
CP-00715,UltimateBeneficialOwner,P-00715,1
CP-00716,TransactedWith,CP-00733,100716
CP-00716,UltimateBeneficialOwner,P-00716,1
CP-00717,TransactedWith,CP-00734,100717
CP-00717,UltimateBeneficialOwner,P-00717,1
CP-00718,TransactedWith,CP-00735,100718
CP-00718,UltimateBeneficialOwner,P-00718,1
CP-00719,TransactedWith,CP-00736,100719
CP-00719,UltimateBeneficialOwner,P-00719,1
CP-00720,TransactedWith,CP-00737,100720
CP-00720,UltimateBeneficialOwner,P-00720,1
CP-00721,TransactedWith,CP-00738,100721
CP-00721,UltimateBeneficialOwner,P-00721,1
CP-00722,TransactedWith,CP-00739,100722
CP-00722,UltimateBeneficialOwner,P-00722,1
CP-00723,TransactedWith,CP-00740,100723
CP-00723,UltimateBeneficialOwner,P-00723,1
CP-00724,TransactedWith,CP-00741,100724
CP-00724,UltimateBeneficialOwner,P-00724,1
CP-00725,TransactedWith,CP-00742,100725
CP-00725,UltimateBeneficialOwner,P-00725,1
CP-00726,TransactedWith,CP-00743,100726
CP-00726,UltimateBeneficialOwner,P-00726,1
CP-00727,TransactedWith,CP-00744,100727
CP-00727,UltimateBeneficialOwner,P-00727,1
CP-00728,TransactedWith,CP-00745,100728
CP-00728,UltimateBeneficialOwner,P-00728,1
CP-00729,TransactedWith,CP-00746,100729
CP-00729,UltimateBeneficialOwner,P-00729,1
CP-00730,TransactedWith,CP-00747,100730
CP-00730,UltimateBeneficialOwner,P-00730,1
CP-00731,TransactedWith,CP-00748,100731
CP-00731,UltimateBeneficialOwner,P-00731,1
CP-00732,TransactedWith,CP-00749,100732
CP-00732,UltimateBeneficialOwner,P-00732,1
CP-00733,TransactedWith,CP-00750,100733
CP-00733,UltimateBeneficialOwner,P-00733,1
CP-00734,TransactedWith,CP-00751,100734
CP-00734,UltimateBeneficialOwner,P-00734,1
CP-00735,TransactedWith,CP-00752,100735
CP-00735,UltimateBeneficialOwner,P-00735,1
CP-00736,TransactedWith,CP-00753,100736
CP-00736,UltimateBeneficialOwner,P-00736,1
CP-00737,TransactedWith,CP-00754,100737
CP-00737,UltimateBeneficialOwner,P-00737,1
CP-00738,TransactedWith,CP-00755,100738
CP-00738,UltimateBeneficialOwner,P-00738,1
CP-00739,TransactedWith,CP-00756,100739
CP-00739,UltimateBeneficialOwner,P-00739,1
CP-00740,TransactedWith,CP-00757,100740
CP-00740,UltimateBeneficialOwner,P-00740,1
CP-00741,TransactedWith,CP-00758,100741
CP-00741,UltimateBeneficialOwner,P-00741,1
CP-00742,TransactedWith,CP-00759,100742
CP-00742,UltimateBeneficialOwner,P-00742,1
CP-00743,TransactedWith,CP-00760,100743
CP-00743,UltimateBeneficialOwner,P-00743,1
CP-00744,TransactedWith,CP-00761,100744
CP-00744,UltimateBeneficialOwner,P-00744,1
CP-00745,TransactedWith,CP-00762,100745
CP-00745,UltimateBeneficialOwner,P-00745,1
CP-00746,TransactedWith,CP-00763,100746
CP-00746,UltimateBeneficialOwner,P-00746,1
CP-00747,TransactedWith,CP-00764,100747
CP-00747,UltimateBeneficialOwner,P-00747,1
CP-00748,TransactedWith,CP-00765,100748
CP-00748,UltimateBeneficialOwner,P-00748,1
CP-00749,TransactedWith,CP-00766,100749
CP-00749,UltimateBeneficialOwner,P-00749,1
CP-00750,TransactedWith,CP-00767,100750
CP-00750,UltimateBeneficialOwner,P-00750,1
CP-00751,TransactedWith,CP-00768,100751
CP-00751,UltimateBeneficialOwner,P-00751,1
CP-00752,TransactedWith,CP-00769,100752
CP-00752,UltimateBeneficialOwner,P-00752,1
CP-00753,TransactedWith,CP-00770,100753
CP-00753,UltimateBeneficialOwner,P-00753,1
CP-00754,TransactedWith,CP-00771,100754
CP-00754,UltimateBeneficialOwner,P-00754,1
CP-00755,TransactedWith,CP-00772,100755
CP-00755,UltimateBeneficialOwner,P-00755,1
CP-00756,TransactedWith,CP-00773,100756
CP-00756,UltimateBeneficialOwner,P-00756,1
CP-00757,TransactedWith,CP-00774,100757
CP-00757,UltimateBeneficialOwner,P-00757,1
CP-00758,TransactedWith,CP-00775,100758
CP-00758,UltimateBeneficialOwner,P-00758,1
CP-00759,TransactedWith,CP-00776,100759
CP-00759,UltimateBeneficialOwner,P-00759,1
CP-00760,TransactedWith,CP-00777,100760
CP-00760,UltimateBeneficialOwner,P-00760,1
CP-00761,TransactedWith,CP-00778,100761
CP-00761,UltimateBeneficialOwner,P-00761,1
CP-00762,TransactedWith,CP-00779,100762
CP-00762,UltimateBeneficialOwner,P-00762,1
CP-00763,TransactedWith,CP-00780,100763
CP-00763,UltimateBeneficialOwner,P-00763,1
CP-00764,TransactedWith,CP-00781,100764
CP-00764,UltimateBeneficialOwner,P-00764,1
CP-00765,TransactedWith,CP-00782,100765
CP-00765,UltimateBeneficialOwner,P-00765,1
CP-00766,TransactedWith,CP-00783,100766
CP-00766,UltimateBeneficialOwner,P-00766,1
CP-00767,TransactedWith,CP-00784,100767
CP-00767,UltimateBeneficialOwner,P-00767,1
CP-00768,TransactedWith,CP-00785,100768
CP-00768,UltimateBeneficialOwner,P-00768,1
CP-00769,TransactedWith,CP-00786,100769
CP-00769,UltimateBeneficialOwner,P-00769,1
CP-00770,TransactedWith,CP-00787,100770
CP-00770,UltimateBeneficialOwner,P-00770,1
CP-00771,TransactedWith,CP-00788,100771
CP-00771,UltimateBeneficialOwner,P-00771,1
CP-00772,TransactedWith,CP-00789,100772
CP-00772,UltimateBeneficialOwner,P-00772,1
CP-00773,TransactedWith,CP-00790,100773
CP-00773,UltimateBeneficialOwner,P-00773,1
CP-00774,TransactedWith,CP-00791,100774
CP-00774,UltimateBeneficialOwner,P-00774,1
CP-00775,TransactedWith,CP-00792,100775
CP-00775,UltimateBeneficialOwner,P-00775,1
CP-00776,TransactedWith,CP-00793,100776
CP-00776,UltimateBeneficialOwner,P-00776,1
CP-00777,TransactedWith,CP-00794,100777
CP-00777,UltimateBeneficialOwner,P-00777,1
CP-00778,TransactedWith,CP-00795,100778
CP-00778,UltimateBeneficialOwner,P-00778,1
CP-00779,TransactedWith,CP-00796,100779
CP-00779,UltimateBeneficialOwner,P-00779,1
CP-00780,TransactedWith,CP-00797,100780
CP-00780,UltimateBeneficialOwner,P-00780,1
CP-00781,TransactedWith,CP-00798,100781
CP-00781,UltimateBeneficialOwner,P-00781,1
CP-00782,TransactedWith,CP-00799,100782
CP-00782,UltimateBeneficialOwner,P-00782,1
CP-00783,TransactedWith,CP-00800,100783
CP-00783,UltimateBeneficialOwner,P-00783,1
CP-00784,TransactedWith,CP-00801,100784
CP-00784,UltimateBeneficialOwner,P-00784,1
CP-00785,TransactedWith,CP-00802,100785
CP-00785,UltimateBeneficialOwner,P-00785,1
CP-00786,TransactedWith,CP-00803,100786
CP-00786,UltimateBeneficialOwner,P-00786,1
CP-00787,TransactedWith,CP-00804,100787
CP-00787,UltimateBeneficialOwner,P-00787,1
CP-00788,TransactedWith,CP-00805,100788
CP-00788,UltimateBeneficialOwner,P-00788,1
CP-00789,TransactedWith,CP-00806,100789
CP-00789,UltimateBeneficialOwner,P-00789,1
CP-00790,TransactedWith,CP-00807,100790
CP-00790,UltimateBeneficialOwner,P-00790,1
CP-00791,TransactedWith,CP-00808,100791
CP-00791,UltimateBeneficialOwner,P-00791,1
CP-00792,TransactedWith,CP-00809,100792
CP-00792,UltimateBeneficialOwner,P-00792,1
CP-00793,TransactedWith,CP-00810,100793
CP-00793,UltimateBeneficialOwner,P-00793,1
CP-00794,TransactedWith,CP-00811,100794
CP-00794,UltimateBeneficialOwner,P-00794,1
CP-00795,TransactedWith,CP-00812,100795
CP-00795,UltimateBeneficialOwner,P-00795,1
CP-00796,TransactedWith,CP-00813,100796
CP-00796,UltimateBeneficialOwner,P-00796,1
CP-00797,TransactedWith,CP-00814,100797
CP-00797,UltimateBeneficialOwner,P-00797,1
CP-00798,TransactedWith,CP-00815,100798
CP-00798,UltimateBeneficialOwner,P-00798,1
CP-00799,TransactedWith,CP-00816,100799
CP-00799,UltimateBeneficialOwner,P-00799,1
CP-00800,TransactedWith,CP-00817,100800
CP-00800,UltimateBeneficialOwner,P-00800,1
CP-00801,TransactedWith,CP-00818,100801
CP-00801,UltimateBeneficialOwner,P-00801,1
CP-00802,TransactedWith,CP-00819,100802
CP-00802,UltimateBeneficialOwner,P-00802,1
CP-00803,TransactedWith,CP-00820,100803
CP-00803,UltimateBeneficialOwner,P-00803,1
CP-00804,TransactedWith,CP-00821,100804
CP-00804,UltimateBeneficialOwner,P-00804,1
CP-00805,TransactedWith,CP-00822,100805
CP-00805,UltimateBeneficialOwner,P-00805,1
CP-00806,TransactedWith,CP-00823,100806
CP-00806,UltimateBeneficialOwner,P-00806,1
CP-00807,TransactedWith,CP-00824,100807
CP-00807,UltimateBeneficialOwner,P-00807,1
CP-00808,TransactedWith,CP-00825,100808
CP-00808,UltimateBeneficialOwner,P-00808,1
CP-00809,TransactedWith,CP-00826,100809
CP-00809,UltimateBeneficialOwner,P-00809,1
CP-00810,TransactedWith,CP-00827,100810
CP-00810,UltimateBeneficialOwner,P-00810,1
CP-00811,TransactedWith,CP-00828,100811
CP-00811,UltimateBeneficialOwner,P-00811,1
CP-00812,TransactedWith,CP-00829,100812
CP-00812,UltimateBeneficialOwner,P-00812,1
CP-00813,TransactedWith,CP-00830,100813
CP-00813,UltimateBeneficialOwner,P-00813,1
CP-00814,TransactedWith,CP-00831,100814
CP-00814,UltimateBeneficialOwner,P-00814,1
CP-00815,TransactedWith,CP-00832,100815
CP-00815,UltimateBeneficialOwner,P-00815,1
CP-00816,TransactedWith,CP-00833,100816
CP-00816,UltimateBeneficialOwner,P-00816,1
CP-00817,TransactedWith,CP-00834,100817
CP-00817,UltimateBeneficialOwner,P-00817,1
CP-00818,TransactedWith,CP-00835,100818
CP-00818,UltimateBeneficialOwner,P-00818,1
CP-00819,TransactedWith,CP-00836,100819
CP-00819,UltimateBeneficialOwner,P-00819,1
CP-00820,TransactedWith,CP-00837,100820
CP-00820,UltimateBeneficialOwner,P-00820,1
CP-00821,TransactedWith,CP-00838,100821
CP-00821,UltimateBeneficialOwner,P-00821,1
CP-00822,TransactedWith,CP-00839,100822
CP-00822,UltimateBeneficialOwner,P-00822,1
CP-00823,TransactedWith,CP-00840,100823
CP-00823,UltimateBeneficialOwner,P-00823,1
CP-00824,TransactedWith,CP-00841,100824
CP-00824,UltimateBeneficialOwner,P-00824,1
CP-00825,TransactedWith,CP-00842,100825
CP-00825,UltimateBeneficialOwner,P-00825,1
CP-00826,TransactedWith,CP-00843,100826
CP-00826,UltimateBeneficialOwner,P-00826,1
CP-00827,TransactedWith,CP-00844,100827
CP-00827,UltimateBeneficialOwner,P-00827,1
CP-00828,TransactedWith,CP-00845,100828
CP-00828,UltimateBeneficialOwner,P-00828,1
CP-00829,TransactedWith,CP-00846,100829
CP-00829,UltimateBeneficialOwner,P-00829,1
CP-00830,TransactedWith,CP-00847,100830
CP-00830,UltimateBeneficialOwner,P-00830,1
CP-00831,TransactedWith,CP-00848,100831
CP-00831,UltimateBeneficialOwner,P-00831,1
CP-00832,TransactedWith,CP-00849,100832
CP-00832,UltimateBeneficialOwner,P-00832,1
CP-00833,TransactedWith,CP-00850,100833
CP-00833,UltimateBeneficialOwner,P-00833,1
CP-00834,TransactedWith,CP-00851,100834
CP-00834,UltimateBeneficialOwner,P-00834,1
CP-00835,TransactedWith,CP-00852,100835
CP-00835,UltimateBeneficialOwner,P-00835,1
CP-00836,TransactedWith,CP-00853,100836
CP-00836,UltimateBeneficialOwner,P-00836,1
CP-00837,TransactedWith,CP-00854,100837
CP-00837,UltimateBeneficialOwner,P-00837,1
CP-00838,TransactedWith,CP-00855,100838
CP-00838,UltimateBeneficialOwner,P-00838,1
CP-00839,TransactedWith,CP-00856,100839
CP-00839,UltimateBeneficialOwner,P-00839,1
CP-00840,TransactedWith,CP-00857,100840
CP-00840,UltimateBeneficialOwner,P-00840,1
CP-00841,TransactedWith,CP-00858,100841
CP-00841,UltimateBeneficialOwner,P-00841,1
CP-00842,TransactedWith,CP-00859,100842
CP-00842,UltimateBeneficialOwner,P-00842,1
CP-00843,TransactedWith,CP-00860,100843
CP-00843,UltimateBeneficialOwner,P-00843,1
CP-00844,TransactedWith,CP-00861,100844
CP-00844,UltimateBeneficialOwner,P-00844,1
CP-00845,TransactedWith,CP-00862,100845
CP-00845,UltimateBeneficialOwner,P-00845,1
CP-00846,TransactedWith,CP-00863,100846
CP-00846,UltimateBeneficialOwner,P-00846,1
CP-00847,TransactedWith,CP-00864,100847
CP-00847,UltimateBeneficialOwner,P-00847,1
CP-00848,TransactedWith,CP-00865,100848
CP-00848,UltimateBeneficialOwner,P-00848,1
CP-00849,TransactedWith,CP-00866,100849
CP-00849,UltimateBeneficialOwner,P-00849,1
CP-00850,TransactedWith,CP-00867,100850
CP-00850,UltimateBeneficialOwner,P-00850,1
CP-00851,TransactedWith,CP-00868,100851
CP-00851,UltimateBeneficialOwner,P-00851,1
CP-00852,TransactedWith,CP-00869,100852
CP-00852,UltimateBeneficialOwner,P-00852,1
CP-00853,TransactedWith,CP-00870,100853
CP-00853,UltimateBeneficialOwner,P-00853,1
CP-00854,TransactedWith,CP-00871,100854
CP-00854,UltimateBeneficialOwner,P-00854,1
CP-00855,TransactedWith,CP-00872,100855
CP-00855,UltimateBeneficialOwner,P-00855,1
CP-00856,TransactedWith,CP-00873,100856
CP-00856,UltimateBeneficialOwner,P-00856,1
CP-00857,TransactedWith,CP-00874,100857
CP-00857,UltimateBeneficialOwner,P-00857,1
CP-00858,TransactedWith,CP-00875,100858
CP-00858,UltimateBeneficialOwner,P-00858,1
CP-00859,TransactedWith,CP-00876,100859
CP-00859,UltimateBeneficialOwner,P-00859,1
CP-00860,TransactedWith,CP-00877,100860
CP-00860,UltimateBeneficialOwner,P-00860,1
CP-00861,TransactedWith,CP-00878,100861
CP-00861,UltimateBeneficialOwner,P-00861,1
CP-00862,TransactedWith,CP-00879,100862
CP-00862,UltimateBeneficialOwner,P-00862,1
CP-00863,TransactedWith,CP-00880,100863
CP-00863,UltimateBeneficialOwner,P-00863,1
CP-00864,TransactedWith,CP-00881,100864
CP-00864,UltimateBeneficialOwner,P-00864,1
CP-00865,TransactedWith,CP-00882,100865
CP-00865,UltimateBeneficialOwner,P-00865,1
CP-00866,TransactedWith,CP-00883,100866
CP-00866,UltimateBeneficialOwner,P-00866,1
CP-00867,TransactedWith,CP-00884,100867
CP-00867,UltimateBeneficialOwner,P-00867,1
CP-00868,TransactedWith,CP-00885,100868
CP-00868,UltimateBeneficialOwner,P-00868,1
CP-00869,TransactedWith,CP-00886,100869
CP-00869,UltimateBeneficialOwner,P-00869,1
CP-00870,TransactedWith,CP-00887,100870
CP-00870,UltimateBeneficialOwner,P-00870,1
CP-00871,TransactedWith,CP-00888,100871
CP-00871,UltimateBeneficialOwner,P-00871,1
CP-00872,TransactedWith,CP-00889,100872
CP-00872,UltimateBeneficialOwner,P-00872,1
CP-00873,TransactedWith,CP-00890,100873
CP-00873,UltimateBeneficialOwner,P-00873,1
CP-00874,TransactedWith,CP-00891,100874
CP-00874,UltimateBeneficialOwner,P-00874,1
CP-00875,TransactedWith,CP-00892,100875
CP-00875,UltimateBeneficialOwner,P-00875,1
CP-00876,TransactedWith,CP-00893,100876
CP-00876,UltimateBeneficialOwner,P-00876,1
CP-00877,TransactedWith,CP-00894,100877
CP-00877,UltimateBeneficialOwner,P-00877,1
CP-00878,TransactedWith,CP-00895,100878
CP-00878,UltimateBeneficialOwner,P-00878,1
CP-00879,TransactedWith,CP-00896,100879
CP-00879,UltimateBeneficialOwner,P-00879,1
CP-00880,TransactedWith,CP-00897,100880
CP-00880,UltimateBeneficialOwner,P-00880,1
CP-00881,TransactedWith,CP-00898,100881
CP-00881,UltimateBeneficialOwner,P-00881,1
CP-00882,TransactedWith,CP-00899,100882
CP-00882,UltimateBeneficialOwner,P-00882,1
CP-00883,TransactedWith,CP-00900,100883
CP-00883,UltimateBeneficialOwner,P-00883,1
CP-00884,TransactedWith,CP-00901,100884
CP-00884,UltimateBeneficialOwner,P-00884,1
CP-00885,TransactedWith,CP-00902,100885
CP-00885,UltimateBeneficialOwner,P-00885,1
CP-00886,TransactedWith,CP-00903,100886
CP-00886,UltimateBeneficialOwner,P-00886,1
CP-00887,TransactedWith,CP-00904,100887
CP-00887,UltimateBeneficialOwner,P-00887,1
CP-00888,TransactedWith,CP-00905,100888
CP-00888,UltimateBeneficialOwner,P-00888,1
CP-00889,TransactedWith,CP-00906,100889
CP-00889,UltimateBeneficialOwner,P-00889,1
CP-00890,TransactedWith,CP-00907,100890
CP-00890,UltimateBeneficialOwner,P-00890,1
CP-00891,TransactedWith,CP-00908,100891
CP-00891,UltimateBeneficialOwner,P-00891,1
CP-00892,TransactedWith,CP-00909,100892
CP-00892,UltimateBeneficialOwner,P-00892,1
CP-00893,TransactedWith,CP-00910,100893
CP-00893,UltimateBeneficialOwner,P-00893,1
CP-00894,TransactedWith,CP-00911,100894
CP-00894,UltimateBeneficialOwner,P-00894,1
CP-00895,TransactedWith,CP-00912,100895
CP-00895,UltimateBeneficialOwner,P-00895,1
CP-00896,TransactedWith,CP-00913,100896
CP-00896,UltimateBeneficialOwner,P-00896,1
CP-00897,TransactedWith,CP-00914,100897
CP-00897,UltimateBeneficialOwner,P-00897,1
CP-00898,TransactedWith,CP-00915,100898
CP-00898,UltimateBeneficialOwner,P-00898,1
CP-00899,TransactedWith,CP-00916,100899
CP-00899,UltimateBeneficialOwner,P-00899,1
CP-00900,TransactedWith,CP-00917,100900
CP-00900,UltimateBeneficialOwner,P-00900,1
CP-00901,TransactedWith,CP-00918,100901
CP-00901,UltimateBeneficialOwner,P-00901,1
CP-00902,TransactedWith,CP-00919,100902
CP-00902,UltimateBeneficialOwner,P-00902,1
CP-00903,TransactedWith,CP-00920,100903
CP-00903,UltimateBeneficialOwner,P-00903,1
CP-00904,TransactedWith,CP-00921,100904
CP-00904,UltimateBeneficialOwner,P-00904,1
CP-00905,TransactedWith,CP-00922,100905
CP-00905,UltimateBeneficialOwner,P-00905,1
CP-00906,TransactedWith,CP-00923,100906
CP-00906,UltimateBeneficialOwner,P-00906,1
CP-00907,TransactedWith,CP-00924,100907
CP-00907,UltimateBeneficialOwner,P-00907,1
CP-00908,TransactedWith,CP-00925,100908
CP-00908,UltimateBeneficialOwner,P-00908,1
CP-00909,TransactedWith,CP-00926,100909
CP-00909,UltimateBeneficialOwner,P-00909,1
CP-00910,TransactedWith,CP-00927,100910
CP-00910,UltimateBeneficialOwner,P-00910,1
CP-00911,TransactedWith,CP-00928,100911
CP-00911,UltimateBeneficialOwner,P-00911,1
CP-00912,TransactedWith,CP-00929,100912
CP-00912,UltimateBeneficialOwner,P-00912,1
CP-00913,TransactedWith,CP-00930,100913
CP-00913,UltimateBeneficialOwner,P-00913,1
CP-00914,TransactedWith,CP-00931,100914
CP-00914,UltimateBeneficialOwner,P-00914,1
CP-00915,TransactedWith,CP-00932,100915
CP-00915,UltimateBeneficialOwner,P-00915,1
CP-00916,TransactedWith,CP-00933,100916
CP-00916,UltimateBeneficialOwner,P-00916,1
CP-00917,TransactedWith,CP-00934,100917
CP-00917,UltimateBeneficialOwner,P-00917,1
CP-00918,TransactedWith,CP-00935,100918
CP-00918,UltimateBeneficialOwner,P-00918,1
CP-00919,TransactedWith,CP-00936,100919
CP-00919,UltimateBeneficialOwner,P-00919,1
CP-00920,TransactedWith,CP-00937,100920
CP-00920,UltimateBeneficialOwner,P-00920,1
CP-00921,TransactedWith,CP-00938,100921
CP-00921,UltimateBeneficialOwner,P-00921,1
CP-00922,TransactedWith,CP-00939,100922
CP-00922,UltimateBeneficialOwner,P-00922,1
CP-00923,TransactedWith,CP-00940,100923
CP-00923,UltimateBeneficialOwner,P-00923,1
CP-00924,TransactedWith,CP-00941,100924
CP-00924,UltimateBeneficialOwner,P-00924,1
CP-00925,TransactedWith,CP-00942,100925
CP-00925,UltimateBeneficialOwner,P-00925,1
CP-00926,TransactedWith,CP-00943,100926
CP-00926,UltimateBeneficialOwner,P-00926,1
CP-00927,TransactedWith,CP-00944,100927
CP-00927,UltimateBeneficialOwner,P-00927,1
CP-00928,TransactedWith,CP-00945,100928
CP-00928,UltimateBeneficialOwner,P-00928,1
CP-00929,TransactedWith,CP-00946,100929
CP-00929,UltimateBeneficialOwner,P-00929,1
CP-00930,TransactedWith,CP-00947,100930
CP-00930,UltimateBeneficialOwner,P-00930,1
CP-00931,TransactedWith,CP-00948,100931
CP-00931,UltimateBeneficialOwner,P-00931,1
CP-00932,TransactedWith,CP-00949,100932
CP-00932,UltimateBeneficialOwner,P-00932,1
CP-00933,TransactedWith,CP-00950,100933
CP-00933,UltimateBeneficialOwner,P-00933,1
CP-00934,TransactedWith,CP-00951,100934
CP-00934,UltimateBeneficialOwner,P-00934,1
CP-00935,TransactedWith,CP-00952,100935
CP-00935,UltimateBeneficialOwner,P-00935,1
CP-00936,TransactedWith,CP-00953,100936
CP-00936,UltimateBeneficialOwner,P-00936,1
CP-00937,TransactedWith,CP-00954,100937
CP-00937,UltimateBeneficialOwner,P-00937,1
CP-00938,TransactedWith,CP-00955,100938
CP-00938,UltimateBeneficialOwner,P-00938,1
CP-00939,TransactedWith,CP-00956,100939
CP-00939,UltimateBeneficialOwner,P-00939,1
CP-00940,TransactedWith,CP-00957,100940
CP-00940,UltimateBeneficialOwner,P-00940,1
CP-00941,TransactedWith,CP-00958,100941
CP-00941,UltimateBeneficialOwner,P-00941,1
CP-00942,TransactedWith,CP-00959,100942
CP-00942,UltimateBeneficialOwner,P-00942,1
CP-00943,TransactedWith,CP-00960,100943
CP-00943,UltimateBeneficialOwner,P-00943,1
CP-00944,TransactedWith,CP-00961,100944
CP-00944,UltimateBeneficialOwner,P-00944,1
CP-00945,TransactedWith,CP-00962,100945
CP-00945,UltimateBeneficialOwner,P-00945,1
CP-00946,TransactedWith,CP-00963,100946
CP-00946,UltimateBeneficialOwner,P-00946,1
CP-00947,TransactedWith,CP-00964,100947
CP-00947,UltimateBeneficialOwner,P-00947,1
CP-00948,TransactedWith,CP-00965,100948
CP-00948,UltimateBeneficialOwner,P-00948,1
CP-00949,TransactedWith,CP-00966,100949
CP-00949,UltimateBeneficialOwner,P-00949,1
CP-00950,TransactedWith,CP-00967,100950
CP-00950,UltimateBeneficialOwner,P-00950,1
CP-00951,TransactedWith,CP-00968,100951
CP-00951,UltimateBeneficialOwner,P-00951,1
CP-00952,TransactedWith,CP-00969,100952
CP-00952,UltimateBeneficialOwner,P-00952,1
CP-00953,TransactedWith,CP-00970,100953
CP-00953,UltimateBeneficialOwner,P-00953,1
CP-00954,TransactedWith,CP-00971,100954
CP-00954,UltimateBeneficialOwner,P-00954,1
CP-00955,TransactedWith,CP-00972,100955
CP-00955,UltimateBeneficialOwner,P-00955,1
CP-00956,TransactedWith,CP-00973,100956
CP-00956,UltimateBeneficialOwner,P-00956,1
CP-00957,TransactedWith,CP-00974,100957
CP-00957,UltimateBeneficialOwner,P-00957,1
CP-00958,TransactedWith,CP-00975,100958
CP-00958,UltimateBeneficialOwner,P-00958,1
CP-00959,TransactedWith,CP-00976,100959
CP-00959,UltimateBeneficialOwner,P-00959,1
CP-00960,TransactedWith,CP-00977,100960
CP-00960,UltimateBeneficialOwner,P-00960,1
CP-00961,TransactedWith,CP-00978,100961
CP-00961,UltimateBeneficialOwner,P-00961,1
CP-00962,TransactedWith,CP-00979,100962
CP-00962,UltimateBeneficialOwner,P-00962,1
CP-00963,TransactedWith,CP-00980,100963
CP-00963,UltimateBeneficialOwner,P-00963,1
CP-00964,TransactedWith,CP-00981,100964
CP-00964,UltimateBeneficialOwner,P-00964,1
CP-00965,TransactedWith,CP-00982,100965
CP-00965,UltimateBeneficialOwner,P-00965,1
CP-00966,TransactedWith,CP-00983,100966
CP-00966,UltimateBeneficialOwner,P-00966,1
CP-00967,TransactedWith,CP-00984,100967
CP-00967,UltimateBeneficialOwner,P-00967,1
CP-00968,TransactedWith,CP-00985,100968
CP-00968,UltimateBeneficialOwner,P-00968,1
CP-00969,TransactedWith,CP-00986,100969
CP-00969,UltimateBeneficialOwner,P-00969,1
CP-00970,TransactedWith,CP-00987,100970
CP-00970,UltimateBeneficialOwner,P-00970,1
CP-00971,TransactedWith,CP-00988,100971
CP-00971,UltimateBeneficialOwner,P-00971,1
CP-00972,TransactedWith,CP-00989,100972
CP-00972,UltimateBeneficialOwner,P-00972,1
CP-00973,TransactedWith,CP-00990,100973
CP-00973,UltimateBeneficialOwner,P-00973,1
CP-00974,TransactedWith,CP-00991,100974
CP-00974,UltimateBeneficialOwner,P-00974,1
CP-00975,TransactedWith,CP-00992,100975
CP-00975,UltimateBeneficialOwner,P-00975,1
CP-00976,TransactedWith,CP-00993,100976
CP-00976,UltimateBeneficialOwner,P-00976,1
CP-00977,TransactedWith,CP-00994,100977
CP-00977,UltimateBeneficialOwner,P-00977,1
CP-00978,TransactedWith,CP-00995,100978
CP-00978,UltimateBeneficialOwner,P-00978,1
CP-00979,TransactedWith,CP-00996,100979
CP-00979,UltimateBeneficialOwner,P-00979,1
CP-00980,TransactedWith,CP-00997,100980
CP-00980,UltimateBeneficialOwner,P-00980,1
CP-00981,TransactedWith,CP-00998,100981
CP-00981,UltimateBeneficialOwner,P-00981,1
CP-00982,TransactedWith,CP-00999,100982
CP-00982,UltimateBeneficialOwner,P-00982,1
CP-00983,TransactedWith,CP-01000,100983
CP-00983,UltimateBeneficialOwner,P-00983,1
CP-00984,TransactedWith,CP-01001,100984
CP-00984,UltimateBeneficialOwner,P-00984,1
CP-00985,TransactedWith,CP-01002,100985
CP-00985,UltimateBeneficialOwner,P-00985,1
CP-00986,TransactedWith,CP-01003,100986
CP-00986,UltimateBeneficialOwner,P-00986,1
CP-00987,TransactedWith,CP-01004,100987
CP-00987,UltimateBeneficialOwner,P-00987,1
CP-00988,TransactedWith,CP-01005,100988
CP-00988,UltimateBeneficialOwner,P-00988,1
CP-00989,TransactedWith,CP-01006,100989
CP-00989,UltimateBeneficialOwner,P-00989,1
CP-00990,TransactedWith,CP-01007,100990
CP-00990,UltimateBeneficialOwner,P-00990,1
CP-00991,TransactedWith,CP-01008,100991
CP-00991,UltimateBeneficialOwner,P-00991,1
CP-00992,TransactedWith,CP-01009,100992
CP-00992,UltimateBeneficialOwner,P-00992,1
CP-00993,TransactedWith,CP-01010,100993
CP-00993,UltimateBeneficialOwner,P-00993,1
CP-00994,TransactedWith,CP-01011,100994
CP-00994,UltimateBeneficialOwner,P-00994,1
CP-00995,TransactedWith,CP-01012,100995
CP-00995,UltimateBeneficialOwner,P-00995,1
CP-00996,TransactedWith,CP-01013,100996
CP-00996,UltimateBeneficialOwner,P-00996,1
CP-00997,TransactedWith,CP-01014,100997
CP-00997,UltimateBeneficialOwner,P-00997,1
CP-00997,SanctionsHit,SDN-00997,active
CP-00998,TransactedWith,CP-01015,100998
CP-00998,UltimateBeneficialOwner,P-00998,1
CP-00999,TransactedWith,CP-01016,100999
CP-00999,UltimateBeneficialOwner,P-00999,1
CP-01000,TransactedWith,CP-01017,101000
CP-01000,UltimateBeneficialOwner,P-01000,1
CP-01001,TransactedWith,CP-01018,101001
CP-01001,UltimateBeneficialOwner,P-01001,1
CP-01002,TransactedWith,CP-01019,101002
CP-01002,UltimateBeneficialOwner,P-01002,1
CP-01003,TransactedWith,CP-01020,101003
CP-01003,UltimateBeneficialOwner,P-01003,1
CP-01004,TransactedWith,CP-01021,101004
CP-01004,UltimateBeneficialOwner,P-01004,1
CP-01005,TransactedWith,CP-01022,101005
CP-01005,UltimateBeneficialOwner,P-01005,1
CP-01006,TransactedWith,CP-01023,101006
CP-01006,UltimateBeneficialOwner,P-01006,1
CP-01007,TransactedWith,CP-01024,101007
CP-01007,UltimateBeneficialOwner,P-01007,1
CP-01008,TransactedWith,CP-01025,101008
CP-01008,UltimateBeneficialOwner,P-01008,1
CP-01009,TransactedWith,CP-01026,101009
CP-01009,UltimateBeneficialOwner,P-01009,1
CP-01010,TransactedWith,CP-01027,101010
CP-01010,UltimateBeneficialOwner,P-01010,1
CP-01011,TransactedWith,CP-01028,101011
CP-01011,UltimateBeneficialOwner,P-01011,1
CP-01012,TransactedWith,CP-01029,101012
CP-01012,UltimateBeneficialOwner,P-01012,1
CP-01013,TransactedWith,CP-01030,101013
CP-01013,UltimateBeneficialOwner,P-01013,1
CP-01014,TransactedWith,CP-01031,101014
CP-01014,UltimateBeneficialOwner,P-01014,1
CP-01015,TransactedWith,CP-01032,101015
CP-01015,UltimateBeneficialOwner,P-01015,1
CP-01016,TransactedWith,CP-01033,101016
CP-01016,UltimateBeneficialOwner,P-01016,1
CP-01017,TransactedWith,CP-01034,101017
CP-01017,UltimateBeneficialOwner,P-01017,1
CP-01018,TransactedWith,CP-01035,101018
CP-01018,UltimateBeneficialOwner,P-01018,1
CP-01019,TransactedWith,CP-01036,101019
CP-01019,UltimateBeneficialOwner,P-01019,1
CP-01020,TransactedWith,CP-01037,101020
CP-01020,UltimateBeneficialOwner,P-01020,1
CP-01021,TransactedWith,CP-01038,101021
CP-01021,UltimateBeneficialOwner,P-01021,1
CP-01022,TransactedWith,CP-01039,101022
CP-01022,UltimateBeneficialOwner,P-01022,1
CP-01023,TransactedWith,CP-01040,101023
CP-01023,UltimateBeneficialOwner,P-01023,1
CP-01024,TransactedWith,CP-01041,101024
CP-01024,UltimateBeneficialOwner,P-01024,1
CP-01025,TransactedWith,CP-01042,101025
CP-01025,UltimateBeneficialOwner,P-01025,1
CP-01026,TransactedWith,CP-01043,101026
CP-01026,UltimateBeneficialOwner,P-01026,1
CP-01027,TransactedWith,CP-01044,101027
CP-01027,UltimateBeneficialOwner,P-01027,1
CP-01028,TransactedWith,CP-01045,101028
CP-01028,UltimateBeneficialOwner,P-01028,1
CP-01029,TransactedWith,CP-01046,101029
CP-01029,UltimateBeneficialOwner,P-01029,1
CP-01030,TransactedWith,CP-01047,101030
CP-01030,UltimateBeneficialOwner,P-01030,1
CP-01031,TransactedWith,CP-01048,101031
CP-01031,UltimateBeneficialOwner,P-01031,1
CP-01032,TransactedWith,CP-01049,101032
CP-01032,UltimateBeneficialOwner,P-01032,1
CP-01033,TransactedWith,CP-01050,101033
CP-01033,UltimateBeneficialOwner,P-01033,1
CP-01034,TransactedWith,CP-01051,101034
CP-01034,UltimateBeneficialOwner,P-01034,1
CP-01035,TransactedWith,CP-01052,101035
CP-01035,UltimateBeneficialOwner,P-01035,1
CP-01036,TransactedWith,CP-01053,101036
CP-01036,UltimateBeneficialOwner,P-01036,1
CP-01037,TransactedWith,CP-01054,101037
CP-01037,UltimateBeneficialOwner,P-01037,1
CP-01038,TransactedWith,CP-01055,101038
CP-01038,UltimateBeneficialOwner,P-01038,1
CP-01039,TransactedWith,CP-01056,101039
CP-01039,UltimateBeneficialOwner,P-01039,1
CP-01040,TransactedWith,CP-01057,101040
CP-01040,UltimateBeneficialOwner,P-01040,1
CP-01041,TransactedWith,CP-01058,101041
CP-01041,UltimateBeneficialOwner,P-01041,1
CP-01042,TransactedWith,CP-01059,101042
CP-01042,UltimateBeneficialOwner,P-01042,1
CP-01043,TransactedWith,CP-01060,101043
CP-01043,UltimateBeneficialOwner,P-01043,1
CP-01044,TransactedWith,CP-01061,101044
CP-01044,UltimateBeneficialOwner,P-01044,1
CP-01045,TransactedWith,CP-01062,101045
CP-01045,UltimateBeneficialOwner,P-01045,1
CP-01046,TransactedWith,CP-01063,101046
CP-01046,UltimateBeneficialOwner,P-01046,1
CP-01047,TransactedWith,CP-01064,101047
CP-01047,UltimateBeneficialOwner,P-01047,1
CP-01048,TransactedWith,CP-01065,101048
CP-01048,UltimateBeneficialOwner,P-01048,1
CP-01049,TransactedWith,CP-01066,101049
CP-01049,UltimateBeneficialOwner,P-01049,1
CP-01050,TransactedWith,CP-01067,101050
CP-01050,UltimateBeneficialOwner,P-01050,1
CP-01051,TransactedWith,CP-01068,101051
CP-01051,UltimateBeneficialOwner,P-01051,1
CP-01052,TransactedWith,CP-01069,101052
CP-01052,UltimateBeneficialOwner,P-01052,1
CP-01053,TransactedWith,CP-01070,101053
CP-01053,UltimateBeneficialOwner,P-01053,1
CP-01054,TransactedWith,CP-01071,101054
CP-01054,UltimateBeneficialOwner,P-01054,1
CP-01055,TransactedWith,CP-01072,101055
CP-01055,UltimateBeneficialOwner,P-01055,1
CP-01056,TransactedWith,CP-01073,101056
CP-01056,UltimateBeneficialOwner,P-01056,1
CP-01057,TransactedWith,CP-01074,101057
CP-01057,UltimateBeneficialOwner,P-01057,1
CP-01058,TransactedWith,CP-01075,101058
CP-01058,UltimateBeneficialOwner,P-01058,1
CP-01059,TransactedWith,CP-01076,101059
CP-01059,UltimateBeneficialOwner,P-01059,1
CP-01060,TransactedWith,CP-01077,101060
CP-01060,UltimateBeneficialOwner,P-01060,1
CP-01061,TransactedWith,CP-01078,101061
CP-01061,UltimateBeneficialOwner,P-01061,1
CP-01062,TransactedWith,CP-01079,101062
CP-01062,UltimateBeneficialOwner,P-01062,1
CP-01063,TransactedWith,CP-01080,101063
CP-01063,UltimateBeneficialOwner,P-01063,1
CP-01064,TransactedWith,CP-01081,101064
CP-01064,UltimateBeneficialOwner,P-01064,1
CP-01065,TransactedWith,CP-01082,101065
CP-01065,UltimateBeneficialOwner,P-01065,1
CP-01066,TransactedWith,CP-01083,101066
CP-01066,UltimateBeneficialOwner,P-01066,1
CP-01067,TransactedWith,CP-01084,101067
CP-01067,UltimateBeneficialOwner,P-01067,1
CP-01068,TransactedWith,CP-01085,101068
CP-01068,UltimateBeneficialOwner,P-01068,1
CP-01069,TransactedWith,CP-01086,101069
CP-01069,UltimateBeneficialOwner,P-01069,1
CP-01070,TransactedWith,CP-01087,101070
CP-01070,UltimateBeneficialOwner,P-01070,1
CP-01071,TransactedWith,CP-01088,101071
CP-01071,UltimateBeneficialOwner,P-01071,1
CP-01072,TransactedWith,CP-01089,101072
CP-01072,UltimateBeneficialOwner,P-01072,1
CP-01073,TransactedWith,CP-01090,101073
CP-01073,UltimateBeneficialOwner,P-01073,1
CP-01074,TransactedWith,CP-01091,101074
CP-01074,UltimateBeneficialOwner,P-01074,1
CP-01075,TransactedWith,CP-01092,101075
CP-01075,UltimateBeneficialOwner,P-01075,1
CP-01076,TransactedWith,CP-01093,101076
CP-01076,UltimateBeneficialOwner,P-01076,1
CP-01077,TransactedWith,CP-01094,101077
CP-01077,UltimateBeneficialOwner,P-01077,1
CP-01078,TransactedWith,CP-01095,101078
CP-01078,UltimateBeneficialOwner,P-01078,1
CP-01079,TransactedWith,CP-01096,101079
CP-01079,UltimateBeneficialOwner,P-01079,1
CP-01080,TransactedWith,CP-01097,101080
CP-01080,UltimateBeneficialOwner,P-01080,1
CP-01081,TransactedWith,CP-01098,101081
CP-01081,UltimateBeneficialOwner,P-01081,1
CP-01082,TransactedWith,CP-01099,101082
CP-01082,UltimateBeneficialOwner,P-01082,1
CP-01083,TransactedWith,CP-01100,101083
CP-01083,UltimateBeneficialOwner,P-01083,1
CP-01084,TransactedWith,CP-01101,101084
CP-01084,UltimateBeneficialOwner,P-01084,1
CP-01085,TransactedWith,CP-01102,101085
CP-01085,UltimateBeneficialOwner,P-01085,1
CP-01086,TransactedWith,CP-01103,101086
CP-01086,UltimateBeneficialOwner,P-01086,1
CP-01087,TransactedWith,CP-01104,101087
CP-01087,UltimateBeneficialOwner,P-01087,1
CP-01088,TransactedWith,CP-01105,101088
CP-01088,UltimateBeneficialOwner,P-01088,1
CP-01089,TransactedWith,CP-01106,101089
CP-01089,UltimateBeneficialOwner,P-01089,1
CP-01090,TransactedWith,CP-01107,101090
CP-01090,UltimateBeneficialOwner,P-01090,1
CP-01091,TransactedWith,CP-01108,101091
CP-01091,UltimateBeneficialOwner,P-01091,1
CP-01092,TransactedWith,CP-01109,101092
CP-01092,UltimateBeneficialOwner,P-01092,1
CP-01093,TransactedWith,CP-01110,101093
CP-01093,UltimateBeneficialOwner,P-01093,1
CP-01094,TransactedWith,CP-01111,101094
CP-01094,UltimateBeneficialOwner,P-01094,1
CP-01095,TransactedWith,CP-01112,101095
CP-01095,UltimateBeneficialOwner,P-01095,1
CP-01096,TransactedWith,CP-01113,101096
CP-01096,UltimateBeneficialOwner,P-01096,1
CP-01097,TransactedWith,CP-01114,101097
CP-01097,UltimateBeneficialOwner,P-01097,1
CP-01098,TransactedWith,CP-01115,101098
CP-01098,UltimateBeneficialOwner,P-01098,1
CP-01099,TransactedWith,CP-01116,101099
CP-01099,UltimateBeneficialOwner,P-01099,1
CP-01100,TransactedWith,CP-01117,101100
CP-01100,UltimateBeneficialOwner,P-01100,1
CP-01101,TransactedWith,CP-01118,101101
CP-01101,UltimateBeneficialOwner,P-01101,1
CP-01102,TransactedWith,CP-01119,101102
CP-01102,UltimateBeneficialOwner,P-01102,1
CP-01103,TransactedWith,CP-01120,101103
CP-01103,UltimateBeneficialOwner,P-01103,1
CP-01104,TransactedWith,CP-01121,101104
CP-01104,UltimateBeneficialOwner,P-01104,1
CP-01105,TransactedWith,CP-01122,101105
CP-01105,UltimateBeneficialOwner,P-01105,1
CP-01106,TransactedWith,CP-01123,101106
CP-01106,UltimateBeneficialOwner,P-01106,1
CP-01107,TransactedWith,CP-01124,101107
CP-01107,UltimateBeneficialOwner,P-01107,1
CP-01108,TransactedWith,CP-01125,101108
CP-01108,UltimateBeneficialOwner,P-01108,1
CP-01109,TransactedWith,CP-01126,101109
CP-01109,UltimateBeneficialOwner,P-01109,1
CP-01110,TransactedWith,CP-01127,101110
CP-01110,UltimateBeneficialOwner,P-01110,1
CP-01111,TransactedWith,CP-01128,101111
CP-01111,UltimateBeneficialOwner,P-01111,1
CP-01112,TransactedWith,CP-01129,101112
CP-01112,UltimateBeneficialOwner,P-01112,1
CP-01113,TransactedWith,CP-01130,101113
CP-01113,UltimateBeneficialOwner,P-01113,1
CP-01114,TransactedWith,CP-01131,101114
CP-01114,UltimateBeneficialOwner,P-01114,1
CP-01115,TransactedWith,CP-01132,101115
CP-01115,UltimateBeneficialOwner,P-01115,1
CP-01116,TransactedWith,CP-01133,101116
CP-01116,UltimateBeneficialOwner,P-01116,1
CP-01117,TransactedWith,CP-01134,101117
CP-01117,UltimateBeneficialOwner,P-01117,1
CP-01118,TransactedWith,CP-01135,101118
CP-01118,UltimateBeneficialOwner,P-01118,1
CP-01119,TransactedWith,CP-01136,101119
CP-01119,UltimateBeneficialOwner,P-01119,1
CP-01120,TransactedWith,CP-01137,101120
CP-01120,UltimateBeneficialOwner,P-01120,1
CP-01121,TransactedWith,CP-01138,101121
CP-01121,UltimateBeneficialOwner,P-01121,1
CP-01122,TransactedWith,CP-01139,101122
CP-01122,UltimateBeneficialOwner,P-01122,1
CP-01123,TransactedWith,CP-01140,101123
CP-01123,UltimateBeneficialOwner,P-01123,1
CP-01124,TransactedWith,CP-01141,101124
CP-01124,UltimateBeneficialOwner,P-01124,1
CP-01125,TransactedWith,CP-01142,101125
CP-01125,UltimateBeneficialOwner,P-01125,1
CP-01126,TransactedWith,CP-01143,101126
CP-01126,UltimateBeneficialOwner,P-01126,1
CP-01127,TransactedWith,CP-01144,101127
CP-01127,UltimateBeneficialOwner,P-01127,1
CP-01128,TransactedWith,CP-01145,101128
CP-01128,UltimateBeneficialOwner,P-01128,1
CP-01129,TransactedWith,CP-01146,101129
CP-01129,UltimateBeneficialOwner,P-01129,1
CP-01130,TransactedWith,CP-01147,101130
CP-01130,UltimateBeneficialOwner,P-01130,1
CP-01131,TransactedWith,CP-01148,101131
CP-01131,UltimateBeneficialOwner,P-01131,1
CP-01132,TransactedWith,CP-01149,101132
CP-01132,UltimateBeneficialOwner,P-01132,1
CP-01133,TransactedWith,CP-01150,101133
CP-01133,UltimateBeneficialOwner,P-01133,1
CP-01134,TransactedWith,CP-01151,101134
CP-01134,UltimateBeneficialOwner,P-01134,1
CP-01135,TransactedWith,CP-01152,101135
CP-01135,UltimateBeneficialOwner,P-01135,1
CP-01136,TransactedWith,CP-01153,101136
CP-01136,UltimateBeneficialOwner,P-01136,1
CP-01137,TransactedWith,CP-01154,101137
CP-01137,UltimateBeneficialOwner,P-01137,1
CP-01138,TransactedWith,CP-01155,101138
CP-01138,UltimateBeneficialOwner,P-01138,1
CP-01139,TransactedWith,CP-01156,101139
CP-01139,UltimateBeneficialOwner,P-01139,1
CP-01140,TransactedWith,CP-01157,101140
CP-01140,UltimateBeneficialOwner,P-01140,1
CP-01141,TransactedWith,CP-01158,101141
CP-01141,UltimateBeneficialOwner,P-01141,1
CP-01142,TransactedWith,CP-01159,101142
CP-01142,UltimateBeneficialOwner,P-01142,1
CP-01143,TransactedWith,CP-01160,101143
CP-01143,UltimateBeneficialOwner,P-01143,1
CP-01144,TransactedWith,CP-01161,101144
CP-01144,UltimateBeneficialOwner,P-01144,1
CP-01145,TransactedWith,CP-01162,101145
CP-01145,UltimateBeneficialOwner,P-01145,1
CP-01146,TransactedWith,CP-01163,101146
CP-01146,UltimateBeneficialOwner,P-01146,1
CP-01147,TransactedWith,CP-01164,101147
CP-01147,UltimateBeneficialOwner,P-01147,1
CP-01148,TransactedWith,CP-01165,101148
CP-01148,UltimateBeneficialOwner,P-01148,1
CP-01149,TransactedWith,CP-01166,101149
CP-01149,UltimateBeneficialOwner,P-01149,1
CP-01150,TransactedWith,CP-01167,101150
CP-01150,UltimateBeneficialOwner,P-01150,1
CP-01151,TransactedWith,CP-01168,101151
CP-01151,UltimateBeneficialOwner,P-01151,1
CP-01152,TransactedWith,CP-01169,101152
CP-01152,UltimateBeneficialOwner,P-01152,1
CP-01153,TransactedWith,CP-01170,101153
CP-01153,UltimateBeneficialOwner,P-01153,1
CP-01154,TransactedWith,CP-01171,101154
CP-01154,UltimateBeneficialOwner,P-01154,1
CP-01155,TransactedWith,CP-01172,101155
CP-01155,UltimateBeneficialOwner,P-01155,1
CP-01156,TransactedWith,CP-01173,101156
CP-01156,UltimateBeneficialOwner,P-01156,1
CP-01157,TransactedWith,CP-01174,101157
CP-01157,UltimateBeneficialOwner,P-01157,1
CP-01158,TransactedWith,CP-01175,101158
CP-01158,UltimateBeneficialOwner,P-01158,1
CP-01159,TransactedWith,CP-01176,101159
CP-01159,UltimateBeneficialOwner,P-01159,1
CP-01160,TransactedWith,CP-01177,101160
CP-01160,UltimateBeneficialOwner,P-01160,1
CP-01161,TransactedWith,CP-01178,101161
CP-01161,UltimateBeneficialOwner,P-01161,1
CP-01162,TransactedWith,CP-01179,101162
CP-01162,UltimateBeneficialOwner,P-01162,1
CP-01163,TransactedWith,CP-01180,101163
CP-01163,UltimateBeneficialOwner,P-01163,1
CP-01164,TransactedWith,CP-01181,101164
CP-01164,UltimateBeneficialOwner,P-01164,1
CP-01165,TransactedWith,CP-01182,101165
CP-01165,UltimateBeneficialOwner,P-01165,1
CP-01166,TransactedWith,CP-01183,101166
CP-01166,UltimateBeneficialOwner,P-01166,1
CP-01167,TransactedWith,CP-01184,101167
CP-01167,UltimateBeneficialOwner,P-01167,1
CP-01168,TransactedWith,CP-01185,101168
CP-01168,UltimateBeneficialOwner,P-01168,1
CP-01169,TransactedWith,CP-01186,101169
CP-01169,UltimateBeneficialOwner,P-01169,1
CP-01170,TransactedWith,CP-01187,101170
CP-01170,UltimateBeneficialOwner,P-01170,1
CP-01171,TransactedWith,CP-01188,101171
CP-01171,UltimateBeneficialOwner,P-01171,1
CP-01172,TransactedWith,CP-01189,101172
CP-01172,UltimateBeneficialOwner,P-01172,1
CP-01173,TransactedWith,CP-01190,101173
CP-01173,UltimateBeneficialOwner,P-01173,1
CP-01174,TransactedWith,CP-01191,101174
CP-01174,UltimateBeneficialOwner,P-01174,1
CP-01175,TransactedWith,CP-01192,101175
CP-01175,UltimateBeneficialOwner,P-01175,1
CP-01176,TransactedWith,CP-01193,101176
CP-01176,UltimateBeneficialOwner,P-01176,1
CP-01177,TransactedWith,CP-01194,101177
CP-01177,UltimateBeneficialOwner,P-01177,1
CP-01178,TransactedWith,CP-01195,101178
CP-01178,UltimateBeneficialOwner,P-01178,1
CP-01179,TransactedWith,CP-01196,101179
CP-01179,UltimateBeneficialOwner,P-01179,1
CP-01180,TransactedWith,CP-01197,101180
CP-01180,UltimateBeneficialOwner,P-01180,1
CP-01181,TransactedWith,CP-01198,101181
CP-01181,UltimateBeneficialOwner,P-01181,1
CP-01182,TransactedWith,CP-01199,101182
CP-01182,UltimateBeneficialOwner,P-01182,1
CP-01183,TransactedWith,CP-01200,101183
CP-01183,UltimateBeneficialOwner,P-01183,1
CP-01184,TransactedWith,CP-01201,101184
CP-01184,UltimateBeneficialOwner,P-01184,1
CP-01185,TransactedWith,CP-01202,101185
CP-01185,UltimateBeneficialOwner,P-01185,1
CP-01186,TransactedWith,CP-01203,101186
CP-01186,UltimateBeneficialOwner,P-01186,1
CP-01187,TransactedWith,CP-01204,101187
CP-01187,UltimateBeneficialOwner,P-01187,1
CP-01188,TransactedWith,CP-01205,101188
CP-01188,UltimateBeneficialOwner,P-01188,1
CP-01189,TransactedWith,CP-01206,101189
CP-01189,UltimateBeneficialOwner,P-01189,1
CP-01190,TransactedWith,CP-01207,101190
CP-01190,UltimateBeneficialOwner,P-01190,1
CP-01191,TransactedWith,CP-01208,101191
CP-01191,UltimateBeneficialOwner,P-01191,1
CP-01192,TransactedWith,CP-01209,101192
CP-01192,UltimateBeneficialOwner,P-01192,1
CP-01193,TransactedWith,CP-01210,101193
CP-01193,UltimateBeneficialOwner,P-01193,1
CP-01194,TransactedWith,CP-01211,101194
CP-01194,UltimateBeneficialOwner,P-01194,1
CP-01195,TransactedWith,CP-01212,101195
CP-01195,UltimateBeneficialOwner,P-01195,1
CP-01196,TransactedWith,CP-01213,101196
CP-01196,UltimateBeneficialOwner,P-01196,1
CP-01197,TransactedWith,CP-01214,101197
CP-01197,UltimateBeneficialOwner,P-01197,1
CP-01198,TransactedWith,CP-01215,101198
CP-01198,UltimateBeneficialOwner,P-01198,1
CP-01199,TransactedWith,CP-01216,101199
CP-01199,UltimateBeneficialOwner,P-01199,1
CP-01200,TransactedWith,CP-01217,101200
CP-01200,UltimateBeneficialOwner,P-01200,1
CP-01201,TransactedWith,CP-01218,101201
CP-01201,UltimateBeneficialOwner,P-00001,1
CP-01202,TransactedWith,CP-01219,101202
CP-01202,UltimateBeneficialOwner,P-00002,1
CP-01203,TransactedWith,CP-01220,101203
CP-01203,UltimateBeneficialOwner,P-00003,1
CP-01204,TransactedWith,CP-01221,101204
CP-01204,UltimateBeneficialOwner,P-00004,1
CP-01205,TransactedWith,CP-01222,101205
CP-01205,UltimateBeneficialOwner,P-00005,1
CP-01206,TransactedWith,CP-01223,101206
CP-01206,UltimateBeneficialOwner,P-00006,1
CP-01207,TransactedWith,CP-01224,101207
CP-01207,UltimateBeneficialOwner,P-00007,1
CP-01208,TransactedWith,CP-01225,101208
CP-01208,UltimateBeneficialOwner,P-00008,1
CP-01209,TransactedWith,CP-01226,101209
CP-01209,UltimateBeneficialOwner,P-00009,1
CP-01210,TransactedWith,CP-01227,101210
CP-01210,UltimateBeneficialOwner,P-00010,1
CP-01211,TransactedWith,CP-01228,101211
CP-01211,UltimateBeneficialOwner,P-00011,1
CP-01212,TransactedWith,CP-01229,101212
CP-01212,UltimateBeneficialOwner,P-00012,1
CP-01213,TransactedWith,CP-01230,101213
CP-01213,UltimateBeneficialOwner,P-00013,1
CP-01214,TransactedWith,CP-01231,101214
CP-01214,UltimateBeneficialOwner,P-00014,1
CP-01215,TransactedWith,CP-01232,101215
CP-01215,UltimateBeneficialOwner,P-00015,1
CP-01216,TransactedWith,CP-01233,101216
CP-01216,UltimateBeneficialOwner,P-00016,1
CP-01217,TransactedWith,CP-01234,101217
CP-01217,UltimateBeneficialOwner,P-00017,1
CP-01218,TransactedWith,CP-01235,101218
CP-01218,UltimateBeneficialOwner,P-00018,1
CP-01219,TransactedWith,CP-01236,101219
CP-01219,UltimateBeneficialOwner,P-00019,1
CP-01220,TransactedWith,CP-01237,101220
CP-01220,UltimateBeneficialOwner,P-00020,1
CP-01221,TransactedWith,CP-01238,101221
CP-01221,UltimateBeneficialOwner,P-00021,1
CP-01222,TransactedWith,CP-01239,101222
CP-01222,UltimateBeneficialOwner,P-00022,1
CP-01223,TransactedWith,CP-01240,101223
CP-01223,UltimateBeneficialOwner,P-00023,1
CP-01224,TransactedWith,CP-01241,101224
CP-01224,UltimateBeneficialOwner,P-00024,1
CP-01225,TransactedWith,CP-01242,101225
CP-01225,UltimateBeneficialOwner,P-00025,1
CP-01226,TransactedWith,CP-01243,101226
CP-01226,UltimateBeneficialOwner,P-00026,1
CP-01227,TransactedWith,CP-01244,101227
CP-01227,UltimateBeneficialOwner,P-00027,1
CP-01228,TransactedWith,CP-01245,101228
CP-01228,UltimateBeneficialOwner,P-00028,1
CP-01229,TransactedWith,CP-01246,101229
CP-01229,UltimateBeneficialOwner,P-00029,1
CP-01230,TransactedWith,CP-01247,101230
CP-01230,UltimateBeneficialOwner,P-00030,1
CP-01231,TransactedWith,CP-01248,101231
CP-01231,UltimateBeneficialOwner,P-00031,1
CP-01232,TransactedWith,CP-01249,101232
CP-01232,UltimateBeneficialOwner,P-00032,1
CP-01233,TransactedWith,CP-01250,101233
CP-01233,UltimateBeneficialOwner,P-00033,1
CP-01234,TransactedWith,CP-01251,101234
CP-01234,UltimateBeneficialOwner,P-00034,1
CP-01235,TransactedWith,CP-01252,101235
CP-01235,UltimateBeneficialOwner,P-00035,1
CP-01236,TransactedWith,CP-01253,101236
CP-01236,UltimateBeneficialOwner,P-00036,1
CP-01237,TransactedWith,CP-01254,101237
CP-01237,UltimateBeneficialOwner,P-00037,1
CP-01238,TransactedWith,CP-01255,101238
CP-01238,UltimateBeneficialOwner,P-00038,1
CP-01239,TransactedWith,CP-01256,101239
CP-01239,UltimateBeneficialOwner,P-00039,1
CP-01240,TransactedWith,CP-01257,101240
CP-01240,UltimateBeneficialOwner,P-00040,1
CP-01241,TransactedWith,CP-01258,101241
CP-01241,UltimateBeneficialOwner,P-00041,1
CP-01242,TransactedWith,CP-01259,101242
CP-01242,UltimateBeneficialOwner,P-00042,1
CP-01243,TransactedWith,CP-01260,101243
CP-01243,UltimateBeneficialOwner,P-00043,1
CP-01244,TransactedWith,CP-01261,101244
CP-01244,UltimateBeneficialOwner,P-00044,1
CP-01245,TransactedWith,CP-01262,101245
CP-01245,UltimateBeneficialOwner,P-00045,1
CP-01246,TransactedWith,CP-01263,101246
CP-01246,UltimateBeneficialOwner,P-00046,1
CP-01247,TransactedWith,CP-01264,101247
CP-01247,UltimateBeneficialOwner,P-00047,1
CP-01248,TransactedWith,CP-01265,101248
CP-01248,UltimateBeneficialOwner,P-00048,1
CP-01249,TransactedWith,CP-01266,101249
CP-01249,UltimateBeneficialOwner,P-00049,1
CP-01250,TransactedWith,CP-01267,101250
CP-01250,UltimateBeneficialOwner,P-00050,1
CP-01251,TransactedWith,CP-01268,101251
CP-01251,UltimateBeneficialOwner,P-00051,1
CP-01252,TransactedWith,CP-01269,101252
CP-01252,UltimateBeneficialOwner,P-00052,1
CP-01253,TransactedWith,CP-01270,101253
CP-01253,UltimateBeneficialOwner,P-00053,1
CP-01254,TransactedWith,CP-01271,101254
CP-01254,UltimateBeneficialOwner,P-00054,1
CP-01255,TransactedWith,CP-01272,101255
CP-01255,UltimateBeneficialOwner,P-00055,1
CP-01256,TransactedWith,CP-01273,101256
CP-01256,UltimateBeneficialOwner,P-00056,1
CP-01257,TransactedWith,CP-01274,101257
CP-01257,UltimateBeneficialOwner,P-00057,1
CP-01258,TransactedWith,CP-01275,101258
CP-01258,UltimateBeneficialOwner,P-00058,1
CP-01259,TransactedWith,CP-01276,101259
CP-01259,UltimateBeneficialOwner,P-00059,1
CP-01260,TransactedWith,CP-01277,101260
CP-01260,UltimateBeneficialOwner,P-00060,1
CP-01261,TransactedWith,CP-01278,101261
CP-01261,UltimateBeneficialOwner,P-00061,1
CP-01262,TransactedWith,CP-01279,101262
CP-01262,UltimateBeneficialOwner,P-00062,1
CP-01263,TransactedWith,CP-01280,101263
CP-01263,UltimateBeneficialOwner,P-00063,1
CP-01264,TransactedWith,CP-01281,101264
CP-01264,UltimateBeneficialOwner,P-00064,1
CP-01265,TransactedWith,CP-01282,101265
CP-01265,UltimateBeneficialOwner,P-00065,1
CP-01266,TransactedWith,CP-01283,101266
CP-01266,UltimateBeneficialOwner,P-00066,1
CP-01267,TransactedWith,CP-01284,101267
CP-01267,UltimateBeneficialOwner,P-00067,1
CP-01268,TransactedWith,CP-01285,101268
CP-01268,UltimateBeneficialOwner,P-00068,1
CP-01269,TransactedWith,CP-01286,101269
CP-01269,UltimateBeneficialOwner,P-00069,1
CP-01270,TransactedWith,CP-01287,101270
CP-01270,UltimateBeneficialOwner,P-00070,1
CP-01271,TransactedWith,CP-01288,101271
CP-01271,UltimateBeneficialOwner,P-00071,1
CP-01272,TransactedWith,CP-01289,101272
CP-01272,UltimateBeneficialOwner,P-00072,1
CP-01273,TransactedWith,CP-01290,101273
CP-01273,UltimateBeneficialOwner,P-00073,1
CP-01274,TransactedWith,CP-01291,101274
CP-01274,UltimateBeneficialOwner,P-00074,1
CP-01275,TransactedWith,CP-01292,101275
CP-01275,UltimateBeneficialOwner,P-00075,1
CP-01276,TransactedWith,CP-01293,101276
CP-01276,UltimateBeneficialOwner,P-00076,1
CP-01277,TransactedWith,CP-01294,101277
CP-01277,UltimateBeneficialOwner,P-00077,1
CP-01278,TransactedWith,CP-01295,101278
CP-01278,UltimateBeneficialOwner,P-00078,1
CP-01279,TransactedWith,CP-01296,101279
CP-01279,UltimateBeneficialOwner,P-00079,1
CP-01280,TransactedWith,CP-01297,101280
CP-01280,UltimateBeneficialOwner,P-00080,1
CP-01281,TransactedWith,CP-01298,101281
CP-01281,UltimateBeneficialOwner,P-00081,1
CP-01282,TransactedWith,CP-01299,101282
CP-01282,UltimateBeneficialOwner,P-00082,1
CP-01283,TransactedWith,CP-01300,101283
CP-01283,UltimateBeneficialOwner,P-00083,1
CP-01284,TransactedWith,CP-01301,101284
CP-01284,UltimateBeneficialOwner,P-00084,1
CP-01285,TransactedWith,CP-01302,101285
CP-01285,UltimateBeneficialOwner,P-00085,1
CP-01286,TransactedWith,CP-01303,101286
CP-01286,UltimateBeneficialOwner,P-00086,1
CP-01287,TransactedWith,CP-01304,101287
CP-01287,UltimateBeneficialOwner,P-00087,1
CP-01288,TransactedWith,CP-01305,101288
CP-01288,UltimateBeneficialOwner,P-00088,1
CP-01289,TransactedWith,CP-01306,101289
CP-01289,UltimateBeneficialOwner,P-00089,1
CP-01290,TransactedWith,CP-01307,101290
CP-01290,UltimateBeneficialOwner,P-00090,1
CP-01291,TransactedWith,CP-01308,101291
CP-01291,UltimateBeneficialOwner,P-00091,1
CP-01292,TransactedWith,CP-01309,101292
CP-01292,UltimateBeneficialOwner,P-00092,1
CP-01293,TransactedWith,CP-01310,101293
CP-01293,UltimateBeneficialOwner,P-00093,1
CP-01294,TransactedWith,CP-01311,101294
CP-01294,UltimateBeneficialOwner,P-00094,1
CP-01295,TransactedWith,CP-01312,101295
CP-01295,UltimateBeneficialOwner,P-00095,1
CP-01296,TransactedWith,CP-01313,101296
CP-01296,UltimateBeneficialOwner,P-00096,1
CP-01297,TransactedWith,CP-01314,101297
CP-01297,UltimateBeneficialOwner,P-00097,1
CP-01298,TransactedWith,CP-01315,101298
CP-01298,UltimateBeneficialOwner,P-00098,1
CP-01299,TransactedWith,CP-01316,101299
CP-01299,UltimateBeneficialOwner,P-00099,1
CP-01300,TransactedWith,CP-01317,101300
CP-01300,UltimateBeneficialOwner,P-00100,1
CP-01301,TransactedWith,CP-01318,101301
CP-01301,UltimateBeneficialOwner,P-00101,1
CP-01302,TransactedWith,CP-01319,101302
CP-01302,UltimateBeneficialOwner,P-00102,1
CP-01303,TransactedWith,CP-01320,101303
CP-01303,UltimateBeneficialOwner,P-00103,1
CP-01304,TransactedWith,CP-01321,101304
CP-01304,UltimateBeneficialOwner,P-00104,1
CP-01305,TransactedWith,CP-01322,101305
CP-01305,UltimateBeneficialOwner,P-00105,1
CP-01306,TransactedWith,CP-01323,101306
CP-01306,UltimateBeneficialOwner,P-00106,1
CP-01307,TransactedWith,CP-01324,101307
CP-01307,UltimateBeneficialOwner,P-00107,1
CP-01308,TransactedWith,CP-01325,101308
CP-01308,UltimateBeneficialOwner,P-00108,1
CP-01309,TransactedWith,CP-01326,101309
CP-01309,UltimateBeneficialOwner,P-00109,1
CP-01310,TransactedWith,CP-01327,101310
CP-01310,UltimateBeneficialOwner,P-00110,1
CP-01311,TransactedWith,CP-01328,101311
CP-01311,UltimateBeneficialOwner,P-00111,1
CP-01312,TransactedWith,CP-01329,101312
CP-01312,UltimateBeneficialOwner,P-00112,1
CP-01313,TransactedWith,CP-01330,101313
CP-01313,UltimateBeneficialOwner,P-00113,1
CP-01314,TransactedWith,CP-01331,101314
CP-01314,UltimateBeneficialOwner,P-00114,1
CP-01315,TransactedWith,CP-01332,101315
CP-01315,UltimateBeneficialOwner,P-00115,1
CP-01316,TransactedWith,CP-01333,101316
CP-01316,UltimateBeneficialOwner,P-00116,1
CP-01317,TransactedWith,CP-01334,101317
CP-01317,UltimateBeneficialOwner,P-00117,1
CP-01318,TransactedWith,CP-01335,101318
CP-01318,UltimateBeneficialOwner,P-00118,1
CP-01319,TransactedWith,CP-01336,101319
CP-01319,UltimateBeneficialOwner,P-00119,1
CP-01320,TransactedWith,CP-01337,101320
CP-01320,UltimateBeneficialOwner,P-00120,1
CP-01321,TransactedWith,CP-01338,101321
CP-01321,UltimateBeneficialOwner,P-00121,1
CP-01322,TransactedWith,CP-01339,101322
CP-01322,UltimateBeneficialOwner,P-00122,1
CP-01323,TransactedWith,CP-01340,101323
CP-01323,UltimateBeneficialOwner,P-00123,1
CP-01324,TransactedWith,CP-01341,101324
CP-01324,UltimateBeneficialOwner,P-00124,1
CP-01325,TransactedWith,CP-01342,101325
CP-01325,UltimateBeneficialOwner,P-00125,1
CP-01326,TransactedWith,CP-01343,101326
CP-01326,UltimateBeneficialOwner,P-00126,1
CP-01327,TransactedWith,CP-01344,101327
CP-01327,UltimateBeneficialOwner,P-00127,1
CP-01328,TransactedWith,CP-01345,101328
CP-01328,UltimateBeneficialOwner,P-00128,1
CP-01329,TransactedWith,CP-01346,101329
CP-01329,UltimateBeneficialOwner,P-00129,1
CP-01330,TransactedWith,CP-01347,101330
CP-01330,UltimateBeneficialOwner,P-00130,1
CP-01331,TransactedWith,CP-01348,101331
CP-01331,UltimateBeneficialOwner,P-00131,1
CP-01332,TransactedWith,CP-01349,101332
CP-01332,UltimateBeneficialOwner,P-00132,1
CP-01333,TransactedWith,CP-01350,101333
CP-01333,UltimateBeneficialOwner,P-00133,1
CP-01334,TransactedWith,CP-01351,101334
CP-01334,UltimateBeneficialOwner,P-00134,1
CP-01335,TransactedWith,CP-01352,101335
CP-01335,UltimateBeneficialOwner,P-00135,1
CP-01336,TransactedWith,CP-01353,101336
CP-01336,UltimateBeneficialOwner,P-00136,1
CP-01337,TransactedWith,CP-01354,101337
CP-01337,UltimateBeneficialOwner,P-00137,1
CP-01338,TransactedWith,CP-01355,101338
CP-01338,UltimateBeneficialOwner,P-00138,1
CP-01339,TransactedWith,CP-01356,101339
CP-01339,UltimateBeneficialOwner,P-00139,1
CP-01340,TransactedWith,CP-01357,101340
CP-01340,UltimateBeneficialOwner,P-00140,1
CP-01341,TransactedWith,CP-01358,101341
CP-01341,UltimateBeneficialOwner,P-00141,1
CP-01342,TransactedWith,CP-01359,101342
CP-01342,UltimateBeneficialOwner,P-00142,1
CP-01343,TransactedWith,CP-01360,101343
CP-01343,UltimateBeneficialOwner,P-00143,1
CP-01344,TransactedWith,CP-01361,101344
CP-01344,UltimateBeneficialOwner,P-00144,1
CP-01345,TransactedWith,CP-01362,101345
CP-01345,UltimateBeneficialOwner,P-00145,1
CP-01346,TransactedWith,CP-01363,101346
CP-01346,UltimateBeneficialOwner,P-00146,1
CP-01347,TransactedWith,CP-01364,101347
CP-01347,UltimateBeneficialOwner,P-00147,1
CP-01348,TransactedWith,CP-01365,101348
CP-01348,UltimateBeneficialOwner,P-00148,1
CP-01349,TransactedWith,CP-01366,101349
CP-01349,UltimateBeneficialOwner,P-00149,1
CP-01350,TransactedWith,CP-01367,101350
CP-01350,UltimateBeneficialOwner,P-00150,1
CP-01351,TransactedWith,CP-01368,101351
CP-01351,UltimateBeneficialOwner,P-00151,1
CP-01352,TransactedWith,CP-01369,101352
CP-01352,UltimateBeneficialOwner,P-00152,1
CP-01353,TransactedWith,CP-01370,101353
CP-01353,UltimateBeneficialOwner,P-00153,1
CP-01354,TransactedWith,CP-01371,101354
CP-01354,UltimateBeneficialOwner,P-00154,1
CP-01355,TransactedWith,CP-01372,101355
CP-01355,UltimateBeneficialOwner,P-00155,1
CP-01356,TransactedWith,CP-01373,101356
CP-01356,UltimateBeneficialOwner,P-00156,1
CP-01357,TransactedWith,CP-01374,101357
CP-01357,UltimateBeneficialOwner,P-00157,1
CP-01358,TransactedWith,CP-01375,101358
CP-01358,UltimateBeneficialOwner,P-00158,1
CP-01359,TransactedWith,CP-01376,101359
CP-01359,UltimateBeneficialOwner,P-00159,1
CP-01360,TransactedWith,CP-01377,101360
CP-01360,UltimateBeneficialOwner,P-00160,1
CP-01361,TransactedWith,CP-01378,101361
CP-01361,UltimateBeneficialOwner,P-00161,1
CP-01362,TransactedWith,CP-01379,101362
CP-01362,UltimateBeneficialOwner,P-00162,1
CP-01363,TransactedWith,CP-01380,101363
CP-01363,UltimateBeneficialOwner,P-00163,1
CP-01364,TransactedWith,CP-01381,101364
CP-01364,UltimateBeneficialOwner,P-00164,1
CP-01365,TransactedWith,CP-01382,101365
CP-01365,UltimateBeneficialOwner,P-00165,1
CP-01366,TransactedWith,CP-01383,101366
CP-01366,UltimateBeneficialOwner,P-00166,1
CP-01367,TransactedWith,CP-01384,101367
CP-01367,UltimateBeneficialOwner,P-00167,1
CP-01368,TransactedWith,CP-01385,101368
CP-01368,UltimateBeneficialOwner,P-00168,1
CP-01369,TransactedWith,CP-01386,101369
CP-01369,UltimateBeneficialOwner,P-00169,1
CP-01370,TransactedWith,CP-01387,101370
CP-01370,UltimateBeneficialOwner,P-00170,1
CP-01371,TransactedWith,CP-01388,101371
CP-01371,UltimateBeneficialOwner,P-00171,1
CP-01372,TransactedWith,CP-01389,101372
CP-01372,UltimateBeneficialOwner,P-00172,1
CP-01373,TransactedWith,CP-01390,101373
CP-01373,UltimateBeneficialOwner,P-00173,1
CP-01374,TransactedWith,CP-01391,101374
CP-01374,UltimateBeneficialOwner,P-00174,1
CP-01375,TransactedWith,CP-01392,101375
CP-01375,UltimateBeneficialOwner,P-00175,1
CP-01376,TransactedWith,CP-01393,101376
CP-01376,UltimateBeneficialOwner,P-00176,1
CP-01377,TransactedWith,CP-01394,101377
CP-01377,UltimateBeneficialOwner,P-00177,1
CP-01378,TransactedWith,CP-01395,101378
CP-01378,UltimateBeneficialOwner,P-00178,1
CP-01379,TransactedWith,CP-01396,101379
CP-01379,UltimateBeneficialOwner,P-00179,1
CP-01380,TransactedWith,CP-01397,101380
CP-01380,UltimateBeneficialOwner,P-00180,1
CP-01381,TransactedWith,CP-01398,101381
CP-01381,UltimateBeneficialOwner,P-00181,1
CP-01382,TransactedWith,CP-01399,101382
CP-01382,UltimateBeneficialOwner,P-00182,1
CP-01383,TransactedWith,CP-01400,101383
CP-01383,UltimateBeneficialOwner,P-00183,1
CP-01384,TransactedWith,CP-01401,101384
CP-01384,UltimateBeneficialOwner,P-00184,1
CP-01385,TransactedWith,CP-01402,101385
CP-01385,UltimateBeneficialOwner,P-00185,1
CP-01386,TransactedWith,CP-01403,101386
CP-01386,UltimateBeneficialOwner,P-00186,1
CP-01387,TransactedWith,CP-01404,101387
CP-01387,UltimateBeneficialOwner,P-00187,1
CP-01388,TransactedWith,CP-01405,101388
CP-01388,UltimateBeneficialOwner,P-00188,1
CP-01389,TransactedWith,CP-01406,101389
CP-01389,UltimateBeneficialOwner,P-00189,1
CP-01390,TransactedWith,CP-01407,101390
CP-01390,UltimateBeneficialOwner,P-00190,1
CP-01391,TransactedWith,CP-01408,101391
CP-01391,UltimateBeneficialOwner,P-00191,1
CP-01392,TransactedWith,CP-01409,101392
CP-01392,UltimateBeneficialOwner,P-00192,1
CP-01393,TransactedWith,CP-01410,101393
CP-01393,UltimateBeneficialOwner,P-00193,1
CP-01394,TransactedWith,CP-01411,101394
CP-01394,UltimateBeneficialOwner,P-00194,1
CP-01395,TransactedWith,CP-01412,101395
CP-01395,UltimateBeneficialOwner,P-00195,1
CP-01396,TransactedWith,CP-01413,101396
CP-01396,UltimateBeneficialOwner,P-00196,1
CP-01397,TransactedWith,CP-01414,101397
CP-01397,UltimateBeneficialOwner,P-00197,1
CP-01398,TransactedWith,CP-01415,101398
CP-01398,UltimateBeneficialOwner,P-00198,1
CP-01399,TransactedWith,CP-01416,101399
CP-01399,UltimateBeneficialOwner,P-00199,1
CP-01400,TransactedWith,CP-01417,101400
CP-01400,UltimateBeneficialOwner,P-00200,1
CP-01401,TransactedWith,CP-01418,101401
CP-01401,UltimateBeneficialOwner,P-00201,1
CP-01402,TransactedWith,CP-01419,101402
CP-01402,UltimateBeneficialOwner,P-00202,1
CP-01403,TransactedWith,CP-01420,101403
CP-01403,UltimateBeneficialOwner,P-00203,1
CP-01404,TransactedWith,CP-01421,101404
CP-01404,UltimateBeneficialOwner,P-00204,1
CP-01405,TransactedWith,CP-01422,101405
CP-01405,UltimateBeneficialOwner,P-00205,1
CP-01406,TransactedWith,CP-01423,101406
CP-01406,UltimateBeneficialOwner,P-00206,1
CP-01407,TransactedWith,CP-01424,101407
CP-01407,UltimateBeneficialOwner,P-00207,1
CP-01408,TransactedWith,CP-01425,101408
CP-01408,UltimateBeneficialOwner,P-00208,1
CP-01409,TransactedWith,CP-01426,101409
CP-01409,UltimateBeneficialOwner,P-00209,1
CP-01410,TransactedWith,CP-01427,101410
CP-01410,UltimateBeneficialOwner,P-00210,1
CP-01411,TransactedWith,CP-01428,101411
CP-01411,UltimateBeneficialOwner,P-00211,1
CP-01412,TransactedWith,CP-01429,101412
CP-01412,UltimateBeneficialOwner,P-00212,1
CP-01413,TransactedWith,CP-01430,101413
CP-01413,UltimateBeneficialOwner,P-00213,1
CP-01414,TransactedWith,CP-01431,101414
CP-01414,UltimateBeneficialOwner,P-00214,1
CP-01415,TransactedWith,CP-01432,101415
CP-01415,UltimateBeneficialOwner,P-00215,1
CP-01416,TransactedWith,CP-01433,101416
CP-01416,UltimateBeneficialOwner,P-00216,1
CP-01417,TransactedWith,CP-01434,101417
CP-01417,UltimateBeneficialOwner,P-00217,1
CP-01418,TransactedWith,CP-01435,101418
CP-01418,UltimateBeneficialOwner,P-00218,1
CP-01419,TransactedWith,CP-01436,101419
CP-01419,UltimateBeneficialOwner,P-00219,1
CP-01420,TransactedWith,CP-01437,101420
CP-01420,UltimateBeneficialOwner,P-00220,1
CP-01421,TransactedWith,CP-01438,101421
CP-01421,UltimateBeneficialOwner,P-00221,1
CP-01422,TransactedWith,CP-01439,101422
CP-01422,UltimateBeneficialOwner,P-00222,1
CP-01423,TransactedWith,CP-01440,101423
CP-01423,UltimateBeneficialOwner,P-00223,1
CP-01424,TransactedWith,CP-01441,101424
CP-01424,UltimateBeneficialOwner,P-00224,1
CP-01425,TransactedWith,CP-01442,101425
CP-01425,UltimateBeneficialOwner,P-00225,1
CP-01426,TransactedWith,CP-01443,101426
CP-01426,UltimateBeneficialOwner,P-00226,1
CP-01427,TransactedWith,CP-01444,101427
CP-01427,UltimateBeneficialOwner,P-00227,1
CP-01428,TransactedWith,CP-01445,101428
CP-01428,UltimateBeneficialOwner,P-00228,1
CP-01429,TransactedWith,CP-01446,101429
CP-01429,UltimateBeneficialOwner,P-00229,1
CP-01430,TransactedWith,CP-01447,101430
CP-01430,UltimateBeneficialOwner,P-00230,1
CP-01431,TransactedWith,CP-01448,101431
CP-01431,UltimateBeneficialOwner,P-00231,1
CP-01432,TransactedWith,CP-01449,101432
CP-01432,UltimateBeneficialOwner,P-00232,1
CP-01433,TransactedWith,CP-01450,101433
CP-01433,UltimateBeneficialOwner,P-00233,1
CP-01434,TransactedWith,CP-01451,101434
CP-01434,UltimateBeneficialOwner,P-00234,1
CP-01435,TransactedWith,CP-01452,101435
CP-01435,UltimateBeneficialOwner,P-00235,1
CP-01436,TransactedWith,CP-01453,101436
CP-01436,UltimateBeneficialOwner,P-00236,1
CP-01437,TransactedWith,CP-01454,101437
CP-01437,UltimateBeneficialOwner,P-00237,1
CP-01438,TransactedWith,CP-01455,101438
CP-01438,UltimateBeneficialOwner,P-00238,1
CP-01439,TransactedWith,CP-01456,101439
CP-01439,UltimateBeneficialOwner,P-00239,1
CP-01440,TransactedWith,CP-01457,101440
CP-01440,UltimateBeneficialOwner,P-00240,1
CP-01441,TransactedWith,CP-01458,101441
CP-01441,UltimateBeneficialOwner,P-00241,1
CP-01442,TransactedWith,CP-01459,101442
CP-01442,UltimateBeneficialOwner,P-00242,1
CP-01443,TransactedWith,CP-01460,101443
CP-01443,UltimateBeneficialOwner,P-00243,1
CP-01444,TransactedWith,CP-01461,101444
CP-01444,UltimateBeneficialOwner,P-00244,1
CP-01445,TransactedWith,CP-01462,101445
CP-01445,UltimateBeneficialOwner,P-00245,1
CP-01446,TransactedWith,CP-01463,101446
CP-01446,UltimateBeneficialOwner,P-00246,1
CP-01447,TransactedWith,CP-01464,101447
CP-01447,UltimateBeneficialOwner,P-00247,1
CP-01448,TransactedWith,CP-01465,101448
CP-01448,UltimateBeneficialOwner,P-00248,1
CP-01449,TransactedWith,CP-01466,101449
CP-01449,UltimateBeneficialOwner,P-00249,1
CP-01450,TransactedWith,CP-01467,101450
CP-01450,UltimateBeneficialOwner,P-00250,1
CP-01451,TransactedWith,CP-01468,101451
CP-01451,UltimateBeneficialOwner,P-00251,1
CP-01452,TransactedWith,CP-01469,101452
CP-01452,UltimateBeneficialOwner,P-00252,1
CP-01453,TransactedWith,CP-01470,101453
CP-01453,UltimateBeneficialOwner,P-00253,1
CP-01454,TransactedWith,CP-01471,101454
CP-01454,UltimateBeneficialOwner,P-00254,1
CP-01455,TransactedWith,CP-01472,101455
CP-01455,UltimateBeneficialOwner,P-00255,1
CP-01456,TransactedWith,CP-01473,101456
CP-01456,UltimateBeneficialOwner,P-00256,1
CP-01457,TransactedWith,CP-01474,101457
CP-01457,UltimateBeneficialOwner,P-00257,1
CP-01458,TransactedWith,CP-01475,101458
CP-01458,UltimateBeneficialOwner,P-00258,1
CP-01459,TransactedWith,CP-01476,101459
CP-01459,UltimateBeneficialOwner,P-00259,1
CP-01460,TransactedWith,CP-01477,101460
CP-01460,UltimateBeneficialOwner,P-00260,1
CP-01461,TransactedWith,CP-01478,101461
CP-01461,UltimateBeneficialOwner,P-00261,1
CP-01462,TransactedWith,CP-01479,101462
CP-01462,UltimateBeneficialOwner,P-00262,1
CP-01463,TransactedWith,CP-01480,101463
CP-01463,UltimateBeneficialOwner,P-00263,1
CP-01464,TransactedWith,CP-01481,101464
CP-01464,UltimateBeneficialOwner,P-00264,1
CP-01465,TransactedWith,CP-01482,101465
CP-01465,UltimateBeneficialOwner,P-00265,1
CP-01466,TransactedWith,CP-01483,101466
CP-01466,UltimateBeneficialOwner,P-00266,1
CP-01467,TransactedWith,CP-01484,101467
CP-01467,UltimateBeneficialOwner,P-00267,1
CP-01468,TransactedWith,CP-01485,101468
CP-01468,UltimateBeneficialOwner,P-00268,1
CP-01469,TransactedWith,CP-01486,101469
CP-01469,UltimateBeneficialOwner,P-00269,1
CP-01470,TransactedWith,CP-01487,101470
CP-01470,UltimateBeneficialOwner,P-00270,1
CP-01471,TransactedWith,CP-01488,101471
CP-01471,UltimateBeneficialOwner,P-00271,1
CP-01472,TransactedWith,CP-01489,101472
CP-01472,UltimateBeneficialOwner,P-00272,1
CP-01473,TransactedWith,CP-01490,101473
CP-01473,UltimateBeneficialOwner,P-00273,1
CP-01474,TransactedWith,CP-01491,101474
CP-01474,UltimateBeneficialOwner,P-00274,1
CP-01475,TransactedWith,CP-01492,101475
CP-01475,UltimateBeneficialOwner,P-00275,1
CP-01476,TransactedWith,CP-01493,101476
CP-01476,UltimateBeneficialOwner,P-00276,1
CP-01477,TransactedWith,CP-01494,101477
CP-01477,UltimateBeneficialOwner,P-00277,1
CP-01478,TransactedWith,CP-01495,101478
CP-01478,UltimateBeneficialOwner,P-00278,1
CP-01479,TransactedWith,CP-01496,101479
CP-01479,UltimateBeneficialOwner,P-00279,1
CP-01480,TransactedWith,CP-01497,101480
CP-01480,UltimateBeneficialOwner,P-00280,1
CP-01481,TransactedWith,CP-01498,101481
CP-01481,UltimateBeneficialOwner,P-00281,1
CP-01482,TransactedWith,CP-01499,101482
CP-01482,UltimateBeneficialOwner,P-00282,1
CP-01483,TransactedWith,CP-01500,101483
CP-01483,UltimateBeneficialOwner,P-00283,1
CP-01484,TransactedWith,CP-01501,101484
CP-01484,UltimateBeneficialOwner,P-00284,1
CP-01485,TransactedWith,CP-01502,101485
CP-01485,UltimateBeneficialOwner,P-00285,1
CP-01486,TransactedWith,CP-01503,101486
CP-01486,UltimateBeneficialOwner,P-00286,1
CP-01487,TransactedWith,CP-01504,101487
CP-01487,UltimateBeneficialOwner,P-00287,1
CP-01488,TransactedWith,CP-01505,101488
CP-01488,UltimateBeneficialOwner,P-00288,1
CP-01489,TransactedWith,CP-01506,101489
CP-01489,UltimateBeneficialOwner,P-00289,1
CP-01490,TransactedWith,CP-01507,101490
CP-01490,UltimateBeneficialOwner,P-00290,1
CP-01491,TransactedWith,CP-01508,101491
CP-01491,UltimateBeneficialOwner,P-00291,1
CP-01492,TransactedWith,CP-01509,101492
CP-01492,UltimateBeneficialOwner,P-00292,1
CP-01493,TransactedWith,CP-01510,101493
CP-01493,UltimateBeneficialOwner,P-00293,1
CP-01494,TransactedWith,CP-01511,101494
CP-01494,UltimateBeneficialOwner,P-00294,1
CP-01495,TransactedWith,CP-01512,101495
CP-01495,UltimateBeneficialOwner,P-00295,1
CP-01496,TransactedWith,CP-01513,101496
CP-01496,UltimateBeneficialOwner,P-00296,1
CP-01497,TransactedWith,CP-01514,101497
CP-01497,UltimateBeneficialOwner,P-00297,1
CP-01498,TransactedWith,CP-01515,101498
CP-01498,UltimateBeneficialOwner,P-00298,1
CP-01499,TransactedWith,CP-01516,101499
CP-01499,UltimateBeneficialOwner,P-00299,1
CP-01500,TransactedWith,CP-01517,101500
CP-01500,UltimateBeneficialOwner,P-00300,1
CP-01501,TransactedWith,CP-01518,101501
CP-01501,UltimateBeneficialOwner,P-00301,1
CP-01502,TransactedWith,CP-01519,101502
CP-01502,UltimateBeneficialOwner,P-00302,1
CP-01503,TransactedWith,CP-01520,101503
CP-01503,UltimateBeneficialOwner,P-00303,1
CP-01504,TransactedWith,CP-01521,101504
CP-01504,UltimateBeneficialOwner,P-00304,1
CP-01505,TransactedWith,CP-01522,101505
CP-01505,UltimateBeneficialOwner,P-00305,1
CP-01506,TransactedWith,CP-01523,101506
CP-01506,UltimateBeneficialOwner,P-00306,1
CP-01507,TransactedWith,CP-01524,101507
CP-01507,UltimateBeneficialOwner,P-00307,1
CP-01508,TransactedWith,CP-01525,101508
CP-01508,UltimateBeneficialOwner,P-00308,1
CP-01509,TransactedWith,CP-01526,101509
CP-01509,UltimateBeneficialOwner,P-00309,1
CP-01510,TransactedWith,CP-01527,101510
CP-01510,UltimateBeneficialOwner,P-00310,1
CP-01511,TransactedWith,CP-01528,101511
CP-01511,UltimateBeneficialOwner,P-00311,1
CP-01512,TransactedWith,CP-01529,101512
CP-01512,UltimateBeneficialOwner,P-00312,1
CP-01513,TransactedWith,CP-01530,101513
CP-01513,UltimateBeneficialOwner,P-00313,1
CP-01514,TransactedWith,CP-01531,101514
CP-01514,UltimateBeneficialOwner,P-00314,1
CP-01515,TransactedWith,CP-01532,101515
CP-01515,UltimateBeneficialOwner,P-00315,1
CP-01516,TransactedWith,CP-01533,101516
CP-01516,UltimateBeneficialOwner,P-00316,1
CP-01517,TransactedWith,CP-01534,101517
CP-01517,UltimateBeneficialOwner,P-00317,1
CP-01518,TransactedWith,CP-01535,101518
CP-01518,UltimateBeneficialOwner,P-00318,1
CP-01519,TransactedWith,CP-01536,101519
CP-01519,UltimateBeneficialOwner,P-00319,1
CP-01520,TransactedWith,CP-01537,101520
CP-01520,UltimateBeneficialOwner,P-00320,1
CP-01521,TransactedWith,CP-01538,101521
CP-01521,UltimateBeneficialOwner,P-00321,1
CP-01522,TransactedWith,CP-01539,101522
CP-01522,UltimateBeneficialOwner,P-00322,1
CP-01523,TransactedWith,CP-01540,101523
CP-01523,UltimateBeneficialOwner,P-00323,1
CP-01524,TransactedWith,CP-01541,101524
CP-01524,UltimateBeneficialOwner,P-00324,1
CP-01525,TransactedWith,CP-01542,101525
CP-01525,UltimateBeneficialOwner,P-00325,1
CP-01526,TransactedWith,CP-01543,101526
CP-01526,UltimateBeneficialOwner,P-00326,1
CP-01527,TransactedWith,CP-01544,101527
CP-01527,UltimateBeneficialOwner,P-00327,1
CP-01528,TransactedWith,CP-01545,101528
CP-01528,UltimateBeneficialOwner,P-00328,1
CP-01529,TransactedWith,CP-01546,101529
CP-01529,UltimateBeneficialOwner,P-00329,1
CP-01530,TransactedWith,CP-01547,101530
CP-01530,UltimateBeneficialOwner,P-00330,1
CP-01531,TransactedWith,CP-01548,101531
CP-01531,UltimateBeneficialOwner,P-00331,1
CP-01532,TransactedWith,CP-01549,101532
CP-01532,UltimateBeneficialOwner,P-00332,1
CP-01533,TransactedWith,CP-01550,101533
CP-01533,UltimateBeneficialOwner,P-00333,1
CP-01534,TransactedWith,CP-01551,101534
CP-01534,UltimateBeneficialOwner,P-00334,1
CP-01535,TransactedWith,CP-01552,101535
CP-01535,UltimateBeneficialOwner,P-00335,1
CP-01536,TransactedWith,CP-01553,101536
CP-01536,UltimateBeneficialOwner,P-00336,1
CP-01537,TransactedWith,CP-01554,101537
CP-01537,UltimateBeneficialOwner,P-00337,1
CP-01538,TransactedWith,CP-01555,101538
CP-01538,UltimateBeneficialOwner,P-00338,1
CP-01539,TransactedWith,CP-01556,101539
CP-01539,UltimateBeneficialOwner,P-00339,1
CP-01540,TransactedWith,CP-01557,101540
CP-01540,UltimateBeneficialOwner,P-00340,1
CP-01541,TransactedWith,CP-01558,101541
CP-01541,UltimateBeneficialOwner,P-00341,1
CP-01542,TransactedWith,CP-01559,101542
CP-01542,UltimateBeneficialOwner,P-00342,1
CP-01543,TransactedWith,CP-01560,101543
CP-01543,UltimateBeneficialOwner,P-00343,1
CP-01544,TransactedWith,CP-01561,101544
CP-01544,UltimateBeneficialOwner,P-00344,1
CP-01545,TransactedWith,CP-01562,101545
CP-01545,UltimateBeneficialOwner,P-00345,1
CP-01546,TransactedWith,CP-01563,101546
CP-01546,UltimateBeneficialOwner,P-00346,1
CP-01547,TransactedWith,CP-01564,101547
CP-01547,UltimateBeneficialOwner,P-00347,1
CP-01548,TransactedWith,CP-01565,101548
CP-01548,UltimateBeneficialOwner,P-00348,1
CP-01549,TransactedWith,CP-01566,101549
CP-01549,UltimateBeneficialOwner,P-00349,1
CP-01550,TransactedWith,CP-01567,101550
CP-01550,UltimateBeneficialOwner,P-00350,1
CP-01551,TransactedWith,CP-01568,101551
CP-01551,UltimateBeneficialOwner,P-00351,1
CP-01552,TransactedWith,CP-01569,101552
CP-01552,UltimateBeneficialOwner,P-00352,1
CP-01553,TransactedWith,CP-01570,101553
CP-01553,UltimateBeneficialOwner,P-00353,1
CP-01554,TransactedWith,CP-01571,101554
CP-01554,UltimateBeneficialOwner,P-00354,1
CP-01555,TransactedWith,CP-01572,101555
CP-01555,UltimateBeneficialOwner,P-00355,1
CP-01556,TransactedWith,CP-01573,101556
CP-01556,UltimateBeneficialOwner,P-00356,1
CP-01557,TransactedWith,CP-01574,101557
CP-01557,UltimateBeneficialOwner,P-00357,1
CP-01558,TransactedWith,CP-01575,101558
CP-01558,UltimateBeneficialOwner,P-00358,1
CP-01559,TransactedWith,CP-01576,101559
CP-01559,UltimateBeneficialOwner,P-00359,1
CP-01560,TransactedWith,CP-01577,101560
CP-01560,UltimateBeneficialOwner,P-00360,1
CP-01561,TransactedWith,CP-01578,101561
CP-01561,UltimateBeneficialOwner,P-00361,1
CP-01562,TransactedWith,CP-01579,101562
CP-01562,UltimateBeneficialOwner,P-00362,1
CP-01563,TransactedWith,CP-01580,101563
CP-01563,UltimateBeneficialOwner,P-00363,1
CP-01564,TransactedWith,CP-01581,101564
CP-01564,UltimateBeneficialOwner,P-00364,1
CP-01565,TransactedWith,CP-01582,101565
CP-01565,UltimateBeneficialOwner,P-00365,1
CP-01566,TransactedWith,CP-01583,101566
CP-01566,UltimateBeneficialOwner,P-00366,1
CP-01567,TransactedWith,CP-01584,101567
CP-01567,UltimateBeneficialOwner,P-00367,1
CP-01568,TransactedWith,CP-01585,101568
CP-01568,UltimateBeneficialOwner,P-00368,1
CP-01569,TransactedWith,CP-01586,101569
CP-01569,UltimateBeneficialOwner,P-00369,1
CP-01570,TransactedWith,CP-01587,101570
CP-01570,UltimateBeneficialOwner,P-00370,1
CP-01571,TransactedWith,CP-01588,101571
CP-01571,UltimateBeneficialOwner,P-00371,1
CP-01572,TransactedWith,CP-01589,101572
CP-01572,UltimateBeneficialOwner,P-00372,1
CP-01573,TransactedWith,CP-01590,101573
CP-01573,UltimateBeneficialOwner,P-00373,1
CP-01574,TransactedWith,CP-01591,101574
CP-01574,UltimateBeneficialOwner,P-00374,1
CP-01575,TransactedWith,CP-01592,101575
CP-01575,UltimateBeneficialOwner,P-00375,1
CP-01576,TransactedWith,CP-01593,101576
CP-01576,UltimateBeneficialOwner,P-00376,1
CP-01577,TransactedWith,CP-01594,101577
CP-01577,UltimateBeneficialOwner,P-00377,1
CP-01578,TransactedWith,CP-01595,101578
CP-01578,UltimateBeneficialOwner,P-00378,1
CP-01579,TransactedWith,CP-01596,101579
CP-01579,UltimateBeneficialOwner,P-00379,1
CP-01580,TransactedWith,CP-01597,101580
CP-01580,UltimateBeneficialOwner,P-00380,1
CP-01581,TransactedWith,CP-01598,101581
CP-01581,UltimateBeneficialOwner,P-00381,1
CP-01582,TransactedWith,CP-01599,101582
CP-01582,UltimateBeneficialOwner,P-00382,1
CP-01583,TransactedWith,CP-01600,101583
CP-01583,UltimateBeneficialOwner,P-00383,1
CP-01584,TransactedWith,CP-01601,101584
CP-01584,UltimateBeneficialOwner,P-00384,1
CP-01585,TransactedWith,CP-01602,101585
CP-01585,UltimateBeneficialOwner,P-00385,1
CP-01586,TransactedWith,CP-01603,101586
CP-01586,UltimateBeneficialOwner,P-00386,1
CP-01587,TransactedWith,CP-01604,101587
CP-01587,UltimateBeneficialOwner,P-00387,1
CP-01588,TransactedWith,CP-01605,101588
CP-01588,UltimateBeneficialOwner,P-00388,1
CP-01589,TransactedWith,CP-01606,101589
CP-01589,UltimateBeneficialOwner,P-00389,1
CP-01590,TransactedWith,CP-01607,101590
CP-01590,UltimateBeneficialOwner,P-00390,1
CP-01591,TransactedWith,CP-01608,101591
CP-01591,UltimateBeneficialOwner,P-00391,1
CP-01592,TransactedWith,CP-01609,101592
CP-01592,UltimateBeneficialOwner,P-00392,1
CP-01593,TransactedWith,CP-01610,101593
CP-01593,UltimateBeneficialOwner,P-00393,1
CP-01594,TransactedWith,CP-01611,101594
CP-01594,UltimateBeneficialOwner,P-00394,1
CP-01595,TransactedWith,CP-01612,101595
CP-01595,UltimateBeneficialOwner,P-00395,1
CP-01596,TransactedWith,CP-01613,101596
CP-01596,UltimateBeneficialOwner,P-00396,1
CP-01597,TransactedWith,CP-01614,101597
CP-01597,UltimateBeneficialOwner,P-00397,1
CP-01598,TransactedWith,CP-01615,101598
CP-01598,UltimateBeneficialOwner,P-00398,1
CP-01599,TransactedWith,CP-01616,101599
CP-01599,UltimateBeneficialOwner,P-00399,1
CP-01600,TransactedWith,CP-01617,101600
CP-01600,UltimateBeneficialOwner,P-00400,1
CP-01601,TransactedWith,CP-01618,101601
CP-01601,UltimateBeneficialOwner,P-00401,1
CP-01602,TransactedWith,CP-01619,101602
CP-01602,UltimateBeneficialOwner,P-00402,1
CP-01603,TransactedWith,CP-01620,101603
CP-01603,UltimateBeneficialOwner,P-00403,1
CP-01604,TransactedWith,CP-01621,101604
CP-01604,UltimateBeneficialOwner,P-00404,1
CP-01605,TransactedWith,CP-01622,101605
CP-01605,UltimateBeneficialOwner,P-00405,1
CP-01606,TransactedWith,CP-01623,101606
CP-01606,UltimateBeneficialOwner,P-00406,1
CP-01607,TransactedWith,CP-01624,101607
CP-01607,UltimateBeneficialOwner,P-00407,1
CP-01608,TransactedWith,CP-01625,101608
CP-01608,UltimateBeneficialOwner,P-00408,1
CP-01609,TransactedWith,CP-01626,101609
CP-01609,UltimateBeneficialOwner,P-00409,1
CP-01610,TransactedWith,CP-01627,101610
CP-01610,UltimateBeneficialOwner,P-00410,1
CP-01611,TransactedWith,CP-01628,101611
CP-01611,UltimateBeneficialOwner,P-00411,1
CP-01612,TransactedWith,CP-01629,101612
CP-01612,UltimateBeneficialOwner,P-00412,1
CP-01613,TransactedWith,CP-01630,101613
CP-01613,UltimateBeneficialOwner,P-00413,1
CP-01614,TransactedWith,CP-01631,101614
CP-01614,UltimateBeneficialOwner,P-00414,1
CP-01615,TransactedWith,CP-01632,101615
CP-01615,UltimateBeneficialOwner,P-00415,1
CP-01616,TransactedWith,CP-01633,101616
CP-01616,UltimateBeneficialOwner,P-00416,1
CP-01617,TransactedWith,CP-01634,101617
CP-01617,UltimateBeneficialOwner,P-00417,1
CP-01618,TransactedWith,CP-01635,101618
CP-01618,UltimateBeneficialOwner,P-00418,1
CP-01619,TransactedWith,CP-01636,101619
CP-01619,UltimateBeneficialOwner,P-00419,1
CP-01620,TransactedWith,CP-01637,101620
CP-01620,UltimateBeneficialOwner,P-00420,1
CP-01621,TransactedWith,CP-01638,101621
CP-01621,UltimateBeneficialOwner,P-00421,1
CP-01622,TransactedWith,CP-01639,101622
CP-01622,UltimateBeneficialOwner,P-00422,1
CP-01623,TransactedWith,CP-01640,101623
CP-01623,UltimateBeneficialOwner,P-00423,1
CP-01624,TransactedWith,CP-01641,101624
CP-01624,UltimateBeneficialOwner,P-00424,1
CP-01625,TransactedWith,CP-01642,101625
CP-01625,UltimateBeneficialOwner,P-00425,1
CP-01626,TransactedWith,CP-01643,101626
CP-01626,UltimateBeneficialOwner,P-00426,1
CP-01627,TransactedWith,CP-01644,101627
CP-01627,UltimateBeneficialOwner,P-00427,1
CP-01628,TransactedWith,CP-01645,101628
CP-01628,UltimateBeneficialOwner,P-00428,1
CP-01629,TransactedWith,CP-01646,101629
CP-01629,UltimateBeneficialOwner,P-00429,1
CP-01630,TransactedWith,CP-01647,101630
CP-01630,UltimateBeneficialOwner,P-00430,1
CP-01631,TransactedWith,CP-01648,101631
CP-01631,UltimateBeneficialOwner,P-00431,1
CP-01632,TransactedWith,CP-01649,101632
CP-01632,UltimateBeneficialOwner,P-00432,1
CP-01633,TransactedWith,CP-01650,101633
CP-01633,UltimateBeneficialOwner,P-00433,1
CP-01634,TransactedWith,CP-01651,101634
CP-01634,UltimateBeneficialOwner,P-00434,1
CP-01635,TransactedWith,CP-01652,101635
CP-01635,UltimateBeneficialOwner,P-00435,1
CP-01636,TransactedWith,CP-01653,101636
CP-01636,UltimateBeneficialOwner,P-00436,1
CP-01637,TransactedWith,CP-01654,101637
CP-01637,UltimateBeneficialOwner,P-00437,1
CP-01638,TransactedWith,CP-01655,101638
CP-01638,UltimateBeneficialOwner,P-00438,1
CP-01639,TransactedWith,CP-01656,101639
CP-01639,UltimateBeneficialOwner,P-00439,1
CP-01640,TransactedWith,CP-01657,101640
CP-01640,UltimateBeneficialOwner,P-00440,1
CP-01641,TransactedWith,CP-01658,101641
CP-01641,UltimateBeneficialOwner,P-00441,1
CP-01642,TransactedWith,CP-01659,101642
CP-01642,UltimateBeneficialOwner,P-00442,1
CP-01643,TransactedWith,CP-01660,101643
CP-01643,UltimateBeneficialOwner,P-00443,1
CP-01644,TransactedWith,CP-01661,101644
CP-01644,UltimateBeneficialOwner,P-00444,1
CP-01645,TransactedWith,CP-01662,101645
CP-01645,UltimateBeneficialOwner,P-00445,1
CP-01646,TransactedWith,CP-01663,101646
CP-01646,UltimateBeneficialOwner,P-00446,1
CP-01647,TransactedWith,CP-01664,101647
CP-01647,UltimateBeneficialOwner,P-00447,1
CP-01648,TransactedWith,CP-01665,101648
CP-01648,UltimateBeneficialOwner,P-00448,1
CP-01649,TransactedWith,CP-01666,101649
CP-01649,UltimateBeneficialOwner,P-00449,1
CP-01650,TransactedWith,CP-01667,101650
CP-01650,UltimateBeneficialOwner,P-00450,1
CP-01651,TransactedWith,CP-01668,101651
CP-01651,UltimateBeneficialOwner,P-00451,1
CP-01652,TransactedWith,CP-01669,101652
CP-01652,UltimateBeneficialOwner,P-00452,1
CP-01653,TransactedWith,CP-01670,101653
CP-01653,UltimateBeneficialOwner,P-00453,1
CP-01654,TransactedWith,CP-01671,101654
CP-01654,UltimateBeneficialOwner,P-00454,1
CP-01655,TransactedWith,CP-01672,101655
CP-01655,UltimateBeneficialOwner,P-00455,1
CP-01656,TransactedWith,CP-01673,101656
CP-01656,UltimateBeneficialOwner,P-00456,1
CP-01657,TransactedWith,CP-01674,101657
CP-01657,UltimateBeneficialOwner,P-00457,1
CP-01658,TransactedWith,CP-01675,101658
CP-01658,UltimateBeneficialOwner,P-00458,1
CP-01659,TransactedWith,CP-01676,101659
CP-01659,UltimateBeneficialOwner,P-00459,1
CP-01660,TransactedWith,CP-01677,101660
CP-01660,UltimateBeneficialOwner,P-00460,1
CP-01661,TransactedWith,CP-01678,101661
CP-01661,UltimateBeneficialOwner,P-00461,1
CP-01662,TransactedWith,CP-01679,101662
CP-01662,UltimateBeneficialOwner,P-00462,1
CP-01663,TransactedWith,CP-01680,101663
CP-01663,UltimateBeneficialOwner,P-00463,1
CP-01664,TransactedWith,CP-01681,101664
CP-01664,UltimateBeneficialOwner,P-00464,1
CP-01665,TransactedWith,CP-01682,101665
CP-01665,UltimateBeneficialOwner,P-00465,1
CP-01666,TransactedWith,CP-01683,101666
CP-01666,UltimateBeneficialOwner,P-00466,1
CP-01667,TransactedWith,CP-01684,101667
CP-01667,UltimateBeneficialOwner,P-00467,1
CP-01668,TransactedWith,CP-01685,101668
CP-01668,UltimateBeneficialOwner,P-00468,1
CP-01669,TransactedWith,CP-01686,101669
CP-01669,UltimateBeneficialOwner,P-00469,1
CP-01670,TransactedWith,CP-01687,101670
CP-01670,UltimateBeneficialOwner,P-00470,1
CP-01671,TransactedWith,CP-01688,101671
CP-01671,UltimateBeneficialOwner,P-00471,1
CP-01672,TransactedWith,CP-01689,101672
CP-01672,UltimateBeneficialOwner,P-00472,1
CP-01673,TransactedWith,CP-01690,101673
CP-01673,UltimateBeneficialOwner,P-00473,1
CP-01674,TransactedWith,CP-01691,101674
CP-01674,UltimateBeneficialOwner,P-00474,1
CP-01675,TransactedWith,CP-01692,101675
CP-01675,UltimateBeneficialOwner,P-00475,1
CP-01676,TransactedWith,CP-01693,101676
CP-01676,UltimateBeneficialOwner,P-00476,1
CP-01677,TransactedWith,CP-01694,101677
CP-01677,UltimateBeneficialOwner,P-00477,1
CP-01678,TransactedWith,CP-01695,101678
CP-01678,UltimateBeneficialOwner,P-00478,1
CP-01679,TransactedWith,CP-01696,101679
CP-01679,UltimateBeneficialOwner,P-00479,1
CP-01680,TransactedWith,CP-01697,101680
CP-01680,UltimateBeneficialOwner,P-00480,1
CP-01681,TransactedWith,CP-01698,101681
CP-01681,UltimateBeneficialOwner,P-00481,1
CP-01682,TransactedWith,CP-01699,101682
CP-01682,UltimateBeneficialOwner,P-00482,1
CP-01683,TransactedWith,CP-01700,101683
CP-01683,UltimateBeneficialOwner,P-00483,1
CP-01684,TransactedWith,CP-01701,101684
CP-01684,UltimateBeneficialOwner,P-00484,1
CP-01685,TransactedWith,CP-01702,101685
CP-01685,UltimateBeneficialOwner,P-00485,1
CP-01686,TransactedWith,CP-01703,101686
CP-01686,UltimateBeneficialOwner,P-00486,1
CP-01687,TransactedWith,CP-01704,101687
CP-01687,UltimateBeneficialOwner,P-00487,1
CP-01688,TransactedWith,CP-01705,101688
CP-01688,UltimateBeneficialOwner,P-00488,1
CP-01689,TransactedWith,CP-01706,101689
CP-01689,UltimateBeneficialOwner,P-00489,1
CP-01690,TransactedWith,CP-01707,101690
CP-01690,UltimateBeneficialOwner,P-00490,1
CP-01691,TransactedWith,CP-01708,101691
CP-01691,UltimateBeneficialOwner,P-00491,1
CP-01692,TransactedWith,CP-01709,101692
CP-01692,UltimateBeneficialOwner,P-00492,1
CP-01693,TransactedWith,CP-01710,101693
CP-01693,UltimateBeneficialOwner,P-00493,1
CP-01694,TransactedWith,CP-01711,101694
CP-01694,UltimateBeneficialOwner,P-00494,1
CP-01695,TransactedWith,CP-01712,101695
CP-01695,UltimateBeneficialOwner,P-00495,1
CP-01696,TransactedWith,CP-01713,101696
CP-01696,UltimateBeneficialOwner,P-00496,1
CP-01697,TransactedWith,CP-01714,101697
CP-01697,UltimateBeneficialOwner,P-00497,1
CP-01698,TransactedWith,CP-01715,101698
CP-01698,UltimateBeneficialOwner,P-00498,1
CP-01699,TransactedWith,CP-01716,101699
CP-01699,UltimateBeneficialOwner,P-00499,1
CP-01700,TransactedWith,CP-01717,101700
CP-01700,UltimateBeneficialOwner,P-00500,1
CP-01701,TransactedWith,CP-01718,101701
CP-01701,UltimateBeneficialOwner,P-00501,1
CP-01702,TransactedWith,CP-01719,101702
CP-01702,UltimateBeneficialOwner,P-00502,1
CP-01703,TransactedWith,CP-01720,101703
CP-01703,UltimateBeneficialOwner,P-00503,1
CP-01704,TransactedWith,CP-01721,101704
CP-01704,UltimateBeneficialOwner,P-00504,1
CP-01705,TransactedWith,CP-01722,101705
CP-01705,UltimateBeneficialOwner,P-00505,1
CP-01706,TransactedWith,CP-01723,101706
CP-01706,UltimateBeneficialOwner,P-00506,1
CP-01707,TransactedWith,CP-01724,101707
CP-01707,UltimateBeneficialOwner,P-00507,1
CP-01708,TransactedWith,CP-01725,101708
CP-01708,UltimateBeneficialOwner,P-00508,1
CP-01709,TransactedWith,CP-01726,101709
CP-01709,UltimateBeneficialOwner,P-00509,1
CP-01710,TransactedWith,CP-01727,101710
CP-01710,UltimateBeneficialOwner,P-00510,1
CP-01711,TransactedWith,CP-01728,101711
CP-01711,UltimateBeneficialOwner,P-00511,1
CP-01712,TransactedWith,CP-01729,101712
CP-01712,UltimateBeneficialOwner,P-00512,1
CP-01713,TransactedWith,CP-01730,101713
CP-01713,UltimateBeneficialOwner,P-00513,1
CP-01714,TransactedWith,CP-01731,101714
CP-01714,UltimateBeneficialOwner,P-00514,1
CP-01715,TransactedWith,CP-01732,101715
CP-01715,UltimateBeneficialOwner,P-00515,1
CP-01716,TransactedWith,CP-01733,101716
CP-01716,UltimateBeneficialOwner,P-00516,1
CP-01717,TransactedWith,CP-01734,101717
CP-01717,UltimateBeneficialOwner,P-00517,1
CP-01718,TransactedWith,CP-01735,101718
CP-01718,UltimateBeneficialOwner,P-00518,1
CP-01719,TransactedWith,CP-01736,101719
CP-01719,UltimateBeneficialOwner,P-00519,1
CP-01720,TransactedWith,CP-01737,101720
CP-01720,UltimateBeneficialOwner,P-00520,1
CP-01721,TransactedWith,CP-01738,101721
CP-01721,UltimateBeneficialOwner,P-00521,1
CP-01722,TransactedWith,CP-01739,101722
CP-01722,UltimateBeneficialOwner,P-00522,1
CP-01723,TransactedWith,CP-01740,101723
CP-01723,UltimateBeneficialOwner,P-00523,1
CP-01724,TransactedWith,CP-01741,101724
CP-01724,UltimateBeneficialOwner,P-00524,1
CP-01725,TransactedWith,CP-01742,101725
CP-01725,UltimateBeneficialOwner,P-00525,1
CP-01726,TransactedWith,CP-01743,101726
CP-01726,UltimateBeneficialOwner,P-00526,1
CP-01727,TransactedWith,CP-01744,101727
CP-01727,UltimateBeneficialOwner,P-00527,1
CP-01728,TransactedWith,CP-01745,101728
CP-01728,UltimateBeneficialOwner,P-00528,1
CP-01729,TransactedWith,CP-01746,101729
CP-01729,UltimateBeneficialOwner,P-00529,1
CP-01730,TransactedWith,CP-01747,101730
CP-01730,UltimateBeneficialOwner,P-00530,1
CP-01731,TransactedWith,CP-01748,101731
CP-01731,UltimateBeneficialOwner,P-00531,1
CP-01732,TransactedWith,CP-01749,101732
CP-01732,UltimateBeneficialOwner,P-00532,1
CP-01733,TransactedWith,CP-01750,101733
CP-01733,UltimateBeneficialOwner,P-00533,1
CP-01734,TransactedWith,CP-01751,101734
CP-01734,UltimateBeneficialOwner,P-00534,1
CP-01735,TransactedWith,CP-01752,101735
CP-01735,UltimateBeneficialOwner,P-00535,1
CP-01736,TransactedWith,CP-01753,101736
CP-01736,UltimateBeneficialOwner,P-00536,1
CP-01737,TransactedWith,CP-01754,101737
CP-01737,UltimateBeneficialOwner,P-00537,1
CP-01738,TransactedWith,CP-01755,101738
CP-01738,UltimateBeneficialOwner,P-00538,1
CP-01739,TransactedWith,CP-01756,101739
CP-01739,UltimateBeneficialOwner,P-00539,1
CP-01740,TransactedWith,CP-01757,101740
CP-01740,UltimateBeneficialOwner,P-00540,1
CP-01741,TransactedWith,CP-01758,101741
CP-01741,UltimateBeneficialOwner,P-00541,1
CP-01742,TransactedWith,CP-01759,101742
CP-01742,UltimateBeneficialOwner,P-00542,1
CP-01743,TransactedWith,CP-01760,101743
CP-01743,UltimateBeneficialOwner,P-00543,1
CP-01744,TransactedWith,CP-01761,101744
CP-01744,UltimateBeneficialOwner,P-00544,1
CP-01745,TransactedWith,CP-01762,101745
CP-01745,UltimateBeneficialOwner,P-00545,1
CP-01746,TransactedWith,CP-01763,101746
CP-01746,UltimateBeneficialOwner,P-00546,1
CP-01747,TransactedWith,CP-01764,101747
CP-01747,UltimateBeneficialOwner,P-00547,1
CP-01748,TransactedWith,CP-01765,101748
CP-01748,UltimateBeneficialOwner,P-00548,1
CP-01749,TransactedWith,CP-01766,101749
CP-01749,UltimateBeneficialOwner,P-00549,1
CP-01750,TransactedWith,CP-01767,101750
CP-01750,UltimateBeneficialOwner,P-00550,1
CP-01751,TransactedWith,CP-01768,101751
CP-01751,UltimateBeneficialOwner,P-00551,1
CP-01752,TransactedWith,CP-01769,101752
CP-01752,UltimateBeneficialOwner,P-00552,1
CP-01753,TransactedWith,CP-01770,101753
CP-01753,UltimateBeneficialOwner,P-00553,1
CP-01754,TransactedWith,CP-01771,101754
CP-01754,UltimateBeneficialOwner,P-00554,1
CP-01755,TransactedWith,CP-01772,101755
CP-01755,UltimateBeneficialOwner,P-00555,1
CP-01756,TransactedWith,CP-01773,101756
CP-01756,UltimateBeneficialOwner,P-00556,1
CP-01757,TransactedWith,CP-01774,101757
CP-01757,UltimateBeneficialOwner,P-00557,1
CP-01758,TransactedWith,CP-01775,101758
CP-01758,UltimateBeneficialOwner,P-00558,1
CP-01759,TransactedWith,CP-01776,101759
CP-01759,UltimateBeneficialOwner,P-00559,1
CP-01760,TransactedWith,CP-01777,101760
CP-01760,UltimateBeneficialOwner,P-00560,1
CP-01761,TransactedWith,CP-01778,101761
CP-01761,UltimateBeneficialOwner,P-00561,1
CP-01762,TransactedWith,CP-01779,101762
CP-01762,UltimateBeneficialOwner,P-00562,1
CP-01763,TransactedWith,CP-01780,101763
CP-01763,UltimateBeneficialOwner,P-00563,1
CP-01764,TransactedWith,CP-01781,101764
CP-01764,UltimateBeneficialOwner,P-00564,1
CP-01765,TransactedWith,CP-01782,101765
CP-01765,UltimateBeneficialOwner,P-00565,1
CP-01766,TransactedWith,CP-01783,101766
CP-01766,UltimateBeneficialOwner,P-00566,1
CP-01767,TransactedWith,CP-01784,101767
CP-01767,UltimateBeneficialOwner,P-00567,1
CP-01768,TransactedWith,CP-01785,101768
CP-01768,UltimateBeneficialOwner,P-00568,1
CP-01769,TransactedWith,CP-01786,101769
CP-01769,UltimateBeneficialOwner,P-00569,1
CP-01770,TransactedWith,CP-01787,101770
CP-01770,UltimateBeneficialOwner,P-00570,1
CP-01771,TransactedWith,CP-01788,101771
CP-01771,UltimateBeneficialOwner,P-00571,1
CP-01772,TransactedWith,CP-01789,101772
CP-01772,UltimateBeneficialOwner,P-00572,1
CP-01773,TransactedWith,CP-01790,101773
CP-01773,UltimateBeneficialOwner,P-00573,1
CP-01774,TransactedWith,CP-01791,101774
CP-01774,UltimateBeneficialOwner,P-00574,1
CP-01775,TransactedWith,CP-01792,101775
CP-01775,UltimateBeneficialOwner,P-00575,1
CP-01776,TransactedWith,CP-01793,101776
CP-01776,UltimateBeneficialOwner,P-00576,1
CP-01777,TransactedWith,CP-01794,101777
CP-01777,UltimateBeneficialOwner,P-00577,1
CP-01778,TransactedWith,CP-01795,101778
CP-01778,UltimateBeneficialOwner,P-00578,1
CP-01779,TransactedWith,CP-01796,101779
CP-01779,UltimateBeneficialOwner,P-00579,1
CP-01780,TransactedWith,CP-01797,101780
CP-01780,UltimateBeneficialOwner,P-00580,1
CP-01781,TransactedWith,CP-01798,101781
CP-01781,UltimateBeneficialOwner,P-00581,1
CP-01782,TransactedWith,CP-01799,101782
CP-01782,UltimateBeneficialOwner,P-00582,1
CP-01783,TransactedWith,CP-01800,101783
CP-01783,UltimateBeneficialOwner,P-00583,1
CP-01784,TransactedWith,CP-01801,101784
CP-01784,UltimateBeneficialOwner,P-00584,1
CP-01785,TransactedWith,CP-01802,101785
CP-01785,UltimateBeneficialOwner,P-00585,1
CP-01786,TransactedWith,CP-01803,101786
CP-01786,UltimateBeneficialOwner,P-00586,1
CP-01787,TransactedWith,CP-01804,101787
CP-01787,UltimateBeneficialOwner,P-00587,1
CP-01788,TransactedWith,CP-01805,101788
CP-01788,UltimateBeneficialOwner,P-00588,1
CP-01789,TransactedWith,CP-01806,101789
CP-01789,UltimateBeneficialOwner,P-00589,1
CP-01790,TransactedWith,CP-01807,101790
CP-01790,UltimateBeneficialOwner,P-00590,1
CP-01791,TransactedWith,CP-01808,101791
CP-01791,UltimateBeneficialOwner,P-00591,1
CP-01792,TransactedWith,CP-01809,101792
CP-01792,UltimateBeneficialOwner,P-00592,1
CP-01793,TransactedWith,CP-01810,101793
CP-01793,UltimateBeneficialOwner,P-00593,1
CP-01794,TransactedWith,CP-01811,101794
CP-01794,UltimateBeneficialOwner,P-00594,1
CP-01795,TransactedWith,CP-01812,101795
CP-01795,UltimateBeneficialOwner,P-00595,1
CP-01796,TransactedWith,CP-01813,101796
CP-01796,UltimateBeneficialOwner,P-00596,1
CP-01797,TransactedWith,CP-01814,101797
CP-01797,UltimateBeneficialOwner,P-00597,1
CP-01798,TransactedWith,CP-01815,101798
CP-01798,UltimateBeneficialOwner,P-00598,1
CP-01799,TransactedWith,CP-01816,101799
CP-01799,UltimateBeneficialOwner,P-00599,1
CP-01800,TransactedWith,CP-01817,101800
CP-01800,UltimateBeneficialOwner,P-00600,1
CP-01801,TransactedWith,CP-01818,101801
CP-01801,UltimateBeneficialOwner,P-00601,1
CP-01802,TransactedWith,CP-01819,101802
CP-01802,UltimateBeneficialOwner,P-00602,1
CP-01803,TransactedWith,CP-01820,101803
CP-01803,UltimateBeneficialOwner,P-00603,1
CP-01804,TransactedWith,CP-01821,101804
CP-01804,UltimateBeneficialOwner,P-00604,1
CP-01805,TransactedWith,CP-01822,101805
CP-01805,UltimateBeneficialOwner,P-00605,1
CP-01806,TransactedWith,CP-01823,101806
CP-01806,UltimateBeneficialOwner,P-00606,1
CP-01807,TransactedWith,CP-01824,101807
CP-01807,UltimateBeneficialOwner,P-00607,1
CP-01808,TransactedWith,CP-01825,101808
CP-01808,UltimateBeneficialOwner,P-00608,1
CP-01809,TransactedWith,CP-01826,101809
CP-01809,UltimateBeneficialOwner,P-00609,1
CP-01810,TransactedWith,CP-01827,101810
CP-01810,UltimateBeneficialOwner,P-00610,1
CP-01811,TransactedWith,CP-01828,101811
CP-01811,UltimateBeneficialOwner,P-00611,1
CP-01812,TransactedWith,CP-01829,101812
CP-01812,UltimateBeneficialOwner,P-00612,1
CP-01813,TransactedWith,CP-01830,101813
CP-01813,UltimateBeneficialOwner,P-00613,1
CP-01814,TransactedWith,CP-01831,101814
CP-01814,UltimateBeneficialOwner,P-00614,1
CP-01815,TransactedWith,CP-01832,101815
CP-01815,UltimateBeneficialOwner,P-00615,1
CP-01816,TransactedWith,CP-01833,101816
CP-01816,UltimateBeneficialOwner,P-00616,1
CP-01817,TransactedWith,CP-01834,101817
CP-01817,UltimateBeneficialOwner,P-00617,1
CP-01818,TransactedWith,CP-01835,101818
CP-01818,UltimateBeneficialOwner,P-00618,1
CP-01819,TransactedWith,CP-01836,101819
CP-01819,UltimateBeneficialOwner,P-00619,1
CP-01820,TransactedWith,CP-01837,101820
CP-01820,UltimateBeneficialOwner,P-00620,1
CP-01821,TransactedWith,CP-01838,101821
CP-01821,UltimateBeneficialOwner,P-00621,1
CP-01822,TransactedWith,CP-01839,101822
CP-01822,UltimateBeneficialOwner,P-00622,1
CP-01823,TransactedWith,CP-01840,101823
CP-01823,UltimateBeneficialOwner,P-00623,1
CP-01824,TransactedWith,CP-01841,101824
CP-01824,UltimateBeneficialOwner,P-00624,1
CP-01825,TransactedWith,CP-01842,101825
CP-01825,UltimateBeneficialOwner,P-00625,1
CP-01826,TransactedWith,CP-01843,101826
CP-01826,UltimateBeneficialOwner,P-00626,1
CP-01827,TransactedWith,CP-01844,101827
CP-01827,UltimateBeneficialOwner,P-00627,1
CP-01828,TransactedWith,CP-01845,101828
CP-01828,UltimateBeneficialOwner,P-00628,1
CP-01829,TransactedWith,CP-01846,101829
CP-01829,UltimateBeneficialOwner,P-00629,1
CP-01830,TransactedWith,CP-01847,101830
CP-01830,UltimateBeneficialOwner,P-00630,1
CP-01831,TransactedWith,CP-01848,101831
CP-01831,UltimateBeneficialOwner,P-00631,1
CP-01832,TransactedWith,CP-01849,101832
CP-01832,UltimateBeneficialOwner,P-00632,1
CP-01833,TransactedWith,CP-01850,101833
CP-01833,UltimateBeneficialOwner,P-00633,1
CP-01834,TransactedWith,CP-01851,101834
CP-01834,UltimateBeneficialOwner,P-00634,1
CP-01835,TransactedWith,CP-01852,101835
CP-01835,UltimateBeneficialOwner,P-00635,1
CP-01836,TransactedWith,CP-01853,101836
CP-01836,UltimateBeneficialOwner,P-00636,1
CP-01837,TransactedWith,CP-01854,101837
CP-01837,UltimateBeneficialOwner,P-00637,1
CP-01838,TransactedWith,CP-01855,101838
CP-01838,UltimateBeneficialOwner,P-00638,1
CP-01839,TransactedWith,CP-01856,101839
CP-01839,UltimateBeneficialOwner,P-00639,1
CP-01840,TransactedWith,CP-01857,101840
CP-01840,UltimateBeneficialOwner,P-00640,1
CP-01841,TransactedWith,CP-01858,101841
CP-01841,UltimateBeneficialOwner,P-00641,1
CP-01842,TransactedWith,CP-01859,101842
CP-01842,UltimateBeneficialOwner,P-00642,1
CP-01843,TransactedWith,CP-01860,101843
CP-01843,UltimateBeneficialOwner,P-00643,1
CP-01844,TransactedWith,CP-01861,101844
CP-01844,UltimateBeneficialOwner,P-00644,1
CP-01845,TransactedWith,CP-01862,101845
CP-01845,UltimateBeneficialOwner,P-00645,1
CP-01846,TransactedWith,CP-01863,101846
CP-01846,UltimateBeneficialOwner,P-00646,1
CP-01847,TransactedWith,CP-01864,101847
CP-01847,UltimateBeneficialOwner,P-00647,1
CP-01848,TransactedWith,CP-01865,101848
CP-01848,UltimateBeneficialOwner,P-00648,1
CP-01849,TransactedWith,CP-01866,101849
CP-01849,UltimateBeneficialOwner,P-00649,1
CP-01850,TransactedWith,CP-01867,101850
CP-01850,UltimateBeneficialOwner,P-00650,1
CP-01851,TransactedWith,CP-01868,101851
CP-01851,UltimateBeneficialOwner,P-00651,1
CP-01852,TransactedWith,CP-01869,101852
CP-01852,UltimateBeneficialOwner,P-00652,1
CP-01853,TransactedWith,CP-01870,101853
CP-01853,UltimateBeneficialOwner,P-00653,1
CP-01854,TransactedWith,CP-01871,101854
CP-01854,UltimateBeneficialOwner,P-00654,1
CP-01855,TransactedWith,CP-01872,101855
CP-01855,UltimateBeneficialOwner,P-00655,1
CP-01856,TransactedWith,CP-01873,101856
CP-01856,UltimateBeneficialOwner,P-00656,1
CP-01857,TransactedWith,CP-01874,101857
CP-01857,UltimateBeneficialOwner,P-00657,1
CP-01858,TransactedWith,CP-01875,101858
CP-01858,UltimateBeneficialOwner,P-00658,1
CP-01859,TransactedWith,CP-01876,101859
CP-01859,UltimateBeneficialOwner,P-00659,1
CP-01860,TransactedWith,CP-01877,101860
CP-01860,UltimateBeneficialOwner,P-00660,1
CP-01861,TransactedWith,CP-01878,101861
CP-01861,UltimateBeneficialOwner,P-00661,1
CP-01862,TransactedWith,CP-01879,101862
CP-01862,UltimateBeneficialOwner,P-00662,1
CP-01863,TransactedWith,CP-01880,101863
CP-01863,UltimateBeneficialOwner,P-00663,1
CP-01864,TransactedWith,CP-01881,101864
CP-01864,UltimateBeneficialOwner,P-00664,1
CP-01865,TransactedWith,CP-01882,101865
CP-01865,UltimateBeneficialOwner,P-00665,1
CP-01866,TransactedWith,CP-01883,101866
CP-01866,UltimateBeneficialOwner,P-00666,1
CP-01867,TransactedWith,CP-01884,101867
CP-01867,UltimateBeneficialOwner,P-00667,1
CP-01868,TransactedWith,CP-01885,101868
CP-01868,UltimateBeneficialOwner,P-00668,1
CP-01869,TransactedWith,CP-01886,101869
CP-01869,UltimateBeneficialOwner,P-00669,1
CP-01870,TransactedWith,CP-01887,101870
CP-01870,UltimateBeneficialOwner,P-00670,1
CP-01871,TransactedWith,CP-01888,101871
CP-01871,UltimateBeneficialOwner,P-00671,1
CP-01872,TransactedWith,CP-01889,101872
CP-01872,UltimateBeneficialOwner,P-00672,1
CP-01873,TransactedWith,CP-01890,101873
CP-01873,UltimateBeneficialOwner,P-00673,1
CP-01874,TransactedWith,CP-01891,101874
CP-01874,UltimateBeneficialOwner,P-00674,1
CP-01875,TransactedWith,CP-01892,101875
CP-01875,UltimateBeneficialOwner,P-00675,1
CP-01876,TransactedWith,CP-01893,101876
CP-01876,UltimateBeneficialOwner,P-00676,1
CP-01877,TransactedWith,CP-01894,101877
CP-01877,UltimateBeneficialOwner,P-00677,1
CP-01878,TransactedWith,CP-01895,101878
CP-01878,UltimateBeneficialOwner,P-00678,1
CP-01879,TransactedWith,CP-01896,101879
CP-01879,UltimateBeneficialOwner,P-00679,1
CP-01880,TransactedWith,CP-01897,101880
CP-01880,UltimateBeneficialOwner,P-00680,1
CP-01881,TransactedWith,CP-01898,101881
CP-01881,UltimateBeneficialOwner,P-00681,1
CP-01882,TransactedWith,CP-01899,101882
CP-01882,UltimateBeneficialOwner,P-00682,1
CP-01883,TransactedWith,CP-01900,101883
CP-01883,UltimateBeneficialOwner,P-00683,1
CP-01884,TransactedWith,CP-01901,101884
CP-01884,UltimateBeneficialOwner,P-00684,1
CP-01885,TransactedWith,CP-01902,101885
CP-01885,UltimateBeneficialOwner,P-00685,1
CP-01886,TransactedWith,CP-01903,101886
CP-01886,UltimateBeneficialOwner,P-00686,1
CP-01887,TransactedWith,CP-01904,101887
CP-01887,UltimateBeneficialOwner,P-00687,1
CP-01888,TransactedWith,CP-01905,101888
CP-01888,UltimateBeneficialOwner,P-00688,1
CP-01889,TransactedWith,CP-01906,101889
CP-01889,UltimateBeneficialOwner,P-00689,1
CP-01890,TransactedWith,CP-01907,101890
CP-01890,UltimateBeneficialOwner,P-00690,1
CP-01891,TransactedWith,CP-01908,101891
CP-01891,UltimateBeneficialOwner,P-00691,1
CP-01892,TransactedWith,CP-01909,101892
CP-01892,UltimateBeneficialOwner,P-00692,1
CP-01893,TransactedWith,CP-01910,101893
CP-01893,UltimateBeneficialOwner,P-00693,1
CP-01894,TransactedWith,CP-01911,101894
CP-01894,UltimateBeneficialOwner,P-00694,1
CP-01895,TransactedWith,CP-01912,101895
CP-01895,UltimateBeneficialOwner,P-00695,1
CP-01896,TransactedWith,CP-01913,101896
CP-01896,UltimateBeneficialOwner,P-00696,1
CP-01897,TransactedWith,CP-01914,101897
CP-01897,UltimateBeneficialOwner,P-00697,1
CP-01898,TransactedWith,CP-01915,101898
CP-01898,UltimateBeneficialOwner,P-00698,1
CP-01899,TransactedWith,CP-01916,101899
CP-01899,UltimateBeneficialOwner,P-00699,1
CP-01900,TransactedWith,CP-01917,101900
CP-01900,UltimateBeneficialOwner,P-00700,1
CP-01901,TransactedWith,CP-01918,101901
CP-01901,UltimateBeneficialOwner,P-00701,1
CP-01902,TransactedWith,CP-01919,101902
CP-01902,UltimateBeneficialOwner,P-00702,1
CP-01903,TransactedWith,CP-01920,101903
CP-01903,UltimateBeneficialOwner,P-00703,1
CP-01904,TransactedWith,CP-01921,101904
CP-01904,UltimateBeneficialOwner,P-00704,1
CP-01905,TransactedWith,CP-01922,101905
CP-01905,UltimateBeneficialOwner,P-00705,1
CP-01906,TransactedWith,CP-01923,101906
CP-01906,UltimateBeneficialOwner,P-00706,1
CP-01907,TransactedWith,CP-01924,101907
CP-01907,UltimateBeneficialOwner,P-00707,1
CP-01908,TransactedWith,CP-01925,101908
CP-01908,UltimateBeneficialOwner,P-00708,1
CP-01909,TransactedWith,CP-01926,101909
CP-01909,UltimateBeneficialOwner,P-00709,1
CP-01910,TransactedWith,CP-01927,101910
CP-01910,UltimateBeneficialOwner,P-00710,1
CP-01911,TransactedWith,CP-01928,101911
CP-01911,UltimateBeneficialOwner,P-00711,1
CP-01912,TransactedWith,CP-01929,101912
CP-01912,UltimateBeneficialOwner,P-00712,1
CP-01913,TransactedWith,CP-01930,101913
CP-01913,UltimateBeneficialOwner,P-00713,1
CP-01914,TransactedWith,CP-01931,101914
CP-01914,UltimateBeneficialOwner,P-00714,1
CP-01915,TransactedWith,CP-01932,101915
CP-01915,UltimateBeneficialOwner,P-00715,1
CP-01916,TransactedWith,CP-01933,101916
CP-01916,UltimateBeneficialOwner,P-00716,1
CP-01917,TransactedWith,CP-01934,101917
CP-01917,UltimateBeneficialOwner,P-00717,1
CP-01918,TransactedWith,CP-01935,101918
CP-01918,UltimateBeneficialOwner,P-00718,1
CP-01919,TransactedWith,CP-01936,101919
CP-01919,UltimateBeneficialOwner,P-00719,1
CP-01920,TransactedWith,CP-01937,101920
CP-01920,UltimateBeneficialOwner,P-00720,1
CP-01921,TransactedWith,CP-01938,101921
CP-01921,UltimateBeneficialOwner,P-00721,1
CP-01922,TransactedWith,CP-01939,101922
CP-01922,UltimateBeneficialOwner,P-00722,1
CP-01923,TransactedWith,CP-01940,101923
CP-01923,UltimateBeneficialOwner,P-00723,1
CP-01924,TransactedWith,CP-01941,101924
CP-01924,UltimateBeneficialOwner,P-00724,1
CP-01925,TransactedWith,CP-01942,101925
CP-01925,UltimateBeneficialOwner,P-00725,1
CP-01926,TransactedWith,CP-01943,101926
CP-01926,UltimateBeneficialOwner,P-00726,1
CP-01927,TransactedWith,CP-01944,101927
CP-01927,UltimateBeneficialOwner,P-00727,1
CP-01928,TransactedWith,CP-01945,101928
CP-01928,UltimateBeneficialOwner,P-00728,1
CP-01929,TransactedWith,CP-01946,101929
CP-01929,UltimateBeneficialOwner,P-00729,1
CP-01930,TransactedWith,CP-01947,101930
CP-01930,UltimateBeneficialOwner,P-00730,1
CP-01931,TransactedWith,CP-01948,101931
CP-01931,UltimateBeneficialOwner,P-00731,1
CP-01932,TransactedWith,CP-01949,101932
CP-01932,UltimateBeneficialOwner,P-00732,1
CP-01933,TransactedWith,CP-01950,101933
CP-01933,UltimateBeneficialOwner,P-00733,1
CP-01934,TransactedWith,CP-01951,101934
CP-01934,UltimateBeneficialOwner,P-00734,1
CP-01935,TransactedWith,CP-01952,101935
CP-01935,UltimateBeneficialOwner,P-00735,1
CP-01936,TransactedWith,CP-01953,101936
CP-01936,UltimateBeneficialOwner,P-00736,1
CP-01937,TransactedWith,CP-01954,101937
CP-01937,UltimateBeneficialOwner,P-00737,1
CP-01938,TransactedWith,CP-01955,101938
CP-01938,UltimateBeneficialOwner,P-00738,1
CP-01939,TransactedWith,CP-01956,101939
CP-01939,UltimateBeneficialOwner,P-00739,1
CP-01940,TransactedWith,CP-01957,101940
CP-01940,UltimateBeneficialOwner,P-00740,1
CP-01941,TransactedWith,CP-01958,101941
CP-01941,UltimateBeneficialOwner,P-00741,1
CP-01942,TransactedWith,CP-01959,101942
CP-01942,UltimateBeneficialOwner,P-00742,1
CP-01943,TransactedWith,CP-01960,101943
CP-01943,UltimateBeneficialOwner,P-00743,1
CP-01944,TransactedWith,CP-01961,101944
CP-01944,UltimateBeneficialOwner,P-00744,1
CP-01945,TransactedWith,CP-01962,101945
CP-01945,UltimateBeneficialOwner,P-00745,1
CP-01946,TransactedWith,CP-01963,101946
CP-01946,UltimateBeneficialOwner,P-00746,1
CP-01947,TransactedWith,CP-01964,101947
CP-01947,UltimateBeneficialOwner,P-00747,1
CP-01948,TransactedWith,CP-01965,101948
CP-01948,UltimateBeneficialOwner,P-00748,1
CP-01949,TransactedWith,CP-01966,101949
CP-01949,UltimateBeneficialOwner,P-00749,1
CP-01950,TransactedWith,CP-01967,101950
CP-01950,UltimateBeneficialOwner,P-00750,1
CP-01951,TransactedWith,CP-01968,101951
CP-01951,UltimateBeneficialOwner,P-00751,1
CP-01952,TransactedWith,CP-01969,101952
CP-01952,UltimateBeneficialOwner,P-00752,1
CP-01953,TransactedWith,CP-01970,101953
CP-01953,UltimateBeneficialOwner,P-00753,1
CP-01954,TransactedWith,CP-01971,101954
CP-01954,UltimateBeneficialOwner,P-00754,1
CP-01955,TransactedWith,CP-01972,101955
CP-01955,UltimateBeneficialOwner,P-00755,1
CP-01956,TransactedWith,CP-01973,101956
CP-01956,UltimateBeneficialOwner,P-00756,1
CP-01957,TransactedWith,CP-01974,101957
CP-01957,UltimateBeneficialOwner,P-00757,1
CP-01958,TransactedWith,CP-01975,101958
CP-01958,UltimateBeneficialOwner,P-00758,1
CP-01959,TransactedWith,CP-01976,101959
CP-01959,UltimateBeneficialOwner,P-00759,1
CP-01960,TransactedWith,CP-01977,101960
CP-01960,UltimateBeneficialOwner,P-00760,1
CP-01961,TransactedWith,CP-01978,101961
CP-01961,UltimateBeneficialOwner,P-00761,1
CP-01962,TransactedWith,CP-01979,101962
CP-01962,UltimateBeneficialOwner,P-00762,1
CP-01963,TransactedWith,CP-01980,101963
CP-01963,UltimateBeneficialOwner,P-00763,1
CP-01964,TransactedWith,CP-01981,101964
CP-01964,UltimateBeneficialOwner,P-00764,1
CP-01965,TransactedWith,CP-01982,101965
CP-01965,UltimateBeneficialOwner,P-00765,1
CP-01966,TransactedWith,CP-01983,101966
CP-01966,UltimateBeneficialOwner,P-00766,1
CP-01967,TransactedWith,CP-01984,101967
CP-01967,UltimateBeneficialOwner,P-00767,1
CP-01968,TransactedWith,CP-01985,101968
CP-01968,UltimateBeneficialOwner,P-00768,1
CP-01969,TransactedWith,CP-01986,101969
CP-01969,UltimateBeneficialOwner,P-00769,1
CP-01970,TransactedWith,CP-01987,101970
CP-01970,UltimateBeneficialOwner,P-00770,1
CP-01971,TransactedWith,CP-01988,101971
CP-01971,UltimateBeneficialOwner,P-00771,1
CP-01972,TransactedWith,CP-01989,101972
CP-01972,UltimateBeneficialOwner,P-00772,1
CP-01973,TransactedWith,CP-01990,101973
CP-01973,UltimateBeneficialOwner,P-00773,1
CP-01974,TransactedWith,CP-01991,101974
CP-01974,UltimateBeneficialOwner,P-00774,1
CP-01975,TransactedWith,CP-01992,101975
CP-01975,UltimateBeneficialOwner,P-00775,1
CP-01976,TransactedWith,CP-01993,101976
CP-01976,UltimateBeneficialOwner,P-00776,1
CP-01977,TransactedWith,CP-01994,101977
CP-01977,UltimateBeneficialOwner,P-00777,1
CP-01978,TransactedWith,CP-01995,101978
CP-01978,UltimateBeneficialOwner,P-00778,1
CP-01979,TransactedWith,CP-01996,101979
CP-01979,UltimateBeneficialOwner,P-00779,1
CP-01980,TransactedWith,CP-01997,101980
CP-01980,UltimateBeneficialOwner,P-00780,1
CP-01981,TransactedWith,CP-01998,101981
CP-01981,UltimateBeneficialOwner,P-00781,1
CP-01982,TransactedWith,CP-01999,101982
CP-01982,UltimateBeneficialOwner,P-00782,1
CP-01983,TransactedWith,CP-02000,101983
CP-01983,UltimateBeneficialOwner,P-00783,1
CP-01984,TransactedWith,CP-02001,101984
CP-01984,UltimateBeneficialOwner,P-00784,1
CP-01985,TransactedWith,CP-02002,101985
CP-01985,UltimateBeneficialOwner,P-00785,1
CP-01986,TransactedWith,CP-02003,101986
CP-01986,UltimateBeneficialOwner,P-00786,1
CP-01987,TransactedWith,CP-02004,101987
CP-01987,UltimateBeneficialOwner,P-00787,1
CP-01988,TransactedWith,CP-02005,101988
CP-01988,UltimateBeneficialOwner,P-00788,1
CP-01989,TransactedWith,CP-02006,101989
CP-01989,UltimateBeneficialOwner,P-00789,1
CP-01990,TransactedWith,CP-02007,101990
CP-01990,UltimateBeneficialOwner,P-00790,1
CP-01991,TransactedWith,CP-02008,101991
CP-01991,UltimateBeneficialOwner,P-00791,1
CP-01992,TransactedWith,CP-02009,101992
CP-01992,UltimateBeneficialOwner,P-00792,1
CP-01993,TransactedWith,CP-02010,101993
CP-01993,UltimateBeneficialOwner,P-00793,1
CP-01994,TransactedWith,CP-02011,101994
CP-01994,UltimateBeneficialOwner,P-00794,1
CP-01994,SanctionsHit,SDN-01994,active
CP-01995,TransactedWith,CP-02012,101995
CP-01995,UltimateBeneficialOwner,P-00795,1
CP-01996,TransactedWith,CP-02013,101996
CP-01996,UltimateBeneficialOwner,P-00796,1
CP-01997,TransactedWith,CP-02014,101997
CP-01997,UltimateBeneficialOwner,P-00797,1
CP-01998,TransactedWith,CP-02015,101998
CP-01998,UltimateBeneficialOwner,P-00798,1
CP-01999,TransactedWith,CP-02016,101999
CP-01999,UltimateBeneficialOwner,P-00799,1
CP-02000,TransactedWith,CP-02017,102000
CP-02000,UltimateBeneficialOwner,P-00800,1
CP-02001,TransactedWith,CP-02018,102001
CP-02001,UltimateBeneficialOwner,P-00801,1
CP-02002,TransactedWith,CP-02019,102002
CP-02002,UltimateBeneficialOwner,P-00802,1
CP-02003,TransactedWith,CP-02020,102003
CP-02003,UltimateBeneficialOwner,P-00803,1
CP-02004,TransactedWith,CP-02021,102004
CP-02004,UltimateBeneficialOwner,P-00804,1
CP-02005,TransactedWith,CP-02022,102005
CP-02005,UltimateBeneficialOwner,P-00805,1
CP-02006,TransactedWith,CP-02023,102006
CP-02006,UltimateBeneficialOwner,P-00806,1
CP-02007,TransactedWith,CP-02024,102007
CP-02007,UltimateBeneficialOwner,P-00807,1
CP-02008,TransactedWith,CP-02025,102008
CP-02008,UltimateBeneficialOwner,P-00808,1
CP-02009,TransactedWith,CP-02026,102009
CP-02009,UltimateBeneficialOwner,P-00809,1
CP-02010,TransactedWith,CP-02027,102010
CP-02010,UltimateBeneficialOwner,P-00810,1
CP-02011,TransactedWith,CP-02028,102011
CP-02011,UltimateBeneficialOwner,P-00811,1
CP-02012,TransactedWith,CP-02029,102012
CP-02012,UltimateBeneficialOwner,P-00812,1
CP-02013,TransactedWith,CP-02030,102013
CP-02013,UltimateBeneficialOwner,P-00813,1
CP-02014,TransactedWith,CP-02031,102014
CP-02014,UltimateBeneficialOwner,P-00814,1
CP-02015,TransactedWith,CP-02032,102015
CP-02015,UltimateBeneficialOwner,P-00815,1
CP-02016,TransactedWith,CP-02033,102016
CP-02016,UltimateBeneficialOwner,P-00816,1
CP-02017,TransactedWith,CP-02034,102017
CP-02017,UltimateBeneficialOwner,P-00817,1
CP-02018,TransactedWith,CP-02035,102018
CP-02018,UltimateBeneficialOwner,P-00818,1
CP-02019,TransactedWith,CP-02036,102019
CP-02019,UltimateBeneficialOwner,P-00819,1
CP-02020,TransactedWith,CP-02037,102020
CP-02020,UltimateBeneficialOwner,P-00820,1
CP-02021,TransactedWith,CP-02038,102021
CP-02021,UltimateBeneficialOwner,P-00821,1
CP-02022,TransactedWith,CP-02039,102022
CP-02022,UltimateBeneficialOwner,P-00822,1
CP-02023,TransactedWith,CP-02040,102023
CP-02023,UltimateBeneficialOwner,P-00823,1
CP-02024,TransactedWith,CP-02041,102024
CP-02024,UltimateBeneficialOwner,P-00824,1
CP-02025,TransactedWith,CP-02042,102025
CP-02025,UltimateBeneficialOwner,P-00825,1
CP-02026,TransactedWith,CP-02043,102026
CP-02026,UltimateBeneficialOwner,P-00826,1
CP-02027,TransactedWith,CP-02044,102027
CP-02027,UltimateBeneficialOwner,P-00827,1
CP-02028,TransactedWith,CP-02045,102028
CP-02028,UltimateBeneficialOwner,P-00828,1
CP-02029,TransactedWith,CP-02046,102029
CP-02029,UltimateBeneficialOwner,P-00829,1
CP-02030,TransactedWith,CP-02047,102030
CP-02030,UltimateBeneficialOwner,P-00830,1
CP-02031,TransactedWith,CP-02048,102031
CP-02031,UltimateBeneficialOwner,P-00831,1
CP-02032,TransactedWith,CP-02049,102032
CP-02032,UltimateBeneficialOwner,P-00832,1
CP-02033,TransactedWith,CP-02050,102033
CP-02033,UltimateBeneficialOwner,P-00833,1
CP-02034,TransactedWith,CP-02051,102034
CP-02034,UltimateBeneficialOwner,P-00834,1
CP-02035,TransactedWith,CP-02052,102035
CP-02035,UltimateBeneficialOwner,P-00835,1
CP-02036,TransactedWith,CP-02053,102036
CP-02036,UltimateBeneficialOwner,P-00836,1
CP-02037,TransactedWith,CP-02054,102037
CP-02037,UltimateBeneficialOwner,P-00837,1
CP-02038,TransactedWith,CP-02055,102038
CP-02038,UltimateBeneficialOwner,P-00838,1
CP-02039,TransactedWith,CP-02056,102039
CP-02039,UltimateBeneficialOwner,P-00839,1
CP-02040,TransactedWith,CP-02057,102040
CP-02040,UltimateBeneficialOwner,P-00840,1
CP-02041,TransactedWith,CP-02058,102041
CP-02041,UltimateBeneficialOwner,P-00841,1
CP-02042,TransactedWith,CP-02059,102042
CP-02042,UltimateBeneficialOwner,P-00842,1
CP-02043,TransactedWith,CP-02060,102043
CP-02043,UltimateBeneficialOwner,P-00843,1
CP-02044,TransactedWith,CP-02061,102044
CP-02044,UltimateBeneficialOwner,P-00844,1
CP-02045,TransactedWith,CP-02062,102045
CP-02045,UltimateBeneficialOwner,P-00845,1
CP-02046,TransactedWith,CP-02063,102046
CP-02046,UltimateBeneficialOwner,P-00846,1
CP-02047,TransactedWith,CP-02064,102047
CP-02047,UltimateBeneficialOwner,P-00847,1
CP-02048,TransactedWith,CP-02065,102048
CP-02048,UltimateBeneficialOwner,P-00848,1
CP-02049,TransactedWith,CP-02066,102049
CP-02049,UltimateBeneficialOwner,P-00849,1
CP-02050,TransactedWith,CP-02067,102050
CP-02050,UltimateBeneficialOwner,P-00850,1
CP-02051,TransactedWith,CP-02068,102051
CP-02051,UltimateBeneficialOwner,P-00851,1
CP-02052,TransactedWith,CP-02069,102052
CP-02052,UltimateBeneficialOwner,P-00852,1
CP-02053,TransactedWith,CP-02070,102053
CP-02053,UltimateBeneficialOwner,P-00853,1
CP-02054,TransactedWith,CP-02071,102054
CP-02054,UltimateBeneficialOwner,P-00854,1
CP-02055,TransactedWith,CP-02072,102055
CP-02055,UltimateBeneficialOwner,P-00855,1
CP-02056,TransactedWith,CP-02073,102056
CP-02056,UltimateBeneficialOwner,P-00856,1
CP-02057,TransactedWith,CP-02074,102057
CP-02057,UltimateBeneficialOwner,P-00857,1
CP-02058,TransactedWith,CP-02075,102058
CP-02058,UltimateBeneficialOwner,P-00858,1
CP-02059,TransactedWith,CP-02076,102059
CP-02059,UltimateBeneficialOwner,P-00859,1
CP-02060,TransactedWith,CP-02077,102060
CP-02060,UltimateBeneficialOwner,P-00860,1
CP-02061,TransactedWith,CP-02078,102061
CP-02061,UltimateBeneficialOwner,P-00861,1
CP-02062,TransactedWith,CP-02079,102062
CP-02062,UltimateBeneficialOwner,P-00862,1
CP-02063,TransactedWith,CP-02080,102063
CP-02063,UltimateBeneficialOwner,P-00863,1
CP-02064,TransactedWith,CP-02081,102064
CP-02064,UltimateBeneficialOwner,P-00864,1
CP-02065,TransactedWith,CP-02082,102065
CP-02065,UltimateBeneficialOwner,P-00865,1
CP-02066,TransactedWith,CP-02083,102066
CP-02066,UltimateBeneficialOwner,P-00866,1
CP-02067,TransactedWith,CP-02084,102067
CP-02067,UltimateBeneficialOwner,P-00867,1
CP-02068,TransactedWith,CP-02085,102068
CP-02068,UltimateBeneficialOwner,P-00868,1
CP-02069,TransactedWith,CP-02086,102069
CP-02069,UltimateBeneficialOwner,P-00869,1
CP-02070,TransactedWith,CP-02087,102070
CP-02070,UltimateBeneficialOwner,P-00870,1
CP-02071,TransactedWith,CP-02088,102071
CP-02071,UltimateBeneficialOwner,P-00871,1
CP-02072,TransactedWith,CP-02089,102072
CP-02072,UltimateBeneficialOwner,P-00872,1
CP-02073,TransactedWith,CP-02090,102073
CP-02073,UltimateBeneficialOwner,P-00873,1
CP-02074,TransactedWith,CP-02091,102074
CP-02074,UltimateBeneficialOwner,P-00874,1
CP-02075,TransactedWith,CP-02092,102075
CP-02075,UltimateBeneficialOwner,P-00875,1
CP-02076,TransactedWith,CP-02093,102076
CP-02076,UltimateBeneficialOwner,P-00876,1
CP-02077,TransactedWith,CP-02094,102077
CP-02077,UltimateBeneficialOwner,P-00877,1
CP-02078,TransactedWith,CP-02095,102078
CP-02078,UltimateBeneficialOwner,P-00878,1
CP-02079,TransactedWith,CP-02096,102079
CP-02079,UltimateBeneficialOwner,P-00879,1
CP-02080,TransactedWith,CP-02097,102080
CP-02080,UltimateBeneficialOwner,P-00880,1
CP-02081,TransactedWith,CP-02098,102081
CP-02081,UltimateBeneficialOwner,P-00881,1
CP-02082,TransactedWith,CP-02099,102082
CP-02082,UltimateBeneficialOwner,P-00882,1
CP-02083,TransactedWith,CP-02100,102083
CP-02083,UltimateBeneficialOwner,P-00883,1
CP-02084,TransactedWith,CP-02101,102084
CP-02084,UltimateBeneficialOwner,P-00884,1
CP-02085,TransactedWith,CP-02102,102085
CP-02085,UltimateBeneficialOwner,P-00885,1
CP-02086,TransactedWith,CP-02103,102086
CP-02086,UltimateBeneficialOwner,P-00886,1
CP-02087,TransactedWith,CP-02104,102087
CP-02087,UltimateBeneficialOwner,P-00887,1
CP-02088,TransactedWith,CP-02105,102088
CP-02088,UltimateBeneficialOwner,P-00888,1
CP-02089,TransactedWith,CP-02106,102089
CP-02089,UltimateBeneficialOwner,P-00889,1
CP-02090,TransactedWith,CP-02107,102090
CP-02090,UltimateBeneficialOwner,P-00890,1
CP-02091,TransactedWith,CP-02108,102091
CP-02091,UltimateBeneficialOwner,P-00891,1
CP-02092,TransactedWith,CP-02109,102092
CP-02092,UltimateBeneficialOwner,P-00892,1
CP-02093,TransactedWith,CP-02110,102093
CP-02093,UltimateBeneficialOwner,P-00893,1
CP-02094,TransactedWith,CP-02111,102094
CP-02094,UltimateBeneficialOwner,P-00894,1
CP-02095,TransactedWith,CP-02112,102095
CP-02095,UltimateBeneficialOwner,P-00895,1
CP-02096,TransactedWith,CP-02113,102096
CP-02096,UltimateBeneficialOwner,P-00896,1
CP-02097,TransactedWith,CP-02114,102097
CP-02097,UltimateBeneficialOwner,P-00897,1
CP-02098,TransactedWith,CP-02115,102098
CP-02098,UltimateBeneficialOwner,P-00898,1
CP-02099,TransactedWith,CP-02116,102099
CP-02099,UltimateBeneficialOwner,P-00899,1
CP-02100,TransactedWith,CP-02117,102100
CP-02100,UltimateBeneficialOwner,P-00900,1
CP-02101,TransactedWith,CP-02118,102101
CP-02101,UltimateBeneficialOwner,P-00901,1
CP-02102,TransactedWith,CP-02119,102102
CP-02102,UltimateBeneficialOwner,P-00902,1
CP-02103,TransactedWith,CP-02120,102103
CP-02103,UltimateBeneficialOwner,P-00903,1
CP-02104,TransactedWith,CP-02121,102104
CP-02104,UltimateBeneficialOwner,P-00904,1
CP-02105,TransactedWith,CP-02122,102105
CP-02105,UltimateBeneficialOwner,P-00905,1
CP-02106,TransactedWith,CP-02123,102106
CP-02106,UltimateBeneficialOwner,P-00906,1
CP-02107,TransactedWith,CP-02124,102107
CP-02107,UltimateBeneficialOwner,P-00907,1
CP-02108,TransactedWith,CP-02125,102108
CP-02108,UltimateBeneficialOwner,P-00908,1
CP-02109,TransactedWith,CP-02126,102109
CP-02109,UltimateBeneficialOwner,P-00909,1
CP-02110,TransactedWith,CP-02127,102110
CP-02110,UltimateBeneficialOwner,P-00910,1
CP-02111,TransactedWith,CP-02128,102111
CP-02111,UltimateBeneficialOwner,P-00911,1
CP-02112,TransactedWith,CP-02129,102112
CP-02112,UltimateBeneficialOwner,P-00912,1
CP-02113,TransactedWith,CP-02130,102113
CP-02113,UltimateBeneficialOwner,P-00913,1
CP-02114,TransactedWith,CP-02131,102114
CP-02114,UltimateBeneficialOwner,P-00914,1
CP-02115,TransactedWith,CP-02132,102115
CP-02115,UltimateBeneficialOwner,P-00915,1
CP-02116,TransactedWith,CP-02133,102116
CP-02116,UltimateBeneficialOwner,P-00916,1
CP-02117,TransactedWith,CP-02134,102117
CP-02117,UltimateBeneficialOwner,P-00917,1
CP-02118,TransactedWith,CP-02135,102118
CP-02118,UltimateBeneficialOwner,P-00918,1
CP-02119,TransactedWith,CP-02136,102119
CP-02119,UltimateBeneficialOwner,P-00919,1
CP-02120,TransactedWith,CP-02137,102120
CP-02120,UltimateBeneficialOwner,P-00920,1
CP-02121,TransactedWith,CP-02138,102121
CP-02121,UltimateBeneficialOwner,P-00921,1
CP-02122,TransactedWith,CP-02139,102122
CP-02122,UltimateBeneficialOwner,P-00922,1
CP-02123,TransactedWith,CP-02140,102123
CP-02123,UltimateBeneficialOwner,P-00923,1
CP-02124,TransactedWith,CP-02141,102124
CP-02124,UltimateBeneficialOwner,P-00924,1
CP-02125,TransactedWith,CP-02142,102125
CP-02125,UltimateBeneficialOwner,P-00925,1
CP-02126,TransactedWith,CP-02143,102126
CP-02126,UltimateBeneficialOwner,P-00926,1
CP-02127,TransactedWith,CP-02144,102127
CP-02127,UltimateBeneficialOwner,P-00927,1
CP-02128,TransactedWith,CP-02145,102128
CP-02128,UltimateBeneficialOwner,P-00928,1
CP-02129,TransactedWith,CP-02146,102129
CP-02129,UltimateBeneficialOwner,P-00929,1
CP-02130,TransactedWith,CP-02147,102130
CP-02130,UltimateBeneficialOwner,P-00930,1
CP-02131,TransactedWith,CP-02148,102131
CP-02131,UltimateBeneficialOwner,P-00931,1
CP-02132,TransactedWith,CP-02149,102132
CP-02132,UltimateBeneficialOwner,P-00932,1
CP-02133,TransactedWith,CP-02150,102133
CP-02133,UltimateBeneficialOwner,P-00933,1
CP-02134,TransactedWith,CP-02151,102134
CP-02134,UltimateBeneficialOwner,P-00934,1
CP-02135,TransactedWith,CP-02152,102135
CP-02135,UltimateBeneficialOwner,P-00935,1
CP-02136,TransactedWith,CP-02153,102136
CP-02136,UltimateBeneficialOwner,P-00936,1
CP-02137,TransactedWith,CP-02154,102137
CP-02137,UltimateBeneficialOwner,P-00937,1
CP-02138,TransactedWith,CP-02155,102138
CP-02138,UltimateBeneficialOwner,P-00938,1
CP-02139,TransactedWith,CP-02156,102139
CP-02139,UltimateBeneficialOwner,P-00939,1
CP-02140,TransactedWith,CP-02157,102140
CP-02140,UltimateBeneficialOwner,P-00940,1
CP-02141,TransactedWith,CP-02158,102141
CP-02141,UltimateBeneficialOwner,P-00941,1
CP-02142,TransactedWith,CP-02159,102142
CP-02142,UltimateBeneficialOwner,P-00942,1
CP-02143,TransactedWith,CP-02160,102143
CP-02143,UltimateBeneficialOwner,P-00943,1
CP-02144,TransactedWith,CP-02161,102144
CP-02144,UltimateBeneficialOwner,P-00944,1
CP-02145,TransactedWith,CP-02162,102145
CP-02145,UltimateBeneficialOwner,P-00945,1
CP-02146,TransactedWith,CP-02163,102146
CP-02146,UltimateBeneficialOwner,P-00946,1
CP-02147,TransactedWith,CP-02164,102147
CP-02147,UltimateBeneficialOwner,P-00947,1
CP-02148,TransactedWith,CP-02165,102148
CP-02148,UltimateBeneficialOwner,P-00948,1
CP-02149,TransactedWith,CP-02166,102149
CP-02149,UltimateBeneficialOwner,P-00949,1
CP-02150,TransactedWith,CP-02167,102150
CP-02150,UltimateBeneficialOwner,P-00950,1
CP-02151,TransactedWith,CP-02168,102151
CP-02151,UltimateBeneficialOwner,P-00951,1
CP-02152,TransactedWith,CP-02169,102152
CP-02152,UltimateBeneficialOwner,P-00952,1
CP-02153,TransactedWith,CP-02170,102153
CP-02153,UltimateBeneficialOwner,P-00953,1
CP-02154,TransactedWith,CP-02171,102154
CP-02154,UltimateBeneficialOwner,P-00954,1
CP-02155,TransactedWith,CP-02172,102155
CP-02155,UltimateBeneficialOwner,P-00955,1
CP-02156,TransactedWith,CP-02173,102156
CP-02156,UltimateBeneficialOwner,P-00956,1
CP-02157,TransactedWith,CP-02174,102157
CP-02157,UltimateBeneficialOwner,P-00957,1
CP-02158,TransactedWith,CP-02175,102158
CP-02158,UltimateBeneficialOwner,P-00958,1
CP-02159,TransactedWith,CP-02176,102159
CP-02159,UltimateBeneficialOwner,P-00959,1
CP-02160,TransactedWith,CP-02177,102160
CP-02160,UltimateBeneficialOwner,P-00960,1
CP-02161,TransactedWith,CP-02178,102161
CP-02161,UltimateBeneficialOwner,P-00961,1
CP-02162,TransactedWith,CP-02179,102162
CP-02162,UltimateBeneficialOwner,P-00962,1
CP-02163,TransactedWith,CP-02180,102163
CP-02163,UltimateBeneficialOwner,P-00963,1
CP-02164,TransactedWith,CP-02181,102164
CP-02164,UltimateBeneficialOwner,P-00964,1
CP-02165,TransactedWith,CP-02182,102165
CP-02165,UltimateBeneficialOwner,P-00965,1
CP-02166,TransactedWith,CP-02183,102166
CP-02166,UltimateBeneficialOwner,P-00966,1
CP-02167,TransactedWith,CP-02184,102167
CP-02167,UltimateBeneficialOwner,P-00967,1
CP-02168,TransactedWith,CP-02185,102168
CP-02168,UltimateBeneficialOwner,P-00968,1
CP-02169,TransactedWith,CP-02186,102169
CP-02169,UltimateBeneficialOwner,P-00969,1
CP-02170,TransactedWith,CP-02187,102170
CP-02170,UltimateBeneficialOwner,P-00970,1
CP-02171,TransactedWith,CP-02188,102171
CP-02171,UltimateBeneficialOwner,P-00971,1
CP-02172,TransactedWith,CP-02189,102172
CP-02172,UltimateBeneficialOwner,P-00972,1
CP-02173,TransactedWith,CP-02190,102173
CP-02173,UltimateBeneficialOwner,P-00973,1
CP-02174,TransactedWith,CP-02191,102174
CP-02174,UltimateBeneficialOwner,P-00974,1
CP-02175,TransactedWith,CP-02192,102175
CP-02175,UltimateBeneficialOwner,P-00975,1
CP-02176,TransactedWith,CP-02193,102176
CP-02176,UltimateBeneficialOwner,P-00976,1
CP-02177,TransactedWith,CP-02194,102177
CP-02177,UltimateBeneficialOwner,P-00977,1
CP-02178,TransactedWith,CP-02195,102178
CP-02178,UltimateBeneficialOwner,P-00978,1
CP-02179,TransactedWith,CP-02196,102179
CP-02179,UltimateBeneficialOwner,P-00979,1
CP-02180,TransactedWith,CP-02197,102180
CP-02180,UltimateBeneficialOwner,P-00980,1
CP-02181,TransactedWith,CP-02198,102181
CP-02181,UltimateBeneficialOwner,P-00981,1
CP-02182,TransactedWith,CP-02199,102182
CP-02182,UltimateBeneficialOwner,P-00982,1
CP-02183,TransactedWith,CP-02200,102183
CP-02183,UltimateBeneficialOwner,P-00983,1
CP-02184,TransactedWith,CP-02201,102184
CP-02184,UltimateBeneficialOwner,P-00984,1
CP-02185,TransactedWith,CP-02202,102185
CP-02185,UltimateBeneficialOwner,P-00985,1
CP-02186,TransactedWith,CP-02203,102186
CP-02186,UltimateBeneficialOwner,P-00986,1
CP-02187,TransactedWith,CP-02204,102187
CP-02187,UltimateBeneficialOwner,P-00987,1
CP-02188,TransactedWith,CP-02205,102188
CP-02188,UltimateBeneficialOwner,P-00988,1
CP-02189,TransactedWith,CP-02206,102189
CP-02189,UltimateBeneficialOwner,P-00989,1
CP-02190,TransactedWith,CP-02207,102190
CP-02190,UltimateBeneficialOwner,P-00990,1
CP-02191,TransactedWith,CP-02208,102191
CP-02191,UltimateBeneficialOwner,P-00991,1
CP-02192,TransactedWith,CP-02209,102192
CP-02192,UltimateBeneficialOwner,P-00992,1
CP-02193,TransactedWith,CP-02210,102193
CP-02193,UltimateBeneficialOwner,P-00993,1
CP-02194,TransactedWith,CP-02211,102194
CP-02194,UltimateBeneficialOwner,P-00994,1
CP-02195,TransactedWith,CP-02212,102195
CP-02195,UltimateBeneficialOwner,P-00995,1
CP-02196,TransactedWith,CP-02213,102196
CP-02196,UltimateBeneficialOwner,P-00996,1
CP-02197,TransactedWith,CP-02214,102197
CP-02197,UltimateBeneficialOwner,P-00997,1
CP-02198,TransactedWith,CP-02215,102198
CP-02198,UltimateBeneficialOwner,P-00998,1
CP-02199,TransactedWith,CP-02216,102199
CP-02199,UltimateBeneficialOwner,P-00999,1
CP-02200,TransactedWith,CP-02217,102200
CP-02200,UltimateBeneficialOwner,P-01000,1
CP-02201,TransactedWith,CP-02218,102201
CP-02201,UltimateBeneficialOwner,P-01001,1
CP-02202,TransactedWith,CP-02219,102202
CP-02202,UltimateBeneficialOwner,P-01002,1
CP-02203,TransactedWith,CP-02220,102203
CP-02203,UltimateBeneficialOwner,P-01003,1
CP-02204,TransactedWith,CP-02221,102204
CP-02204,UltimateBeneficialOwner,P-01004,1
CP-02205,TransactedWith,CP-02222,102205
CP-02205,UltimateBeneficialOwner,P-01005,1
CP-02206,TransactedWith,CP-02223,102206
CP-02206,UltimateBeneficialOwner,P-01006,1
CP-02207,TransactedWith,CP-02224,102207
CP-02207,UltimateBeneficialOwner,P-01007,1
CP-02208,TransactedWith,CP-02225,102208
CP-02208,UltimateBeneficialOwner,P-01008,1
CP-02209,TransactedWith,CP-02226,102209
CP-02209,UltimateBeneficialOwner,P-01009,1
CP-02210,TransactedWith,CP-02227,102210
CP-02210,UltimateBeneficialOwner,P-01010,1
CP-02211,TransactedWith,CP-02228,102211
CP-02211,UltimateBeneficialOwner,P-01011,1
CP-02212,TransactedWith,CP-02229,102212
CP-02212,UltimateBeneficialOwner,P-01012,1
CP-02213,TransactedWith,CP-02230,102213
CP-02213,UltimateBeneficialOwner,P-01013,1
CP-02214,TransactedWith,CP-02231,102214
CP-02214,UltimateBeneficialOwner,P-01014,1
CP-02215,TransactedWith,CP-02232,102215
CP-02215,UltimateBeneficialOwner,P-01015,1
CP-02216,TransactedWith,CP-02233,102216
CP-02216,UltimateBeneficialOwner,P-01016,1
CP-02217,TransactedWith,CP-02234,102217
CP-02217,UltimateBeneficialOwner,P-01017,1
CP-02218,TransactedWith,CP-02235,102218
CP-02218,UltimateBeneficialOwner,P-01018,1
CP-02219,TransactedWith,CP-02236,102219
CP-02219,UltimateBeneficialOwner,P-01019,1
CP-02220,TransactedWith,CP-02237,102220
CP-02220,UltimateBeneficialOwner,P-01020,1
CP-02221,TransactedWith,CP-02238,102221
CP-02221,UltimateBeneficialOwner,P-01021,1
CP-02222,TransactedWith,CP-02239,102222
CP-02222,UltimateBeneficialOwner,P-01022,1
CP-02223,TransactedWith,CP-02240,102223
CP-02223,UltimateBeneficialOwner,P-01023,1
CP-02224,TransactedWith,CP-02241,102224
CP-02224,UltimateBeneficialOwner,P-01024,1
CP-02225,TransactedWith,CP-02242,102225
CP-02225,UltimateBeneficialOwner,P-01025,1
CP-02226,TransactedWith,CP-02243,102226
CP-02226,UltimateBeneficialOwner,P-01026,1
CP-02227,TransactedWith,CP-02244,102227
CP-02227,UltimateBeneficialOwner,P-01027,1
CP-02228,TransactedWith,CP-02245,102228
CP-02228,UltimateBeneficialOwner,P-01028,1
CP-02229,TransactedWith,CP-02246,102229
CP-02229,UltimateBeneficialOwner,P-01029,1
CP-02230,TransactedWith,CP-02247,102230
CP-02230,UltimateBeneficialOwner,P-01030,1
CP-02231,TransactedWith,CP-02248,102231
CP-02231,UltimateBeneficialOwner,P-01031,1
CP-02232,TransactedWith,CP-02249,102232
CP-02232,UltimateBeneficialOwner,P-01032,1
CP-02233,TransactedWith,CP-02250,102233
CP-02233,UltimateBeneficialOwner,P-01033,1
CP-02234,TransactedWith,CP-02251,102234
CP-02234,UltimateBeneficialOwner,P-01034,1
CP-02235,TransactedWith,CP-02252,102235
CP-02235,UltimateBeneficialOwner,P-01035,1
CP-02236,TransactedWith,CP-02253,102236
CP-02236,UltimateBeneficialOwner,P-01036,1
CP-02237,TransactedWith,CP-02254,102237
CP-02237,UltimateBeneficialOwner,P-01037,1
CP-02238,TransactedWith,CP-02255,102238
CP-02238,UltimateBeneficialOwner,P-01038,1
CP-02239,TransactedWith,CP-02256,102239
CP-02239,UltimateBeneficialOwner,P-01039,1
CP-02240,TransactedWith,CP-02257,102240
CP-02240,UltimateBeneficialOwner,P-01040,1
CP-02241,TransactedWith,CP-02258,102241
CP-02241,UltimateBeneficialOwner,P-01041,1
CP-02242,TransactedWith,CP-02259,102242
CP-02242,UltimateBeneficialOwner,P-01042,1
CP-02243,TransactedWith,CP-02260,102243
CP-02243,UltimateBeneficialOwner,P-01043,1
CP-02244,TransactedWith,CP-02261,102244
CP-02244,UltimateBeneficialOwner,P-01044,1
CP-02245,TransactedWith,CP-02262,102245
CP-02245,UltimateBeneficialOwner,P-01045,1
CP-02246,TransactedWith,CP-02263,102246
CP-02246,UltimateBeneficialOwner,P-01046,1
CP-02247,TransactedWith,CP-02264,102247
CP-02247,UltimateBeneficialOwner,P-01047,1
CP-02248,TransactedWith,CP-02265,102248
CP-02248,UltimateBeneficialOwner,P-01048,1
CP-02249,TransactedWith,CP-02266,102249
CP-02249,UltimateBeneficialOwner,P-01049,1
CP-02250,TransactedWith,CP-02267,102250
CP-02250,UltimateBeneficialOwner,P-01050,1
CP-02251,TransactedWith,CP-02268,102251
CP-02251,UltimateBeneficialOwner,P-01051,1
CP-02252,TransactedWith,CP-02269,102252
CP-02252,UltimateBeneficialOwner,P-01052,1
CP-02253,TransactedWith,CP-02270,102253
CP-02253,UltimateBeneficialOwner,P-01053,1
CP-02254,TransactedWith,CP-02271,102254
CP-02254,UltimateBeneficialOwner,P-01054,1
CP-02255,TransactedWith,CP-02272,102255
CP-02255,UltimateBeneficialOwner,P-01055,1
CP-02256,TransactedWith,CP-02273,102256
CP-02256,UltimateBeneficialOwner,P-01056,1
CP-02257,TransactedWith,CP-02274,102257
CP-02257,UltimateBeneficialOwner,P-01057,1
CP-02258,TransactedWith,CP-02275,102258
CP-02258,UltimateBeneficialOwner,P-01058,1
CP-02259,TransactedWith,CP-02276,102259
CP-02259,UltimateBeneficialOwner,P-01059,1
CP-02260,TransactedWith,CP-02277,102260
CP-02260,UltimateBeneficialOwner,P-01060,1
CP-02261,TransactedWith,CP-02278,102261
CP-02261,UltimateBeneficialOwner,P-01061,1
CP-02262,TransactedWith,CP-02279,102262
CP-02262,UltimateBeneficialOwner,P-01062,1
CP-02263,TransactedWith,CP-02280,102263
CP-02263,UltimateBeneficialOwner,P-01063,1
CP-02264,TransactedWith,CP-02281,102264
CP-02264,UltimateBeneficialOwner,P-01064,1
CP-02265,TransactedWith,CP-02282,102265
CP-02265,UltimateBeneficialOwner,P-01065,1
CP-02266,TransactedWith,CP-02283,102266
CP-02266,UltimateBeneficialOwner,P-01066,1
CP-02267,TransactedWith,CP-02284,102267
CP-02267,UltimateBeneficialOwner,P-01067,1
CP-02268,TransactedWith,CP-02285,102268
CP-02268,UltimateBeneficialOwner,P-01068,1
CP-02269,TransactedWith,CP-02286,102269
CP-02269,UltimateBeneficialOwner,P-01069,1
CP-02270,TransactedWith,CP-02287,102270
CP-02270,UltimateBeneficialOwner,P-01070,1
CP-02271,TransactedWith,CP-02288,102271
CP-02271,UltimateBeneficialOwner,P-01071,1
CP-02272,TransactedWith,CP-02289,102272
CP-02272,UltimateBeneficialOwner,P-01072,1
CP-02273,TransactedWith,CP-02290,102273
CP-02273,UltimateBeneficialOwner,P-01073,1
CP-02274,TransactedWith,CP-02291,102274
CP-02274,UltimateBeneficialOwner,P-01074,1
CP-02275,TransactedWith,CP-02292,102275
CP-02275,UltimateBeneficialOwner,P-01075,1
CP-02276,TransactedWith,CP-02293,102276
CP-02276,UltimateBeneficialOwner,P-01076,1
CP-02277,TransactedWith,CP-02294,102277
CP-02277,UltimateBeneficialOwner,P-01077,1
CP-02278,TransactedWith,CP-02295,102278
CP-02278,UltimateBeneficialOwner,P-01078,1
CP-02279,TransactedWith,CP-02296,102279
CP-02279,UltimateBeneficialOwner,P-01079,1
CP-02280,TransactedWith,CP-02297,102280
CP-02280,UltimateBeneficialOwner,P-01080,1
CP-02281,TransactedWith,CP-02298,102281
CP-02281,UltimateBeneficialOwner,P-01081,1
CP-02282,TransactedWith,CP-02299,102282
CP-02282,UltimateBeneficialOwner,P-01082,1
CP-02283,TransactedWith,CP-02300,102283
CP-02283,UltimateBeneficialOwner,P-01083,1
CP-02284,TransactedWith,CP-02301,102284
CP-02284,UltimateBeneficialOwner,P-01084,1
CP-02285,TransactedWith,CP-02302,102285
CP-02285,UltimateBeneficialOwner,P-01085,1
CP-02286,TransactedWith,CP-02303,102286
CP-02286,UltimateBeneficialOwner,P-01086,1
CP-02287,TransactedWith,CP-02304,102287
CP-02287,UltimateBeneficialOwner,P-01087,1
CP-02288,TransactedWith,CP-02305,102288
CP-02288,UltimateBeneficialOwner,P-01088,1
CP-02289,TransactedWith,CP-02306,102289
CP-02289,UltimateBeneficialOwner,P-01089,1
CP-02290,TransactedWith,CP-02307,102290
CP-02290,UltimateBeneficialOwner,P-01090,1
CP-02291,TransactedWith,CP-02308,102291
CP-02291,UltimateBeneficialOwner,P-01091,1
CP-02292,TransactedWith,CP-02309,102292
CP-02292,UltimateBeneficialOwner,P-01092,1
CP-02293,TransactedWith,CP-02310,102293
CP-02293,UltimateBeneficialOwner,P-01093,1
CP-02294,TransactedWith,CP-02311,102294
CP-02294,UltimateBeneficialOwner,P-01094,1
CP-02295,TransactedWith,CP-02312,102295
CP-02295,UltimateBeneficialOwner,P-01095,1
CP-02296,TransactedWith,CP-02313,102296
CP-02296,UltimateBeneficialOwner,P-01096,1
CP-02297,TransactedWith,CP-02314,102297
CP-02297,UltimateBeneficialOwner,P-01097,1
CP-02298,TransactedWith,CP-02315,102298
CP-02298,UltimateBeneficialOwner,P-01098,1
CP-02299,TransactedWith,CP-02316,102299
CP-02299,UltimateBeneficialOwner,P-01099,1
CP-02300,TransactedWith,CP-02317,102300
CP-02300,UltimateBeneficialOwner,P-01100,1
CP-02301,TransactedWith,CP-02318,102301
CP-02301,UltimateBeneficialOwner,P-01101,1
CP-02302,TransactedWith,CP-02319,102302
CP-02302,UltimateBeneficialOwner,P-01102,1
CP-02303,TransactedWith,CP-02320,102303
CP-02303,UltimateBeneficialOwner,P-01103,1
CP-02304,TransactedWith,CP-02321,102304
CP-02304,UltimateBeneficialOwner,P-01104,1
CP-02305,TransactedWith,CP-02322,102305
CP-02305,UltimateBeneficialOwner,P-01105,1
CP-02306,TransactedWith,CP-02323,102306
CP-02306,UltimateBeneficialOwner,P-01106,1
CP-02307,TransactedWith,CP-02324,102307
CP-02307,UltimateBeneficialOwner,P-01107,1
CP-02308,TransactedWith,CP-02325,102308
CP-02308,UltimateBeneficialOwner,P-01108,1
CP-02309,TransactedWith,CP-02326,102309
CP-02309,UltimateBeneficialOwner,P-01109,1
CP-02310,TransactedWith,CP-02327,102310
CP-02310,UltimateBeneficialOwner,P-01110,1
CP-02311,TransactedWith,CP-02328,102311
CP-02311,UltimateBeneficialOwner,P-01111,1
CP-02312,TransactedWith,CP-02329,102312
CP-02312,UltimateBeneficialOwner,P-01112,1
CP-02313,TransactedWith,CP-02330,102313
CP-02313,UltimateBeneficialOwner,P-01113,1
CP-02314,TransactedWith,CP-02331,102314
CP-02314,UltimateBeneficialOwner,P-01114,1
CP-02315,TransactedWith,CP-02332,102315
CP-02315,UltimateBeneficialOwner,P-01115,1
CP-02316,TransactedWith,CP-02333,102316
CP-02316,UltimateBeneficialOwner,P-01116,1
CP-02317,TransactedWith,CP-02334,102317
CP-02317,UltimateBeneficialOwner,P-01117,1
CP-02318,TransactedWith,CP-02335,102318
CP-02318,UltimateBeneficialOwner,P-01118,1
CP-02319,TransactedWith,CP-02336,102319
CP-02319,UltimateBeneficialOwner,P-01119,1
CP-02320,TransactedWith,CP-02337,102320
CP-02320,UltimateBeneficialOwner,P-01120,1
CP-02321,TransactedWith,CP-02338,102321
CP-02321,UltimateBeneficialOwner,P-01121,1
CP-02322,TransactedWith,CP-02339,102322
CP-02322,UltimateBeneficialOwner,P-01122,1
CP-02323,TransactedWith,CP-02340,102323
CP-02323,UltimateBeneficialOwner,P-01123,1
CP-02324,TransactedWith,CP-02341,102324
CP-02324,UltimateBeneficialOwner,P-01124,1
CP-02325,TransactedWith,CP-02342,102325
CP-02325,UltimateBeneficialOwner,P-01125,1
CP-02326,TransactedWith,CP-02343,102326
CP-02326,UltimateBeneficialOwner,P-01126,1
CP-02327,TransactedWith,CP-02344,102327
CP-02327,UltimateBeneficialOwner,P-01127,1
CP-02328,TransactedWith,CP-02345,102328
CP-02328,UltimateBeneficialOwner,P-01128,1
CP-02329,TransactedWith,CP-02346,102329
CP-02329,UltimateBeneficialOwner,P-01129,1
CP-02330,TransactedWith,CP-02347,102330
CP-02330,UltimateBeneficialOwner,P-01130,1
CP-02331,TransactedWith,CP-02348,102331
CP-02331,UltimateBeneficialOwner,P-01131,1
CP-02332,TransactedWith,CP-02349,102332
CP-02332,UltimateBeneficialOwner,P-01132,1
CP-02333,TransactedWith,CP-02350,102333
CP-02333,UltimateBeneficialOwner,P-01133,1
CP-02334,TransactedWith,CP-02351,102334
CP-02334,UltimateBeneficialOwner,P-01134,1
CP-02335,TransactedWith,CP-02352,102335
CP-02335,UltimateBeneficialOwner,P-01135,1
CP-02336,TransactedWith,CP-02353,102336
CP-02336,UltimateBeneficialOwner,P-01136,1
CP-02337,TransactedWith,CP-02354,102337
CP-02337,UltimateBeneficialOwner,P-01137,1
CP-02338,TransactedWith,CP-02355,102338
CP-02338,UltimateBeneficialOwner,P-01138,1
CP-02339,TransactedWith,CP-02356,102339
CP-02339,UltimateBeneficialOwner,P-01139,1
CP-02340,TransactedWith,CP-02357,102340
CP-02340,UltimateBeneficialOwner,P-01140,1
CP-02341,TransactedWith,CP-02358,102341
CP-02341,UltimateBeneficialOwner,P-01141,1
CP-02342,TransactedWith,CP-02359,102342
CP-02342,UltimateBeneficialOwner,P-01142,1
CP-02343,TransactedWith,CP-02360,102343
CP-02343,UltimateBeneficialOwner,P-01143,1
CP-02344,TransactedWith,CP-02361,102344
CP-02344,UltimateBeneficialOwner,P-01144,1
CP-02345,TransactedWith,CP-02362,102345
CP-02345,UltimateBeneficialOwner,P-01145,1
CP-02346,TransactedWith,CP-02363,102346
CP-02346,UltimateBeneficialOwner,P-01146,1
CP-02347,TransactedWith,CP-02364,102347
CP-02347,UltimateBeneficialOwner,P-01147,1
CP-02348,TransactedWith,CP-02365,102348
CP-02348,UltimateBeneficialOwner,P-01148,1
CP-02349,TransactedWith,CP-02366,102349
CP-02349,UltimateBeneficialOwner,P-01149,1
CP-02350,TransactedWith,CP-02367,102350
CP-02350,UltimateBeneficialOwner,P-01150,1
CP-02351,TransactedWith,CP-02368,102351
CP-02351,UltimateBeneficialOwner,P-01151,1
CP-02352,TransactedWith,CP-02369,102352
CP-02352,UltimateBeneficialOwner,P-01152,1
CP-02353,TransactedWith,CP-02370,102353
CP-02353,UltimateBeneficialOwner,P-01153,1
CP-02354,TransactedWith,CP-02371,102354
CP-02354,UltimateBeneficialOwner,P-01154,1
CP-02355,TransactedWith,CP-02372,102355
CP-02355,UltimateBeneficialOwner,P-01155,1
CP-02356,TransactedWith,CP-02373,102356
CP-02356,UltimateBeneficialOwner,P-01156,1
CP-02357,TransactedWith,CP-02374,102357
CP-02357,UltimateBeneficialOwner,P-01157,1
CP-02358,TransactedWith,CP-02375,102358
CP-02358,UltimateBeneficialOwner,P-01158,1
CP-02359,TransactedWith,CP-02376,102359
CP-02359,UltimateBeneficialOwner,P-01159,1
CP-02360,TransactedWith,CP-02377,102360
CP-02360,UltimateBeneficialOwner,P-01160,1
CP-02361,TransactedWith,CP-02378,102361
CP-02361,UltimateBeneficialOwner,P-01161,1
CP-02362,TransactedWith,CP-02379,102362
CP-02362,UltimateBeneficialOwner,P-01162,1
CP-02363,TransactedWith,CP-02380,102363
CP-02363,UltimateBeneficialOwner,P-01163,1
CP-02364,TransactedWith,CP-02381,102364
CP-02364,UltimateBeneficialOwner,P-01164,1
CP-02365,TransactedWith,CP-02382,102365
CP-02365,UltimateBeneficialOwner,P-01165,1
CP-02366,TransactedWith,CP-02383,102366
CP-02366,UltimateBeneficialOwner,P-01166,1
CP-02367,TransactedWith,CP-02384,102367
CP-02367,UltimateBeneficialOwner,P-01167,1
CP-02368,TransactedWith,CP-02385,102368
CP-02368,UltimateBeneficialOwner,P-01168,1
CP-02369,TransactedWith,CP-02386,102369
CP-02369,UltimateBeneficialOwner,P-01169,1
CP-02370,TransactedWith,CP-02387,102370
CP-02370,UltimateBeneficialOwner,P-01170,1
CP-02371,TransactedWith,CP-02388,102371
CP-02371,UltimateBeneficialOwner,P-01171,1
CP-02372,TransactedWith,CP-02389,102372
CP-02372,UltimateBeneficialOwner,P-01172,1
CP-02373,TransactedWith,CP-02390,102373
CP-02373,UltimateBeneficialOwner,P-01173,1
CP-02374,TransactedWith,CP-02391,102374
CP-02374,UltimateBeneficialOwner,P-01174,1
CP-02375,TransactedWith,CP-02392,102375
CP-02375,UltimateBeneficialOwner,P-01175,1
CP-02376,TransactedWith,CP-02393,102376
CP-02376,UltimateBeneficialOwner,P-01176,1
CP-02377,TransactedWith,CP-02394,102377
CP-02377,UltimateBeneficialOwner,P-01177,1
CP-02378,TransactedWith,CP-02395,102378
CP-02378,UltimateBeneficialOwner,P-01178,1
CP-02379,TransactedWith,CP-02396,102379
CP-02379,UltimateBeneficialOwner,P-01179,1
CP-02380,TransactedWith,CP-02397,102380
CP-02380,UltimateBeneficialOwner,P-01180,1
CP-02381,TransactedWith,CP-02398,102381
CP-02381,UltimateBeneficialOwner,P-01181,1
CP-02382,TransactedWith,CP-02399,102382
CP-02382,UltimateBeneficialOwner,P-01182,1
CP-02383,TransactedWith,CP-02400,102383
CP-02383,UltimateBeneficialOwner,P-01183,1
CP-02384,TransactedWith,CP-02401,102384
CP-02384,UltimateBeneficialOwner,P-01184,1
CP-02385,TransactedWith,CP-02402,102385
CP-02385,UltimateBeneficialOwner,P-01185,1
CP-02386,TransactedWith,CP-02403,102386
CP-02386,UltimateBeneficialOwner,P-01186,1
CP-02387,TransactedWith,CP-02404,102387
CP-02387,UltimateBeneficialOwner,P-01187,1
CP-02388,TransactedWith,CP-02405,102388
CP-02388,UltimateBeneficialOwner,P-01188,1
CP-02389,TransactedWith,CP-02406,102389
CP-02389,UltimateBeneficialOwner,P-01189,1
CP-02390,TransactedWith,CP-02407,102390
CP-02390,UltimateBeneficialOwner,P-01190,1
CP-02391,TransactedWith,CP-02408,102391
CP-02391,UltimateBeneficialOwner,P-01191,1
CP-02392,TransactedWith,CP-02409,102392
CP-02392,UltimateBeneficialOwner,P-01192,1
CP-02393,TransactedWith,CP-02410,102393
CP-02393,UltimateBeneficialOwner,P-01193,1
CP-02394,TransactedWith,CP-02411,102394
CP-02394,UltimateBeneficialOwner,P-01194,1
CP-02395,TransactedWith,CP-02412,102395
CP-02395,UltimateBeneficialOwner,P-01195,1
CP-02396,TransactedWith,CP-02413,102396
CP-02396,UltimateBeneficialOwner,P-01196,1
CP-02397,TransactedWith,CP-02414,102397
CP-02397,UltimateBeneficialOwner,P-01197,1
CP-02398,TransactedWith,CP-02415,102398
CP-02398,UltimateBeneficialOwner,P-01198,1
CP-02399,TransactedWith,CP-02416,102399
CP-02399,UltimateBeneficialOwner,P-01199,1
CP-02400,TransactedWith,CP-02417,102400
CP-02400,UltimateBeneficialOwner,P-01200,1
CP-02401,TransactedWith,CP-02418,102401
CP-02401,UltimateBeneficialOwner,P-00001,1
CP-02402,TransactedWith,CP-02419,102402
CP-02402,UltimateBeneficialOwner,P-00002,1
CP-02403,TransactedWith,CP-02420,102403
CP-02403,UltimateBeneficialOwner,P-00003,1
CP-02404,TransactedWith,CP-02421,102404
CP-02404,UltimateBeneficialOwner,P-00004,1
CP-02405,TransactedWith,CP-02422,102405
CP-02405,UltimateBeneficialOwner,P-00005,1
CP-02406,TransactedWith,CP-02423,102406
CP-02406,UltimateBeneficialOwner,P-00006,1
CP-02407,TransactedWith,CP-02424,102407
CP-02407,UltimateBeneficialOwner,P-00007,1
CP-02408,TransactedWith,CP-02425,102408
CP-02408,UltimateBeneficialOwner,P-00008,1
CP-02409,TransactedWith,CP-02426,102409
CP-02409,UltimateBeneficialOwner,P-00009,1
CP-02410,TransactedWith,CP-02427,102410
CP-02410,UltimateBeneficialOwner,P-00010,1
CP-02411,TransactedWith,CP-02428,102411
CP-02411,UltimateBeneficialOwner,P-00011,1
CP-02412,TransactedWith,CP-02429,102412
CP-02412,UltimateBeneficialOwner,P-00012,1
CP-02413,TransactedWith,CP-02430,102413
CP-02413,UltimateBeneficialOwner,P-00013,1
CP-02414,TransactedWith,CP-02431,102414
CP-02414,UltimateBeneficialOwner,P-00014,1
CP-02415,TransactedWith,CP-02432,102415
CP-02415,UltimateBeneficialOwner,P-00015,1
CP-02416,TransactedWith,CP-02433,102416
CP-02416,UltimateBeneficialOwner,P-00016,1
CP-02417,TransactedWith,CP-02434,102417
CP-02417,UltimateBeneficialOwner,P-00017,1
CP-02418,TransactedWith,CP-02435,102418
CP-02418,UltimateBeneficialOwner,P-00018,1
CP-02419,TransactedWith,CP-02436,102419
CP-02419,UltimateBeneficialOwner,P-00019,1
CP-02420,TransactedWith,CP-02437,102420
CP-02420,UltimateBeneficialOwner,P-00020,1
CP-02421,TransactedWith,CP-02438,102421
CP-02421,UltimateBeneficialOwner,P-00021,1
CP-02422,TransactedWith,CP-02439,102422
CP-02422,UltimateBeneficialOwner,P-00022,1
CP-02423,TransactedWith,CP-02440,102423
CP-02423,UltimateBeneficialOwner,P-00023,1
CP-02424,TransactedWith,CP-02441,102424
CP-02424,UltimateBeneficialOwner,P-00024,1
CP-02425,TransactedWith,CP-02442,102425
CP-02425,UltimateBeneficialOwner,P-00025,1
CP-02426,TransactedWith,CP-02443,102426
CP-02426,UltimateBeneficialOwner,P-00026,1
CP-02427,TransactedWith,CP-02444,102427
CP-02427,UltimateBeneficialOwner,P-00027,1
CP-02428,TransactedWith,CP-02445,102428
CP-02428,UltimateBeneficialOwner,P-00028,1
CP-02429,TransactedWith,CP-02446,102429
CP-02429,UltimateBeneficialOwner,P-00029,1
CP-02430,TransactedWith,CP-02447,102430
CP-02430,UltimateBeneficialOwner,P-00030,1
CP-02431,TransactedWith,CP-02448,102431
CP-02431,UltimateBeneficialOwner,P-00031,1
CP-02432,TransactedWith,CP-02449,102432
CP-02432,UltimateBeneficialOwner,P-00032,1
CP-02433,TransactedWith,CP-02450,102433
CP-02433,UltimateBeneficialOwner,P-00033,1
CP-02434,TransactedWith,CP-02451,102434
CP-02434,UltimateBeneficialOwner,P-00034,1
CP-02435,TransactedWith,CP-02452,102435
CP-02435,UltimateBeneficialOwner,P-00035,1
CP-02436,TransactedWith,CP-02453,102436
CP-02436,UltimateBeneficialOwner,P-00036,1
CP-02437,TransactedWith,CP-02454,102437
CP-02437,UltimateBeneficialOwner,P-00037,1
CP-02438,TransactedWith,CP-02455,102438
CP-02438,UltimateBeneficialOwner,P-00038,1
CP-02439,TransactedWith,CP-02456,102439
CP-02439,UltimateBeneficialOwner,P-00039,1
CP-02440,TransactedWith,CP-02457,102440
CP-02440,UltimateBeneficialOwner,P-00040,1
CP-02441,TransactedWith,CP-02458,102441
CP-02441,UltimateBeneficialOwner,P-00041,1
CP-02442,TransactedWith,CP-02459,102442
CP-02442,UltimateBeneficialOwner,P-00042,1
CP-02443,TransactedWith,CP-02460,102443
CP-02443,UltimateBeneficialOwner,P-00043,1
CP-02444,TransactedWith,CP-02461,102444
CP-02444,UltimateBeneficialOwner,P-00044,1
CP-02445,TransactedWith,CP-02462,102445
CP-02445,UltimateBeneficialOwner,P-00045,1
CP-02446,TransactedWith,CP-02463,102446
CP-02446,UltimateBeneficialOwner,P-00046,1
CP-02447,TransactedWith,CP-02464,102447
CP-02447,UltimateBeneficialOwner,P-00047,1
CP-02448,TransactedWith,CP-02465,102448
CP-02448,UltimateBeneficialOwner,P-00048,1
CP-02449,TransactedWith,CP-02466,102449
CP-02449,UltimateBeneficialOwner,P-00049,1
CP-02450,TransactedWith,CP-02467,102450
CP-02450,UltimateBeneficialOwner,P-00050,1
CP-02451,TransactedWith,CP-02468,102451
CP-02451,UltimateBeneficialOwner,P-00051,1
CP-02452,TransactedWith,CP-02469,102452
CP-02452,UltimateBeneficialOwner,P-00052,1
CP-02453,TransactedWith,CP-02470,102453
CP-02453,UltimateBeneficialOwner,P-00053,1
CP-02454,TransactedWith,CP-02471,102454
CP-02454,UltimateBeneficialOwner,P-00054,1
CP-02455,TransactedWith,CP-02472,102455
CP-02455,UltimateBeneficialOwner,P-00055,1
CP-02456,TransactedWith,CP-02473,102456
CP-02456,UltimateBeneficialOwner,P-00056,1
CP-02457,TransactedWith,CP-02474,102457
CP-02457,UltimateBeneficialOwner,P-00057,1
CP-02458,TransactedWith,CP-02475,102458
CP-02458,UltimateBeneficialOwner,P-00058,1
CP-02459,TransactedWith,CP-02476,102459
CP-02459,UltimateBeneficialOwner,P-00059,1
CP-02460,TransactedWith,CP-02477,102460
CP-02460,UltimateBeneficialOwner,P-00060,1
CP-02461,TransactedWith,CP-02478,102461
CP-02461,UltimateBeneficialOwner,P-00061,1
CP-02462,TransactedWith,CP-02479,102462
CP-02462,UltimateBeneficialOwner,P-00062,1
CP-02463,TransactedWith,CP-02480,102463
CP-02463,UltimateBeneficialOwner,P-00063,1
CP-02464,TransactedWith,CP-02481,102464
CP-02464,UltimateBeneficialOwner,P-00064,1
CP-02465,TransactedWith,CP-02482,102465
CP-02465,UltimateBeneficialOwner,P-00065,1
CP-02466,TransactedWith,CP-02483,102466
CP-02466,UltimateBeneficialOwner,P-00066,1
CP-02467,TransactedWith,CP-02484,102467
CP-02467,UltimateBeneficialOwner,P-00067,1
CP-02468,TransactedWith,CP-02485,102468
CP-02468,UltimateBeneficialOwner,P-00068,1
CP-02469,TransactedWith,CP-02486,102469
CP-02469,UltimateBeneficialOwner,P-00069,1
CP-02470,TransactedWith,CP-02487,102470
CP-02470,UltimateBeneficialOwner,P-00070,1
CP-02471,TransactedWith,CP-02488,102471
CP-02471,UltimateBeneficialOwner,P-00071,1
CP-02472,TransactedWith,CP-02489,102472
CP-02472,UltimateBeneficialOwner,P-00072,1
CP-02473,TransactedWith,CP-02490,102473
CP-02473,UltimateBeneficialOwner,P-00073,1
CP-02474,TransactedWith,CP-02491,102474
CP-02474,UltimateBeneficialOwner,P-00074,1
CP-02475,TransactedWith,CP-02492,102475
CP-02475,UltimateBeneficialOwner,P-00075,1
CP-02476,TransactedWith,CP-02493,102476
CP-02476,UltimateBeneficialOwner,P-00076,1
CP-02477,TransactedWith,CP-02494,102477
CP-02477,UltimateBeneficialOwner,P-00077,1
CP-02478,TransactedWith,CP-02495,102478
CP-02478,UltimateBeneficialOwner,P-00078,1
CP-02479,TransactedWith,CP-02496,102479
CP-02479,UltimateBeneficialOwner,P-00079,1
CP-02480,TransactedWith,CP-02497,102480
CP-02480,UltimateBeneficialOwner,P-00080,1
CP-02481,TransactedWith,CP-02498,102481
CP-02481,UltimateBeneficialOwner,P-00081,1
CP-02482,TransactedWith,CP-02499,102482
CP-02482,UltimateBeneficialOwner,P-00082,1
CP-02483,TransactedWith,CP-02500,102483
CP-02483,UltimateBeneficialOwner,P-00083,1
CP-02484,TransactedWith,CP-02501,102484
CP-02484,UltimateBeneficialOwner,P-00084,1
CP-02485,TransactedWith,CP-02502,102485
CP-02485,UltimateBeneficialOwner,P-00085,1
CP-02486,TransactedWith,CP-02503,102486
CP-02486,UltimateBeneficialOwner,P-00086,1
CP-02487,TransactedWith,CP-02504,102487
CP-02487,UltimateBeneficialOwner,P-00087,1
CP-02488,TransactedWith,CP-02505,102488
CP-02488,UltimateBeneficialOwner,P-00088,1
CP-02489,TransactedWith,CP-02506,102489
CP-02489,UltimateBeneficialOwner,P-00089,1
CP-02490,TransactedWith,CP-02507,102490
CP-02490,UltimateBeneficialOwner,P-00090,1
CP-02491,TransactedWith,CP-02508,102491
CP-02491,UltimateBeneficialOwner,P-00091,1
CP-02492,TransactedWith,CP-02509,102492
CP-02492,UltimateBeneficialOwner,P-00092,1
CP-02493,TransactedWith,CP-02510,102493
CP-02493,UltimateBeneficialOwner,P-00093,1
CP-02494,TransactedWith,CP-02511,102494
CP-02494,UltimateBeneficialOwner,P-00094,1
CP-02495,TransactedWith,CP-02512,102495
CP-02495,UltimateBeneficialOwner,P-00095,1
CP-02496,TransactedWith,CP-02513,102496
CP-02496,UltimateBeneficialOwner,P-00096,1
CP-02497,TransactedWith,CP-02514,102497
CP-02497,UltimateBeneficialOwner,P-00097,1
CP-02498,TransactedWith,CP-02515,102498
CP-02498,UltimateBeneficialOwner,P-00098,1
CP-02499,TransactedWith,CP-02516,102499
CP-02499,UltimateBeneficialOwner,P-00099,1
CP-02500,TransactedWith,CP-02517,102500
CP-02500,UltimateBeneficialOwner,P-00100,1
CP-02501,TransactedWith,CP-02518,102501
CP-02501,UltimateBeneficialOwner,P-00101,1
CP-02502,TransactedWith,CP-02519,102502
CP-02502,UltimateBeneficialOwner,P-00102,1
CP-02503,TransactedWith,CP-02520,102503
CP-02503,UltimateBeneficialOwner,P-00103,1
CP-02504,TransactedWith,CP-02521,102504
CP-02504,UltimateBeneficialOwner,P-00104,1
CP-02505,TransactedWith,CP-02522,102505
CP-02505,UltimateBeneficialOwner,P-00105,1
CP-02506,TransactedWith,CP-02523,102506
CP-02506,UltimateBeneficialOwner,P-00106,1
CP-02507,TransactedWith,CP-02524,102507
CP-02507,UltimateBeneficialOwner,P-00107,1
CP-02508,TransactedWith,CP-02525,102508
CP-02508,UltimateBeneficialOwner,P-00108,1
CP-02509,TransactedWith,CP-02526,102509
CP-02509,UltimateBeneficialOwner,P-00109,1
CP-02510,TransactedWith,CP-02527,102510
CP-02510,UltimateBeneficialOwner,P-00110,1
CP-02511,TransactedWith,CP-02528,102511
CP-02511,UltimateBeneficialOwner,P-00111,1
CP-02512,TransactedWith,CP-02529,102512
CP-02512,UltimateBeneficialOwner,P-00112,1
CP-02513,TransactedWith,CP-02530,102513
CP-02513,UltimateBeneficialOwner,P-00113,1
CP-02514,TransactedWith,CP-02531,102514
CP-02514,UltimateBeneficialOwner,P-00114,1
CP-02515,TransactedWith,CP-02532,102515
CP-02515,UltimateBeneficialOwner,P-00115,1
CP-02516,TransactedWith,CP-02533,102516
CP-02516,UltimateBeneficialOwner,P-00116,1
CP-02517,TransactedWith,CP-02534,102517
CP-02517,UltimateBeneficialOwner,P-00117,1
CP-02518,TransactedWith,CP-02535,102518
CP-02518,UltimateBeneficialOwner,P-00118,1
CP-02519,TransactedWith,CP-02536,102519
CP-02519,UltimateBeneficialOwner,P-00119,1
CP-02520,TransactedWith,CP-02537,102520
CP-02520,UltimateBeneficialOwner,P-00120,1
CP-02521,TransactedWith,CP-02538,102521
CP-02521,UltimateBeneficialOwner,P-00121,1
CP-02522,TransactedWith,CP-02539,102522
CP-02522,UltimateBeneficialOwner,P-00122,1
CP-02523,TransactedWith,CP-02540,102523
CP-02523,UltimateBeneficialOwner,P-00123,1
CP-02524,TransactedWith,CP-02541,102524
CP-02524,UltimateBeneficialOwner,P-00124,1
CP-02525,TransactedWith,CP-02542,102525
CP-02525,UltimateBeneficialOwner,P-00125,1
CP-02526,TransactedWith,CP-02543,102526
CP-02526,UltimateBeneficialOwner,P-00126,1
CP-02527,TransactedWith,CP-02544,102527
CP-02527,UltimateBeneficialOwner,P-00127,1
CP-02528,TransactedWith,CP-02545,102528
CP-02528,UltimateBeneficialOwner,P-00128,1
CP-02529,TransactedWith,CP-02546,102529
CP-02529,UltimateBeneficialOwner,P-00129,1
CP-02530,TransactedWith,CP-02547,102530
CP-02530,UltimateBeneficialOwner,P-00130,1
CP-02531,TransactedWith,CP-02548,102531
CP-02531,UltimateBeneficialOwner,P-00131,1
CP-02532,TransactedWith,CP-02549,102532
CP-02532,UltimateBeneficialOwner,P-00132,1
CP-02533,TransactedWith,CP-02550,102533
CP-02533,UltimateBeneficialOwner,P-00133,1
CP-02534,TransactedWith,CP-02551,102534
CP-02534,UltimateBeneficialOwner,P-00134,1
CP-02535,TransactedWith,CP-02552,102535
CP-02535,UltimateBeneficialOwner,P-00135,1
CP-02536,TransactedWith,CP-02553,102536
CP-02536,UltimateBeneficialOwner,P-00136,1
CP-02537,TransactedWith,CP-02554,102537
CP-02537,UltimateBeneficialOwner,P-00137,1
CP-02538,TransactedWith,CP-02555,102538
CP-02538,UltimateBeneficialOwner,P-00138,1
CP-02539,TransactedWith,CP-02556,102539
CP-02539,UltimateBeneficialOwner,P-00139,1
CP-02540,TransactedWith,CP-02557,102540
CP-02540,UltimateBeneficialOwner,P-00140,1
CP-02541,TransactedWith,CP-02558,102541
CP-02541,UltimateBeneficialOwner,P-00141,1
CP-02542,TransactedWith,CP-02559,102542
CP-02542,UltimateBeneficialOwner,P-00142,1
CP-02543,TransactedWith,CP-02560,102543
CP-02543,UltimateBeneficialOwner,P-00143,1
CP-02544,TransactedWith,CP-02561,102544
CP-02544,UltimateBeneficialOwner,P-00144,1
CP-02545,TransactedWith,CP-02562,102545
CP-02545,UltimateBeneficialOwner,P-00145,1
CP-02546,TransactedWith,CP-02563,102546
CP-02546,UltimateBeneficialOwner,P-00146,1
CP-02547,TransactedWith,CP-02564,102547
CP-02547,UltimateBeneficialOwner,P-00147,1
CP-02548,TransactedWith,CP-02565,102548
CP-02548,UltimateBeneficialOwner,P-00148,1
CP-02549,TransactedWith,CP-02566,102549
CP-02549,UltimateBeneficialOwner,P-00149,1
CP-02550,TransactedWith,CP-02567,102550
CP-02550,UltimateBeneficialOwner,P-00150,1
CP-02551,TransactedWith,CP-02568,102551
CP-02551,UltimateBeneficialOwner,P-00151,1
CP-02552,TransactedWith,CP-02569,102552
CP-02552,UltimateBeneficialOwner,P-00152,1
CP-02553,TransactedWith,CP-02570,102553
CP-02553,UltimateBeneficialOwner,P-00153,1
CP-02554,TransactedWith,CP-02571,102554
CP-02554,UltimateBeneficialOwner,P-00154,1
CP-02555,TransactedWith,CP-02572,102555
CP-02555,UltimateBeneficialOwner,P-00155,1
CP-02556,TransactedWith,CP-02573,102556
CP-02556,UltimateBeneficialOwner,P-00156,1
CP-02557,TransactedWith,CP-02574,102557
CP-02557,UltimateBeneficialOwner,P-00157,1
CP-02558,TransactedWith,CP-02575,102558
CP-02558,UltimateBeneficialOwner,P-00158,1
CP-02559,TransactedWith,CP-02576,102559
CP-02559,UltimateBeneficialOwner,P-00159,1
CP-02560,TransactedWith,CP-02577,102560
CP-02560,UltimateBeneficialOwner,P-00160,1
CP-02561,TransactedWith,CP-02578,102561
CP-02561,UltimateBeneficialOwner,P-00161,1
CP-02562,TransactedWith,CP-02579,102562
CP-02562,UltimateBeneficialOwner,P-00162,1
CP-02563,TransactedWith,CP-02580,102563
CP-02563,UltimateBeneficialOwner,P-00163,1
CP-02564,TransactedWith,CP-02581,102564
CP-02564,UltimateBeneficialOwner,P-00164,1
CP-02565,TransactedWith,CP-02582,102565
CP-02565,UltimateBeneficialOwner,P-00165,1
CP-02566,TransactedWith,CP-02583,102566
CP-02566,UltimateBeneficialOwner,P-00166,1
CP-02567,TransactedWith,CP-02584,102567
CP-02567,UltimateBeneficialOwner,P-00167,1
CP-02568,TransactedWith,CP-02585,102568
CP-02568,UltimateBeneficialOwner,P-00168,1
CP-02569,TransactedWith,CP-02586,102569
CP-02569,UltimateBeneficialOwner,P-00169,1
CP-02570,TransactedWith,CP-02587,102570
CP-02570,UltimateBeneficialOwner,P-00170,1
CP-02571,TransactedWith,CP-02588,102571
CP-02571,UltimateBeneficialOwner,P-00171,1
CP-02572,TransactedWith,CP-02589,102572
CP-02572,UltimateBeneficialOwner,P-00172,1
CP-02573,TransactedWith,CP-02590,102573
CP-02573,UltimateBeneficialOwner,P-00173,1
CP-02574,TransactedWith,CP-02591,102574
CP-02574,UltimateBeneficialOwner,P-00174,1
CP-02575,TransactedWith,CP-02592,102575
CP-02575,UltimateBeneficialOwner,P-00175,1
CP-02576,TransactedWith,CP-02593,102576
CP-02576,UltimateBeneficialOwner,P-00176,1
CP-02577,TransactedWith,CP-02594,102577
CP-02577,UltimateBeneficialOwner,P-00177,1
CP-02578,TransactedWith,CP-02595,102578
CP-02578,UltimateBeneficialOwner,P-00178,1
CP-02579,TransactedWith,CP-02596,102579
CP-02579,UltimateBeneficialOwner,P-00179,1
CP-02580,TransactedWith,CP-02597,102580
CP-02580,UltimateBeneficialOwner,P-00180,1
CP-02581,TransactedWith,CP-02598,102581
CP-02581,UltimateBeneficialOwner,P-00181,1
CP-02582,TransactedWith,CP-02599,102582
CP-02582,UltimateBeneficialOwner,P-00182,1
CP-02583,TransactedWith,CP-02600,102583
CP-02583,UltimateBeneficialOwner,P-00183,1
CP-02584,TransactedWith,CP-02601,102584
CP-02584,UltimateBeneficialOwner,P-00184,1
CP-02585,TransactedWith,CP-02602,102585
CP-02585,UltimateBeneficialOwner,P-00185,1
CP-02586,TransactedWith,CP-02603,102586
CP-02586,UltimateBeneficialOwner,P-00186,1
CP-02587,TransactedWith,CP-02604,102587
CP-02587,UltimateBeneficialOwner,P-00187,1
CP-02588,TransactedWith,CP-02605,102588
CP-02588,UltimateBeneficialOwner,P-00188,1
CP-02589,TransactedWith,CP-02606,102589
CP-02589,UltimateBeneficialOwner,P-00189,1
CP-02590,TransactedWith,CP-02607,102590
CP-02590,UltimateBeneficialOwner,P-00190,1
CP-02591,TransactedWith,CP-02608,102591
CP-02591,UltimateBeneficialOwner,P-00191,1
CP-02592,TransactedWith,CP-02609,102592
CP-02592,UltimateBeneficialOwner,P-00192,1
CP-02593,TransactedWith,CP-02610,102593
CP-02593,UltimateBeneficialOwner,P-00193,1
CP-02594,TransactedWith,CP-02611,102594
CP-02594,UltimateBeneficialOwner,P-00194,1
CP-02595,TransactedWith,CP-02612,102595
CP-02595,UltimateBeneficialOwner,P-00195,1
CP-02596,TransactedWith,CP-02613,102596
CP-02596,UltimateBeneficialOwner,P-00196,1
CP-02597,TransactedWith,CP-02614,102597
CP-02597,UltimateBeneficialOwner,P-00197,1
CP-02598,TransactedWith,CP-02615,102598
CP-02598,UltimateBeneficialOwner,P-00198,1
CP-02599,TransactedWith,CP-02616,102599
CP-02599,UltimateBeneficialOwner,P-00199,1
CP-02600,TransactedWith,CP-02617,102600
CP-02600,UltimateBeneficialOwner,P-00200,1
CP-02601,TransactedWith,CP-02618,102601
CP-02601,UltimateBeneficialOwner,P-00201,1
CP-02602,TransactedWith,CP-02619,102602
CP-02602,UltimateBeneficialOwner,P-00202,1
CP-02603,TransactedWith,CP-02620,102603
CP-02603,UltimateBeneficialOwner,P-00203,1
CP-02604,TransactedWith,CP-02621,102604
CP-02604,UltimateBeneficialOwner,P-00204,1
CP-02605,TransactedWith,CP-02622,102605
CP-02605,UltimateBeneficialOwner,P-00205,1
CP-02606,TransactedWith,CP-02623,102606
CP-02606,UltimateBeneficialOwner,P-00206,1
CP-02607,TransactedWith,CP-02624,102607
CP-02607,UltimateBeneficialOwner,P-00207,1
CP-02608,TransactedWith,CP-02625,102608
CP-02608,UltimateBeneficialOwner,P-00208,1
CP-02609,TransactedWith,CP-02626,102609
CP-02609,UltimateBeneficialOwner,P-00209,1
CP-02610,TransactedWith,CP-02627,102610
CP-02610,UltimateBeneficialOwner,P-00210,1
CP-02611,TransactedWith,CP-02628,102611
CP-02611,UltimateBeneficialOwner,P-00211,1
CP-02612,TransactedWith,CP-02629,102612
CP-02612,UltimateBeneficialOwner,P-00212,1
CP-02613,TransactedWith,CP-02630,102613
CP-02613,UltimateBeneficialOwner,P-00213,1
CP-02614,TransactedWith,CP-02631,102614
CP-02614,UltimateBeneficialOwner,P-00214,1
CP-02615,TransactedWith,CP-02632,102615
CP-02615,UltimateBeneficialOwner,P-00215,1
CP-02616,TransactedWith,CP-02633,102616
CP-02616,UltimateBeneficialOwner,P-00216,1
CP-02617,TransactedWith,CP-02634,102617
CP-02617,UltimateBeneficialOwner,P-00217,1
CP-02618,TransactedWith,CP-02635,102618
CP-02618,UltimateBeneficialOwner,P-00218,1
CP-02619,TransactedWith,CP-02636,102619
CP-02619,UltimateBeneficialOwner,P-00219,1
CP-02620,TransactedWith,CP-02637,102620
CP-02620,UltimateBeneficialOwner,P-00220,1
CP-02621,TransactedWith,CP-02638,102621
CP-02621,UltimateBeneficialOwner,P-00221,1
CP-02622,TransactedWith,CP-02639,102622
CP-02622,UltimateBeneficialOwner,P-00222,1
CP-02623,TransactedWith,CP-02640,102623
CP-02623,UltimateBeneficialOwner,P-00223,1
CP-02624,TransactedWith,CP-02641,102624
CP-02624,UltimateBeneficialOwner,P-00224,1
CP-02625,TransactedWith,CP-02642,102625
CP-02625,UltimateBeneficialOwner,P-00225,1
CP-02626,TransactedWith,CP-02643,102626
CP-02626,UltimateBeneficialOwner,P-00226,1
CP-02627,TransactedWith,CP-02644,102627
CP-02627,UltimateBeneficialOwner,P-00227,1
CP-02628,TransactedWith,CP-02645,102628
CP-02628,UltimateBeneficialOwner,P-00228,1
CP-02629,TransactedWith,CP-02646,102629
CP-02629,UltimateBeneficialOwner,P-00229,1
CP-02630,TransactedWith,CP-02647,102630
CP-02630,UltimateBeneficialOwner,P-00230,1
CP-02631,TransactedWith,CP-02648,102631
CP-02631,UltimateBeneficialOwner,P-00231,1
CP-02632,TransactedWith,CP-02649,102632
CP-02632,UltimateBeneficialOwner,P-00232,1
CP-02633,TransactedWith,CP-02650,102633
CP-02633,UltimateBeneficialOwner,P-00233,1
CP-02634,TransactedWith,CP-02651,102634
CP-02634,UltimateBeneficialOwner,P-00234,1
CP-02635,TransactedWith,CP-02652,102635
CP-02635,UltimateBeneficialOwner,P-00235,1
CP-02636,TransactedWith,CP-02653,102636
CP-02636,UltimateBeneficialOwner,P-00236,1
CP-02637,TransactedWith,CP-02654,102637
CP-02637,UltimateBeneficialOwner,P-00237,1
CP-02638,TransactedWith,CP-02655,102638
CP-02638,UltimateBeneficialOwner,P-00238,1
CP-02639,TransactedWith,CP-02656,102639
CP-02639,UltimateBeneficialOwner,P-00239,1
CP-02640,TransactedWith,CP-02657,102640
CP-02640,UltimateBeneficialOwner,P-00240,1
CP-02641,TransactedWith,CP-02658,102641
CP-02641,UltimateBeneficialOwner,P-00241,1
CP-02642,TransactedWith,CP-02659,102642
CP-02642,UltimateBeneficialOwner,P-00242,1
CP-02643,TransactedWith,CP-02660,102643
CP-02643,UltimateBeneficialOwner,P-00243,1
CP-02644,TransactedWith,CP-02661,102644
CP-02644,UltimateBeneficialOwner,P-00244,1
CP-02645,TransactedWith,CP-02662,102645
CP-02645,UltimateBeneficialOwner,P-00245,1
CP-02646,TransactedWith,CP-02663,102646
CP-02646,UltimateBeneficialOwner,P-00246,1
CP-02647,TransactedWith,CP-02664,102647
CP-02647,UltimateBeneficialOwner,P-00247,1
CP-02648,TransactedWith,CP-02665,102648
CP-02648,UltimateBeneficialOwner,P-00248,1
CP-02649,TransactedWith,CP-02666,102649
CP-02649,UltimateBeneficialOwner,P-00249,1
CP-02650,TransactedWith,CP-02667,102650
CP-02650,UltimateBeneficialOwner,P-00250,1
CP-02651,TransactedWith,CP-02668,102651
CP-02651,UltimateBeneficialOwner,P-00251,1
CP-02652,TransactedWith,CP-02669,102652
CP-02652,UltimateBeneficialOwner,P-00252,1
CP-02653,TransactedWith,CP-02670,102653
CP-02653,UltimateBeneficialOwner,P-00253,1
CP-02654,TransactedWith,CP-02671,102654
CP-02654,UltimateBeneficialOwner,P-00254,1
CP-02655,TransactedWith,CP-02672,102655
CP-02655,UltimateBeneficialOwner,P-00255,1
CP-02656,TransactedWith,CP-02673,102656
CP-02656,UltimateBeneficialOwner,P-00256,1
CP-02657,TransactedWith,CP-02674,102657
CP-02657,UltimateBeneficialOwner,P-00257,1
CP-02658,TransactedWith,CP-02675,102658
CP-02658,UltimateBeneficialOwner,P-00258,1
CP-02659,TransactedWith,CP-02676,102659
CP-02659,UltimateBeneficialOwner,P-00259,1
CP-02660,TransactedWith,CP-02677,102660
CP-02660,UltimateBeneficialOwner,P-00260,1
CP-02661,TransactedWith,CP-02678,102661
CP-02661,UltimateBeneficialOwner,P-00261,1
CP-02662,TransactedWith,CP-02679,102662
CP-02662,UltimateBeneficialOwner,P-00262,1
CP-02663,TransactedWith,CP-02680,102663
CP-02663,UltimateBeneficialOwner,P-00263,1
CP-02664,TransactedWith,CP-02681,102664
CP-02664,UltimateBeneficialOwner,P-00264,1
CP-02665,TransactedWith,CP-02682,102665
CP-02665,UltimateBeneficialOwner,P-00265,1
CP-02666,TransactedWith,CP-02683,102666
CP-02666,UltimateBeneficialOwner,P-00266,1
CP-02667,TransactedWith,CP-02684,102667
CP-02667,UltimateBeneficialOwner,P-00267,1
CP-02668,TransactedWith,CP-02685,102668
CP-02668,UltimateBeneficialOwner,P-00268,1
CP-02669,TransactedWith,CP-02686,102669
CP-02669,UltimateBeneficialOwner,P-00269,1
CP-02670,TransactedWith,CP-02687,102670
CP-02670,UltimateBeneficialOwner,P-00270,1
CP-02671,TransactedWith,CP-02688,102671
CP-02671,UltimateBeneficialOwner,P-00271,1
CP-02672,TransactedWith,CP-02689,102672
CP-02672,UltimateBeneficialOwner,P-00272,1
CP-02673,TransactedWith,CP-02690,102673
CP-02673,UltimateBeneficialOwner,P-00273,1
CP-02674,TransactedWith,CP-02691,102674
CP-02674,UltimateBeneficialOwner,P-00274,1
CP-02675,TransactedWith,CP-02692,102675
CP-02675,UltimateBeneficialOwner,P-00275,1
CP-02676,TransactedWith,CP-02693,102676
CP-02676,UltimateBeneficialOwner,P-00276,1
CP-02677,TransactedWith,CP-02694,102677
CP-02677,UltimateBeneficialOwner,P-00277,1
CP-02678,TransactedWith,CP-02695,102678
CP-02678,UltimateBeneficialOwner,P-00278,1
CP-02679,TransactedWith,CP-02696,102679
CP-02679,UltimateBeneficialOwner,P-00279,1
CP-02680,TransactedWith,CP-02697,102680
CP-02680,UltimateBeneficialOwner,P-00280,1
CP-02681,TransactedWith,CP-02698,102681
CP-02681,UltimateBeneficialOwner,P-00281,1
CP-02682,TransactedWith,CP-02699,102682
CP-02682,UltimateBeneficialOwner,P-00282,1
CP-02683,TransactedWith,CP-02700,102683
CP-02683,UltimateBeneficialOwner,P-00283,1
CP-02684,TransactedWith,CP-02701,102684
CP-02684,UltimateBeneficialOwner,P-00284,1
CP-02685,TransactedWith,CP-02702,102685
CP-02685,UltimateBeneficialOwner,P-00285,1
CP-02686,TransactedWith,CP-02703,102686
CP-02686,UltimateBeneficialOwner,P-00286,1
CP-02687,TransactedWith,CP-02704,102687
CP-02687,UltimateBeneficialOwner,P-00287,1
CP-02688,TransactedWith,CP-02705,102688
CP-02688,UltimateBeneficialOwner,P-00288,1
CP-02689,TransactedWith,CP-02706,102689
CP-02689,UltimateBeneficialOwner,P-00289,1
CP-02690,TransactedWith,CP-02707,102690
CP-02690,UltimateBeneficialOwner,P-00290,1
CP-02691,TransactedWith,CP-02708,102691
CP-02691,UltimateBeneficialOwner,P-00291,1
CP-02692,TransactedWith,CP-02709,102692
CP-02692,UltimateBeneficialOwner,P-00292,1
CP-02693,TransactedWith,CP-02710,102693
CP-02693,UltimateBeneficialOwner,P-00293,1
CP-02694,TransactedWith,CP-02711,102694
CP-02694,UltimateBeneficialOwner,P-00294,1
CP-02695,TransactedWith,CP-02712,102695
CP-02695,UltimateBeneficialOwner,P-00295,1
CP-02696,TransactedWith,CP-02713,102696
CP-02696,UltimateBeneficialOwner,P-00296,1
CP-02697,TransactedWith,CP-02714,102697
CP-02697,UltimateBeneficialOwner,P-00297,1
CP-02698,TransactedWith,CP-02715,102698
CP-02698,UltimateBeneficialOwner,P-00298,1
CP-02699,TransactedWith,CP-02716,102699
CP-02699,UltimateBeneficialOwner,P-00299,1
CP-02700,TransactedWith,CP-02717,102700
CP-02700,UltimateBeneficialOwner,P-00300,1
CP-02701,TransactedWith,CP-02718,102701
CP-02701,UltimateBeneficialOwner,P-00301,1
CP-02702,TransactedWith,CP-02719,102702
CP-02702,UltimateBeneficialOwner,P-00302,1
CP-02703,TransactedWith,CP-02720,102703
CP-02703,UltimateBeneficialOwner,P-00303,1
CP-02704,TransactedWith,CP-02721,102704
CP-02704,UltimateBeneficialOwner,P-00304,1
CP-02705,TransactedWith,CP-02722,102705
CP-02705,UltimateBeneficialOwner,P-00305,1
CP-02706,TransactedWith,CP-02723,102706
CP-02706,UltimateBeneficialOwner,P-00306,1
CP-02707,TransactedWith,CP-02724,102707
CP-02707,UltimateBeneficialOwner,P-00307,1
CP-02708,TransactedWith,CP-02725,102708
CP-02708,UltimateBeneficialOwner,P-00308,1
CP-02709,TransactedWith,CP-02726,102709
CP-02709,UltimateBeneficialOwner,P-00309,1
CP-02710,TransactedWith,CP-02727,102710
CP-02710,UltimateBeneficialOwner,P-00310,1
CP-02711,TransactedWith,CP-02728,102711
CP-02711,UltimateBeneficialOwner,P-00311,1
CP-02712,TransactedWith,CP-02729,102712
CP-02712,UltimateBeneficialOwner,P-00312,1
CP-02713,TransactedWith,CP-02730,102713
CP-02713,UltimateBeneficialOwner,P-00313,1
CP-02714,TransactedWith,CP-02731,102714
CP-02714,UltimateBeneficialOwner,P-00314,1
CP-02715,TransactedWith,CP-02732,102715
CP-02715,UltimateBeneficialOwner,P-00315,1
CP-02716,TransactedWith,CP-02733,102716
CP-02716,UltimateBeneficialOwner,P-00316,1
CP-02717,TransactedWith,CP-02734,102717
CP-02717,UltimateBeneficialOwner,P-00317,1
CP-02718,TransactedWith,CP-02735,102718
CP-02718,UltimateBeneficialOwner,P-00318,1
CP-02719,TransactedWith,CP-02736,102719
CP-02719,UltimateBeneficialOwner,P-00319,1
CP-02720,TransactedWith,CP-02737,102720
CP-02720,UltimateBeneficialOwner,P-00320,1
CP-02721,TransactedWith,CP-02738,102721
CP-02721,UltimateBeneficialOwner,P-00321,1
CP-02722,TransactedWith,CP-02739,102722
CP-02722,UltimateBeneficialOwner,P-00322,1
CP-02723,TransactedWith,CP-02740,102723
CP-02723,UltimateBeneficialOwner,P-00323,1
CP-02724,TransactedWith,CP-02741,102724
CP-02724,UltimateBeneficialOwner,P-00324,1
CP-02725,TransactedWith,CP-02742,102725
CP-02725,UltimateBeneficialOwner,P-00325,1
CP-02726,TransactedWith,CP-02743,102726
CP-02726,UltimateBeneficialOwner,P-00326,1
CP-02727,TransactedWith,CP-02744,102727
CP-02727,UltimateBeneficialOwner,P-00327,1
CP-02728,TransactedWith,CP-02745,102728
CP-02728,UltimateBeneficialOwner,P-00328,1
CP-02729,TransactedWith,CP-02746,102729
CP-02729,UltimateBeneficialOwner,P-00329,1
CP-02730,TransactedWith,CP-02747,102730
CP-02730,UltimateBeneficialOwner,P-00330,1
CP-02731,TransactedWith,CP-02748,102731
CP-02731,UltimateBeneficialOwner,P-00331,1
CP-02732,TransactedWith,CP-02749,102732
CP-02732,UltimateBeneficialOwner,P-00332,1
CP-02733,TransactedWith,CP-02750,102733
CP-02733,UltimateBeneficialOwner,P-00333,1
CP-02734,TransactedWith,CP-02751,102734
CP-02734,UltimateBeneficialOwner,P-00334,1
CP-02735,TransactedWith,CP-02752,102735
CP-02735,UltimateBeneficialOwner,P-00335,1
CP-02736,TransactedWith,CP-02753,102736
CP-02736,UltimateBeneficialOwner,P-00336,1
CP-02737,TransactedWith,CP-02754,102737
CP-02737,UltimateBeneficialOwner,P-00337,1
CP-02738,TransactedWith,CP-02755,102738
CP-02738,UltimateBeneficialOwner,P-00338,1
CP-02739,TransactedWith,CP-02756,102739
CP-02739,UltimateBeneficialOwner,P-00339,1
CP-02740,TransactedWith,CP-02757,102740
CP-02740,UltimateBeneficialOwner,P-00340,1
CP-02741,TransactedWith,CP-02758,102741
CP-02741,UltimateBeneficialOwner,P-00341,1
CP-02742,TransactedWith,CP-02759,102742
CP-02742,UltimateBeneficialOwner,P-00342,1
CP-02743,TransactedWith,CP-02760,102743
CP-02743,UltimateBeneficialOwner,P-00343,1
CP-02744,TransactedWith,CP-02761,102744
CP-02744,UltimateBeneficialOwner,P-00344,1
CP-02745,TransactedWith,CP-02762,102745
CP-02745,UltimateBeneficialOwner,P-00345,1
CP-02746,TransactedWith,CP-02763,102746
CP-02746,UltimateBeneficialOwner,P-00346,1
CP-02747,TransactedWith,CP-02764,102747
CP-02747,UltimateBeneficialOwner,P-00347,1
CP-02748,TransactedWith,CP-02765,102748
CP-02748,UltimateBeneficialOwner,P-00348,1
CP-02749,TransactedWith,CP-02766,102749
CP-02749,UltimateBeneficialOwner,P-00349,1
CP-02750,TransactedWith,CP-02767,102750
CP-02750,UltimateBeneficialOwner,P-00350,1
CP-02751,TransactedWith,CP-02768,102751
CP-02751,UltimateBeneficialOwner,P-00351,1
CP-02752,TransactedWith,CP-02769,102752
CP-02752,UltimateBeneficialOwner,P-00352,1
CP-02753,TransactedWith,CP-02770,102753
CP-02753,UltimateBeneficialOwner,P-00353,1
CP-02754,TransactedWith,CP-02771,102754
CP-02754,UltimateBeneficialOwner,P-00354,1
CP-02755,TransactedWith,CP-02772,102755
CP-02755,UltimateBeneficialOwner,P-00355,1
CP-02756,TransactedWith,CP-02773,102756
CP-02756,UltimateBeneficialOwner,P-00356,1
CP-02757,TransactedWith,CP-02774,102757
CP-02757,UltimateBeneficialOwner,P-00357,1
CP-02758,TransactedWith,CP-02775,102758
CP-02758,UltimateBeneficialOwner,P-00358,1
CP-02759,TransactedWith,CP-02776,102759
CP-02759,UltimateBeneficialOwner,P-00359,1
CP-02760,TransactedWith,CP-02777,102760
CP-02760,UltimateBeneficialOwner,P-00360,1
CP-02761,TransactedWith,CP-02778,102761
CP-02761,UltimateBeneficialOwner,P-00361,1
CP-02762,TransactedWith,CP-02779,102762
CP-02762,UltimateBeneficialOwner,P-00362,1
CP-02763,TransactedWith,CP-02780,102763
CP-02763,UltimateBeneficialOwner,P-00363,1
CP-02764,TransactedWith,CP-02781,102764
CP-02764,UltimateBeneficialOwner,P-00364,1
CP-02765,TransactedWith,CP-02782,102765
CP-02765,UltimateBeneficialOwner,P-00365,1
CP-02766,TransactedWith,CP-02783,102766
CP-02766,UltimateBeneficialOwner,P-00366,1
CP-02767,TransactedWith,CP-02784,102767
CP-02767,UltimateBeneficialOwner,P-00367,1
CP-02768,TransactedWith,CP-02785,102768
CP-02768,UltimateBeneficialOwner,P-00368,1
CP-02769,TransactedWith,CP-02786,102769
CP-02769,UltimateBeneficialOwner,P-00369,1
CP-02770,TransactedWith,CP-02787,102770
CP-02770,UltimateBeneficialOwner,P-00370,1
CP-02771,TransactedWith,CP-02788,102771
CP-02771,UltimateBeneficialOwner,P-00371,1
CP-02772,TransactedWith,CP-02789,102772
CP-02772,UltimateBeneficialOwner,P-00372,1
CP-02773,TransactedWith,CP-02790,102773
CP-02773,UltimateBeneficialOwner,P-00373,1
CP-02774,TransactedWith,CP-02791,102774
CP-02774,UltimateBeneficialOwner,P-00374,1
CP-02775,TransactedWith,CP-02792,102775
CP-02775,UltimateBeneficialOwner,P-00375,1
CP-02776,TransactedWith,CP-02793,102776
CP-02776,UltimateBeneficialOwner,P-00376,1
CP-02777,TransactedWith,CP-02794,102777
CP-02777,UltimateBeneficialOwner,P-00377,1
CP-02778,TransactedWith,CP-02795,102778
CP-02778,UltimateBeneficialOwner,P-00378,1
CP-02779,TransactedWith,CP-02796,102779
CP-02779,UltimateBeneficialOwner,P-00379,1
CP-02780,TransactedWith,CP-02797,102780
CP-02780,UltimateBeneficialOwner,P-00380,1
CP-02781,TransactedWith,CP-02798,102781
CP-02781,UltimateBeneficialOwner,P-00381,1
CP-02782,TransactedWith,CP-02799,102782
CP-02782,UltimateBeneficialOwner,P-00382,1
CP-02783,TransactedWith,CP-02800,102783
CP-02783,UltimateBeneficialOwner,P-00383,1
CP-02784,TransactedWith,CP-02801,102784
CP-02784,UltimateBeneficialOwner,P-00384,1
CP-02785,TransactedWith,CP-02802,102785
CP-02785,UltimateBeneficialOwner,P-00385,1
CP-02786,TransactedWith,CP-02803,102786
CP-02786,UltimateBeneficialOwner,P-00386,1
CP-02787,TransactedWith,CP-02804,102787
CP-02787,UltimateBeneficialOwner,P-00387,1
CP-02788,TransactedWith,CP-02805,102788
CP-02788,UltimateBeneficialOwner,P-00388,1
CP-02789,TransactedWith,CP-02806,102789
CP-02789,UltimateBeneficialOwner,P-00389,1
CP-02790,TransactedWith,CP-02807,102790
CP-02790,UltimateBeneficialOwner,P-00390,1
CP-02791,TransactedWith,CP-02808,102791
CP-02791,UltimateBeneficialOwner,P-00391,1
CP-02792,TransactedWith,CP-02809,102792
CP-02792,UltimateBeneficialOwner,P-00392,1
CP-02793,TransactedWith,CP-02810,102793
CP-02793,UltimateBeneficialOwner,P-00393,1
CP-02794,TransactedWith,CP-02811,102794
CP-02794,UltimateBeneficialOwner,P-00394,1
CP-02795,TransactedWith,CP-02812,102795
CP-02795,UltimateBeneficialOwner,P-00395,1
CP-02796,TransactedWith,CP-02813,102796
CP-02796,UltimateBeneficialOwner,P-00396,1
CP-02797,TransactedWith,CP-02814,102797
CP-02797,UltimateBeneficialOwner,P-00397,1
CP-02798,TransactedWith,CP-02815,102798
CP-02798,UltimateBeneficialOwner,P-00398,1
CP-02799,TransactedWith,CP-02816,102799
CP-02799,UltimateBeneficialOwner,P-00399,1
CP-02800,TransactedWith,CP-02817,102800
CP-02800,UltimateBeneficialOwner,P-00400,1
CP-02801,TransactedWith,CP-02818,102801
CP-02801,UltimateBeneficialOwner,P-00401,1
CP-02802,TransactedWith,CP-02819,102802
CP-02802,UltimateBeneficialOwner,P-00402,1
CP-02803,TransactedWith,CP-02820,102803
CP-02803,UltimateBeneficialOwner,P-00403,1
CP-02804,TransactedWith,CP-02821,102804
CP-02804,UltimateBeneficialOwner,P-00404,1
CP-02805,TransactedWith,CP-02822,102805
CP-02805,UltimateBeneficialOwner,P-00405,1
CP-02806,TransactedWith,CP-02823,102806
CP-02806,UltimateBeneficialOwner,P-00406,1
CP-02807,TransactedWith,CP-02824,102807
CP-02807,UltimateBeneficialOwner,P-00407,1
CP-02808,TransactedWith,CP-02825,102808
CP-02808,UltimateBeneficialOwner,P-00408,1
CP-02809,TransactedWith,CP-02826,102809
CP-02809,UltimateBeneficialOwner,P-00409,1
CP-02810,TransactedWith,CP-02827,102810
CP-02810,UltimateBeneficialOwner,P-00410,1
CP-02811,TransactedWith,CP-02828,102811
CP-02811,UltimateBeneficialOwner,P-00411,1
CP-02812,TransactedWith,CP-02829,102812
CP-02812,UltimateBeneficialOwner,P-00412,1
CP-02813,TransactedWith,CP-02830,102813
CP-02813,UltimateBeneficialOwner,P-00413,1
CP-02814,TransactedWith,CP-02831,102814
CP-02814,UltimateBeneficialOwner,P-00414,1
CP-02815,TransactedWith,CP-02832,102815
CP-02815,UltimateBeneficialOwner,P-00415,1
CP-02816,TransactedWith,CP-02833,102816
CP-02816,UltimateBeneficialOwner,P-00416,1
CP-02817,TransactedWith,CP-02834,102817
CP-02817,UltimateBeneficialOwner,P-00417,1
CP-02818,TransactedWith,CP-02835,102818
CP-02818,UltimateBeneficialOwner,P-00418,1
CP-02819,TransactedWith,CP-02836,102819
CP-02819,UltimateBeneficialOwner,P-00419,1
CP-02820,TransactedWith,CP-02837,102820
CP-02820,UltimateBeneficialOwner,P-00420,1
CP-02821,TransactedWith,CP-02838,102821
CP-02821,UltimateBeneficialOwner,P-00421,1
CP-02822,TransactedWith,CP-02839,102822
CP-02822,UltimateBeneficialOwner,P-00422,1
CP-02823,TransactedWith,CP-02840,102823
CP-02823,UltimateBeneficialOwner,P-00423,1
CP-02824,TransactedWith,CP-02841,102824
CP-02824,UltimateBeneficialOwner,P-00424,1
CP-02825,TransactedWith,CP-02842,102825
CP-02825,UltimateBeneficialOwner,P-00425,1
CP-02826,TransactedWith,CP-02843,102826
CP-02826,UltimateBeneficialOwner,P-00426,1
CP-02827,TransactedWith,CP-02844,102827
CP-02827,UltimateBeneficialOwner,P-00427,1
CP-02828,TransactedWith,CP-02845,102828
CP-02828,UltimateBeneficialOwner,P-00428,1
CP-02829,TransactedWith,CP-02846,102829
CP-02829,UltimateBeneficialOwner,P-00429,1
CP-02830,TransactedWith,CP-02847,102830
CP-02830,UltimateBeneficialOwner,P-00430,1
CP-02831,TransactedWith,CP-02848,102831
CP-02831,UltimateBeneficialOwner,P-00431,1
CP-02832,TransactedWith,CP-02849,102832
CP-02832,UltimateBeneficialOwner,P-00432,1
CP-02833,TransactedWith,CP-02850,102833
CP-02833,UltimateBeneficialOwner,P-00433,1
CP-02834,TransactedWith,CP-02851,102834
CP-02834,UltimateBeneficialOwner,P-00434,1
CP-02835,TransactedWith,CP-02852,102835
CP-02835,UltimateBeneficialOwner,P-00435,1
CP-02836,TransactedWith,CP-02853,102836
CP-02836,UltimateBeneficialOwner,P-00436,1
CP-02837,TransactedWith,CP-02854,102837
CP-02837,UltimateBeneficialOwner,P-00437,1
CP-02838,TransactedWith,CP-02855,102838
CP-02838,UltimateBeneficialOwner,P-00438,1
CP-02839,TransactedWith,CP-02856,102839
CP-02839,UltimateBeneficialOwner,P-00439,1
CP-02840,TransactedWith,CP-02857,102840
CP-02840,UltimateBeneficialOwner,P-00440,1
CP-02841,TransactedWith,CP-02858,102841
CP-02841,UltimateBeneficialOwner,P-00441,1
CP-02842,TransactedWith,CP-02859,102842
CP-02842,UltimateBeneficialOwner,P-00442,1
CP-02843,TransactedWith,CP-02860,102843
CP-02843,UltimateBeneficialOwner,P-00443,1
CP-02844,TransactedWith,CP-02861,102844
CP-02844,UltimateBeneficialOwner,P-00444,1
CP-02845,TransactedWith,CP-02862,102845
CP-02845,UltimateBeneficialOwner,P-00445,1
CP-02846,TransactedWith,CP-02863,102846
CP-02846,UltimateBeneficialOwner,P-00446,1
CP-02847,TransactedWith,CP-02864,102847
CP-02847,UltimateBeneficialOwner,P-00447,1
CP-02848,TransactedWith,CP-02865,102848
CP-02848,UltimateBeneficialOwner,P-00448,1
CP-02849,TransactedWith,CP-02866,102849
CP-02849,UltimateBeneficialOwner,P-00449,1
CP-02850,TransactedWith,CP-02867,102850
CP-02850,UltimateBeneficialOwner,P-00450,1
CP-02851,TransactedWith,CP-02868,102851
CP-02851,UltimateBeneficialOwner,P-00451,1
CP-02852,TransactedWith,CP-02869,102852
CP-02852,UltimateBeneficialOwner,P-00452,1
CP-02853,TransactedWith,CP-02870,102853
CP-02853,UltimateBeneficialOwner,P-00453,1
CP-02854,TransactedWith,CP-02871,102854
CP-02854,UltimateBeneficialOwner,P-00454,1
CP-02855,TransactedWith,CP-02872,102855
CP-02855,UltimateBeneficialOwner,P-00455,1
CP-02856,TransactedWith,CP-02873,102856
CP-02856,UltimateBeneficialOwner,P-00456,1
CP-02857,TransactedWith,CP-02874,102857
CP-02857,UltimateBeneficialOwner,P-00457,1
CP-02858,TransactedWith,CP-02875,102858
CP-02858,UltimateBeneficialOwner,P-00458,1
CP-02859,TransactedWith,CP-02876,102859
CP-02859,UltimateBeneficialOwner,P-00459,1
CP-02860,TransactedWith,CP-02877,102860
CP-02860,UltimateBeneficialOwner,P-00460,1
CP-02861,TransactedWith,CP-02878,102861
CP-02861,UltimateBeneficialOwner,P-00461,1
CP-02862,TransactedWith,CP-02879,102862
CP-02862,UltimateBeneficialOwner,P-00462,1
CP-02863,TransactedWith,CP-02880,102863
CP-02863,UltimateBeneficialOwner,P-00463,1
CP-02864,TransactedWith,CP-02881,102864
CP-02864,UltimateBeneficialOwner,P-00464,1
CP-02865,TransactedWith,CP-02882,102865
CP-02865,UltimateBeneficialOwner,P-00465,1
CP-02866,TransactedWith,CP-02883,102866
CP-02866,UltimateBeneficialOwner,P-00466,1
CP-02867,TransactedWith,CP-02884,102867
CP-02867,UltimateBeneficialOwner,P-00467,1
CP-02868,TransactedWith,CP-02885,102868
CP-02868,UltimateBeneficialOwner,P-00468,1
CP-02869,TransactedWith,CP-02886,102869
CP-02869,UltimateBeneficialOwner,P-00469,1
CP-02870,TransactedWith,CP-02887,102870
CP-02870,UltimateBeneficialOwner,P-00470,1
CP-02871,TransactedWith,CP-02888,102871
CP-02871,UltimateBeneficialOwner,P-00471,1
CP-02872,TransactedWith,CP-02889,102872
CP-02872,UltimateBeneficialOwner,P-00472,1
CP-02873,TransactedWith,CP-02890,102873
CP-02873,UltimateBeneficialOwner,P-00473,1
CP-02874,TransactedWith,CP-02891,102874
CP-02874,UltimateBeneficialOwner,P-00474,1
CP-02875,TransactedWith,CP-02892,102875
CP-02875,UltimateBeneficialOwner,P-00475,1
CP-02876,TransactedWith,CP-02893,102876
CP-02876,UltimateBeneficialOwner,P-00476,1
CP-02877,TransactedWith,CP-02894,102877
CP-02877,UltimateBeneficialOwner,P-00477,1
CP-02878,TransactedWith,CP-02895,102878
CP-02878,UltimateBeneficialOwner,P-00478,1
CP-02879,TransactedWith,CP-02896,102879
CP-02879,UltimateBeneficialOwner,P-00479,1
CP-02880,TransactedWith,CP-02897,102880
CP-02880,UltimateBeneficialOwner,P-00480,1
CP-02881,TransactedWith,CP-02898,102881
CP-02881,UltimateBeneficialOwner,P-00481,1
CP-02882,TransactedWith,CP-02899,102882
CP-02882,UltimateBeneficialOwner,P-00482,1
CP-02883,TransactedWith,CP-02900,102883
CP-02883,UltimateBeneficialOwner,P-00483,1
CP-02884,TransactedWith,CP-02901,102884
CP-02884,UltimateBeneficialOwner,P-00484,1
CP-02885,TransactedWith,CP-02902,102885
CP-02885,UltimateBeneficialOwner,P-00485,1
CP-02886,TransactedWith,CP-02903,102886
CP-02886,UltimateBeneficialOwner,P-00486,1
CP-02887,TransactedWith,CP-02904,102887
CP-02887,UltimateBeneficialOwner,P-00487,1
CP-02888,TransactedWith,CP-02905,102888
CP-02888,UltimateBeneficialOwner,P-00488,1
CP-02889,TransactedWith,CP-02906,102889
CP-02889,UltimateBeneficialOwner,P-00489,1
CP-02890,TransactedWith,CP-02907,102890
CP-02890,UltimateBeneficialOwner,P-00490,1
CP-02891,TransactedWith,CP-02908,102891
CP-02891,UltimateBeneficialOwner,P-00491,1
CP-02892,TransactedWith,CP-02909,102892
CP-02892,UltimateBeneficialOwner,P-00492,1
CP-02893,TransactedWith,CP-02910,102893
CP-02893,UltimateBeneficialOwner,P-00493,1
CP-02894,TransactedWith,CP-02911,102894
CP-02894,UltimateBeneficialOwner,P-00494,1
CP-02895,TransactedWith,CP-02912,102895
CP-02895,UltimateBeneficialOwner,P-00495,1
CP-02896,TransactedWith,CP-02913,102896
CP-02896,UltimateBeneficialOwner,P-00496,1
CP-02897,TransactedWith,CP-02914,102897
CP-02897,UltimateBeneficialOwner,P-00497,1
CP-02898,TransactedWith,CP-02915,102898
CP-02898,UltimateBeneficialOwner,P-00498,1
CP-02899,TransactedWith,CP-02916,102899
CP-02899,UltimateBeneficialOwner,P-00499,1
CP-02900,TransactedWith,CP-02917,102900
CP-02900,UltimateBeneficialOwner,P-00500,1
CP-02901,TransactedWith,CP-02918,102901
CP-02901,UltimateBeneficialOwner,P-00501,1
CP-02902,TransactedWith,CP-02919,102902
CP-02902,UltimateBeneficialOwner,P-00502,1
CP-02903,TransactedWith,CP-02920,102903
CP-02903,UltimateBeneficialOwner,P-00503,1
CP-02904,TransactedWith,CP-02921,102904
CP-02904,UltimateBeneficialOwner,P-00504,1
CP-02905,TransactedWith,CP-02922,102905
CP-02905,UltimateBeneficialOwner,P-00505,1
CP-02906,TransactedWith,CP-02923,102906
CP-02906,UltimateBeneficialOwner,P-00506,1
CP-02907,TransactedWith,CP-02924,102907
CP-02907,UltimateBeneficialOwner,P-00507,1
CP-02908,TransactedWith,CP-02925,102908
CP-02908,UltimateBeneficialOwner,P-00508,1
CP-02909,TransactedWith,CP-02926,102909
CP-02909,UltimateBeneficialOwner,P-00509,1
CP-02910,TransactedWith,CP-02927,102910
CP-02910,UltimateBeneficialOwner,P-00510,1
CP-02911,TransactedWith,CP-02928,102911
CP-02911,UltimateBeneficialOwner,P-00511,1
CP-02912,TransactedWith,CP-02929,102912
CP-02912,UltimateBeneficialOwner,P-00512,1
CP-02913,TransactedWith,CP-02930,102913
CP-02913,UltimateBeneficialOwner,P-00513,1
CP-02914,TransactedWith,CP-02931,102914
CP-02914,UltimateBeneficialOwner,P-00514,1
CP-02915,TransactedWith,CP-02932,102915
CP-02915,UltimateBeneficialOwner,P-00515,1
CP-02916,TransactedWith,CP-02933,102916
CP-02916,UltimateBeneficialOwner,P-00516,1
CP-02917,TransactedWith,CP-02934,102917
CP-02917,UltimateBeneficialOwner,P-00517,1
CP-02918,TransactedWith,CP-02935,102918
CP-02918,UltimateBeneficialOwner,P-00518,1
CP-02919,TransactedWith,CP-02936,102919
CP-02919,UltimateBeneficialOwner,P-00519,1
CP-02920,TransactedWith,CP-02937,102920
CP-02920,UltimateBeneficialOwner,P-00520,1
CP-02921,TransactedWith,CP-02938,102921
CP-02921,UltimateBeneficialOwner,P-00521,1
CP-02922,TransactedWith,CP-02939,102922
CP-02922,UltimateBeneficialOwner,P-00522,1
CP-02923,TransactedWith,CP-02940,102923
CP-02923,UltimateBeneficialOwner,P-00523,1
CP-02924,TransactedWith,CP-02941,102924
CP-02924,UltimateBeneficialOwner,P-00524,1
CP-02925,TransactedWith,CP-02942,102925
CP-02925,UltimateBeneficialOwner,P-00525,1
CP-02926,TransactedWith,CP-02943,102926
CP-02926,UltimateBeneficialOwner,P-00526,1
CP-02927,TransactedWith,CP-02944,102927
CP-02927,UltimateBeneficialOwner,P-00527,1
CP-02928,TransactedWith,CP-02945,102928
CP-02928,UltimateBeneficialOwner,P-00528,1
CP-02929,TransactedWith,CP-02946,102929
CP-02929,UltimateBeneficialOwner,P-00529,1
CP-02930,TransactedWith,CP-02947,102930
CP-02930,UltimateBeneficialOwner,P-00530,1
CP-02931,TransactedWith,CP-02948,102931
CP-02931,UltimateBeneficialOwner,P-00531,1
CP-02932,TransactedWith,CP-02949,102932
CP-02932,UltimateBeneficialOwner,P-00532,1
CP-02933,TransactedWith,CP-02950,102933
CP-02933,UltimateBeneficialOwner,P-00533,1
CP-02934,TransactedWith,CP-02951,102934
CP-02934,UltimateBeneficialOwner,P-00534,1
CP-02935,TransactedWith,CP-02952,102935
CP-02935,UltimateBeneficialOwner,P-00535,1
CP-02936,TransactedWith,CP-02953,102936
CP-02936,UltimateBeneficialOwner,P-00536,1
CP-02937,TransactedWith,CP-02954,102937
CP-02937,UltimateBeneficialOwner,P-00537,1
CP-02938,TransactedWith,CP-02955,102938
CP-02938,UltimateBeneficialOwner,P-00538,1
CP-02939,TransactedWith,CP-02956,102939
CP-02939,UltimateBeneficialOwner,P-00539,1
CP-02940,TransactedWith,CP-02957,102940
CP-02940,UltimateBeneficialOwner,P-00540,1
CP-02941,TransactedWith,CP-02958,102941
CP-02941,UltimateBeneficialOwner,P-00541,1
CP-02942,TransactedWith,CP-02959,102942
CP-02942,UltimateBeneficialOwner,P-00542,1
CP-02943,TransactedWith,CP-02960,102943
CP-02943,UltimateBeneficialOwner,P-00543,1
CP-02944,TransactedWith,CP-02961,102944
CP-02944,UltimateBeneficialOwner,P-00544,1
CP-02945,TransactedWith,CP-02962,102945
CP-02945,UltimateBeneficialOwner,P-00545,1
CP-02946,TransactedWith,CP-02963,102946
CP-02946,UltimateBeneficialOwner,P-00546,1
CP-02947,TransactedWith,CP-02964,102947
CP-02947,UltimateBeneficialOwner,P-00547,1
CP-02948,TransactedWith,CP-02965,102948
CP-02948,UltimateBeneficialOwner,P-00548,1
CP-02949,TransactedWith,CP-02966,102949
CP-02949,UltimateBeneficialOwner,P-00549,1
CP-02950,TransactedWith,CP-02967,102950
CP-02950,UltimateBeneficialOwner,P-00550,1
CP-02951,TransactedWith,CP-02968,102951
CP-02951,UltimateBeneficialOwner,P-00551,1
CP-02952,TransactedWith,CP-02969,102952
CP-02952,UltimateBeneficialOwner,P-00552,1
CP-02953,TransactedWith,CP-02970,102953
CP-02953,UltimateBeneficialOwner,P-00553,1
CP-02954,TransactedWith,CP-02971,102954
CP-02954,UltimateBeneficialOwner,P-00554,1
CP-02955,TransactedWith,CP-02972,102955
CP-02955,UltimateBeneficialOwner,P-00555,1
CP-02956,TransactedWith,CP-02973,102956
CP-02956,UltimateBeneficialOwner,P-00556,1
CP-02957,TransactedWith,CP-02974,102957
CP-02957,UltimateBeneficialOwner,P-00557,1
CP-02958,TransactedWith,CP-02975,102958
CP-02958,UltimateBeneficialOwner,P-00558,1
CP-02959,TransactedWith,CP-02976,102959
CP-02959,UltimateBeneficialOwner,P-00559,1
CP-02960,TransactedWith,CP-02977,102960
CP-02960,UltimateBeneficialOwner,P-00560,1
CP-02961,TransactedWith,CP-02978,102961
CP-02961,UltimateBeneficialOwner,P-00561,1
CP-02962,TransactedWith,CP-02979,102962
CP-02962,UltimateBeneficialOwner,P-00562,1
CP-02963,TransactedWith,CP-02980,102963
CP-02963,UltimateBeneficialOwner,P-00563,1
CP-02964,TransactedWith,CP-02981,102964
CP-02964,UltimateBeneficialOwner,P-00564,1
CP-02965,TransactedWith,CP-02982,102965
CP-02965,UltimateBeneficialOwner,P-00565,1
CP-02966,TransactedWith,CP-02983,102966
CP-02966,UltimateBeneficialOwner,P-00566,1
CP-02967,TransactedWith,CP-02984,102967
CP-02967,UltimateBeneficialOwner,P-00567,1
CP-02968,TransactedWith,CP-02985,102968
CP-02968,UltimateBeneficialOwner,P-00568,1
CP-02969,TransactedWith,CP-02986,102969
CP-02969,UltimateBeneficialOwner,P-00569,1
CP-02970,TransactedWith,CP-02987,102970
CP-02970,UltimateBeneficialOwner,P-00570,1
CP-02971,TransactedWith,CP-02988,102971
CP-02971,UltimateBeneficialOwner,P-00571,1
CP-02972,TransactedWith,CP-02989,102972
CP-02972,UltimateBeneficialOwner,P-00572,1
CP-02973,TransactedWith,CP-02990,102973
CP-02973,UltimateBeneficialOwner,P-00573,1
CP-02974,TransactedWith,CP-02991,102974
CP-02974,UltimateBeneficialOwner,P-00574,1
CP-02975,TransactedWith,CP-02992,102975
CP-02975,UltimateBeneficialOwner,P-00575,1
CP-02976,TransactedWith,CP-02993,102976
CP-02976,UltimateBeneficialOwner,P-00576,1
CP-02977,TransactedWith,CP-02994,102977
CP-02977,UltimateBeneficialOwner,P-00577,1
CP-02978,TransactedWith,CP-02995,102978
CP-02978,UltimateBeneficialOwner,P-00578,1
CP-02979,TransactedWith,CP-02996,102979
CP-02979,UltimateBeneficialOwner,P-00579,1
CP-02980,TransactedWith,CP-02997,102980
CP-02980,UltimateBeneficialOwner,P-00580,1
CP-02981,TransactedWith,CP-02998,102981
CP-02981,UltimateBeneficialOwner,P-00581,1
CP-02982,TransactedWith,CP-02999,102982
CP-02982,UltimateBeneficialOwner,P-00582,1
CP-02983,TransactedWith,CP-03000,102983
CP-02983,UltimateBeneficialOwner,P-00583,1
CP-02984,TransactedWith,CP-03001,102984
CP-02984,UltimateBeneficialOwner,P-00584,1
CP-02985,TransactedWith,CP-03002,102985
CP-02985,UltimateBeneficialOwner,P-00585,1
CP-02986,TransactedWith,CP-03003,102986
CP-02986,UltimateBeneficialOwner,P-00586,1
CP-02987,TransactedWith,CP-03004,102987
CP-02987,UltimateBeneficialOwner,P-00587,1
CP-02988,TransactedWith,CP-03005,102988
CP-02988,UltimateBeneficialOwner,P-00588,1
CP-02989,TransactedWith,CP-03006,102989
CP-02989,UltimateBeneficialOwner,P-00589,1
CP-02990,TransactedWith,CP-03007,102990
CP-02990,UltimateBeneficialOwner,P-00590,1
CP-02991,TransactedWith,CP-03008,102991
CP-02991,UltimateBeneficialOwner,P-00591,1
CP-02991,SanctionsHit,SDN-02991,active
CP-02992,TransactedWith,CP-03009,102992
CP-02992,UltimateBeneficialOwner,P-00592,1
CP-02993,TransactedWith,CP-03010,102993
CP-02993,UltimateBeneficialOwner,P-00593,1
CP-02994,TransactedWith,CP-03011,102994
CP-02994,UltimateBeneficialOwner,P-00594,1
CP-02995,TransactedWith,CP-03012,102995
CP-02995,UltimateBeneficialOwner,P-00595,1
CP-02996,TransactedWith,CP-03013,102996
CP-02996,UltimateBeneficialOwner,P-00596,1
CP-02997,TransactedWith,CP-03014,102997
CP-02997,UltimateBeneficialOwner,P-00597,1
CP-02998,TransactedWith,CP-03015,102998
CP-02998,UltimateBeneficialOwner,P-00598,1
CP-02999,TransactedWith,CP-03016,102999
CP-02999,UltimateBeneficialOwner,P-00599,1
CP-03000,TransactedWith,CP-03017,103000
CP-03000,UltimateBeneficialOwner,P-00600,1
CP-03001,TransactedWith,CP-03018,103001
CP-03001,UltimateBeneficialOwner,P-00601,1
CP-03002,TransactedWith,CP-03019,103002
CP-03002,UltimateBeneficialOwner,P-00602,1
CP-03003,TransactedWith,CP-03020,103003
CP-03003,UltimateBeneficialOwner,P-00603,1
CP-03004,TransactedWith,CP-03021,103004
CP-03004,UltimateBeneficialOwner,P-00604,1
CP-03005,TransactedWith,CP-03022,103005
CP-03005,UltimateBeneficialOwner,P-00605,1
CP-03006,TransactedWith,CP-03023,103006
CP-03006,UltimateBeneficialOwner,P-00606,1
CP-03007,TransactedWith,CP-03024,103007
CP-03007,UltimateBeneficialOwner,P-00607,1
CP-03008,TransactedWith,CP-03025,103008
CP-03008,UltimateBeneficialOwner,P-00608,1
CP-03009,TransactedWith,CP-03026,103009
CP-03009,UltimateBeneficialOwner,P-00609,1
CP-03010,TransactedWith,CP-03027,103010
CP-03010,UltimateBeneficialOwner,P-00610,1
CP-03011,TransactedWith,CP-03028,103011
CP-03011,UltimateBeneficialOwner,P-00611,1
CP-03012,TransactedWith,CP-03029,103012
CP-03012,UltimateBeneficialOwner,P-00612,1
CP-03013,TransactedWith,CP-03030,103013
CP-03013,UltimateBeneficialOwner,P-00613,1
CP-03014,TransactedWith,CP-03031,103014
CP-03014,UltimateBeneficialOwner,P-00614,1
CP-03015,TransactedWith,CP-03032,103015
CP-03015,UltimateBeneficialOwner,P-00615,1
CP-03016,TransactedWith,CP-03033,103016
CP-03016,UltimateBeneficialOwner,P-00616,1
CP-03017,TransactedWith,CP-03034,103017
CP-03017,UltimateBeneficialOwner,P-00617,1
CP-03018,TransactedWith,CP-03035,103018
CP-03018,UltimateBeneficialOwner,P-00618,1
CP-03019,TransactedWith,CP-03036,103019
CP-03019,UltimateBeneficialOwner,P-00619,1
CP-03020,TransactedWith,CP-03037,103020
CP-03020,UltimateBeneficialOwner,P-00620,1
CP-03021,TransactedWith,CP-03038,103021
CP-03021,UltimateBeneficialOwner,P-00621,1
CP-03022,TransactedWith,CP-03039,103022
CP-03022,UltimateBeneficialOwner,P-00622,1
CP-03023,TransactedWith,CP-03040,103023
CP-03023,UltimateBeneficialOwner,P-00623,1
CP-03024,TransactedWith,CP-03041,103024
CP-03024,UltimateBeneficialOwner,P-00624,1
CP-03025,TransactedWith,CP-03042,103025
CP-03025,UltimateBeneficialOwner,P-00625,1
CP-03026,TransactedWith,CP-03043,103026
CP-03026,UltimateBeneficialOwner,P-00626,1
CP-03027,TransactedWith,CP-03044,103027
CP-03027,UltimateBeneficialOwner,P-00627,1
CP-03028,TransactedWith,CP-03045,103028
CP-03028,UltimateBeneficialOwner,P-00628,1
CP-03029,TransactedWith,CP-03046,103029
CP-03029,UltimateBeneficialOwner,P-00629,1
CP-03030,TransactedWith,CP-03047,103030
CP-03030,UltimateBeneficialOwner,P-00630,1
CP-03031,TransactedWith,CP-03048,103031
CP-03031,UltimateBeneficialOwner,P-00631,1
CP-03032,TransactedWith,CP-03049,103032
CP-03032,UltimateBeneficialOwner,P-00632,1
CP-03033,TransactedWith,CP-03050,103033
CP-03033,UltimateBeneficialOwner,P-00633,1
CP-03034,TransactedWith,CP-03051,103034
CP-03034,UltimateBeneficialOwner,P-00634,1
CP-03035,TransactedWith,CP-03052,103035
CP-03035,UltimateBeneficialOwner,P-00635,1
CP-03036,TransactedWith,CP-03053,103036
CP-03036,UltimateBeneficialOwner,P-00636,1
CP-03037,TransactedWith,CP-03054,103037
CP-03037,UltimateBeneficialOwner,P-00637,1
CP-03038,TransactedWith,CP-03055,103038
CP-03038,UltimateBeneficialOwner,P-00638,1
CP-03039,TransactedWith,CP-03056,103039
CP-03039,UltimateBeneficialOwner,P-00639,1
CP-03040,TransactedWith,CP-03057,103040
CP-03040,UltimateBeneficialOwner,P-00640,1
CP-03041,TransactedWith,CP-03058,103041
CP-03041,UltimateBeneficialOwner,P-00641,1
CP-03042,TransactedWith,CP-03059,103042
CP-03042,UltimateBeneficialOwner,P-00642,1
CP-03043,TransactedWith,CP-03060,103043
CP-03043,UltimateBeneficialOwner,P-00643,1
CP-03044,TransactedWith,CP-03061,103044
CP-03044,UltimateBeneficialOwner,P-00644,1
CP-03045,TransactedWith,CP-03062,103045
CP-03045,UltimateBeneficialOwner,P-00645,1
CP-03046,TransactedWith,CP-03063,103046
CP-03046,UltimateBeneficialOwner,P-00646,1
CP-03047,TransactedWith,CP-03064,103047
CP-03047,UltimateBeneficialOwner,P-00647,1
CP-03048,TransactedWith,CP-03065,103048
CP-03048,UltimateBeneficialOwner,P-00648,1
CP-03049,TransactedWith,CP-03066,103049
CP-03049,UltimateBeneficialOwner,P-00649,1
CP-03050,TransactedWith,CP-03067,103050
CP-03050,UltimateBeneficialOwner,P-00650,1
CP-03051,TransactedWith,CP-03068,103051
CP-03051,UltimateBeneficialOwner,P-00651,1
CP-03052,TransactedWith,CP-03069,103052
CP-03052,UltimateBeneficialOwner,P-00652,1
CP-03053,TransactedWith,CP-03070,103053
CP-03053,UltimateBeneficialOwner,P-00653,1
CP-03054,TransactedWith,CP-03071,103054
CP-03054,UltimateBeneficialOwner,P-00654,1
CP-03055,TransactedWith,CP-03072,103055
CP-03055,UltimateBeneficialOwner,P-00655,1
CP-03056,TransactedWith,CP-03073,103056
CP-03056,UltimateBeneficialOwner,P-00656,1
CP-03057,TransactedWith,CP-03074,103057
CP-03057,UltimateBeneficialOwner,P-00657,1
CP-03058,TransactedWith,CP-03075,103058
CP-03058,UltimateBeneficialOwner,P-00658,1
CP-03059,TransactedWith,CP-03076,103059
CP-03059,UltimateBeneficialOwner,P-00659,1
CP-03060,TransactedWith,CP-03077,103060
CP-03060,UltimateBeneficialOwner,P-00660,1
CP-03061,TransactedWith,CP-03078,103061
CP-03061,UltimateBeneficialOwner,P-00661,1
CP-03062,TransactedWith,CP-03079,103062
CP-03062,UltimateBeneficialOwner,P-00662,1
CP-03063,TransactedWith,CP-03080,103063
CP-03063,UltimateBeneficialOwner,P-00663,1
CP-03064,TransactedWith,CP-03081,103064
CP-03064,UltimateBeneficialOwner,P-00664,1
CP-03065,TransactedWith,CP-03082,103065
CP-03065,UltimateBeneficialOwner,P-00665,1
CP-03066,TransactedWith,CP-03083,103066
CP-03066,UltimateBeneficialOwner,P-00666,1
CP-03067,TransactedWith,CP-03084,103067
CP-03067,UltimateBeneficialOwner,P-00667,1
CP-03068,TransactedWith,CP-03085,103068
CP-03068,UltimateBeneficialOwner,P-00668,1
CP-03069,TransactedWith,CP-03086,103069
CP-03069,UltimateBeneficialOwner,P-00669,1
CP-03070,TransactedWith,CP-03087,103070
CP-03070,UltimateBeneficialOwner,P-00670,1
CP-03071,TransactedWith,CP-03088,103071
CP-03071,UltimateBeneficialOwner,P-00671,1
CP-03072,TransactedWith,CP-03089,103072
CP-03072,UltimateBeneficialOwner,P-00672,1
CP-03073,TransactedWith,CP-03090,103073
CP-03073,UltimateBeneficialOwner,P-00673,1
CP-03074,TransactedWith,CP-03091,103074
CP-03074,UltimateBeneficialOwner,P-00674,1
CP-03075,TransactedWith,CP-03092,103075
CP-03075,UltimateBeneficialOwner,P-00675,1
CP-03076,TransactedWith,CP-03093,103076
CP-03076,UltimateBeneficialOwner,P-00676,1
CP-03077,TransactedWith,CP-03094,103077
CP-03077,UltimateBeneficialOwner,P-00677,1
CP-03078,TransactedWith,CP-03095,103078
CP-03078,UltimateBeneficialOwner,P-00678,1
CP-03079,TransactedWith,CP-03096,103079
CP-03079,UltimateBeneficialOwner,P-00679,1
CP-03080,TransactedWith,CP-03097,103080
CP-03080,UltimateBeneficialOwner,P-00680,1
CP-03081,TransactedWith,CP-03098,103081
CP-03081,UltimateBeneficialOwner,P-00681,1
CP-03082,TransactedWith,CP-03099,103082
CP-03082,UltimateBeneficialOwner,P-00682,1
CP-03083,TransactedWith,CP-03100,103083
CP-03083,UltimateBeneficialOwner,P-00683,1
CP-03084,TransactedWith,CP-03101,103084
CP-03084,UltimateBeneficialOwner,P-00684,1
CP-03085,TransactedWith,CP-03102,103085
CP-03085,UltimateBeneficialOwner,P-00685,1
CP-03086,TransactedWith,CP-03103,103086
CP-03086,UltimateBeneficialOwner,P-00686,1
CP-03087,TransactedWith,CP-03104,103087
CP-03087,UltimateBeneficialOwner,P-00687,1
CP-03088,TransactedWith,CP-03105,103088
CP-03088,UltimateBeneficialOwner,P-00688,1
CP-03089,TransactedWith,CP-03106,103089
CP-03089,UltimateBeneficialOwner,P-00689,1
CP-03090,TransactedWith,CP-03107,103090
CP-03090,UltimateBeneficialOwner,P-00690,1
CP-03091,TransactedWith,CP-03108,103091
CP-03091,UltimateBeneficialOwner,P-00691,1
CP-03092,TransactedWith,CP-03109,103092
CP-03092,UltimateBeneficialOwner,P-00692,1
CP-03093,TransactedWith,CP-03110,103093
CP-03093,UltimateBeneficialOwner,P-00693,1
CP-03094,TransactedWith,CP-03111,103094
CP-03094,UltimateBeneficialOwner,P-00694,1
CP-03095,TransactedWith,CP-03112,103095
CP-03095,UltimateBeneficialOwner,P-00695,1
CP-03096,TransactedWith,CP-03113,103096
CP-03096,UltimateBeneficialOwner,P-00696,1
CP-03097,TransactedWith,CP-03114,103097
CP-03097,UltimateBeneficialOwner,P-00697,1
CP-03098,TransactedWith,CP-03115,103098
CP-03098,UltimateBeneficialOwner,P-00698,1
CP-03099,TransactedWith,CP-03116,103099
CP-03099,UltimateBeneficialOwner,P-00699,1
CP-03100,TransactedWith,CP-03117,103100
CP-03100,UltimateBeneficialOwner,P-00700,1
CP-03101,TransactedWith,CP-03118,103101
CP-03101,UltimateBeneficialOwner,P-00701,1
CP-03102,TransactedWith,CP-03119,103102
CP-03102,UltimateBeneficialOwner,P-00702,1
CP-03103,TransactedWith,CP-03120,103103
CP-03103,UltimateBeneficialOwner,P-00703,1
CP-03104,TransactedWith,CP-03121,103104
CP-03104,UltimateBeneficialOwner,P-00704,1
CP-03105,TransactedWith,CP-03122,103105
CP-03105,UltimateBeneficialOwner,P-00705,1
CP-03106,TransactedWith,CP-03123,103106
CP-03106,UltimateBeneficialOwner,P-00706,1
CP-03107,TransactedWith,CP-03124,103107
CP-03107,UltimateBeneficialOwner,P-00707,1
CP-03108,TransactedWith,CP-03125,103108
CP-03108,UltimateBeneficialOwner,P-00708,1
CP-03109,TransactedWith,CP-03126,103109
CP-03109,UltimateBeneficialOwner,P-00709,1
CP-03110,TransactedWith,CP-03127,103110
CP-03110,UltimateBeneficialOwner,P-00710,1
CP-03111,TransactedWith,CP-03128,103111
CP-03111,UltimateBeneficialOwner,P-00711,1
CP-03112,TransactedWith,CP-03129,103112
CP-03112,UltimateBeneficialOwner,P-00712,1
CP-03113,TransactedWith,CP-03130,103113
CP-03113,UltimateBeneficialOwner,P-00713,1
CP-03114,TransactedWith,CP-03131,103114
CP-03114,UltimateBeneficialOwner,P-00714,1
CP-03115,TransactedWith,CP-03132,103115
CP-03115,UltimateBeneficialOwner,P-00715,1
CP-03116,TransactedWith,CP-03133,103116
CP-03116,UltimateBeneficialOwner,P-00716,1
CP-03117,TransactedWith,CP-03134,103117
CP-03117,UltimateBeneficialOwner,P-00717,1
CP-03118,TransactedWith,CP-03135,103118
CP-03118,UltimateBeneficialOwner,P-00718,1
CP-03119,TransactedWith,CP-03136,103119
CP-03119,UltimateBeneficialOwner,P-00719,1
CP-03120,TransactedWith,CP-03137,103120
CP-03120,UltimateBeneficialOwner,P-00720,1
CP-03121,TransactedWith,CP-03138,103121
CP-03121,UltimateBeneficialOwner,P-00721,1
CP-03122,TransactedWith,CP-03139,103122
CP-03122,UltimateBeneficialOwner,P-00722,1
CP-03123,TransactedWith,CP-03140,103123
CP-03123,UltimateBeneficialOwner,P-00723,1
CP-03124,TransactedWith,CP-03141,103124
CP-03124,UltimateBeneficialOwner,P-00724,1
CP-03125,TransactedWith,CP-03142,103125
CP-03125,UltimateBeneficialOwner,P-00725,1
CP-03126,TransactedWith,CP-03143,103126
CP-03126,UltimateBeneficialOwner,P-00726,1
CP-03127,TransactedWith,CP-03144,103127
CP-03127,UltimateBeneficialOwner,P-00727,1
CP-03128,TransactedWith,CP-03145,103128
CP-03128,UltimateBeneficialOwner,P-00728,1
CP-03129,TransactedWith,CP-03146,103129
CP-03129,UltimateBeneficialOwner,P-00729,1
CP-03130,TransactedWith,CP-03147,103130
CP-03130,UltimateBeneficialOwner,P-00730,1
CP-03131,TransactedWith,CP-03148,103131
CP-03131,UltimateBeneficialOwner,P-00731,1
CP-03132,TransactedWith,CP-03149,103132
CP-03132,UltimateBeneficialOwner,P-00732,1
CP-03133,TransactedWith,CP-03150,103133
CP-03133,UltimateBeneficialOwner,P-00733,1
CP-03134,TransactedWith,CP-03151,103134
CP-03134,UltimateBeneficialOwner,P-00734,1
CP-03135,TransactedWith,CP-03152,103135
CP-03135,UltimateBeneficialOwner,P-00735,1
CP-03136,TransactedWith,CP-03153,103136
CP-03136,UltimateBeneficialOwner,P-00736,1
CP-03137,TransactedWith,CP-03154,103137
CP-03137,UltimateBeneficialOwner,P-00737,1
CP-03138,TransactedWith,CP-03155,103138
CP-03138,UltimateBeneficialOwner,P-00738,1
CP-03139,TransactedWith,CP-03156,103139
CP-03139,UltimateBeneficialOwner,P-00739,1
CP-03140,TransactedWith,CP-03157,103140
CP-03140,UltimateBeneficialOwner,P-00740,1
CP-03141,TransactedWith,CP-03158,103141
CP-03141,UltimateBeneficialOwner,P-00741,1
CP-03142,TransactedWith,CP-03159,103142
CP-03142,UltimateBeneficialOwner,P-00742,1
CP-03143,TransactedWith,CP-03160,103143
CP-03143,UltimateBeneficialOwner,P-00743,1
CP-03144,TransactedWith,CP-03161,103144
CP-03144,UltimateBeneficialOwner,P-00744,1
CP-03145,TransactedWith,CP-03162,103145
CP-03145,UltimateBeneficialOwner,P-00745,1
CP-03146,TransactedWith,CP-03163,103146
CP-03146,UltimateBeneficialOwner,P-00746,1
CP-03147,TransactedWith,CP-03164,103147
CP-03147,UltimateBeneficialOwner,P-00747,1
CP-03148,TransactedWith,CP-03165,103148
CP-03148,UltimateBeneficialOwner,P-00748,1
CP-03149,TransactedWith,CP-03166,103149
CP-03149,UltimateBeneficialOwner,P-00749,1
CP-03150,TransactedWith,CP-03167,103150
CP-03150,UltimateBeneficialOwner,P-00750,1
CP-03151,TransactedWith,CP-03168,103151
CP-03151,UltimateBeneficialOwner,P-00751,1
CP-03152,TransactedWith,CP-03169,103152
CP-03152,UltimateBeneficialOwner,P-00752,1
CP-03153,TransactedWith,CP-03170,103153
CP-03153,UltimateBeneficialOwner,P-00753,1
CP-03154,TransactedWith,CP-03171,103154
CP-03154,UltimateBeneficialOwner,P-00754,1
CP-03155,TransactedWith,CP-03172,103155
CP-03155,UltimateBeneficialOwner,P-00755,1
CP-03156,TransactedWith,CP-03173,103156
CP-03156,UltimateBeneficialOwner,P-00756,1
CP-03157,TransactedWith,CP-03174,103157
CP-03157,UltimateBeneficialOwner,P-00757,1
CP-03158,TransactedWith,CP-03175,103158
CP-03158,UltimateBeneficialOwner,P-00758,1
CP-03159,TransactedWith,CP-03176,103159
CP-03159,UltimateBeneficialOwner,P-00759,1
CP-03160,TransactedWith,CP-03177,103160
CP-03160,UltimateBeneficialOwner,P-00760,1
CP-03161,TransactedWith,CP-03178,103161
CP-03161,UltimateBeneficialOwner,P-00761,1
CP-03162,TransactedWith,CP-03179,103162
CP-03162,UltimateBeneficialOwner,P-00762,1
CP-03163,TransactedWith,CP-03180,103163
CP-03163,UltimateBeneficialOwner,P-00763,1
CP-03164,TransactedWith,CP-03181,103164
CP-03164,UltimateBeneficialOwner,P-00764,1
CP-03165,TransactedWith,CP-03182,103165
CP-03165,UltimateBeneficialOwner,P-00765,1
CP-03166,TransactedWith,CP-03183,103166
CP-03166,UltimateBeneficialOwner,P-00766,1
CP-03167,TransactedWith,CP-03184,103167
CP-03167,UltimateBeneficialOwner,P-00767,1
CP-03168,TransactedWith,CP-03185,103168
CP-03168,UltimateBeneficialOwner,P-00768,1
CP-03169,TransactedWith,CP-03186,103169
CP-03169,UltimateBeneficialOwner,P-00769,1
CP-03170,TransactedWith,CP-03187,103170
CP-03170,UltimateBeneficialOwner,P-00770,1
CP-03171,TransactedWith,CP-03188,103171
CP-03171,UltimateBeneficialOwner,P-00771,1
CP-03172,TransactedWith,CP-03189,103172
CP-03172,UltimateBeneficialOwner,P-00772,1
CP-03173,TransactedWith,CP-03190,103173
CP-03173,UltimateBeneficialOwner,P-00773,1
CP-03174,TransactedWith,CP-03191,103174
CP-03174,UltimateBeneficialOwner,P-00774,1
CP-03175,TransactedWith,CP-03192,103175
CP-03175,UltimateBeneficialOwner,P-00775,1
CP-03176,TransactedWith,CP-03193,103176
CP-03176,UltimateBeneficialOwner,P-00776,1
CP-03177,TransactedWith,CP-03194,103177
CP-03177,UltimateBeneficialOwner,P-00777,1
CP-03178,TransactedWith,CP-03195,103178
CP-03178,UltimateBeneficialOwner,P-00778,1
CP-03179,TransactedWith,CP-03196,103179
CP-03179,UltimateBeneficialOwner,P-00779,1
CP-03180,TransactedWith,CP-03197,103180
CP-03180,UltimateBeneficialOwner,P-00780,1
CP-03181,TransactedWith,CP-03198,103181
CP-03181,UltimateBeneficialOwner,P-00781,1
CP-03182,TransactedWith,CP-03199,103182
CP-03182,UltimateBeneficialOwner,P-00782,1
CP-03183,TransactedWith,CP-03200,103183
CP-03183,UltimateBeneficialOwner,P-00783,1
CP-03184,TransactedWith,CP-03201,103184
CP-03184,UltimateBeneficialOwner,P-00784,1
CP-03185,TransactedWith,CP-03202,103185
CP-03185,UltimateBeneficialOwner,P-00785,1
CP-03186,TransactedWith,CP-03203,103186
CP-03186,UltimateBeneficialOwner,P-00786,1
CP-03187,TransactedWith,CP-03204,103187
CP-03187,UltimateBeneficialOwner,P-00787,1
CP-03188,TransactedWith,CP-03205,103188
CP-03188,UltimateBeneficialOwner,P-00788,1
CP-03189,TransactedWith,CP-03206,103189
CP-03189,UltimateBeneficialOwner,P-00789,1
CP-03190,TransactedWith,CP-03207,103190
CP-03190,UltimateBeneficialOwner,P-00790,1
CP-03191,TransactedWith,CP-03208,103191
CP-03191,UltimateBeneficialOwner,P-00791,1
CP-03192,TransactedWith,CP-03209,103192
CP-03192,UltimateBeneficialOwner,P-00792,1
CP-03193,TransactedWith,CP-03210,103193
CP-03193,UltimateBeneficialOwner,P-00793,1
CP-03194,TransactedWith,CP-03211,103194
CP-03194,UltimateBeneficialOwner,P-00794,1
CP-03195,TransactedWith,CP-03212,103195
CP-03195,UltimateBeneficialOwner,P-00795,1
CP-03196,TransactedWith,CP-03213,103196
CP-03196,UltimateBeneficialOwner,P-00796,1
CP-03197,TransactedWith,CP-03214,103197
CP-03197,UltimateBeneficialOwner,P-00797,1
CP-03198,TransactedWith,CP-03215,103198
CP-03198,UltimateBeneficialOwner,P-00798,1
CP-03199,TransactedWith,CP-03216,103199
CP-03199,UltimateBeneficialOwner,P-00799,1
CP-03200,TransactedWith,CP-03217,103200
CP-03200,UltimateBeneficialOwner,P-00800,1
CP-03201,TransactedWith,CP-03218,103201
CP-03201,UltimateBeneficialOwner,P-00801,1
CP-03202,TransactedWith,CP-03219,103202
CP-03202,UltimateBeneficialOwner,P-00802,1
CP-03203,TransactedWith,CP-03220,103203
CP-03203,UltimateBeneficialOwner,P-00803,1
CP-03204,TransactedWith,CP-03221,103204
CP-03204,UltimateBeneficialOwner,P-00804,1
CP-03205,TransactedWith,CP-03222,103205
CP-03205,UltimateBeneficialOwner,P-00805,1
CP-03206,TransactedWith,CP-03223,103206
CP-03206,UltimateBeneficialOwner,P-00806,1
CP-03207,TransactedWith,CP-03224,103207
CP-03207,UltimateBeneficialOwner,P-00807,1
CP-03208,TransactedWith,CP-03225,103208
CP-03208,UltimateBeneficialOwner,P-00808,1
CP-03209,TransactedWith,CP-03226,103209
CP-03209,UltimateBeneficialOwner,P-00809,1
CP-03210,TransactedWith,CP-03227,103210
CP-03210,UltimateBeneficialOwner,P-00810,1
CP-03211,TransactedWith,CP-03228,103211
CP-03211,UltimateBeneficialOwner,P-00811,1
CP-03212,TransactedWith,CP-03229,103212
CP-03212,UltimateBeneficialOwner,P-00812,1
CP-03213,TransactedWith,CP-03230,103213
CP-03213,UltimateBeneficialOwner,P-00813,1
CP-03214,TransactedWith,CP-03231,103214
CP-03214,UltimateBeneficialOwner,P-00814,1
CP-03215,TransactedWith,CP-03232,103215
CP-03215,UltimateBeneficialOwner,P-00815,1
CP-03216,TransactedWith,CP-03233,103216
CP-03216,UltimateBeneficialOwner,P-00816,1
CP-03217,TransactedWith,CP-03234,103217
CP-03217,UltimateBeneficialOwner,P-00817,1
CP-03218,TransactedWith,CP-03235,103218
CP-03218,UltimateBeneficialOwner,P-00818,1
CP-03219,TransactedWith,CP-03236,103219
CP-03219,UltimateBeneficialOwner,P-00819,1
CP-03220,TransactedWith,CP-03237,103220
CP-03220,UltimateBeneficialOwner,P-00820,1
CP-03221,TransactedWith,CP-03238,103221
CP-03221,UltimateBeneficialOwner,P-00821,1
CP-03222,TransactedWith,CP-03239,103222
CP-03222,UltimateBeneficialOwner,P-00822,1
CP-03223,TransactedWith,CP-03240,103223
CP-03223,UltimateBeneficialOwner,P-00823,1
CP-03224,TransactedWith,CP-03241,103224
CP-03224,UltimateBeneficialOwner,P-00824,1
CP-03225,TransactedWith,CP-03242,103225
CP-03225,UltimateBeneficialOwner,P-00825,1
CP-03226,TransactedWith,CP-03243,103226
CP-03226,UltimateBeneficialOwner,P-00826,1
CP-03227,TransactedWith,CP-03244,103227
CP-03227,UltimateBeneficialOwner,P-00827,1
CP-03228,TransactedWith,CP-03245,103228
CP-03228,UltimateBeneficialOwner,P-00828,1
CP-03229,TransactedWith,CP-03246,103229
CP-03229,UltimateBeneficialOwner,P-00829,1
CP-03230,TransactedWith,CP-03247,103230
CP-03230,UltimateBeneficialOwner,P-00830,1
CP-03231,TransactedWith,CP-03248,103231
CP-03231,UltimateBeneficialOwner,P-00831,1
CP-03232,TransactedWith,CP-03249,103232
CP-03232,UltimateBeneficialOwner,P-00832,1
CP-03233,TransactedWith,CP-03250,103233
CP-03233,UltimateBeneficialOwner,P-00833,1
CP-03234,TransactedWith,CP-03251,103234
CP-03234,UltimateBeneficialOwner,P-00834,1
CP-03235,TransactedWith,CP-03252,103235
CP-03235,UltimateBeneficialOwner,P-00835,1
CP-03236,TransactedWith,CP-03253,103236
CP-03236,UltimateBeneficialOwner,P-00836,1
CP-03237,TransactedWith,CP-03254,103237
CP-03237,UltimateBeneficialOwner,P-00837,1
CP-03238,TransactedWith,CP-03255,103238
CP-03238,UltimateBeneficialOwner,P-00838,1
CP-03239,TransactedWith,CP-03256,103239
CP-03239,UltimateBeneficialOwner,P-00839,1
CP-03240,TransactedWith,CP-03257,103240
CP-03240,UltimateBeneficialOwner,P-00840,1
CP-03241,TransactedWith,CP-03258,103241
CP-03241,UltimateBeneficialOwner,P-00841,1
CP-03242,TransactedWith,CP-03259,103242
CP-03242,UltimateBeneficialOwner,P-00842,1
CP-03243,TransactedWith,CP-03260,103243
CP-03243,UltimateBeneficialOwner,P-00843,1
CP-03244,TransactedWith,CP-03261,103244
CP-03244,UltimateBeneficialOwner,P-00844,1
CP-03245,TransactedWith,CP-03262,103245
CP-03245,UltimateBeneficialOwner,P-00845,1
CP-03246,TransactedWith,CP-03263,103246
CP-03246,UltimateBeneficialOwner,P-00846,1
CP-03247,TransactedWith,CP-03264,103247
CP-03247,UltimateBeneficialOwner,P-00847,1
CP-03248,TransactedWith,CP-03265,103248
CP-03248,UltimateBeneficialOwner,P-00848,1
CP-03249,TransactedWith,CP-03266,103249
CP-03249,UltimateBeneficialOwner,P-00849,1
CP-03250,TransactedWith,CP-03267,103250
CP-03250,UltimateBeneficialOwner,P-00850,1
CP-03251,TransactedWith,CP-03268,103251
CP-03251,UltimateBeneficialOwner,P-00851,1
CP-03252,TransactedWith,CP-03269,103252
CP-03252,UltimateBeneficialOwner,P-00852,1
CP-03253,TransactedWith,CP-03270,103253
CP-03253,UltimateBeneficialOwner,P-00853,1
CP-03254,TransactedWith,CP-03271,103254
CP-03254,UltimateBeneficialOwner,P-00854,1
CP-03255,TransactedWith,CP-03272,103255
CP-03255,UltimateBeneficialOwner,P-00855,1
CP-03256,TransactedWith,CP-03273,103256
CP-03256,UltimateBeneficialOwner,P-00856,1
CP-03257,TransactedWith,CP-03274,103257
CP-03257,UltimateBeneficialOwner,P-00857,1
CP-03258,TransactedWith,CP-03275,103258
CP-03258,UltimateBeneficialOwner,P-00858,1
CP-03259,TransactedWith,CP-03276,103259
CP-03259,UltimateBeneficialOwner,P-00859,1
CP-03260,TransactedWith,CP-03277,103260
CP-03260,UltimateBeneficialOwner,P-00860,1
CP-03261,TransactedWith,CP-03278,103261
CP-03261,UltimateBeneficialOwner,P-00861,1
CP-03262,TransactedWith,CP-03279,103262
CP-03262,UltimateBeneficialOwner,P-00862,1
CP-03263,TransactedWith,CP-03280,103263
CP-03263,UltimateBeneficialOwner,P-00863,1
CP-03264,TransactedWith,CP-03281,103264
CP-03264,UltimateBeneficialOwner,P-00864,1
CP-03265,TransactedWith,CP-03282,103265
CP-03265,UltimateBeneficialOwner,P-00865,1
CP-03266,TransactedWith,CP-03283,103266
CP-03266,UltimateBeneficialOwner,P-00866,1
CP-03267,TransactedWith,CP-03284,103267
CP-03267,UltimateBeneficialOwner,P-00867,1
CP-03268,TransactedWith,CP-03285,103268
CP-03268,UltimateBeneficialOwner,P-00868,1
CP-03269,TransactedWith,CP-03286,103269
CP-03269,UltimateBeneficialOwner,P-00869,1
CP-03270,TransactedWith,CP-03287,103270
CP-03270,UltimateBeneficialOwner,P-00870,1
CP-03271,TransactedWith,CP-03288,103271
CP-03271,UltimateBeneficialOwner,P-00871,1
CP-03272,TransactedWith,CP-03289,103272
CP-03272,UltimateBeneficialOwner,P-00872,1
CP-03273,TransactedWith,CP-03290,103273
CP-03273,UltimateBeneficialOwner,P-00873,1
CP-03274,TransactedWith,CP-03291,103274
CP-03274,UltimateBeneficialOwner,P-00874,1
CP-03275,TransactedWith,CP-03292,103275
CP-03275,UltimateBeneficialOwner,P-00875,1
CP-03276,TransactedWith,CP-03293,103276
CP-03276,UltimateBeneficialOwner,P-00876,1
CP-03277,TransactedWith,CP-03294,103277
CP-03277,UltimateBeneficialOwner,P-00877,1
CP-03278,TransactedWith,CP-03295,103278
CP-03278,UltimateBeneficialOwner,P-00878,1
CP-03279,TransactedWith,CP-03296,103279
CP-03279,UltimateBeneficialOwner,P-00879,1
CP-03280,TransactedWith,CP-03297,103280
CP-03280,UltimateBeneficialOwner,P-00880,1
CP-03281,TransactedWith,CP-03298,103281
CP-03281,UltimateBeneficialOwner,P-00881,1
CP-03282,TransactedWith,CP-03299,103282
CP-03282,UltimateBeneficialOwner,P-00882,1
CP-03283,TransactedWith,CP-03300,103283
CP-03283,UltimateBeneficialOwner,P-00883,1
CP-03284,TransactedWith,CP-03301,103284
CP-03284,UltimateBeneficialOwner,P-00884,1
CP-03285,TransactedWith,CP-03302,103285
CP-03285,UltimateBeneficialOwner,P-00885,1
CP-03286,TransactedWith,CP-03303,103286
CP-03286,UltimateBeneficialOwner,P-00886,1
CP-03287,TransactedWith,CP-03304,103287
CP-03287,UltimateBeneficialOwner,P-00887,1
CP-03288,TransactedWith,CP-03305,103288
CP-03288,UltimateBeneficialOwner,P-00888,1
CP-03289,TransactedWith,CP-03306,103289
CP-03289,UltimateBeneficialOwner,P-00889,1
CP-03290,TransactedWith,CP-03307,103290
CP-03290,UltimateBeneficialOwner,P-00890,1
CP-03291,TransactedWith,CP-03308,103291
CP-03291,UltimateBeneficialOwner,P-00891,1
CP-03292,TransactedWith,CP-03309,103292
CP-03292,UltimateBeneficialOwner,P-00892,1
CP-03293,TransactedWith,CP-03310,103293
CP-03293,UltimateBeneficialOwner,P-00893,1
CP-03294,TransactedWith,CP-03311,103294
CP-03294,UltimateBeneficialOwner,P-00894,1
CP-03295,TransactedWith,CP-03312,103295
CP-03295,UltimateBeneficialOwner,P-00895,1
CP-03296,TransactedWith,CP-03313,103296
CP-03296,UltimateBeneficialOwner,P-00896,1
CP-03297,TransactedWith,CP-03314,103297
CP-03297,UltimateBeneficialOwner,P-00897,1
CP-03298,TransactedWith,CP-03315,103298
CP-03298,UltimateBeneficialOwner,P-00898,1
CP-03299,TransactedWith,CP-03316,103299
CP-03299,UltimateBeneficialOwner,P-00899,1
CP-03300,TransactedWith,CP-03317,103300
CP-03300,UltimateBeneficialOwner,P-00900,1
CP-03301,TransactedWith,CP-03318,103301
CP-03301,UltimateBeneficialOwner,P-00901,1
CP-03302,TransactedWith,CP-03319,103302
CP-03302,UltimateBeneficialOwner,P-00902,1
CP-03303,TransactedWith,CP-03320,103303
CP-03303,UltimateBeneficialOwner,P-00903,1
CP-03304,TransactedWith,CP-03321,103304
CP-03304,UltimateBeneficialOwner,P-00904,1
CP-03305,TransactedWith,CP-03322,103305
CP-03305,UltimateBeneficialOwner,P-00905,1
CP-03306,TransactedWith,CP-03323,103306
CP-03306,UltimateBeneficialOwner,P-00906,1
CP-03307,TransactedWith,CP-03324,103307
CP-03307,UltimateBeneficialOwner,P-00907,1
CP-03308,TransactedWith,CP-03325,103308
CP-03308,UltimateBeneficialOwner,P-00908,1
CP-03309,TransactedWith,CP-03326,103309
CP-03309,UltimateBeneficialOwner,P-00909,1
CP-03310,TransactedWith,CP-03327,103310
CP-03310,UltimateBeneficialOwner,P-00910,1
CP-03311,TransactedWith,CP-03328,103311
CP-03311,UltimateBeneficialOwner,P-00911,1
CP-03312,TransactedWith,CP-03329,103312
CP-03312,UltimateBeneficialOwner,P-00912,1
CP-03313,TransactedWith,CP-03330,103313
CP-03313,UltimateBeneficialOwner,P-00913,1
CP-03314,TransactedWith,CP-03331,103314
CP-03314,UltimateBeneficialOwner,P-00914,1
CP-03315,TransactedWith,CP-03332,103315
CP-03315,UltimateBeneficialOwner,P-00915,1
CP-03316,TransactedWith,CP-03333,103316
CP-03316,UltimateBeneficialOwner,P-00916,1
CP-03317,TransactedWith,CP-03334,103317
CP-03317,UltimateBeneficialOwner,P-00917,1
CP-03318,TransactedWith,CP-03335,103318
CP-03318,UltimateBeneficialOwner,P-00918,1
CP-03319,TransactedWith,CP-03336,103319
CP-03319,UltimateBeneficialOwner,P-00919,1
CP-03320,TransactedWith,CP-03337,103320
CP-03320,UltimateBeneficialOwner,P-00920,1
CP-03321,TransactedWith,CP-03338,103321
CP-03321,UltimateBeneficialOwner,P-00921,1
CP-03322,TransactedWith,CP-03339,103322
CP-03322,UltimateBeneficialOwner,P-00922,1
CP-03323,TransactedWith,CP-03340,103323
CP-03323,UltimateBeneficialOwner,P-00923,1
CP-03324,TransactedWith,CP-03341,103324
CP-03324,UltimateBeneficialOwner,P-00924,1
CP-03325,TransactedWith,CP-03342,103325
CP-03325,UltimateBeneficialOwner,P-00925,1
CP-03326,TransactedWith,CP-03343,103326
CP-03326,UltimateBeneficialOwner,P-00926,1
CP-03327,TransactedWith,CP-03344,103327
CP-03327,UltimateBeneficialOwner,P-00927,1
CP-03328,TransactedWith,CP-03345,103328
CP-03328,UltimateBeneficialOwner,P-00928,1
CP-03329,TransactedWith,CP-03346,103329
CP-03329,UltimateBeneficialOwner,P-00929,1
CP-03330,TransactedWith,CP-03347,103330
CP-03330,UltimateBeneficialOwner,P-00930,1
CP-03331,TransactedWith,CP-03348,103331
CP-03331,UltimateBeneficialOwner,P-00931,1
CP-03332,TransactedWith,CP-03349,103332
CP-03332,UltimateBeneficialOwner,P-00932,1
CP-03333,TransactedWith,CP-03350,103333
CP-03333,UltimateBeneficialOwner,P-00933,1
CP-03334,TransactedWith,CP-03351,103334
CP-03334,UltimateBeneficialOwner,P-00934,1
CP-03335,TransactedWith,CP-03352,103335
CP-03335,UltimateBeneficialOwner,P-00935,1
CP-03336,TransactedWith,CP-03353,103336
CP-03336,UltimateBeneficialOwner,P-00936,1
CP-03337,TransactedWith,CP-03354,103337
CP-03337,UltimateBeneficialOwner,P-00937,1
CP-03338,TransactedWith,CP-03355,103338
CP-03338,UltimateBeneficialOwner,P-00938,1
CP-03339,TransactedWith,CP-03356,103339
CP-03339,UltimateBeneficialOwner,P-00939,1
CP-03340,TransactedWith,CP-03357,103340
CP-03340,UltimateBeneficialOwner,P-00940,1
CP-03341,TransactedWith,CP-03358,103341
CP-03341,UltimateBeneficialOwner,P-00941,1
CP-03342,TransactedWith,CP-03359,103342
CP-03342,UltimateBeneficialOwner,P-00942,1
CP-03343,TransactedWith,CP-03360,103343
CP-03343,UltimateBeneficialOwner,P-00943,1
CP-03344,TransactedWith,CP-03361,103344
CP-03344,UltimateBeneficialOwner,P-00944,1
CP-03345,TransactedWith,CP-03362,103345
CP-03345,UltimateBeneficialOwner,P-00945,1
CP-03346,TransactedWith,CP-03363,103346
CP-03346,UltimateBeneficialOwner,P-00946,1
CP-03347,TransactedWith,CP-03364,103347
CP-03347,UltimateBeneficialOwner,P-00947,1
CP-03348,TransactedWith,CP-03365,103348
CP-03348,UltimateBeneficialOwner,P-00948,1
CP-03349,TransactedWith,CP-03366,103349
CP-03349,UltimateBeneficialOwner,P-00949,1
CP-03350,TransactedWith,CP-03367,103350
CP-03350,UltimateBeneficialOwner,P-00950,1
CP-03351,TransactedWith,CP-03368,103351
CP-03351,UltimateBeneficialOwner,P-00951,1
CP-03352,TransactedWith,CP-03369,103352
CP-03352,UltimateBeneficialOwner,P-00952,1
CP-03353,TransactedWith,CP-03370,103353
CP-03353,UltimateBeneficialOwner,P-00953,1
CP-03354,TransactedWith,CP-03371,103354
CP-03354,UltimateBeneficialOwner,P-00954,1
CP-03355,TransactedWith,CP-03372,103355
CP-03355,UltimateBeneficialOwner,P-00955,1
CP-03356,TransactedWith,CP-03373,103356
CP-03356,UltimateBeneficialOwner,P-00956,1
CP-03357,TransactedWith,CP-03374,103357
CP-03357,UltimateBeneficialOwner,P-00957,1
CP-03358,TransactedWith,CP-03375,103358
CP-03358,UltimateBeneficialOwner,P-00958,1
CP-03359,TransactedWith,CP-03376,103359
CP-03359,UltimateBeneficialOwner,P-00959,1
CP-03360,TransactedWith,CP-03377,103360
CP-03360,UltimateBeneficialOwner,P-00960,1
CP-03361,TransactedWith,CP-03378,103361
CP-03361,UltimateBeneficialOwner,P-00961,1
CP-03362,TransactedWith,CP-03379,103362
CP-03362,UltimateBeneficialOwner,P-00962,1
CP-03363,TransactedWith,CP-03380,103363
CP-03363,UltimateBeneficialOwner,P-00963,1
CP-03364,TransactedWith,CP-03381,103364
CP-03364,UltimateBeneficialOwner,P-00964,1
CP-03365,TransactedWith,CP-03382,103365
CP-03365,UltimateBeneficialOwner,P-00965,1
CP-03366,TransactedWith,CP-03383,103366
CP-03366,UltimateBeneficialOwner,P-00966,1
CP-03367,TransactedWith,CP-03384,103367
CP-03367,UltimateBeneficialOwner,P-00967,1
CP-03368,TransactedWith,CP-03385,103368
CP-03368,UltimateBeneficialOwner,P-00968,1
CP-03369,TransactedWith,CP-03386,103369
CP-03369,UltimateBeneficialOwner,P-00969,1
CP-03370,TransactedWith,CP-03387,103370
CP-03370,UltimateBeneficialOwner,P-00970,1
CP-03371,TransactedWith,CP-03388,103371
CP-03371,UltimateBeneficialOwner,P-00971,1
CP-03372,TransactedWith,CP-03389,103372
CP-03372,UltimateBeneficialOwner,P-00972,1
CP-03373,TransactedWith,CP-03390,103373
CP-03373,UltimateBeneficialOwner,P-00973,1
CP-03374,TransactedWith,CP-03391,103374
CP-03374,UltimateBeneficialOwner,P-00974,1
CP-03375,TransactedWith,CP-03392,103375
CP-03375,UltimateBeneficialOwner,P-00975,1
CP-03376,TransactedWith,CP-03393,103376
CP-03376,UltimateBeneficialOwner,P-00976,1
CP-03377,TransactedWith,CP-03394,103377
CP-03377,UltimateBeneficialOwner,P-00977,1
CP-03378,TransactedWith,CP-03395,103378
CP-03378,UltimateBeneficialOwner,P-00978,1
CP-03379,TransactedWith,CP-03396,103379
CP-03379,UltimateBeneficialOwner,P-00979,1
CP-03380,TransactedWith,CP-03397,103380
CP-03380,UltimateBeneficialOwner,P-00980,1
CP-03381,TransactedWith,CP-03398,103381
CP-03381,UltimateBeneficialOwner,P-00981,1
CP-03382,TransactedWith,CP-03399,103382
CP-03382,UltimateBeneficialOwner,P-00982,1
CP-03383,TransactedWith,CP-03400,103383
CP-03383,UltimateBeneficialOwner,P-00983,1
CP-03384,TransactedWith,CP-03401,103384
CP-03384,UltimateBeneficialOwner,P-00984,1
CP-03385,TransactedWith,CP-03402,103385
CP-03385,UltimateBeneficialOwner,P-00985,1
CP-03386,TransactedWith,CP-03403,103386
CP-03386,UltimateBeneficialOwner,P-00986,1
CP-03387,TransactedWith,CP-03404,103387
CP-03387,UltimateBeneficialOwner,P-00987,1
CP-03388,TransactedWith,CP-03405,103388
CP-03388,UltimateBeneficialOwner,P-00988,1
CP-03389,TransactedWith,CP-03406,103389
CP-03389,UltimateBeneficialOwner,P-00989,1
CP-03390,TransactedWith,CP-03407,103390
CP-03390,UltimateBeneficialOwner,P-00990,1
CP-03391,TransactedWith,CP-03408,103391
CP-03391,UltimateBeneficialOwner,P-00991,1
CP-03392,TransactedWith,CP-03409,103392
CP-03392,UltimateBeneficialOwner,P-00992,1
CP-03393,TransactedWith,CP-03410,103393
CP-03393,UltimateBeneficialOwner,P-00993,1
CP-03394,TransactedWith,CP-03411,103394
CP-03394,UltimateBeneficialOwner,P-00994,1
CP-03395,TransactedWith,CP-03412,103395
CP-03395,UltimateBeneficialOwner,P-00995,1
CP-03396,TransactedWith,CP-03413,103396
CP-03396,UltimateBeneficialOwner,P-00996,1
CP-03397,TransactedWith,CP-03414,103397
CP-03397,UltimateBeneficialOwner,P-00997,1
CP-03398,TransactedWith,CP-03415,103398
CP-03398,UltimateBeneficialOwner,P-00998,1
CP-03399,TransactedWith,CP-03416,103399
CP-03399,UltimateBeneficialOwner,P-00999,1
CP-03400,TransactedWith,CP-03417,103400
CP-03400,UltimateBeneficialOwner,P-01000,1
CP-03401,TransactedWith,CP-03418,103401
CP-03401,UltimateBeneficialOwner,P-01001,1
CP-03402,TransactedWith,CP-03419,103402
CP-03402,UltimateBeneficialOwner,P-01002,1
CP-03403,TransactedWith,CP-03420,103403
CP-03403,UltimateBeneficialOwner,P-01003,1
CP-03404,TransactedWith,CP-03421,103404
CP-03404,UltimateBeneficialOwner,P-01004,1
CP-03405,TransactedWith,CP-03422,103405
CP-03405,UltimateBeneficialOwner,P-01005,1
CP-03406,TransactedWith,CP-03423,103406
CP-03406,UltimateBeneficialOwner,P-01006,1
CP-03407,TransactedWith,CP-03424,103407
CP-03407,UltimateBeneficialOwner,P-01007,1
CP-03408,TransactedWith,CP-03425,103408
CP-03408,UltimateBeneficialOwner,P-01008,1
CP-03409,TransactedWith,CP-03426,103409
CP-03409,UltimateBeneficialOwner,P-01009,1
CP-03410,TransactedWith,CP-03427,103410
CP-03410,UltimateBeneficialOwner,P-01010,1
CP-03411,TransactedWith,CP-03428,103411
CP-03411,UltimateBeneficialOwner,P-01011,1
CP-03412,TransactedWith,CP-03429,103412
CP-03412,UltimateBeneficialOwner,P-01012,1
CP-03413,TransactedWith,CP-03430,103413
CP-03413,UltimateBeneficialOwner,P-01013,1
CP-03414,TransactedWith,CP-03431,103414
CP-03414,UltimateBeneficialOwner,P-01014,1
CP-03415,TransactedWith,CP-03432,103415
CP-03415,UltimateBeneficialOwner,P-01015,1
CP-03416,TransactedWith,CP-03433,103416
CP-03416,UltimateBeneficialOwner,P-01016,1
CP-03417,TransactedWith,CP-03434,103417
CP-03417,UltimateBeneficialOwner,P-01017,1
CP-03418,TransactedWith,CP-03435,103418
CP-03418,UltimateBeneficialOwner,P-01018,1
CP-03419,TransactedWith,CP-03436,103419
CP-03419,UltimateBeneficialOwner,P-01019,1
CP-03420,TransactedWith,CP-03437,103420
CP-03420,UltimateBeneficialOwner,P-01020,1
CP-03421,TransactedWith,CP-03438,103421
CP-03421,UltimateBeneficialOwner,P-01021,1
CP-03422,TransactedWith,CP-03439,103422
CP-03422,UltimateBeneficialOwner,P-01022,1
CP-03423,TransactedWith,CP-03440,103423
CP-03423,UltimateBeneficialOwner,P-01023,1
CP-03424,TransactedWith,CP-03441,103424
CP-03424,UltimateBeneficialOwner,P-01024,1
CP-03425,TransactedWith,CP-03442,103425
CP-03425,UltimateBeneficialOwner,P-01025,1
CP-03426,TransactedWith,CP-03443,103426
CP-03426,UltimateBeneficialOwner,P-01026,1
CP-03427,TransactedWith,CP-03444,103427
CP-03427,UltimateBeneficialOwner,P-01027,1
CP-03428,TransactedWith,CP-03445,103428
CP-03428,UltimateBeneficialOwner,P-01028,1
CP-03429,TransactedWith,CP-03446,103429
CP-03429,UltimateBeneficialOwner,P-01029,1
CP-03430,TransactedWith,CP-03447,103430
CP-03430,UltimateBeneficialOwner,P-01030,1
CP-03431,TransactedWith,CP-03448,103431
CP-03431,UltimateBeneficialOwner,P-01031,1
CP-03432,TransactedWith,CP-03449,103432
CP-03432,UltimateBeneficialOwner,P-01032,1
CP-03433,TransactedWith,CP-03450,103433
CP-03433,UltimateBeneficialOwner,P-01033,1
CP-03434,TransactedWith,CP-03451,103434
CP-03434,UltimateBeneficialOwner,P-01034,1
CP-03435,TransactedWith,CP-03452,103435
CP-03435,UltimateBeneficialOwner,P-01035,1
CP-03436,TransactedWith,CP-03453,103436
CP-03436,UltimateBeneficialOwner,P-01036,1
CP-03437,TransactedWith,CP-03454,103437
CP-03437,UltimateBeneficialOwner,P-01037,1
CP-03438,TransactedWith,CP-03455,103438
CP-03438,UltimateBeneficialOwner,P-01038,1
CP-03439,TransactedWith,CP-03456,103439
CP-03439,UltimateBeneficialOwner,P-01039,1
CP-03440,TransactedWith,CP-03457,103440
CP-03440,UltimateBeneficialOwner,P-01040,1
CP-03441,TransactedWith,CP-03458,103441
CP-03441,UltimateBeneficialOwner,P-01041,1
CP-03442,TransactedWith,CP-03459,103442
CP-03442,UltimateBeneficialOwner,P-01042,1
CP-03443,TransactedWith,CP-03460,103443
CP-03443,UltimateBeneficialOwner,P-01043,1
CP-03444,TransactedWith,CP-03461,103444
CP-03444,UltimateBeneficialOwner,P-01044,1
CP-03445,TransactedWith,CP-03462,103445
CP-03445,UltimateBeneficialOwner,P-01045,1
CP-03446,TransactedWith,CP-03463,103446
CP-03446,UltimateBeneficialOwner,P-01046,1
CP-03447,TransactedWith,CP-03464,103447
CP-03447,UltimateBeneficialOwner,P-01047,1
CP-03448,TransactedWith,CP-03465,103448
CP-03448,UltimateBeneficialOwner,P-01048,1
CP-03449,TransactedWith,CP-03466,103449
CP-03449,UltimateBeneficialOwner,P-01049,1
CP-03450,TransactedWith,CP-03467,103450
CP-03450,UltimateBeneficialOwner,P-01050,1
CP-03451,TransactedWith,CP-03468,103451
CP-03451,UltimateBeneficialOwner,P-01051,1
CP-03452,TransactedWith,CP-03469,103452
CP-03452,UltimateBeneficialOwner,P-01052,1
CP-03453,TransactedWith,CP-03470,103453
CP-03453,UltimateBeneficialOwner,P-01053,1
CP-03454,TransactedWith,CP-03471,103454
CP-03454,UltimateBeneficialOwner,P-01054,1
CP-03455,TransactedWith,CP-03472,103455
CP-03455,UltimateBeneficialOwner,P-01055,1
CP-03456,TransactedWith,CP-03473,103456
CP-03456,UltimateBeneficialOwner,P-01056,1
CP-03457,TransactedWith,CP-03474,103457
CP-03457,UltimateBeneficialOwner,P-01057,1
CP-03458,TransactedWith,CP-03475,103458
CP-03458,UltimateBeneficialOwner,P-01058,1
CP-03459,TransactedWith,CP-03476,103459
CP-03459,UltimateBeneficialOwner,P-01059,1
CP-03460,TransactedWith,CP-03477,103460
CP-03460,UltimateBeneficialOwner,P-01060,1
CP-03461,TransactedWith,CP-03478,103461
CP-03461,UltimateBeneficialOwner,P-01061,1
CP-03462,TransactedWith,CP-03479,103462
CP-03462,UltimateBeneficialOwner,P-01062,1
CP-03463,TransactedWith,CP-03480,103463
CP-03463,UltimateBeneficialOwner,P-01063,1
CP-03464,TransactedWith,CP-03481,103464
CP-03464,UltimateBeneficialOwner,P-01064,1
CP-03465,TransactedWith,CP-03482,103465
CP-03465,UltimateBeneficialOwner,P-01065,1
CP-03466,TransactedWith,CP-03483,103466
CP-03466,UltimateBeneficialOwner,P-01066,1
CP-03467,TransactedWith,CP-03484,103467
CP-03467,UltimateBeneficialOwner,P-01067,1
CP-03468,TransactedWith,CP-03485,103468
CP-03468,UltimateBeneficialOwner,P-01068,1
CP-03469,TransactedWith,CP-03486,103469
CP-03469,UltimateBeneficialOwner,P-01069,1
CP-03470,TransactedWith,CP-03487,103470
CP-03470,UltimateBeneficialOwner,P-01070,1
CP-03471,TransactedWith,CP-03488,103471
CP-03471,UltimateBeneficialOwner,P-01071,1
CP-03472,TransactedWith,CP-03489,103472
CP-03472,UltimateBeneficialOwner,P-01072,1
CP-03473,TransactedWith,CP-03490,103473
CP-03473,UltimateBeneficialOwner,P-01073,1
CP-03474,TransactedWith,CP-03491,103474
CP-03474,UltimateBeneficialOwner,P-01074,1
CP-03475,TransactedWith,CP-03492,103475
CP-03475,UltimateBeneficialOwner,P-01075,1
CP-03476,TransactedWith,CP-03493,103476
CP-03476,UltimateBeneficialOwner,P-01076,1
CP-03477,TransactedWith,CP-03494,103477
CP-03477,UltimateBeneficialOwner,P-01077,1
CP-03478,TransactedWith,CP-03495,103478
CP-03478,UltimateBeneficialOwner,P-01078,1
CP-03479,TransactedWith,CP-03496,103479
CP-03479,UltimateBeneficialOwner,P-01079,1
CP-03480,TransactedWith,CP-03497,103480
CP-03480,UltimateBeneficialOwner,P-01080,1
CP-03481,TransactedWith,CP-03498,103481
CP-03481,UltimateBeneficialOwner,P-01081,1
CP-03482,TransactedWith,CP-03499,103482
CP-03482,UltimateBeneficialOwner,P-01082,1
CP-03483,TransactedWith,CP-03500,103483
CP-03483,UltimateBeneficialOwner,P-01083,1
CP-03484,TransactedWith,CP-03501,103484
CP-03484,UltimateBeneficialOwner,P-01084,1
CP-03485,TransactedWith,CP-03502,103485
CP-03485,UltimateBeneficialOwner,P-01085,1
CP-03486,TransactedWith,CP-03503,103486
CP-03486,UltimateBeneficialOwner,P-01086,1
CP-03487,TransactedWith,CP-03504,103487
CP-03487,UltimateBeneficialOwner,P-01087,1
CP-03488,TransactedWith,CP-03505,103488
CP-03488,UltimateBeneficialOwner,P-01088,1
CP-03489,TransactedWith,CP-03506,103489
CP-03489,UltimateBeneficialOwner,P-01089,1
CP-03490,TransactedWith,CP-03507,103490
CP-03490,UltimateBeneficialOwner,P-01090,1
CP-03491,TransactedWith,CP-03508,103491
CP-03491,UltimateBeneficialOwner,P-01091,1
CP-03492,TransactedWith,CP-03509,103492
CP-03492,UltimateBeneficialOwner,P-01092,1
CP-03493,TransactedWith,CP-03510,103493
CP-03493,UltimateBeneficialOwner,P-01093,1
CP-03494,TransactedWith,CP-03511,103494
CP-03494,UltimateBeneficialOwner,P-01094,1
CP-03495,TransactedWith,CP-03512,103495
CP-03495,UltimateBeneficialOwner,P-01095,1
CP-03496,TransactedWith,CP-03513,103496
CP-03496,UltimateBeneficialOwner,P-01096,1
CP-03497,TransactedWith,CP-03514,103497
CP-03497,UltimateBeneficialOwner,P-01097,1
CP-03498,TransactedWith,CP-03515,103498
CP-03498,UltimateBeneficialOwner,P-01098,1
CP-03499,TransactedWith,CP-03516,103499
CP-03499,UltimateBeneficialOwner,P-01099,1
CP-03500,TransactedWith,CP-03517,103500
CP-03500,UltimateBeneficialOwner,P-01100,1
CP-03501,TransactedWith,CP-03518,103501
CP-03501,UltimateBeneficialOwner,P-01101,1
CP-03502,TransactedWith,CP-03519,103502
CP-03502,UltimateBeneficialOwner,P-01102,1
CP-03503,TransactedWith,CP-03520,103503
CP-03503,UltimateBeneficialOwner,P-01103,1
CP-03504,TransactedWith,CP-03521,103504
CP-03504,UltimateBeneficialOwner,P-01104,1
CP-03505,TransactedWith,CP-03522,103505
CP-03505,UltimateBeneficialOwner,P-01105,1
CP-03506,TransactedWith,CP-03523,103506
CP-03506,UltimateBeneficialOwner,P-01106,1
CP-03507,TransactedWith,CP-03524,103507
CP-03507,UltimateBeneficialOwner,P-01107,1
CP-03508,TransactedWith,CP-03525,103508
CP-03508,UltimateBeneficialOwner,P-01108,1
CP-03509,TransactedWith,CP-03526,103509
CP-03509,UltimateBeneficialOwner,P-01109,1
CP-03510,TransactedWith,CP-03527,103510
CP-03510,UltimateBeneficialOwner,P-01110,1
CP-03511,TransactedWith,CP-03528,103511
CP-03511,UltimateBeneficialOwner,P-01111,1
CP-03512,TransactedWith,CP-03529,103512
CP-03512,UltimateBeneficialOwner,P-01112,1
CP-03513,TransactedWith,CP-03530,103513
CP-03513,UltimateBeneficialOwner,P-01113,1
CP-03514,TransactedWith,CP-03531,103514
CP-03514,UltimateBeneficialOwner,P-01114,1
CP-03515,TransactedWith,CP-03532,103515
CP-03515,UltimateBeneficialOwner,P-01115,1
CP-03516,TransactedWith,CP-03533,103516
CP-03516,UltimateBeneficialOwner,P-01116,1
CP-03517,TransactedWith,CP-03534,103517
CP-03517,UltimateBeneficialOwner,P-01117,1
CP-03518,TransactedWith,CP-03535,103518
CP-03518,UltimateBeneficialOwner,P-01118,1
CP-03519,TransactedWith,CP-03536,103519
CP-03519,UltimateBeneficialOwner,P-01119,1
CP-03520,TransactedWith,CP-03537,103520
CP-03520,UltimateBeneficialOwner,P-01120,1
CP-03521,TransactedWith,CP-03538,103521
CP-03521,UltimateBeneficialOwner,P-01121,1
CP-03522,TransactedWith,CP-03539,103522
CP-03522,UltimateBeneficialOwner,P-01122,1
CP-03523,TransactedWith,CP-03540,103523
CP-03523,UltimateBeneficialOwner,P-01123,1
CP-03524,TransactedWith,CP-03541,103524
CP-03524,UltimateBeneficialOwner,P-01124,1
CP-03525,TransactedWith,CP-03542,103525
CP-03525,UltimateBeneficialOwner,P-01125,1
CP-03526,TransactedWith,CP-03543,103526
CP-03526,UltimateBeneficialOwner,P-01126,1
CP-03527,TransactedWith,CP-03544,103527
CP-03527,UltimateBeneficialOwner,P-01127,1
CP-03528,TransactedWith,CP-03545,103528
CP-03528,UltimateBeneficialOwner,P-01128,1
CP-03529,TransactedWith,CP-03546,103529
CP-03529,UltimateBeneficialOwner,P-01129,1
CP-03530,TransactedWith,CP-03547,103530
CP-03530,UltimateBeneficialOwner,P-01130,1
CP-03531,TransactedWith,CP-03548,103531
CP-03531,UltimateBeneficialOwner,P-01131,1
CP-03532,TransactedWith,CP-03549,103532
CP-03532,UltimateBeneficialOwner,P-01132,1
CP-03533,TransactedWith,CP-03550,103533
CP-03533,UltimateBeneficialOwner,P-01133,1
CP-03534,TransactedWith,CP-03551,103534
CP-03534,UltimateBeneficialOwner,P-01134,1
CP-03535,TransactedWith,CP-03552,103535
CP-03535,UltimateBeneficialOwner,P-01135,1
CP-03536,TransactedWith,CP-03553,103536
CP-03536,UltimateBeneficialOwner,P-01136,1
CP-03537,TransactedWith,CP-03554,103537
CP-03537,UltimateBeneficialOwner,P-01137,1
CP-03538,TransactedWith,CP-03555,103538
CP-03538,UltimateBeneficialOwner,P-01138,1
CP-03539,TransactedWith,CP-03556,103539
CP-03539,UltimateBeneficialOwner,P-01139,1
CP-03540,TransactedWith,CP-03557,103540
CP-03540,UltimateBeneficialOwner,P-01140,1
CP-03541,TransactedWith,CP-03558,103541
CP-03541,UltimateBeneficialOwner,P-01141,1
CP-03542,TransactedWith,CP-03559,103542
CP-03542,UltimateBeneficialOwner,P-01142,1
CP-03543,TransactedWith,CP-03560,103543
CP-03543,UltimateBeneficialOwner,P-01143,1
CP-03544,TransactedWith,CP-03561,103544
CP-03544,UltimateBeneficialOwner,P-01144,1
CP-03545,TransactedWith,CP-03562,103545
CP-03545,UltimateBeneficialOwner,P-01145,1
CP-03546,TransactedWith,CP-03563,103546
CP-03546,UltimateBeneficialOwner,P-01146,1
CP-03547,TransactedWith,CP-03564,103547
CP-03547,UltimateBeneficialOwner,P-01147,1
CP-03548,TransactedWith,CP-03565,103548
CP-03548,UltimateBeneficialOwner,P-01148,1
CP-03549,TransactedWith,CP-03566,103549
CP-03549,UltimateBeneficialOwner,P-01149,1
CP-03550,TransactedWith,CP-03567,103550
CP-03550,UltimateBeneficialOwner,P-01150,1
CP-03551,TransactedWith,CP-03568,103551
CP-03551,UltimateBeneficialOwner,P-01151,1
CP-03552,TransactedWith,CP-03569,103552
CP-03552,UltimateBeneficialOwner,P-01152,1
CP-03553,TransactedWith,CP-03570,103553
CP-03553,UltimateBeneficialOwner,P-01153,1
CP-03554,TransactedWith,CP-03571,103554
CP-03554,UltimateBeneficialOwner,P-01154,1
CP-03555,TransactedWith,CP-03572,103555
CP-03555,UltimateBeneficialOwner,P-01155,1
CP-03556,TransactedWith,CP-03573,103556
CP-03556,UltimateBeneficialOwner,P-01156,1
CP-03557,TransactedWith,CP-03574,103557
CP-03557,UltimateBeneficialOwner,P-01157,1
CP-03558,TransactedWith,CP-03575,103558
CP-03558,UltimateBeneficialOwner,P-01158,1
CP-03559,TransactedWith,CP-03576,103559
CP-03559,UltimateBeneficialOwner,P-01159,1
CP-03560,TransactedWith,CP-03577,103560
CP-03560,UltimateBeneficialOwner,P-01160,1
CP-03561,TransactedWith,CP-03578,103561
CP-03561,UltimateBeneficialOwner,P-01161,1
CP-03562,TransactedWith,CP-03579,103562
CP-03562,UltimateBeneficialOwner,P-01162,1
CP-03563,TransactedWith,CP-03580,103563
CP-03563,UltimateBeneficialOwner,P-01163,1
CP-03564,TransactedWith,CP-03581,103564
CP-03564,UltimateBeneficialOwner,P-01164,1
CP-03565,TransactedWith,CP-03582,103565
CP-03565,UltimateBeneficialOwner,P-01165,1
CP-03566,TransactedWith,CP-03583,103566
CP-03566,UltimateBeneficialOwner,P-01166,1
CP-03567,TransactedWith,CP-03584,103567
CP-03567,UltimateBeneficialOwner,P-01167,1
CP-03568,TransactedWith,CP-03585,103568
CP-03568,UltimateBeneficialOwner,P-01168,1
CP-03569,TransactedWith,CP-03586,103569
CP-03569,UltimateBeneficialOwner,P-01169,1
CP-03570,TransactedWith,CP-03587,103570
CP-03570,UltimateBeneficialOwner,P-01170,1
CP-03571,TransactedWith,CP-03588,103571
CP-03571,UltimateBeneficialOwner,P-01171,1
CP-03572,TransactedWith,CP-03589,103572
CP-03572,UltimateBeneficialOwner,P-01172,1
CP-03573,TransactedWith,CP-03590,103573
CP-03573,UltimateBeneficialOwner,P-01173,1
CP-03574,TransactedWith,CP-03591,103574
CP-03574,UltimateBeneficialOwner,P-01174,1
CP-03575,TransactedWith,CP-03592,103575
CP-03575,UltimateBeneficialOwner,P-01175,1
CP-03576,TransactedWith,CP-03593,103576
CP-03576,UltimateBeneficialOwner,P-01176,1
CP-03577,TransactedWith,CP-03594,103577
CP-03577,UltimateBeneficialOwner,P-01177,1
CP-03578,TransactedWith,CP-03595,103578
CP-03578,UltimateBeneficialOwner,P-01178,1
CP-03579,TransactedWith,CP-03596,103579
CP-03579,UltimateBeneficialOwner,P-01179,1
CP-03580,TransactedWith,CP-03597,103580
CP-03580,UltimateBeneficialOwner,P-01180,1
CP-03581,TransactedWith,CP-03598,103581
CP-03581,UltimateBeneficialOwner,P-01181,1
CP-03582,TransactedWith,CP-03599,103582
CP-03582,UltimateBeneficialOwner,P-01182,1
CP-03583,TransactedWith,CP-03600,103583
CP-03583,UltimateBeneficialOwner,P-01183,1
CP-03584,TransactedWith,CP-03601,103584
CP-03584,UltimateBeneficialOwner,P-01184,1
CP-03585,TransactedWith,CP-03602,103585
CP-03585,UltimateBeneficialOwner,P-01185,1
CP-03586,TransactedWith,CP-03603,103586
CP-03586,UltimateBeneficialOwner,P-01186,1
CP-03587,TransactedWith,CP-03604,103587
CP-03587,UltimateBeneficialOwner,P-01187,1
CP-03588,TransactedWith,CP-03605,103588
CP-03588,UltimateBeneficialOwner,P-01188,1
CP-03589,TransactedWith,CP-03606,103589
CP-03589,UltimateBeneficialOwner,P-01189,1
CP-03590,TransactedWith,CP-03607,103590
CP-03590,UltimateBeneficialOwner,P-01190,1
CP-03591,TransactedWith,CP-03608,103591
CP-03591,UltimateBeneficialOwner,P-01191,1
CP-03592,TransactedWith,CP-03609,103592
CP-03592,UltimateBeneficialOwner,P-01192,1
CP-03593,TransactedWith,CP-03610,103593
CP-03593,UltimateBeneficialOwner,P-01193,1
CP-03594,TransactedWith,CP-03611,103594
CP-03594,UltimateBeneficialOwner,P-01194,1
CP-03595,TransactedWith,CP-03612,103595
CP-03595,UltimateBeneficialOwner,P-01195,1
CP-03596,TransactedWith,CP-03613,103596
CP-03596,UltimateBeneficialOwner,P-01196,1
CP-03597,TransactedWith,CP-03614,103597
CP-03597,UltimateBeneficialOwner,P-01197,1
CP-03598,TransactedWith,CP-03615,103598
CP-03598,UltimateBeneficialOwner,P-01198,1
CP-03599,TransactedWith,CP-03616,103599
CP-03599,UltimateBeneficialOwner,P-01199,1
CP-03600,TransactedWith,CP-03617,103600
CP-03600,UltimateBeneficialOwner,P-01200,1
CP-03601,TransactedWith,CP-03618,103601
CP-03601,UltimateBeneficialOwner,P-00001,1
CP-03602,TransactedWith,CP-03619,103602
CP-03602,UltimateBeneficialOwner,P-00002,1
CP-03603,TransactedWith,CP-03620,103603
CP-03603,UltimateBeneficialOwner,P-00003,1
CP-03604,TransactedWith,CP-03621,103604
CP-03604,UltimateBeneficialOwner,P-00004,1
CP-03605,TransactedWith,CP-03622,103605
CP-03605,UltimateBeneficialOwner,P-00005,1
CP-03606,TransactedWith,CP-03623,103606
CP-03606,UltimateBeneficialOwner,P-00006,1
CP-03607,TransactedWith,CP-03624,103607
CP-03607,UltimateBeneficialOwner,P-00007,1
CP-03608,TransactedWith,CP-03625,103608
CP-03608,UltimateBeneficialOwner,P-00008,1
CP-03609,TransactedWith,CP-03626,103609
CP-03609,UltimateBeneficialOwner,P-00009,1
CP-03610,TransactedWith,CP-03627,103610
CP-03610,UltimateBeneficialOwner,P-00010,1
CP-03611,TransactedWith,CP-03628,103611
CP-03611,UltimateBeneficialOwner,P-00011,1
CP-03612,TransactedWith,CP-03629,103612
CP-03612,UltimateBeneficialOwner,P-00012,1
CP-03613,TransactedWith,CP-03630,103613
CP-03613,UltimateBeneficialOwner,P-00013,1
CP-03614,TransactedWith,CP-03631,103614
CP-03614,UltimateBeneficialOwner,P-00014,1
CP-03615,TransactedWith,CP-03632,103615
CP-03615,UltimateBeneficialOwner,P-00015,1
CP-03616,TransactedWith,CP-03633,103616
CP-03616,UltimateBeneficialOwner,P-00016,1
CP-03617,TransactedWith,CP-03634,103617
CP-03617,UltimateBeneficialOwner,P-00017,1
CP-03618,TransactedWith,CP-03635,103618
CP-03618,UltimateBeneficialOwner,P-00018,1
CP-03619,TransactedWith,CP-03636,103619
CP-03619,UltimateBeneficialOwner,P-00019,1
CP-03620,TransactedWith,CP-03637,103620
CP-03620,UltimateBeneficialOwner,P-00020,1
CP-03621,TransactedWith,CP-03638,103621
CP-03621,UltimateBeneficialOwner,P-00021,1
CP-03622,TransactedWith,CP-03639,103622
CP-03622,UltimateBeneficialOwner,P-00022,1
CP-03623,TransactedWith,CP-03640,103623
CP-03623,UltimateBeneficialOwner,P-00023,1
CP-03624,TransactedWith,CP-03641,103624
CP-03624,UltimateBeneficialOwner,P-00024,1
CP-03625,TransactedWith,CP-03642,103625
CP-03625,UltimateBeneficialOwner,P-00025,1
CP-03626,TransactedWith,CP-03643,103626
CP-03626,UltimateBeneficialOwner,P-00026,1
CP-03627,TransactedWith,CP-03644,103627
CP-03627,UltimateBeneficialOwner,P-00027,1
CP-03628,TransactedWith,CP-03645,103628
CP-03628,UltimateBeneficialOwner,P-00028,1
CP-03629,TransactedWith,CP-03646,103629
CP-03629,UltimateBeneficialOwner,P-00029,1
CP-03630,TransactedWith,CP-03647,103630
CP-03630,UltimateBeneficialOwner,P-00030,1
CP-03631,TransactedWith,CP-03648,103631
CP-03631,UltimateBeneficialOwner,P-00031,1
CP-03632,TransactedWith,CP-03649,103632
CP-03632,UltimateBeneficialOwner,P-00032,1
CP-03633,TransactedWith,CP-03650,103633
CP-03633,UltimateBeneficialOwner,P-00033,1
CP-03634,TransactedWith,CP-03651,103634
CP-03634,UltimateBeneficialOwner,P-00034,1
CP-03635,TransactedWith,CP-03652,103635
CP-03635,UltimateBeneficialOwner,P-00035,1
CP-03636,TransactedWith,CP-03653,103636
CP-03636,UltimateBeneficialOwner,P-00036,1
CP-03637,TransactedWith,CP-03654,103637
CP-03637,UltimateBeneficialOwner,P-00037,1
CP-03638,TransactedWith,CP-03655,103638
CP-03638,UltimateBeneficialOwner,P-00038,1
CP-03639,TransactedWith,CP-03656,103639
CP-03639,UltimateBeneficialOwner,P-00039,1
CP-03640,TransactedWith,CP-03657,103640
CP-03640,UltimateBeneficialOwner,P-00040,1
CP-03641,TransactedWith,CP-03658,103641
CP-03641,UltimateBeneficialOwner,P-00041,1
CP-03642,TransactedWith,CP-03659,103642
CP-03642,UltimateBeneficialOwner,P-00042,1
CP-03643,TransactedWith,CP-03660,103643
CP-03643,UltimateBeneficialOwner,P-00043,1
CP-03644,TransactedWith,CP-03661,103644
CP-03644,UltimateBeneficialOwner,P-00044,1
CP-03645,TransactedWith,CP-03662,103645
CP-03645,UltimateBeneficialOwner,P-00045,1
CP-03646,TransactedWith,CP-03663,103646
CP-03646,UltimateBeneficialOwner,P-00046,1
CP-03647,TransactedWith,CP-03664,103647
CP-03647,UltimateBeneficialOwner,P-00047,1
CP-03648,TransactedWith,CP-03665,103648
CP-03648,UltimateBeneficialOwner,P-00048,1
CP-03649,TransactedWith,CP-03666,103649
CP-03649,UltimateBeneficialOwner,P-00049,1
CP-03650,TransactedWith,CP-03667,103650
CP-03650,UltimateBeneficialOwner,P-00050,1
CP-03651,TransactedWith,CP-03668,103651
CP-03651,UltimateBeneficialOwner,P-00051,1
CP-03652,TransactedWith,CP-03669,103652
CP-03652,UltimateBeneficialOwner,P-00052,1
CP-03653,TransactedWith,CP-03670,103653
CP-03653,UltimateBeneficialOwner,P-00053,1
CP-03654,TransactedWith,CP-03671,103654
CP-03654,UltimateBeneficialOwner,P-00054,1
CP-03655,TransactedWith,CP-03672,103655
CP-03655,UltimateBeneficialOwner,P-00055,1
CP-03656,TransactedWith,CP-03673,103656
CP-03656,UltimateBeneficialOwner,P-00056,1
CP-03657,TransactedWith,CP-03674,103657
CP-03657,UltimateBeneficialOwner,P-00057,1
CP-03658,TransactedWith,CP-03675,103658
CP-03658,UltimateBeneficialOwner,P-00058,1
CP-03659,TransactedWith,CP-03676,103659
CP-03659,UltimateBeneficialOwner,P-00059,1
CP-03660,TransactedWith,CP-03677,103660
CP-03660,UltimateBeneficialOwner,P-00060,1
CP-03661,TransactedWith,CP-03678,103661
CP-03661,UltimateBeneficialOwner,P-00061,1
CP-03662,TransactedWith,CP-03679,103662
CP-03662,UltimateBeneficialOwner,P-00062,1
CP-03663,TransactedWith,CP-03680,103663
CP-03663,UltimateBeneficialOwner,P-00063,1
CP-03664,TransactedWith,CP-03681,103664
CP-03664,UltimateBeneficialOwner,P-00064,1
CP-03665,TransactedWith,CP-03682,103665
CP-03665,UltimateBeneficialOwner,P-00065,1
CP-03666,TransactedWith,CP-03683,103666
CP-03666,UltimateBeneficialOwner,P-00066,1
CP-03667,TransactedWith,CP-03684,103667
CP-03667,UltimateBeneficialOwner,P-00067,1
CP-03668,TransactedWith,CP-03685,103668
CP-03668,UltimateBeneficialOwner,P-00068,1
CP-03669,TransactedWith,CP-03686,103669
CP-03669,UltimateBeneficialOwner,P-00069,1
CP-03670,TransactedWith,CP-03687,103670
CP-03670,UltimateBeneficialOwner,P-00070,1
CP-03671,TransactedWith,CP-03688,103671
CP-03671,UltimateBeneficialOwner,P-00071,1
CP-03672,TransactedWith,CP-03689,103672
CP-03672,UltimateBeneficialOwner,P-00072,1
CP-03673,TransactedWith,CP-03690,103673
CP-03673,UltimateBeneficialOwner,P-00073,1
CP-03674,TransactedWith,CP-03691,103674
CP-03674,UltimateBeneficialOwner,P-00074,1
CP-03675,TransactedWith,CP-03692,103675
CP-03675,UltimateBeneficialOwner,P-00075,1
CP-03676,TransactedWith,CP-03693,103676
CP-03676,UltimateBeneficialOwner,P-00076,1
CP-03677,TransactedWith,CP-03694,103677
CP-03677,UltimateBeneficialOwner,P-00077,1
CP-03678,TransactedWith,CP-03695,103678
CP-03678,UltimateBeneficialOwner,P-00078,1
CP-03679,TransactedWith,CP-03696,103679
CP-03679,UltimateBeneficialOwner,P-00079,1
CP-03680,TransactedWith,CP-03697,103680
CP-03680,UltimateBeneficialOwner,P-00080,1
CP-03681,TransactedWith,CP-03698,103681
CP-03681,UltimateBeneficialOwner,P-00081,1
CP-03682,TransactedWith,CP-03699,103682
CP-03682,UltimateBeneficialOwner,P-00082,1
CP-03683,TransactedWith,CP-03700,103683
CP-03683,UltimateBeneficialOwner,P-00083,1
CP-03684,TransactedWith,CP-03701,103684
CP-03684,UltimateBeneficialOwner,P-00084,1
CP-03685,TransactedWith,CP-03702,103685
CP-03685,UltimateBeneficialOwner,P-00085,1
CP-03686,TransactedWith,CP-03703,103686
CP-03686,UltimateBeneficialOwner,P-00086,1
CP-03687,TransactedWith,CP-03704,103687
CP-03687,UltimateBeneficialOwner,P-00087,1
CP-03688,TransactedWith,CP-03705,103688
CP-03688,UltimateBeneficialOwner,P-00088,1
CP-03689,TransactedWith,CP-03706,103689
CP-03689,UltimateBeneficialOwner,P-00089,1
CP-03690,TransactedWith,CP-03707,103690
CP-03690,UltimateBeneficialOwner,P-00090,1
CP-03691,TransactedWith,CP-03708,103691
CP-03691,UltimateBeneficialOwner,P-00091,1
CP-03692,TransactedWith,CP-03709,103692
CP-03692,UltimateBeneficialOwner,P-00092,1
CP-03693,TransactedWith,CP-03710,103693
CP-03693,UltimateBeneficialOwner,P-00093,1
CP-03694,TransactedWith,CP-03711,103694
CP-03694,UltimateBeneficialOwner,P-00094,1
CP-03695,TransactedWith,CP-03712,103695
CP-03695,UltimateBeneficialOwner,P-00095,1
CP-03696,TransactedWith,CP-03713,103696
CP-03696,UltimateBeneficialOwner,P-00096,1
CP-03697,TransactedWith,CP-03714,103697
CP-03697,UltimateBeneficialOwner,P-00097,1
CP-03698,TransactedWith,CP-03715,103698
CP-03698,UltimateBeneficialOwner,P-00098,1
CP-03699,TransactedWith,CP-03716,103699
CP-03699,UltimateBeneficialOwner,P-00099,1
CP-03700,TransactedWith,CP-03717,103700
CP-03700,UltimateBeneficialOwner,P-00100,1
CP-03701,TransactedWith,CP-03718,103701
CP-03701,UltimateBeneficialOwner,P-00101,1
CP-03702,TransactedWith,CP-03719,103702
CP-03702,UltimateBeneficialOwner,P-00102,1
CP-03703,TransactedWith,CP-03720,103703
CP-03703,UltimateBeneficialOwner,P-00103,1
CP-03704,TransactedWith,CP-03721,103704
CP-03704,UltimateBeneficialOwner,P-00104,1
CP-03705,TransactedWith,CP-03722,103705
CP-03705,UltimateBeneficialOwner,P-00105,1
CP-03706,TransactedWith,CP-03723,103706
CP-03706,UltimateBeneficialOwner,P-00106,1
CP-03707,TransactedWith,CP-03724,103707
CP-03707,UltimateBeneficialOwner,P-00107,1
CP-03708,TransactedWith,CP-03725,103708
CP-03708,UltimateBeneficialOwner,P-00108,1
CP-03709,TransactedWith,CP-03726,103709
CP-03709,UltimateBeneficialOwner,P-00109,1
CP-03710,TransactedWith,CP-03727,103710
CP-03710,UltimateBeneficialOwner,P-00110,1
CP-03711,TransactedWith,CP-03728,103711
CP-03711,UltimateBeneficialOwner,P-00111,1
CP-03712,TransactedWith,CP-03729,103712
CP-03712,UltimateBeneficialOwner,P-00112,1
CP-03713,TransactedWith,CP-03730,103713
CP-03713,UltimateBeneficialOwner,P-00113,1
CP-03714,TransactedWith,CP-03731,103714
CP-03714,UltimateBeneficialOwner,P-00114,1
CP-03715,TransactedWith,CP-03732,103715
CP-03715,UltimateBeneficialOwner,P-00115,1
CP-03716,TransactedWith,CP-03733,103716
CP-03716,UltimateBeneficialOwner,P-00116,1
CP-03717,TransactedWith,CP-03734,103717
CP-03717,UltimateBeneficialOwner,P-00117,1
CP-03718,TransactedWith,CP-03735,103718
CP-03718,UltimateBeneficialOwner,P-00118,1
CP-03719,TransactedWith,CP-03736,103719
CP-03719,UltimateBeneficialOwner,P-00119,1
CP-03720,TransactedWith,CP-03737,103720
CP-03720,UltimateBeneficialOwner,P-00120,1
CP-03721,TransactedWith,CP-03738,103721
CP-03721,UltimateBeneficialOwner,P-00121,1
CP-03722,TransactedWith,CP-03739,103722
CP-03722,UltimateBeneficialOwner,P-00122,1
CP-03723,TransactedWith,CP-03740,103723
CP-03723,UltimateBeneficialOwner,P-00123,1
CP-03724,TransactedWith,CP-03741,103724
CP-03724,UltimateBeneficialOwner,P-00124,1
CP-03725,TransactedWith,CP-03742,103725
CP-03725,UltimateBeneficialOwner,P-00125,1
CP-03726,TransactedWith,CP-03743,103726
CP-03726,UltimateBeneficialOwner,P-00126,1
CP-03727,TransactedWith,CP-03744,103727
CP-03727,UltimateBeneficialOwner,P-00127,1
CP-03728,TransactedWith,CP-03745,103728
CP-03728,UltimateBeneficialOwner,P-00128,1
CP-03729,TransactedWith,CP-03746,103729
CP-03729,UltimateBeneficialOwner,P-00129,1
CP-03730,TransactedWith,CP-03747,103730
CP-03730,UltimateBeneficialOwner,P-00130,1
CP-03731,TransactedWith,CP-03748,103731
CP-03731,UltimateBeneficialOwner,P-00131,1
CP-03732,TransactedWith,CP-03749,103732
CP-03732,UltimateBeneficialOwner,P-00132,1
CP-03733,TransactedWith,CP-03750,103733
CP-03733,UltimateBeneficialOwner,P-00133,1
CP-03734,TransactedWith,CP-03751,103734
CP-03734,UltimateBeneficialOwner,P-00134,1
CP-03735,TransactedWith,CP-03752,103735
CP-03735,UltimateBeneficialOwner,P-00135,1
CP-03736,TransactedWith,CP-03753,103736
CP-03736,UltimateBeneficialOwner,P-00136,1
CP-03737,TransactedWith,CP-03754,103737
CP-03737,UltimateBeneficialOwner,P-00137,1
CP-03738,TransactedWith,CP-03755,103738
CP-03738,UltimateBeneficialOwner,P-00138,1
CP-03739,TransactedWith,CP-03756,103739
CP-03739,UltimateBeneficialOwner,P-00139,1
CP-03740,TransactedWith,CP-03757,103740
CP-03740,UltimateBeneficialOwner,P-00140,1
CP-03741,TransactedWith,CP-03758,103741
CP-03741,UltimateBeneficialOwner,P-00141,1
CP-03742,TransactedWith,CP-03759,103742
CP-03742,UltimateBeneficialOwner,P-00142,1
CP-03743,TransactedWith,CP-03760,103743
CP-03743,UltimateBeneficialOwner,P-00143,1
CP-03744,TransactedWith,CP-03761,103744
CP-03744,UltimateBeneficialOwner,P-00144,1
CP-03745,TransactedWith,CP-03762,103745
CP-03745,UltimateBeneficialOwner,P-00145,1
CP-03746,TransactedWith,CP-03763,103746
CP-03746,UltimateBeneficialOwner,P-00146,1
CP-03747,TransactedWith,CP-03764,103747
CP-03747,UltimateBeneficialOwner,P-00147,1
CP-03748,TransactedWith,CP-03765,103748
CP-03748,UltimateBeneficialOwner,P-00148,1
CP-03749,TransactedWith,CP-03766,103749
CP-03749,UltimateBeneficialOwner,P-00149,1
CP-03750,TransactedWith,CP-03767,103750
CP-03750,UltimateBeneficialOwner,P-00150,1
CP-03751,TransactedWith,CP-03768,103751
CP-03751,UltimateBeneficialOwner,P-00151,1
CP-03752,TransactedWith,CP-03769,103752
CP-03752,UltimateBeneficialOwner,P-00152,1
CP-03753,TransactedWith,CP-03770,103753
CP-03753,UltimateBeneficialOwner,P-00153,1
CP-03754,TransactedWith,CP-03771,103754
CP-03754,UltimateBeneficialOwner,P-00154,1
CP-03755,TransactedWith,CP-03772,103755
CP-03755,UltimateBeneficialOwner,P-00155,1
CP-03756,TransactedWith,CP-03773,103756
CP-03756,UltimateBeneficialOwner,P-00156,1
CP-03757,TransactedWith,CP-03774,103757
CP-03757,UltimateBeneficialOwner,P-00157,1
CP-03758,TransactedWith,CP-03775,103758
CP-03758,UltimateBeneficialOwner,P-00158,1
CP-03759,TransactedWith,CP-03776,103759
CP-03759,UltimateBeneficialOwner,P-00159,1
CP-03760,TransactedWith,CP-03777,103760
CP-03760,UltimateBeneficialOwner,P-00160,1
CP-03761,TransactedWith,CP-03778,103761
CP-03761,UltimateBeneficialOwner,P-00161,1
CP-03762,TransactedWith,CP-03779,103762
CP-03762,UltimateBeneficialOwner,P-00162,1
CP-03763,TransactedWith,CP-03780,103763
CP-03763,UltimateBeneficialOwner,P-00163,1
CP-03764,TransactedWith,CP-03781,103764
CP-03764,UltimateBeneficialOwner,P-00164,1
CP-03765,TransactedWith,CP-03782,103765
CP-03765,UltimateBeneficialOwner,P-00165,1
CP-03766,TransactedWith,CP-03783,103766
CP-03766,UltimateBeneficialOwner,P-00166,1
CP-03767,TransactedWith,CP-03784,103767
CP-03767,UltimateBeneficialOwner,P-00167,1
CP-03768,TransactedWith,CP-03785,103768
CP-03768,UltimateBeneficialOwner,P-00168,1
CP-03769,TransactedWith,CP-03786,103769
CP-03769,UltimateBeneficialOwner,P-00169,1
CP-03770,TransactedWith,CP-03787,103770
CP-03770,UltimateBeneficialOwner,P-00170,1
CP-03771,TransactedWith,CP-03788,103771
CP-03771,UltimateBeneficialOwner,P-00171,1
CP-03772,TransactedWith,CP-03789,103772
CP-03772,UltimateBeneficialOwner,P-00172,1
CP-03773,TransactedWith,CP-03790,103773
CP-03773,UltimateBeneficialOwner,P-00173,1
CP-03774,TransactedWith,CP-03791,103774
CP-03774,UltimateBeneficialOwner,P-00174,1
CP-03775,TransactedWith,CP-03792,103775
CP-03775,UltimateBeneficialOwner,P-00175,1
CP-03776,TransactedWith,CP-03793,103776
CP-03776,UltimateBeneficialOwner,P-00176,1
CP-03777,TransactedWith,CP-03794,103777
CP-03777,UltimateBeneficialOwner,P-00177,1
CP-03778,TransactedWith,CP-03795,103778
CP-03778,UltimateBeneficialOwner,P-00178,1
CP-03779,TransactedWith,CP-03796,103779
CP-03779,UltimateBeneficialOwner,P-00179,1
CP-03780,TransactedWith,CP-03797,103780
CP-03780,UltimateBeneficialOwner,P-00180,1
CP-03781,TransactedWith,CP-03798,103781
CP-03781,UltimateBeneficialOwner,P-00181,1
CP-03782,TransactedWith,CP-03799,103782
CP-03782,UltimateBeneficialOwner,P-00182,1
CP-03783,TransactedWith,CP-03800,103783
CP-03783,UltimateBeneficialOwner,P-00183,1
CP-03784,TransactedWith,CP-03801,103784
CP-03784,UltimateBeneficialOwner,P-00184,1
CP-03785,TransactedWith,CP-03802,103785
CP-03785,UltimateBeneficialOwner,P-00185,1
CP-03786,TransactedWith,CP-03803,103786
CP-03786,UltimateBeneficialOwner,P-00186,1
CP-03787,TransactedWith,CP-03804,103787
CP-03787,UltimateBeneficialOwner,P-00187,1
CP-03788,TransactedWith,CP-03805,103788
CP-03788,UltimateBeneficialOwner,P-00188,1
CP-03789,TransactedWith,CP-03806,103789
CP-03789,UltimateBeneficialOwner,P-00189,1
CP-03790,TransactedWith,CP-03807,103790
CP-03790,UltimateBeneficialOwner,P-00190,1
CP-03791,TransactedWith,CP-03808,103791
CP-03791,UltimateBeneficialOwner,P-00191,1
CP-03792,TransactedWith,CP-03809,103792
CP-03792,UltimateBeneficialOwner,P-00192,1
CP-03793,TransactedWith,CP-03810,103793
CP-03793,UltimateBeneficialOwner,P-00193,1
CP-03794,TransactedWith,CP-03811,103794
CP-03794,UltimateBeneficialOwner,P-00194,1
CP-03795,TransactedWith,CP-03812,103795
CP-03795,UltimateBeneficialOwner,P-00195,1
CP-03796,TransactedWith,CP-03813,103796
CP-03796,UltimateBeneficialOwner,P-00196,1
CP-03797,TransactedWith,CP-03814,103797
CP-03797,UltimateBeneficialOwner,P-00197,1
CP-03798,TransactedWith,CP-03815,103798
CP-03798,UltimateBeneficialOwner,P-00198,1
CP-03799,TransactedWith,CP-03816,103799
CP-03799,UltimateBeneficialOwner,P-00199,1
CP-03800,TransactedWith,CP-03817,103800
CP-03800,UltimateBeneficialOwner,P-00200,1
CP-03801,TransactedWith,CP-03818,103801
CP-03801,UltimateBeneficialOwner,P-00201,1
CP-03802,TransactedWith,CP-03819,103802
CP-03802,UltimateBeneficialOwner,P-00202,1
CP-03803,TransactedWith,CP-03820,103803
CP-03803,UltimateBeneficialOwner,P-00203,1
CP-03804,TransactedWith,CP-03821,103804
CP-03804,UltimateBeneficialOwner,P-00204,1
CP-03805,TransactedWith,CP-03822,103805
CP-03805,UltimateBeneficialOwner,P-00205,1
CP-03806,TransactedWith,CP-03823,103806
CP-03806,UltimateBeneficialOwner,P-00206,1
CP-03807,TransactedWith,CP-03824,103807
CP-03807,UltimateBeneficialOwner,P-00207,1
CP-03808,TransactedWith,CP-03825,103808
CP-03808,UltimateBeneficialOwner,P-00208,1
CP-03809,TransactedWith,CP-03826,103809
CP-03809,UltimateBeneficialOwner,P-00209,1
CP-03810,TransactedWith,CP-03827,103810
CP-03810,UltimateBeneficialOwner,P-00210,1
CP-03811,TransactedWith,CP-03828,103811
CP-03811,UltimateBeneficialOwner,P-00211,1
CP-03812,TransactedWith,CP-03829,103812
CP-03812,UltimateBeneficialOwner,P-00212,1
CP-03813,TransactedWith,CP-03830,103813
CP-03813,UltimateBeneficialOwner,P-00213,1
CP-03814,TransactedWith,CP-03831,103814
CP-03814,UltimateBeneficialOwner,P-00214,1
CP-03815,TransactedWith,CP-03832,103815
CP-03815,UltimateBeneficialOwner,P-00215,1
CP-03816,TransactedWith,CP-03833,103816
CP-03816,UltimateBeneficialOwner,P-00216,1
CP-03817,TransactedWith,CP-03834,103817
CP-03817,UltimateBeneficialOwner,P-00217,1
CP-03818,TransactedWith,CP-03835,103818
CP-03818,UltimateBeneficialOwner,P-00218,1
CP-03819,TransactedWith,CP-03836,103819
CP-03819,UltimateBeneficialOwner,P-00219,1
CP-03820,TransactedWith,CP-03837,103820
CP-03820,UltimateBeneficialOwner,P-00220,1
CP-03821,TransactedWith,CP-03838,103821
CP-03821,UltimateBeneficialOwner,P-00221,1
CP-03822,TransactedWith,CP-03839,103822
CP-03822,UltimateBeneficialOwner,P-00222,1
CP-03823,TransactedWith,CP-03840,103823
CP-03823,UltimateBeneficialOwner,P-00223,1
CP-03824,TransactedWith,CP-03841,103824
CP-03824,UltimateBeneficialOwner,P-00224,1
CP-03825,TransactedWith,CP-03842,103825
CP-03825,UltimateBeneficialOwner,P-00225,1
CP-03826,TransactedWith,CP-03843,103826
CP-03826,UltimateBeneficialOwner,P-00226,1
CP-03827,TransactedWith,CP-03844,103827
CP-03827,UltimateBeneficialOwner,P-00227,1
CP-03828,TransactedWith,CP-03845,103828
CP-03828,UltimateBeneficialOwner,P-00228,1
CP-03829,TransactedWith,CP-03846,103829
CP-03829,UltimateBeneficialOwner,P-00229,1
CP-03830,TransactedWith,CP-03847,103830
CP-03830,UltimateBeneficialOwner,P-00230,1
CP-03831,TransactedWith,CP-03848,103831
CP-03831,UltimateBeneficialOwner,P-00231,1
CP-03832,TransactedWith,CP-03849,103832
CP-03832,UltimateBeneficialOwner,P-00232,1
CP-03833,TransactedWith,CP-03850,103833
CP-03833,UltimateBeneficialOwner,P-00233,1
CP-03834,TransactedWith,CP-03851,103834
CP-03834,UltimateBeneficialOwner,P-00234,1
CP-03835,TransactedWith,CP-03852,103835
CP-03835,UltimateBeneficialOwner,P-00235,1
CP-03836,TransactedWith,CP-03853,103836
CP-03836,UltimateBeneficialOwner,P-00236,1
CP-03837,TransactedWith,CP-03854,103837
CP-03837,UltimateBeneficialOwner,P-00237,1
CP-03838,TransactedWith,CP-03855,103838
CP-03838,UltimateBeneficialOwner,P-00238,1
CP-03839,TransactedWith,CP-03856,103839
CP-03839,UltimateBeneficialOwner,P-00239,1
CP-03840,TransactedWith,CP-03857,103840
CP-03840,UltimateBeneficialOwner,P-00240,1
CP-03841,TransactedWith,CP-03858,103841
CP-03841,UltimateBeneficialOwner,P-00241,1
CP-03842,TransactedWith,CP-03859,103842
CP-03842,UltimateBeneficialOwner,P-00242,1
CP-03843,TransactedWith,CP-03860,103843
CP-03843,UltimateBeneficialOwner,P-00243,1
CP-03844,TransactedWith,CP-03861,103844
CP-03844,UltimateBeneficialOwner,P-00244,1
CP-03845,TransactedWith,CP-03862,103845
CP-03845,UltimateBeneficialOwner,P-00245,1
CP-03846,TransactedWith,CP-03863,103846
CP-03846,UltimateBeneficialOwner,P-00246,1
CP-03847,TransactedWith,CP-03864,103847
CP-03847,UltimateBeneficialOwner,P-00247,1
CP-03848,TransactedWith,CP-03865,103848
CP-03848,UltimateBeneficialOwner,P-00248,1
CP-03849,TransactedWith,CP-03866,103849
CP-03849,UltimateBeneficialOwner,P-00249,1
CP-03850,TransactedWith,CP-03867,103850
CP-03850,UltimateBeneficialOwner,P-00250,1
CP-03851,TransactedWith,CP-03868,103851
CP-03851,UltimateBeneficialOwner,P-00251,1
CP-03852,TransactedWith,CP-03869,103852
CP-03852,UltimateBeneficialOwner,P-00252,1
CP-03853,TransactedWith,CP-03870,103853
CP-03853,UltimateBeneficialOwner,P-00253,1
CP-03854,TransactedWith,CP-03871,103854
CP-03854,UltimateBeneficialOwner,P-00254,1
CP-03855,TransactedWith,CP-03872,103855
CP-03855,UltimateBeneficialOwner,P-00255,1
CP-03856,TransactedWith,CP-03873,103856
CP-03856,UltimateBeneficialOwner,P-00256,1
CP-03857,TransactedWith,CP-03874,103857
CP-03857,UltimateBeneficialOwner,P-00257,1
CP-03858,TransactedWith,CP-03875,103858
CP-03858,UltimateBeneficialOwner,P-00258,1
CP-03859,TransactedWith,CP-03876,103859
CP-03859,UltimateBeneficialOwner,P-00259,1
CP-03860,TransactedWith,CP-03877,103860
CP-03860,UltimateBeneficialOwner,P-00260,1
CP-03861,TransactedWith,CP-03878,103861
CP-03861,UltimateBeneficialOwner,P-00261,1
CP-03862,TransactedWith,CP-03879,103862
CP-03862,UltimateBeneficialOwner,P-00262,1
CP-03863,TransactedWith,CP-03880,103863
CP-03863,UltimateBeneficialOwner,P-00263,1
CP-03864,TransactedWith,CP-03881,103864
CP-03864,UltimateBeneficialOwner,P-00264,1
CP-03865,TransactedWith,CP-03882,103865
CP-03865,UltimateBeneficialOwner,P-00265,1
CP-03866,TransactedWith,CP-03883,103866
CP-03866,UltimateBeneficialOwner,P-00266,1
CP-03867,TransactedWith,CP-03884,103867
CP-03867,UltimateBeneficialOwner,P-00267,1
CP-03868,TransactedWith,CP-03885,103868
CP-03868,UltimateBeneficialOwner,P-00268,1
CP-03869,TransactedWith,CP-03886,103869
CP-03869,UltimateBeneficialOwner,P-00269,1
CP-03870,TransactedWith,CP-03887,103870
CP-03870,UltimateBeneficialOwner,P-00270,1
CP-03871,TransactedWith,CP-03888,103871
CP-03871,UltimateBeneficialOwner,P-00271,1
CP-03872,TransactedWith,CP-03889,103872
CP-03872,UltimateBeneficialOwner,P-00272,1
CP-03873,TransactedWith,CP-03890,103873
CP-03873,UltimateBeneficialOwner,P-00273,1
CP-03874,TransactedWith,CP-03891,103874
CP-03874,UltimateBeneficialOwner,P-00274,1
CP-03875,TransactedWith,CP-03892,103875
CP-03875,UltimateBeneficialOwner,P-00275,1
CP-03876,TransactedWith,CP-03893,103876
CP-03876,UltimateBeneficialOwner,P-00276,1
CP-03877,TransactedWith,CP-03894,103877
CP-03877,UltimateBeneficialOwner,P-00277,1
CP-03878,TransactedWith,CP-03895,103878
CP-03878,UltimateBeneficialOwner,P-00278,1
CP-03879,TransactedWith,CP-03896,103879
CP-03879,UltimateBeneficialOwner,P-00279,1
CP-03880,TransactedWith,CP-03897,103880
CP-03880,UltimateBeneficialOwner,P-00280,1
CP-03881,TransactedWith,CP-03898,103881
CP-03881,UltimateBeneficialOwner,P-00281,1
CP-03882,TransactedWith,CP-03899,103882
CP-03882,UltimateBeneficialOwner,P-00282,1
CP-03883,TransactedWith,CP-03900,103883
CP-03883,UltimateBeneficialOwner,P-00283,1
CP-03884,TransactedWith,CP-03901,103884
CP-03884,UltimateBeneficialOwner,P-00284,1
CP-03885,TransactedWith,CP-03902,103885
CP-03885,UltimateBeneficialOwner,P-00285,1
CP-03886,TransactedWith,CP-03903,103886
CP-03886,UltimateBeneficialOwner,P-00286,1
CP-03887,TransactedWith,CP-03904,103887
CP-03887,UltimateBeneficialOwner,P-00287,1
CP-03888,TransactedWith,CP-03905,103888
CP-03888,UltimateBeneficialOwner,P-00288,1
CP-03889,TransactedWith,CP-03906,103889
CP-03889,UltimateBeneficialOwner,P-00289,1
CP-03890,TransactedWith,CP-03907,103890
CP-03890,UltimateBeneficialOwner,P-00290,1
CP-03891,TransactedWith,CP-03908,103891
CP-03891,UltimateBeneficialOwner,P-00291,1
CP-03892,TransactedWith,CP-03909,103892
CP-03892,UltimateBeneficialOwner,P-00292,1
CP-03893,TransactedWith,CP-03910,103893
CP-03893,UltimateBeneficialOwner,P-00293,1
CP-03894,TransactedWith,CP-03911,103894
CP-03894,UltimateBeneficialOwner,P-00294,1
CP-03895,TransactedWith,CP-03912,103895
CP-03895,UltimateBeneficialOwner,P-00295,1
CP-03896,TransactedWith,CP-03913,103896
CP-03896,UltimateBeneficialOwner,P-00296,1
CP-03897,TransactedWith,CP-03914,103897
CP-03897,UltimateBeneficialOwner,P-00297,1
CP-03898,TransactedWith,CP-03915,103898
CP-03898,UltimateBeneficialOwner,P-00298,1
CP-03899,TransactedWith,CP-03916,103899
CP-03899,UltimateBeneficialOwner,P-00299,1
CP-03900,TransactedWith,CP-03917,103900
CP-03900,UltimateBeneficialOwner,P-00300,1
CP-03901,TransactedWith,CP-03918,103901
CP-03901,UltimateBeneficialOwner,P-00301,1
CP-03902,TransactedWith,CP-03919,103902
CP-03902,UltimateBeneficialOwner,P-00302,1
CP-03903,TransactedWith,CP-03920,103903
CP-03903,UltimateBeneficialOwner,P-00303,1
CP-03904,TransactedWith,CP-03921,103904
CP-03904,UltimateBeneficialOwner,P-00304,1
CP-03905,TransactedWith,CP-03922,103905
CP-03905,UltimateBeneficialOwner,P-00305,1
CP-03906,TransactedWith,CP-03923,103906
CP-03906,UltimateBeneficialOwner,P-00306,1
CP-03907,TransactedWith,CP-03924,103907
CP-03907,UltimateBeneficialOwner,P-00307,1
CP-03908,TransactedWith,CP-03925,103908
CP-03908,UltimateBeneficialOwner,P-00308,1
CP-03909,TransactedWith,CP-03926,103909
CP-03909,UltimateBeneficialOwner,P-00309,1
CP-03910,TransactedWith,CP-03927,103910
CP-03910,UltimateBeneficialOwner,P-00310,1
CP-03911,TransactedWith,CP-03928,103911
CP-03911,UltimateBeneficialOwner,P-00311,1
CP-03912,TransactedWith,CP-03929,103912
CP-03912,UltimateBeneficialOwner,P-00312,1
CP-03913,TransactedWith,CP-03930,103913
CP-03913,UltimateBeneficialOwner,P-00313,1
CP-03914,TransactedWith,CP-03931,103914
CP-03914,UltimateBeneficialOwner,P-00314,1
CP-03915,TransactedWith,CP-03932,103915
CP-03915,UltimateBeneficialOwner,P-00315,1
CP-03916,TransactedWith,CP-03933,103916
CP-03916,UltimateBeneficialOwner,P-00316,1
CP-03917,TransactedWith,CP-03934,103917
CP-03917,UltimateBeneficialOwner,P-00317,1
CP-03918,TransactedWith,CP-03935,103918
CP-03918,UltimateBeneficialOwner,P-00318,1
CP-03919,TransactedWith,CP-03936,103919
CP-03919,UltimateBeneficialOwner,P-00319,1
CP-03920,TransactedWith,CP-03937,103920
CP-03920,UltimateBeneficialOwner,P-00320,1
CP-03921,TransactedWith,CP-03938,103921
CP-03921,UltimateBeneficialOwner,P-00321,1
CP-03922,TransactedWith,CP-03939,103922
CP-03922,UltimateBeneficialOwner,P-00322,1
CP-03923,TransactedWith,CP-03940,103923
CP-03923,UltimateBeneficialOwner,P-00323,1
CP-03924,TransactedWith,CP-03941,103924
CP-03924,UltimateBeneficialOwner,P-00324,1
CP-03925,TransactedWith,CP-03942,103925
CP-03925,UltimateBeneficialOwner,P-00325,1
CP-03926,TransactedWith,CP-03943,103926
CP-03926,UltimateBeneficialOwner,P-00326,1
CP-03927,TransactedWith,CP-03944,103927
CP-03927,UltimateBeneficialOwner,P-00327,1
CP-03928,TransactedWith,CP-03945,103928
CP-03928,UltimateBeneficialOwner,P-00328,1
CP-03929,TransactedWith,CP-03946,103929
CP-03929,UltimateBeneficialOwner,P-00329,1
CP-03930,TransactedWith,CP-03947,103930
CP-03930,UltimateBeneficialOwner,P-00330,1
CP-03931,TransactedWith,CP-03948,103931
CP-03931,UltimateBeneficialOwner,P-00331,1
CP-03932,TransactedWith,CP-03949,103932
CP-03932,UltimateBeneficialOwner,P-00332,1
CP-03933,TransactedWith,CP-03950,103933
CP-03933,UltimateBeneficialOwner,P-00333,1
CP-03934,TransactedWith,CP-03951,103934
CP-03934,UltimateBeneficialOwner,P-00334,1
CP-03935,TransactedWith,CP-03952,103935
CP-03935,UltimateBeneficialOwner,P-00335,1
CP-03936,TransactedWith,CP-03953,103936
CP-03936,UltimateBeneficialOwner,P-00336,1
CP-03937,TransactedWith,CP-03954,103937
CP-03937,UltimateBeneficialOwner,P-00337,1
CP-03938,TransactedWith,CP-03955,103938
CP-03938,UltimateBeneficialOwner,P-00338,1
CP-03939,TransactedWith,CP-03956,103939
CP-03939,UltimateBeneficialOwner,P-00339,1
CP-03940,TransactedWith,CP-03957,103940
CP-03940,UltimateBeneficialOwner,P-00340,1
CP-03941,TransactedWith,CP-03958,103941
CP-03941,UltimateBeneficialOwner,P-00341,1
CP-03942,TransactedWith,CP-03959,103942
CP-03942,UltimateBeneficialOwner,P-00342,1
CP-03943,TransactedWith,CP-03960,103943
CP-03943,UltimateBeneficialOwner,P-00343,1
CP-03944,TransactedWith,CP-03961,103944
CP-03944,UltimateBeneficialOwner,P-00344,1
CP-03945,TransactedWith,CP-03962,103945
CP-03945,UltimateBeneficialOwner,P-00345,1
CP-03946,TransactedWith,CP-03963,103946
CP-03946,UltimateBeneficialOwner,P-00346,1
CP-03947,TransactedWith,CP-03964,103947
CP-03947,UltimateBeneficialOwner,P-00347,1
CP-03948,TransactedWith,CP-03965,103948
CP-03948,UltimateBeneficialOwner,P-00348,1
CP-03949,TransactedWith,CP-03966,103949
CP-03949,UltimateBeneficialOwner,P-00349,1
CP-03950,TransactedWith,CP-03967,103950
CP-03950,UltimateBeneficialOwner,P-00350,1
CP-03951,TransactedWith,CP-03968,103951
CP-03951,UltimateBeneficialOwner,P-00351,1
CP-03952,TransactedWith,CP-03969,103952
CP-03952,UltimateBeneficialOwner,P-00352,1
CP-03953,TransactedWith,CP-03970,103953
CP-03953,UltimateBeneficialOwner,P-00353,1
CP-03954,TransactedWith,CP-03971,103954
CP-03954,UltimateBeneficialOwner,P-00354,1
CP-03955,TransactedWith,CP-03972,103955
CP-03955,UltimateBeneficialOwner,P-00355,1
CP-03956,TransactedWith,CP-03973,103956
CP-03956,UltimateBeneficialOwner,P-00356,1
CP-03957,TransactedWith,CP-03974,103957
CP-03957,UltimateBeneficialOwner,P-00357,1
CP-03958,TransactedWith,CP-03975,103958
CP-03958,UltimateBeneficialOwner,P-00358,1
CP-03959,TransactedWith,CP-03976,103959
CP-03959,UltimateBeneficialOwner,P-00359,1
CP-03960,TransactedWith,CP-03977,103960
CP-03960,UltimateBeneficialOwner,P-00360,1
CP-03961,TransactedWith,CP-03978,103961
CP-03961,UltimateBeneficialOwner,P-00361,1
CP-03962,TransactedWith,CP-03979,103962
CP-03962,UltimateBeneficialOwner,P-00362,1
CP-03963,TransactedWith,CP-03980,103963
CP-03963,UltimateBeneficialOwner,P-00363,1
CP-03964,TransactedWith,CP-03981,103964
CP-03964,UltimateBeneficialOwner,P-00364,1
CP-03965,TransactedWith,CP-03982,103965
CP-03965,UltimateBeneficialOwner,P-00365,1
CP-03966,TransactedWith,CP-03983,103966
CP-03966,UltimateBeneficialOwner,P-00366,1
CP-03967,TransactedWith,CP-03984,103967
CP-03967,UltimateBeneficialOwner,P-00367,1
CP-03968,TransactedWith,CP-03985,103968
CP-03968,UltimateBeneficialOwner,P-00368,1
CP-03969,TransactedWith,CP-03986,103969
CP-03969,UltimateBeneficialOwner,P-00369,1
CP-03970,TransactedWith,CP-03987,103970
CP-03970,UltimateBeneficialOwner,P-00370,1
CP-03971,TransactedWith,CP-03988,103971
CP-03971,UltimateBeneficialOwner,P-00371,1
CP-03972,TransactedWith,CP-03989,103972
CP-03972,UltimateBeneficialOwner,P-00372,1
CP-03973,TransactedWith,CP-03990,103973
CP-03973,UltimateBeneficialOwner,P-00373,1
CP-03974,TransactedWith,CP-03991,103974
CP-03974,UltimateBeneficialOwner,P-00374,1
CP-03975,TransactedWith,CP-03992,103975
CP-03975,UltimateBeneficialOwner,P-00375,1
CP-03976,TransactedWith,CP-03993,103976
CP-03976,UltimateBeneficialOwner,P-00376,1
CP-03977,TransactedWith,CP-03994,103977
CP-03977,UltimateBeneficialOwner,P-00377,1
CP-03978,TransactedWith,CP-03995,103978
CP-03978,UltimateBeneficialOwner,P-00378,1
CP-03979,TransactedWith,CP-03996,103979
CP-03979,UltimateBeneficialOwner,P-00379,1
CP-03980,TransactedWith,CP-03997,103980
CP-03980,UltimateBeneficialOwner,P-00380,1
CP-03981,TransactedWith,CP-03998,103981
CP-03981,UltimateBeneficialOwner,P-00381,1
CP-03982,TransactedWith,CP-03999,103982
CP-03982,UltimateBeneficialOwner,P-00382,1
CP-03983,TransactedWith,CP-04000,103983
CP-03983,UltimateBeneficialOwner,P-00383,1
CP-03984,TransactedWith,CP-04001,103984
CP-03984,UltimateBeneficialOwner,P-00384,1
CP-03985,TransactedWith,CP-04002,103985
CP-03985,UltimateBeneficialOwner,P-00385,1
CP-03986,TransactedWith,CP-04003,103986
CP-03986,UltimateBeneficialOwner,P-00386,1
CP-03987,TransactedWith,CP-04004,103987
CP-03987,UltimateBeneficialOwner,P-00387,1
CP-03988,TransactedWith,CP-04005,103988
CP-03988,UltimateBeneficialOwner,P-00388,1
CP-03988,SanctionsHit,SDN-03988,active
CP-03989,TransactedWith,CP-04006,103989
CP-03989,UltimateBeneficialOwner,P-00389,1
CP-03990,TransactedWith,CP-04007,103990
CP-03990,UltimateBeneficialOwner,P-00390,1
CP-03991,TransactedWith,CP-04008,103991
CP-03991,UltimateBeneficialOwner,P-00391,1
CP-03992,TransactedWith,CP-04009,103992
CP-03992,UltimateBeneficialOwner,P-00392,1
CP-03993,TransactedWith,CP-04010,103993
CP-03993,UltimateBeneficialOwner,P-00393,1
CP-03994,TransactedWith,CP-04011,103994
CP-03994,UltimateBeneficialOwner,P-00394,1
CP-03995,TransactedWith,CP-04012,103995
CP-03995,UltimateBeneficialOwner,P-00395,1
CP-03996,TransactedWith,CP-04013,103996
CP-03996,UltimateBeneficialOwner,P-00396,1
CP-03997,TransactedWith,CP-04014,103997
CP-03997,UltimateBeneficialOwner,P-00397,1
CP-03998,TransactedWith,CP-04015,103998
CP-03998,UltimateBeneficialOwner,P-00398,1
CP-03999,TransactedWith,CP-04016,103999
CP-03999,UltimateBeneficialOwner,P-00399,1
CP-04000,TransactedWith,CP-04017,104000
CP-04000,UltimateBeneficialOwner,P-00400,1
CP-04001,TransactedWith,CP-04018,104001
CP-04001,UltimateBeneficialOwner,P-00401,1
CP-04002,TransactedWith,CP-04019,104002
CP-04002,UltimateBeneficialOwner,P-00402,1
CP-04003,TransactedWith,CP-04020,104003
CP-04003,UltimateBeneficialOwner,P-00403,1
CP-04004,TransactedWith,CP-04021,104004
CP-04004,UltimateBeneficialOwner,P-00404,1
CP-04005,TransactedWith,CP-04022,104005
CP-04005,UltimateBeneficialOwner,P-00405,1
CP-04006,TransactedWith,CP-04023,104006
CP-04006,UltimateBeneficialOwner,P-00406,1
CP-04007,TransactedWith,CP-04024,104007
CP-04007,UltimateBeneficialOwner,P-00407,1
CP-04008,TransactedWith,CP-04025,104008
CP-04008,UltimateBeneficialOwner,P-00408,1
CP-04009,TransactedWith,CP-04026,104009
CP-04009,UltimateBeneficialOwner,P-00409,1
CP-04010,TransactedWith,CP-04027,104010
CP-04010,UltimateBeneficialOwner,P-00410,1
CP-04011,TransactedWith,CP-04028,104011
CP-04011,UltimateBeneficialOwner,P-00411,1
CP-04012,TransactedWith,CP-04029,104012
CP-04012,UltimateBeneficialOwner,P-00412,1
CP-04013,TransactedWith,CP-04030,104013
CP-04013,UltimateBeneficialOwner,P-00413,1
CP-04014,TransactedWith,CP-04031,104014
CP-04014,UltimateBeneficialOwner,P-00414,1
CP-04015,TransactedWith,CP-04032,104015
CP-04015,UltimateBeneficialOwner,P-00415,1
CP-04016,TransactedWith,CP-04033,104016
CP-04016,UltimateBeneficialOwner,P-00416,1
CP-04017,TransactedWith,CP-04034,104017
CP-04017,UltimateBeneficialOwner,P-00417,1
CP-04018,TransactedWith,CP-04035,104018
CP-04018,UltimateBeneficialOwner,P-00418,1
CP-04019,TransactedWith,CP-04036,104019
CP-04019,UltimateBeneficialOwner,P-00419,1
CP-04020,TransactedWith,CP-04037,104020
CP-04020,UltimateBeneficialOwner,P-00420,1
CP-04021,TransactedWith,CP-04038,104021
CP-04021,UltimateBeneficialOwner,P-00421,1
CP-04022,TransactedWith,CP-04039,104022
CP-04022,UltimateBeneficialOwner,P-00422,1
CP-04023,TransactedWith,CP-04040,104023
CP-04023,UltimateBeneficialOwner,P-00423,1
CP-04024,TransactedWith,CP-04041,104024
CP-04024,UltimateBeneficialOwner,P-00424,1
CP-04025,TransactedWith,CP-04042,104025
CP-04025,UltimateBeneficialOwner,P-00425,1
CP-04026,TransactedWith,CP-04043,104026
CP-04026,UltimateBeneficialOwner,P-00426,1
CP-04027,TransactedWith,CP-04044,104027
CP-04027,UltimateBeneficialOwner,P-00427,1
CP-04028,TransactedWith,CP-04045,104028
CP-04028,UltimateBeneficialOwner,P-00428,1
CP-04029,TransactedWith,CP-04046,104029
CP-04029,UltimateBeneficialOwner,P-00429,1
CP-04030,TransactedWith,CP-04047,104030
CP-04030,UltimateBeneficialOwner,P-00430,1
CP-04031,TransactedWith,CP-04048,104031
CP-04031,UltimateBeneficialOwner,P-00431,1
CP-04032,TransactedWith,CP-04049,104032
CP-04032,UltimateBeneficialOwner,P-00432,1
CP-04033,TransactedWith,CP-04050,104033
CP-04033,UltimateBeneficialOwner,P-00433,1
CP-04034,TransactedWith,CP-04051,104034
CP-04034,UltimateBeneficialOwner,P-00434,1
CP-04035,TransactedWith,CP-04052,104035
CP-04035,UltimateBeneficialOwner,P-00435,1
CP-04036,TransactedWith,CP-04053,104036
CP-04036,UltimateBeneficialOwner,P-00436,1
CP-04037,TransactedWith,CP-04054,104037
CP-04037,UltimateBeneficialOwner,P-00437,1
CP-04038,TransactedWith,CP-04055,104038
CP-04038,UltimateBeneficialOwner,P-00438,1
CP-04039,TransactedWith,CP-04056,104039
CP-04039,UltimateBeneficialOwner,P-00439,1
CP-04040,TransactedWith,CP-04057,104040
CP-04040,UltimateBeneficialOwner,P-00440,1
CP-04041,TransactedWith,CP-04058,104041
CP-04041,UltimateBeneficialOwner,P-00441,1
CP-04042,TransactedWith,CP-04059,104042
CP-04042,UltimateBeneficialOwner,P-00442,1
CP-04043,TransactedWith,CP-04060,104043
CP-04043,UltimateBeneficialOwner,P-00443,1
CP-04044,TransactedWith,CP-04061,104044
CP-04044,UltimateBeneficialOwner,P-00444,1
CP-04045,TransactedWith,CP-04062,104045
CP-04045,UltimateBeneficialOwner,P-00445,1
CP-04046,TransactedWith,CP-04063,104046
CP-04046,UltimateBeneficialOwner,P-00446,1
CP-04047,TransactedWith,CP-04064,104047
CP-04047,UltimateBeneficialOwner,P-00447,1
CP-04048,TransactedWith,CP-04065,104048
CP-04048,UltimateBeneficialOwner,P-00448,1
CP-04049,TransactedWith,CP-04066,104049
CP-04049,UltimateBeneficialOwner,P-00449,1
CP-04050,TransactedWith,CP-04067,104050
CP-04050,UltimateBeneficialOwner,P-00450,1
CP-04051,TransactedWith,CP-04068,104051
CP-04051,UltimateBeneficialOwner,P-00451,1
CP-04052,TransactedWith,CP-04069,104052
CP-04052,UltimateBeneficialOwner,P-00452,1
CP-04053,TransactedWith,CP-04070,104053
CP-04053,UltimateBeneficialOwner,P-00453,1
CP-04054,TransactedWith,CP-04071,104054
CP-04054,UltimateBeneficialOwner,P-00454,1
CP-04055,TransactedWith,CP-04072,104055
CP-04055,UltimateBeneficialOwner,P-00455,1
CP-04056,TransactedWith,CP-04073,104056
CP-04056,UltimateBeneficialOwner,P-00456,1
CP-04057,TransactedWith,CP-04074,104057
CP-04057,UltimateBeneficialOwner,P-00457,1
CP-04058,TransactedWith,CP-04075,104058
CP-04058,UltimateBeneficialOwner,P-00458,1
CP-04059,TransactedWith,CP-04076,104059
CP-04059,UltimateBeneficialOwner,P-00459,1
CP-04060,TransactedWith,CP-04077,104060
CP-04060,UltimateBeneficialOwner,P-00460,1
CP-04061,TransactedWith,CP-04078,104061
CP-04061,UltimateBeneficialOwner,P-00461,1
CP-04062,TransactedWith,CP-04079,104062
CP-04062,UltimateBeneficialOwner,P-00462,1
CP-04063,TransactedWith,CP-04080,104063
CP-04063,UltimateBeneficialOwner,P-00463,1
CP-04064,TransactedWith,CP-04081,104064
CP-04064,UltimateBeneficialOwner,P-00464,1
CP-04065,TransactedWith,CP-04082,104065
CP-04065,UltimateBeneficialOwner,P-00465,1
CP-04066,TransactedWith,CP-04083,104066
CP-04066,UltimateBeneficialOwner,P-00466,1
CP-04067,TransactedWith,CP-04084,104067
CP-04067,UltimateBeneficialOwner,P-00467,1
CP-04068,TransactedWith,CP-04085,104068
CP-04068,UltimateBeneficialOwner,P-00468,1
CP-04069,TransactedWith,CP-04086,104069
CP-04069,UltimateBeneficialOwner,P-00469,1
CP-04070,TransactedWith,CP-04087,104070
CP-04070,UltimateBeneficialOwner,P-00470,1
CP-04071,TransactedWith,CP-04088,104071
CP-04071,UltimateBeneficialOwner,P-00471,1
CP-04072,TransactedWith,CP-04089,104072
CP-04072,UltimateBeneficialOwner,P-00472,1
CP-04073,TransactedWith,CP-04090,104073
CP-04073,UltimateBeneficialOwner,P-00473,1
CP-04074,TransactedWith,CP-04091,104074
CP-04074,UltimateBeneficialOwner,P-00474,1
CP-04075,TransactedWith,CP-04092,104075
CP-04075,UltimateBeneficialOwner,P-00475,1
CP-04076,TransactedWith,CP-04093,104076
CP-04076,UltimateBeneficialOwner,P-00476,1
CP-04077,TransactedWith,CP-04094,104077
CP-04077,UltimateBeneficialOwner,P-00477,1
CP-04078,TransactedWith,CP-04095,104078
CP-04078,UltimateBeneficialOwner,P-00478,1
CP-04079,TransactedWith,CP-04096,104079
CP-04079,UltimateBeneficialOwner,P-00479,1
CP-04080,TransactedWith,CP-04097,104080
CP-04080,UltimateBeneficialOwner,P-00480,1
CP-04081,TransactedWith,CP-04098,104081
CP-04081,UltimateBeneficialOwner,P-00481,1
CP-04082,TransactedWith,CP-04099,104082
CP-04082,UltimateBeneficialOwner,P-00482,1
CP-04083,TransactedWith,CP-04100,104083
CP-04083,UltimateBeneficialOwner,P-00483,1
CP-04084,TransactedWith,CP-04101,104084
CP-04084,UltimateBeneficialOwner,P-00484,1
CP-04085,TransactedWith,CP-04102,104085
CP-04085,UltimateBeneficialOwner,P-00485,1
CP-04086,TransactedWith,CP-04103,104086
CP-04086,UltimateBeneficialOwner,P-00486,1
CP-04087,TransactedWith,CP-04104,104087
CP-04087,UltimateBeneficialOwner,P-00487,1
CP-04088,TransactedWith,CP-04105,104088
CP-04088,UltimateBeneficialOwner,P-00488,1
CP-04089,TransactedWith,CP-04106,104089
CP-04089,UltimateBeneficialOwner,P-00489,1
CP-04090,TransactedWith,CP-04107,104090
CP-04090,UltimateBeneficialOwner,P-00490,1
CP-04091,TransactedWith,CP-04108,104091
CP-04091,UltimateBeneficialOwner,P-00491,1
CP-04092,TransactedWith,CP-04109,104092
CP-04092,UltimateBeneficialOwner,P-00492,1
CP-04093,TransactedWith,CP-04110,104093
CP-04093,UltimateBeneficialOwner,P-00493,1
CP-04094,TransactedWith,CP-04111,104094
CP-04094,UltimateBeneficialOwner,P-00494,1
CP-04095,TransactedWith,CP-04112,104095
CP-04095,UltimateBeneficialOwner,P-00495,1
CP-04096,TransactedWith,CP-04113,104096
CP-04096,UltimateBeneficialOwner,P-00496,1
CP-04097,TransactedWith,CP-04114,104097
CP-04097,UltimateBeneficialOwner,P-00497,1
CP-04098,TransactedWith,CP-04115,104098
CP-04098,UltimateBeneficialOwner,P-00498,1
CP-04099,TransactedWith,CP-04116,104099
CP-04099,UltimateBeneficialOwner,P-00499,1
CP-04100,TransactedWith,CP-04117,104100
CP-04100,UltimateBeneficialOwner,P-00500,1
CP-04101,TransactedWith,CP-04118,104101
CP-04101,UltimateBeneficialOwner,P-00501,1
CP-04102,TransactedWith,CP-04119,104102
CP-04102,UltimateBeneficialOwner,P-00502,1
CP-04103,TransactedWith,CP-04120,104103
CP-04103,UltimateBeneficialOwner,P-00503,1
CP-04104,TransactedWith,CP-04121,104104
CP-04104,UltimateBeneficialOwner,P-00504,1
CP-04105,TransactedWith,CP-04122,104105
CP-04105,UltimateBeneficialOwner,P-00505,1
CP-04106,TransactedWith,CP-04123,104106
CP-04106,UltimateBeneficialOwner,P-00506,1
CP-04107,TransactedWith,CP-04124,104107
CP-04107,UltimateBeneficialOwner,P-00507,1
CP-04108,TransactedWith,CP-04125,104108
CP-04108,UltimateBeneficialOwner,P-00508,1
CP-04109,TransactedWith,CP-04126,104109
CP-04109,UltimateBeneficialOwner,P-00509,1
CP-04110,TransactedWith,CP-04127,104110
CP-04110,UltimateBeneficialOwner,P-00510,1
CP-04111,TransactedWith,CP-04128,104111
CP-04111,UltimateBeneficialOwner,P-00511,1
CP-04112,TransactedWith,CP-04129,104112
CP-04112,UltimateBeneficialOwner,P-00512,1
CP-04113,TransactedWith,CP-04130,104113
CP-04113,UltimateBeneficialOwner,P-00513,1
CP-04114,TransactedWith,CP-04131,104114
CP-04114,UltimateBeneficialOwner,P-00514,1
CP-04115,TransactedWith,CP-04132,104115
CP-04115,UltimateBeneficialOwner,P-00515,1
CP-04116,TransactedWith,CP-04133,104116
CP-04116,UltimateBeneficialOwner,P-00516,1
CP-04117,TransactedWith,CP-04134,104117
CP-04117,UltimateBeneficialOwner,P-00517,1
CP-04118,TransactedWith,CP-04135,104118
CP-04118,UltimateBeneficialOwner,P-00518,1
CP-04119,TransactedWith,CP-04136,104119
CP-04119,UltimateBeneficialOwner,P-00519,1
CP-04120,TransactedWith,CP-04137,104120
CP-04120,UltimateBeneficialOwner,P-00520,1
CP-04121,TransactedWith,CP-04138,104121
CP-04121,UltimateBeneficialOwner,P-00521,1
CP-04122,TransactedWith,CP-04139,104122
CP-04122,UltimateBeneficialOwner,P-00522,1
CP-04123,TransactedWith,CP-04140,104123
CP-04123,UltimateBeneficialOwner,P-00523,1
CP-04124,TransactedWith,CP-04141,104124
CP-04124,UltimateBeneficialOwner,P-00524,1
CP-04125,TransactedWith,CP-04142,104125
CP-04125,UltimateBeneficialOwner,P-00525,1
CP-04126,TransactedWith,CP-04143,104126
CP-04126,UltimateBeneficialOwner,P-00526,1
CP-04127,TransactedWith,CP-04144,104127
CP-04127,UltimateBeneficialOwner,P-00527,1
CP-04128,TransactedWith,CP-04145,104128
CP-04128,UltimateBeneficialOwner,P-00528,1
CP-04129,TransactedWith,CP-04146,104129
CP-04129,UltimateBeneficialOwner,P-00529,1
CP-04130,TransactedWith,CP-04147,104130
CP-04130,UltimateBeneficialOwner,P-00530,1
CP-04131,TransactedWith,CP-04148,104131
CP-04131,UltimateBeneficialOwner,P-00531,1
CP-04132,TransactedWith,CP-04149,104132
CP-04132,UltimateBeneficialOwner,P-00532,1
CP-04133,TransactedWith,CP-04150,104133
CP-04133,UltimateBeneficialOwner,P-00533,1
CP-04134,TransactedWith,CP-04151,104134
CP-04134,UltimateBeneficialOwner,P-00534,1
CP-04135,TransactedWith,CP-04152,104135
CP-04135,UltimateBeneficialOwner,P-00535,1
CP-04136,TransactedWith,CP-04153,104136
CP-04136,UltimateBeneficialOwner,P-00536,1
CP-04137,TransactedWith,CP-04154,104137
CP-04137,UltimateBeneficialOwner,P-00537,1
CP-04138,TransactedWith,CP-04155,104138
CP-04138,UltimateBeneficialOwner,P-00538,1
CP-04139,TransactedWith,CP-04156,104139
CP-04139,UltimateBeneficialOwner,P-00539,1
CP-04140,TransactedWith,CP-04157,104140
CP-04140,UltimateBeneficialOwner,P-00540,1
CP-04141,TransactedWith,CP-04158,104141
CP-04141,UltimateBeneficialOwner,P-00541,1
CP-04142,TransactedWith,CP-04159,104142
CP-04142,UltimateBeneficialOwner,P-00542,1
CP-04143,TransactedWith,CP-04160,104143
CP-04143,UltimateBeneficialOwner,P-00543,1
CP-04144,TransactedWith,CP-04161,104144
CP-04144,UltimateBeneficialOwner,P-00544,1
CP-04145,TransactedWith,CP-04162,104145
CP-04145,UltimateBeneficialOwner,P-00545,1
CP-04146,TransactedWith,CP-04163,104146
CP-04146,UltimateBeneficialOwner,P-00546,1
CP-04147,TransactedWith,CP-04164,104147
CP-04147,UltimateBeneficialOwner,P-00547,1
CP-04148,TransactedWith,CP-04165,104148
CP-04148,UltimateBeneficialOwner,P-00548,1
CP-04149,TransactedWith,CP-04166,104149
CP-04149,UltimateBeneficialOwner,P-00549,1
CP-04150,TransactedWith,CP-04167,104150
CP-04150,UltimateBeneficialOwner,P-00550,1
CP-04151,TransactedWith,CP-04168,104151
CP-04151,UltimateBeneficialOwner,P-00551,1
CP-04152,TransactedWith,CP-04169,104152
CP-04152,UltimateBeneficialOwner,P-00552,1
CP-04153,TransactedWith,CP-04170,104153
CP-04153,UltimateBeneficialOwner,P-00553,1
CP-04154,TransactedWith,CP-04171,104154
CP-04154,UltimateBeneficialOwner,P-00554,1
CP-04155,TransactedWith,CP-04172,104155
CP-04155,UltimateBeneficialOwner,P-00555,1
CP-04156,TransactedWith,CP-04173,104156
CP-04156,UltimateBeneficialOwner,P-00556,1
CP-04157,TransactedWith,CP-04174,104157
CP-04157,UltimateBeneficialOwner,P-00557,1
CP-04158,TransactedWith,CP-04175,104158
CP-04158,UltimateBeneficialOwner,P-00558,1
CP-04159,TransactedWith,CP-04176,104159
CP-04159,UltimateBeneficialOwner,P-00559,1
CP-04160,TransactedWith,CP-04177,104160
CP-04160,UltimateBeneficialOwner,P-00560,1
CP-04161,TransactedWith,CP-04178,104161
CP-04161,UltimateBeneficialOwner,P-00561,1
CP-04162,TransactedWith,CP-04179,104162
CP-04162,UltimateBeneficialOwner,P-00562,1
CP-04163,TransactedWith,CP-04180,104163
CP-04163,UltimateBeneficialOwner,P-00563,1
CP-04164,TransactedWith,CP-04181,104164
CP-04164,UltimateBeneficialOwner,P-00564,1
CP-04165,TransactedWith,CP-04182,104165
CP-04165,UltimateBeneficialOwner,P-00565,1
CP-04166,TransactedWith,CP-04183,104166
CP-04166,UltimateBeneficialOwner,P-00566,1
CP-04167,TransactedWith,CP-04184,104167
CP-04167,UltimateBeneficialOwner,P-00567,1
CP-04168,TransactedWith,CP-04185,104168
CP-04168,UltimateBeneficialOwner,P-00568,1
CP-04169,TransactedWith,CP-04186,104169
CP-04169,UltimateBeneficialOwner,P-00569,1
CP-04170,TransactedWith,CP-04187,104170
CP-04170,UltimateBeneficialOwner,P-00570,1
CP-04171,TransactedWith,CP-04188,104171
CP-04171,UltimateBeneficialOwner,P-00571,1
CP-04172,TransactedWith,CP-04189,104172
CP-04172,UltimateBeneficialOwner,P-00572,1
CP-04173,TransactedWith,CP-04190,104173
CP-04173,UltimateBeneficialOwner,P-00573,1
CP-04174,TransactedWith,CP-04191,104174
CP-04174,UltimateBeneficialOwner,P-00574,1
CP-04175,TransactedWith,CP-04192,104175
CP-04175,UltimateBeneficialOwner,P-00575,1
CP-04176,TransactedWith,CP-04193,104176
CP-04176,UltimateBeneficialOwner,P-00576,1
CP-04177,TransactedWith,CP-04194,104177
CP-04177,UltimateBeneficialOwner,P-00577,1
CP-04178,TransactedWith,CP-04195,104178
CP-04178,UltimateBeneficialOwner,P-00578,1
CP-04179,TransactedWith,CP-04196,104179
CP-04179,UltimateBeneficialOwner,P-00579,1
CP-04180,TransactedWith,CP-04197,104180
CP-04180,UltimateBeneficialOwner,P-00580,1
CP-04181,TransactedWith,CP-04198,104181
CP-04181,UltimateBeneficialOwner,P-00581,1
CP-04182,TransactedWith,CP-04199,104182
CP-04182,UltimateBeneficialOwner,P-00582,1
CP-04183,TransactedWith,CP-04200,104183
CP-04183,UltimateBeneficialOwner,P-00583,1
CP-04184,TransactedWith,CP-04201,104184
CP-04184,UltimateBeneficialOwner,P-00584,1
CP-04185,TransactedWith,CP-04202,104185
CP-04185,UltimateBeneficialOwner,P-00585,1
CP-04186,TransactedWith,CP-04203,104186
CP-04186,UltimateBeneficialOwner,P-00586,1
CP-04187,TransactedWith,CP-04204,104187
CP-04187,UltimateBeneficialOwner,P-00587,1
CP-04188,TransactedWith,CP-04205,104188
CP-04188,UltimateBeneficialOwner,P-00588,1
CP-04189,TransactedWith,CP-04206,104189
CP-04189,UltimateBeneficialOwner,P-00589,1
CP-04190,TransactedWith,CP-04207,104190
CP-04190,UltimateBeneficialOwner,P-00590,1
CP-04191,TransactedWith,CP-04208,104191
CP-04191,UltimateBeneficialOwner,P-00591,1
CP-04192,TransactedWith,CP-04209,104192
CP-04192,UltimateBeneficialOwner,P-00592,1
CP-04193,TransactedWith,CP-04210,104193
CP-04193,UltimateBeneficialOwner,P-00593,1
CP-04194,TransactedWith,CP-04211,104194
CP-04194,UltimateBeneficialOwner,P-00594,1
CP-04195,TransactedWith,CP-04212,104195
CP-04195,UltimateBeneficialOwner,P-00595,1
CP-04196,TransactedWith,CP-04213,104196
CP-04196,UltimateBeneficialOwner,P-00596,1
CP-04197,TransactedWith,CP-04214,104197
CP-04197,UltimateBeneficialOwner,P-00597,1
CP-04198,TransactedWith,CP-04215,104198
CP-04198,UltimateBeneficialOwner,P-00598,1
CP-04199,TransactedWith,CP-04216,104199
CP-04199,UltimateBeneficialOwner,P-00599,1
CP-04200,TransactedWith,CP-04217,104200
CP-04200,UltimateBeneficialOwner,P-00600,1
CP-04201,TransactedWith,CP-04218,104201
CP-04201,UltimateBeneficialOwner,P-00601,1
CP-04202,TransactedWith,CP-04219,104202
CP-04202,UltimateBeneficialOwner,P-00602,1
CP-04203,TransactedWith,CP-04220,104203
CP-04203,UltimateBeneficialOwner,P-00603,1
CP-04204,TransactedWith,CP-04221,104204
CP-04204,UltimateBeneficialOwner,P-00604,1
CP-04205,TransactedWith,CP-04222,104205
CP-04205,UltimateBeneficialOwner,P-00605,1
CP-04206,TransactedWith,CP-04223,104206
CP-04206,UltimateBeneficialOwner,P-00606,1
CP-04207,TransactedWith,CP-04224,104207
CP-04207,UltimateBeneficialOwner,P-00607,1
CP-04208,TransactedWith,CP-04225,104208
CP-04208,UltimateBeneficialOwner,P-00608,1
CP-04209,TransactedWith,CP-04226,104209
CP-04209,UltimateBeneficialOwner,P-00609,1
CP-04210,TransactedWith,CP-04227,104210
CP-04210,UltimateBeneficialOwner,P-00610,1
CP-04211,TransactedWith,CP-04228,104211
CP-04211,UltimateBeneficialOwner,P-00611,1
CP-04212,TransactedWith,CP-04229,104212
CP-04212,UltimateBeneficialOwner,P-00612,1
CP-04213,TransactedWith,CP-04230,104213
CP-04213,UltimateBeneficialOwner,P-00613,1
CP-04214,TransactedWith,CP-04231,104214
CP-04214,UltimateBeneficialOwner,P-00614,1
CP-04215,TransactedWith,CP-04232,104215
CP-04215,UltimateBeneficialOwner,P-00615,1
CP-04216,TransactedWith,CP-04233,104216
CP-04216,UltimateBeneficialOwner,P-00616,1
CP-04217,TransactedWith,CP-04234,104217
CP-04217,UltimateBeneficialOwner,P-00617,1
CP-04218,TransactedWith,CP-04235,104218
CP-04218,UltimateBeneficialOwner,P-00618,1
CP-04219,TransactedWith,CP-04236,104219
CP-04219,UltimateBeneficialOwner,P-00619,1
CP-04220,TransactedWith,CP-04237,104220
CP-04220,UltimateBeneficialOwner,P-00620,1
CP-04221,TransactedWith,CP-04238,104221
CP-04221,UltimateBeneficialOwner,P-00621,1
CP-04222,TransactedWith,CP-04239,104222
CP-04222,UltimateBeneficialOwner,P-00622,1
CP-04223,TransactedWith,CP-04240,104223
CP-04223,UltimateBeneficialOwner,P-00623,1
CP-04224,TransactedWith,CP-04241,104224
CP-04224,UltimateBeneficialOwner,P-00624,1
CP-04225,TransactedWith,CP-04242,104225
CP-04225,UltimateBeneficialOwner,P-00625,1
CP-04226,TransactedWith,CP-04243,104226
CP-04226,UltimateBeneficialOwner,P-00626,1
CP-04227,TransactedWith,CP-04244,104227
CP-04227,UltimateBeneficialOwner,P-00627,1
CP-04228,TransactedWith,CP-04245,104228
CP-04228,UltimateBeneficialOwner,P-00628,1
CP-04229,TransactedWith,CP-04246,104229
CP-04229,UltimateBeneficialOwner,P-00629,1
CP-04230,TransactedWith,CP-04247,104230
CP-04230,UltimateBeneficialOwner,P-00630,1
CP-04231,TransactedWith,CP-04248,104231
CP-04231,UltimateBeneficialOwner,P-00631,1
CP-04232,TransactedWith,CP-04249,104232
CP-04232,UltimateBeneficialOwner,P-00632,1
CP-04233,TransactedWith,CP-04250,104233
CP-04233,UltimateBeneficialOwner,P-00633,1
CP-04234,TransactedWith,CP-04251,104234
CP-04234,UltimateBeneficialOwner,P-00634,1
CP-04235,TransactedWith,CP-04252,104235
CP-04235,UltimateBeneficialOwner,P-00635,1
CP-04236,TransactedWith,CP-04253,104236
CP-04236,UltimateBeneficialOwner,P-00636,1
CP-04237,TransactedWith,CP-04254,104237
CP-04237,UltimateBeneficialOwner,P-00637,1
CP-04238,TransactedWith,CP-04255,104238
CP-04238,UltimateBeneficialOwner,P-00638,1
CP-04239,TransactedWith,CP-04256,104239
CP-04239,UltimateBeneficialOwner,P-00639,1
CP-04240,TransactedWith,CP-04257,104240
CP-04240,UltimateBeneficialOwner,P-00640,1
CP-04241,TransactedWith,CP-04258,104241
CP-04241,UltimateBeneficialOwner,P-00641,1
CP-04242,TransactedWith,CP-04259,104242
CP-04242,UltimateBeneficialOwner,P-00642,1
CP-04243,TransactedWith,CP-04260,104243
CP-04243,UltimateBeneficialOwner,P-00643,1
CP-04244,TransactedWith,CP-04261,104244
CP-04244,UltimateBeneficialOwner,P-00644,1
CP-04245,TransactedWith,CP-04262,104245
CP-04245,UltimateBeneficialOwner,P-00645,1
CP-04246,TransactedWith,CP-04263,104246
CP-04246,UltimateBeneficialOwner,P-00646,1
CP-04247,TransactedWith,CP-04264,104247
CP-04247,UltimateBeneficialOwner,P-00647,1
CP-04248,TransactedWith,CP-04265,104248
CP-04248,UltimateBeneficialOwner,P-00648,1
CP-04249,TransactedWith,CP-04266,104249
CP-04249,UltimateBeneficialOwner,P-00649,1
CP-04250,TransactedWith,CP-04267,104250
CP-04250,UltimateBeneficialOwner,P-00650,1
CP-04251,TransactedWith,CP-04268,104251
CP-04251,UltimateBeneficialOwner,P-00651,1
CP-04252,TransactedWith,CP-04269,104252
CP-04252,UltimateBeneficialOwner,P-00652,1
CP-04253,TransactedWith,CP-04270,104253
CP-04253,UltimateBeneficialOwner,P-00653,1
CP-04254,TransactedWith,CP-04271,104254
CP-04254,UltimateBeneficialOwner,P-00654,1
CP-04255,TransactedWith,CP-04272,104255
CP-04255,UltimateBeneficialOwner,P-00655,1
CP-04256,TransactedWith,CP-04273,104256
CP-04256,UltimateBeneficialOwner,P-00656,1
CP-04257,TransactedWith,CP-04274,104257
CP-04257,UltimateBeneficialOwner,P-00657,1
CP-04258,TransactedWith,CP-04275,104258
CP-04258,UltimateBeneficialOwner,P-00658,1
CP-04259,TransactedWith,CP-04276,104259
CP-04259,UltimateBeneficialOwner,P-00659,1
CP-04260,TransactedWith,CP-04277,104260
CP-04260,UltimateBeneficialOwner,P-00660,1
CP-04261,TransactedWith,CP-04278,104261
CP-04261,UltimateBeneficialOwner,P-00661,1
CP-04262,TransactedWith,CP-04279,104262
CP-04262,UltimateBeneficialOwner,P-00662,1
CP-04263,TransactedWith,CP-04280,104263
CP-04263,UltimateBeneficialOwner,P-00663,1
CP-04264,TransactedWith,CP-04281,104264
CP-04264,UltimateBeneficialOwner,P-00664,1
CP-04265,TransactedWith,CP-04282,104265
CP-04265,UltimateBeneficialOwner,P-00665,1
CP-04266,TransactedWith,CP-04283,104266
CP-04266,UltimateBeneficialOwner,P-00666,1
CP-04267,TransactedWith,CP-04284,104267
CP-04267,UltimateBeneficialOwner,P-00667,1
CP-04268,TransactedWith,CP-04285,104268
CP-04268,UltimateBeneficialOwner,P-00668,1
CP-04269,TransactedWith,CP-04286,104269
CP-04269,UltimateBeneficialOwner,P-00669,1
CP-04270,TransactedWith,CP-04287,104270
CP-04270,UltimateBeneficialOwner,P-00670,1
CP-04271,TransactedWith,CP-04288,104271
CP-04271,UltimateBeneficialOwner,P-00671,1
CP-04272,TransactedWith,CP-04289,104272
CP-04272,UltimateBeneficialOwner,P-00672,1
CP-04273,TransactedWith,CP-04290,104273
CP-04273,UltimateBeneficialOwner,P-00673,1
CP-04274,TransactedWith,CP-04291,104274
CP-04274,UltimateBeneficialOwner,P-00674,1
CP-04275,TransactedWith,CP-04292,104275
CP-04275,UltimateBeneficialOwner,P-00675,1
CP-04276,TransactedWith,CP-04293,104276
CP-04276,UltimateBeneficialOwner,P-00676,1
CP-04277,TransactedWith,CP-04294,104277
CP-04277,UltimateBeneficialOwner,P-00677,1
CP-04278,TransactedWith,CP-04295,104278
CP-04278,UltimateBeneficialOwner,P-00678,1
CP-04279,TransactedWith,CP-04296,104279
CP-04279,UltimateBeneficialOwner,P-00679,1
CP-04280,TransactedWith,CP-04297,104280
CP-04280,UltimateBeneficialOwner,P-00680,1
CP-04281,TransactedWith,CP-04298,104281
CP-04281,UltimateBeneficialOwner,P-00681,1
CP-04282,TransactedWith,CP-04299,104282
CP-04282,UltimateBeneficialOwner,P-00682,1
CP-04283,TransactedWith,CP-04300,104283
CP-04283,UltimateBeneficialOwner,P-00683,1
CP-04284,TransactedWith,CP-04301,104284
CP-04284,UltimateBeneficialOwner,P-00684,1
CP-04285,TransactedWith,CP-04302,104285
CP-04285,UltimateBeneficialOwner,P-00685,1
CP-04286,TransactedWith,CP-04303,104286
CP-04286,UltimateBeneficialOwner,P-00686,1
CP-04287,TransactedWith,CP-04304,104287
CP-04287,UltimateBeneficialOwner,P-00687,1
CP-04288,TransactedWith,CP-04305,104288
CP-04288,UltimateBeneficialOwner,P-00688,1
CP-04289,TransactedWith,CP-04306,104289
CP-04289,UltimateBeneficialOwner,P-00689,1
CP-04290,TransactedWith,CP-04307,104290
CP-04290,UltimateBeneficialOwner,P-00690,1
CP-04291,TransactedWith,CP-04308,104291
CP-04291,UltimateBeneficialOwner,P-00691,1
CP-04292,TransactedWith,CP-04309,104292
CP-04292,UltimateBeneficialOwner,P-00692,1
CP-04293,TransactedWith,CP-04310,104293
CP-04293,UltimateBeneficialOwner,P-00693,1
CP-04294,TransactedWith,CP-04311,104294
CP-04294,UltimateBeneficialOwner,P-00694,1
CP-04295,TransactedWith,CP-04312,104295
CP-04295,UltimateBeneficialOwner,P-00695,1
CP-04296,TransactedWith,CP-04313,104296
CP-04296,UltimateBeneficialOwner,P-00696,1
CP-04297,TransactedWith,CP-04314,104297
CP-04297,UltimateBeneficialOwner,P-00697,1
CP-04298,TransactedWith,CP-04315,104298
CP-04298,UltimateBeneficialOwner,P-00698,1
CP-04299,TransactedWith,CP-04316,104299
CP-04299,UltimateBeneficialOwner,P-00699,1
CP-04300,TransactedWith,CP-04317,104300
CP-04300,UltimateBeneficialOwner,P-00700,1
CP-04301,TransactedWith,CP-04318,104301
CP-04301,UltimateBeneficialOwner,P-00701,1
CP-04302,TransactedWith,CP-04319,104302
CP-04302,UltimateBeneficialOwner,P-00702,1
CP-04303,TransactedWith,CP-04320,104303
CP-04303,UltimateBeneficialOwner,P-00703,1
CP-04304,TransactedWith,CP-04321,104304
CP-04304,UltimateBeneficialOwner,P-00704,1
CP-04305,TransactedWith,CP-04322,104305
CP-04305,UltimateBeneficialOwner,P-00705,1
CP-04306,TransactedWith,CP-04323,104306
CP-04306,UltimateBeneficialOwner,P-00706,1
CP-04307,TransactedWith,CP-04324,104307
CP-04307,UltimateBeneficialOwner,P-00707,1
CP-04308,TransactedWith,CP-04325,104308
CP-04308,UltimateBeneficialOwner,P-00708,1
CP-04309,TransactedWith,CP-04326,104309
CP-04309,UltimateBeneficialOwner,P-00709,1
CP-04310,TransactedWith,CP-04327,104310
CP-04310,UltimateBeneficialOwner,P-00710,1
CP-04311,TransactedWith,CP-04328,104311
CP-04311,UltimateBeneficialOwner,P-00711,1
CP-04312,TransactedWith,CP-04329,104312
CP-04312,UltimateBeneficialOwner,P-00712,1
CP-04313,TransactedWith,CP-04330,104313
CP-04313,UltimateBeneficialOwner,P-00713,1
CP-04314,TransactedWith,CP-04331,104314
CP-04314,UltimateBeneficialOwner,P-00714,1
CP-04315,TransactedWith,CP-04332,104315
CP-04315,UltimateBeneficialOwner,P-00715,1
CP-04316,TransactedWith,CP-04333,104316
CP-04316,UltimateBeneficialOwner,P-00716,1
CP-04317,TransactedWith,CP-04334,104317
CP-04317,UltimateBeneficialOwner,P-00717,1
CP-04318,TransactedWith,CP-04335,104318
CP-04318,UltimateBeneficialOwner,P-00718,1
CP-04319,TransactedWith,CP-04336,104319
CP-04319,UltimateBeneficialOwner,P-00719,1
CP-04320,TransactedWith,CP-04337,104320
CP-04320,UltimateBeneficialOwner,P-00720,1
CP-04321,TransactedWith,CP-04338,104321
CP-04321,UltimateBeneficialOwner,P-00721,1
CP-04322,TransactedWith,CP-04339,104322
CP-04322,UltimateBeneficialOwner,P-00722,1
CP-04323,TransactedWith,CP-04340,104323
CP-04323,UltimateBeneficialOwner,P-00723,1
CP-04324,TransactedWith,CP-04341,104324
CP-04324,UltimateBeneficialOwner,P-00724,1
CP-04325,TransactedWith,CP-04342,104325
CP-04325,UltimateBeneficialOwner,P-00725,1
CP-04326,TransactedWith,CP-04343,104326
CP-04326,UltimateBeneficialOwner,P-00726,1
CP-04327,TransactedWith,CP-04344,104327
CP-04327,UltimateBeneficialOwner,P-00727,1
CP-04328,TransactedWith,CP-04345,104328
CP-04328,UltimateBeneficialOwner,P-00728,1
CP-04329,TransactedWith,CP-04346,104329
CP-04329,UltimateBeneficialOwner,P-00729,1
CP-04330,TransactedWith,CP-04347,104330
CP-04330,UltimateBeneficialOwner,P-00730,1
CP-04331,TransactedWith,CP-04348,104331
CP-04331,UltimateBeneficialOwner,P-00731,1
CP-04332,TransactedWith,CP-04349,104332
CP-04332,UltimateBeneficialOwner,P-00732,1
CP-04333,TransactedWith,CP-04350,104333
CP-04333,UltimateBeneficialOwner,P-00733,1
CP-04334,TransactedWith,CP-04351,104334
CP-04334,UltimateBeneficialOwner,P-00734,1
CP-04335,TransactedWith,CP-04352,104335
CP-04335,UltimateBeneficialOwner,P-00735,1
CP-04336,TransactedWith,CP-04353,104336
CP-04336,UltimateBeneficialOwner,P-00736,1
CP-04337,TransactedWith,CP-04354,104337
CP-04337,UltimateBeneficialOwner,P-00737,1
CP-04338,TransactedWith,CP-04355,104338
CP-04338,UltimateBeneficialOwner,P-00738,1
CP-04339,TransactedWith,CP-04356,104339
CP-04339,UltimateBeneficialOwner,P-00739,1
CP-04340,TransactedWith,CP-04357,104340
CP-04340,UltimateBeneficialOwner,P-00740,1
CP-04341,TransactedWith,CP-04358,104341
CP-04341,UltimateBeneficialOwner,P-00741,1
CP-04342,TransactedWith,CP-04359,104342
CP-04342,UltimateBeneficialOwner,P-00742,1
CP-04343,TransactedWith,CP-04360,104343
CP-04343,UltimateBeneficialOwner,P-00743,1
CP-04344,TransactedWith,CP-04361,104344
CP-04344,UltimateBeneficialOwner,P-00744,1
CP-04345,TransactedWith,CP-04362,104345
CP-04345,UltimateBeneficialOwner,P-00745,1
CP-04346,TransactedWith,CP-04363,104346
CP-04346,UltimateBeneficialOwner,P-00746,1
CP-04347,TransactedWith,CP-04364,104347
CP-04347,UltimateBeneficialOwner,P-00747,1
CP-04348,TransactedWith,CP-04365,104348
CP-04348,UltimateBeneficialOwner,P-00748,1
CP-04349,TransactedWith,CP-04366,104349
CP-04349,UltimateBeneficialOwner,P-00749,1
CP-04350,TransactedWith,CP-04367,104350
CP-04350,UltimateBeneficialOwner,P-00750,1
CP-04351,TransactedWith,CP-04368,104351
CP-04351,UltimateBeneficialOwner,P-00751,1
CP-04352,TransactedWith,CP-04369,104352
CP-04352,UltimateBeneficialOwner,P-00752,1
CP-04353,TransactedWith,CP-04370,104353
CP-04353,UltimateBeneficialOwner,P-00753,1
CP-04354,TransactedWith,CP-04371,104354
CP-04354,UltimateBeneficialOwner,P-00754,1
CP-04355,TransactedWith,CP-04372,104355
CP-04355,UltimateBeneficialOwner,P-00755,1
CP-04356,TransactedWith,CP-04373,104356
CP-04356,UltimateBeneficialOwner,P-00756,1
CP-04357,TransactedWith,CP-04374,104357
CP-04357,UltimateBeneficialOwner,P-00757,1
CP-04358,TransactedWith,CP-04375,104358
CP-04358,UltimateBeneficialOwner,P-00758,1
CP-04359,TransactedWith,CP-04376,104359
CP-04359,UltimateBeneficialOwner,P-00759,1
CP-04360,TransactedWith,CP-04377,104360
CP-04360,UltimateBeneficialOwner,P-00760,1
CP-04361,TransactedWith,CP-04378,104361
CP-04361,UltimateBeneficialOwner,P-00761,1
CP-04362,TransactedWith,CP-04379,104362
CP-04362,UltimateBeneficialOwner,P-00762,1
CP-04363,TransactedWith,CP-04380,104363
CP-04363,UltimateBeneficialOwner,P-00763,1
CP-04364,TransactedWith,CP-04381,104364
CP-04364,UltimateBeneficialOwner,P-00764,1
CP-04365,TransactedWith,CP-04382,104365
CP-04365,UltimateBeneficialOwner,P-00765,1
CP-04366,TransactedWith,CP-04383,104366
CP-04366,UltimateBeneficialOwner,P-00766,1
CP-04367,TransactedWith,CP-04384,104367
CP-04367,UltimateBeneficialOwner,P-00767,1
CP-04368,TransactedWith,CP-04385,104368
CP-04368,UltimateBeneficialOwner,P-00768,1
CP-04369,TransactedWith,CP-04386,104369
CP-04369,UltimateBeneficialOwner,P-00769,1
CP-04370,TransactedWith,CP-04387,104370
CP-04370,UltimateBeneficialOwner,P-00770,1
CP-04371,TransactedWith,CP-04388,104371
CP-04371,UltimateBeneficialOwner,P-00771,1
CP-04372,TransactedWith,CP-04389,104372
CP-04372,UltimateBeneficialOwner,P-00772,1
CP-04373,TransactedWith,CP-04390,104373
CP-04373,UltimateBeneficialOwner,P-00773,1
CP-04374,TransactedWith,CP-04391,104374
CP-04374,UltimateBeneficialOwner,P-00774,1
CP-04375,TransactedWith,CP-04392,104375
CP-04375,UltimateBeneficialOwner,P-00775,1
CP-04376,TransactedWith,CP-04393,104376
CP-04376,UltimateBeneficialOwner,P-00776,1
CP-04377,TransactedWith,CP-04394,104377
CP-04377,UltimateBeneficialOwner,P-00777,1
CP-04378,TransactedWith,CP-04395,104378
CP-04378,UltimateBeneficialOwner,P-00778,1
CP-04379,TransactedWith,CP-04396,104379
CP-04379,UltimateBeneficialOwner,P-00779,1
CP-04380,TransactedWith,CP-04397,104380
CP-04380,UltimateBeneficialOwner,P-00780,1
CP-04381,TransactedWith,CP-04398,104381
CP-04381,UltimateBeneficialOwner,P-00781,1
CP-04382,TransactedWith,CP-04399,104382
CP-04382,UltimateBeneficialOwner,P-00782,1
CP-04383,TransactedWith,CP-04400,104383
CP-04383,UltimateBeneficialOwner,P-00783,1
CP-04384,TransactedWith,CP-04401,104384
CP-04384,UltimateBeneficialOwner,P-00784,1
CP-04385,TransactedWith,CP-04402,104385
CP-04385,UltimateBeneficialOwner,P-00785,1
CP-04386,TransactedWith,CP-04403,104386
CP-04386,UltimateBeneficialOwner,P-00786,1
CP-04387,TransactedWith,CP-04404,104387
CP-04387,UltimateBeneficialOwner,P-00787,1
CP-04388,TransactedWith,CP-04405,104388
CP-04388,UltimateBeneficialOwner,P-00788,1
CP-04389,TransactedWith,CP-04406,104389
CP-04389,UltimateBeneficialOwner,P-00789,1
CP-04390,TransactedWith,CP-04407,104390
CP-04390,UltimateBeneficialOwner,P-00790,1
CP-04391,TransactedWith,CP-04408,104391
CP-04391,UltimateBeneficialOwner,P-00791,1
CP-04392,TransactedWith,CP-04409,104392
CP-04392,UltimateBeneficialOwner,P-00792,1
CP-04393,TransactedWith,CP-04410,104393
CP-04393,UltimateBeneficialOwner,P-00793,1
CP-04394,TransactedWith,CP-04411,104394
CP-04394,UltimateBeneficialOwner,P-00794,1
CP-04395,TransactedWith,CP-04412,104395
CP-04395,UltimateBeneficialOwner,P-00795,1
CP-04396,TransactedWith,CP-04413,104396
CP-04396,UltimateBeneficialOwner,P-00796,1
CP-04397,TransactedWith,CP-04414,104397
CP-04397,UltimateBeneficialOwner,P-00797,1
CP-04398,TransactedWith,CP-04415,104398
CP-04398,UltimateBeneficialOwner,P-00798,1
CP-04399,TransactedWith,CP-04416,104399
CP-04399,UltimateBeneficialOwner,P-00799,1
CP-04400,TransactedWith,CP-04417,104400
CP-04400,UltimateBeneficialOwner,P-00800,1
CP-04401,TransactedWith,CP-04418,104401
CP-04401,UltimateBeneficialOwner,P-00801,1
CP-04402,TransactedWith,CP-04419,104402
CP-04402,UltimateBeneficialOwner,P-00802,1
CP-04403,TransactedWith,CP-04420,104403
CP-04403,UltimateBeneficialOwner,P-00803,1
CP-04404,TransactedWith,CP-04421,104404
CP-04404,UltimateBeneficialOwner,P-00804,1
CP-04405,TransactedWith,CP-04422,104405
CP-04405,UltimateBeneficialOwner,P-00805,1
CP-04406,TransactedWith,CP-04423,104406
CP-04406,UltimateBeneficialOwner,P-00806,1
CP-04407,TransactedWith,CP-04424,104407
CP-04407,UltimateBeneficialOwner,P-00807,1
CP-04408,TransactedWith,CP-04425,104408
CP-04408,UltimateBeneficialOwner,P-00808,1
CP-04409,TransactedWith,CP-04426,104409
CP-04409,UltimateBeneficialOwner,P-00809,1
CP-04410,TransactedWith,CP-04427,104410
CP-04410,UltimateBeneficialOwner,P-00810,1
CP-04411,TransactedWith,CP-04428,104411
CP-04411,UltimateBeneficialOwner,P-00811,1
CP-04412,TransactedWith,CP-04429,104412
CP-04412,UltimateBeneficialOwner,P-00812,1
CP-04413,TransactedWith,CP-04430,104413
CP-04413,UltimateBeneficialOwner,P-00813,1
CP-04414,TransactedWith,CP-04431,104414
CP-04414,UltimateBeneficialOwner,P-00814,1
CP-04415,TransactedWith,CP-04432,104415
CP-04415,UltimateBeneficialOwner,P-00815,1
CP-04416,TransactedWith,CP-04433,104416
CP-04416,UltimateBeneficialOwner,P-00816,1
CP-04417,TransactedWith,CP-04434,104417
CP-04417,UltimateBeneficialOwner,P-00817,1
CP-04418,TransactedWith,CP-04435,104418
CP-04418,UltimateBeneficialOwner,P-00818,1
CP-04419,TransactedWith,CP-04436,104419
CP-04419,UltimateBeneficialOwner,P-00819,1
CP-04420,TransactedWith,CP-04437,104420
CP-04420,UltimateBeneficialOwner,P-00820,1
CP-04421,TransactedWith,CP-04438,104421
CP-04421,UltimateBeneficialOwner,P-00821,1
CP-04422,TransactedWith,CP-04439,104422
CP-04422,UltimateBeneficialOwner,P-00822,1
CP-04423,TransactedWith,CP-04440,104423
CP-04423,UltimateBeneficialOwner,P-00823,1
CP-04424,TransactedWith,CP-04441,104424
CP-04424,UltimateBeneficialOwner,P-00824,1
CP-04425,TransactedWith,CP-04442,104425
CP-04425,UltimateBeneficialOwner,P-00825,1
CP-04426,TransactedWith,CP-04443,104426
CP-04426,UltimateBeneficialOwner,P-00826,1
CP-04427,TransactedWith,CP-04444,104427
CP-04427,UltimateBeneficialOwner,P-00827,1
CP-04428,TransactedWith,CP-04445,104428
CP-04428,UltimateBeneficialOwner,P-00828,1
CP-04429,TransactedWith,CP-04446,104429
CP-04429,UltimateBeneficialOwner,P-00829,1
CP-04430,TransactedWith,CP-04447,104430
CP-04430,UltimateBeneficialOwner,P-00830,1
CP-04431,TransactedWith,CP-04448,104431
CP-04431,UltimateBeneficialOwner,P-00831,1
CP-04432,TransactedWith,CP-04449,104432
CP-04432,UltimateBeneficialOwner,P-00832,1
CP-04433,TransactedWith,CP-04450,104433
CP-04433,UltimateBeneficialOwner,P-00833,1
CP-04434,TransactedWith,CP-04451,104434
CP-04434,UltimateBeneficialOwner,P-00834,1
CP-04435,TransactedWith,CP-04452,104435
CP-04435,UltimateBeneficialOwner,P-00835,1
CP-04436,TransactedWith,CP-04453,104436
CP-04436,UltimateBeneficialOwner,P-00836,1
CP-04437,TransactedWith,CP-04454,104437
CP-04437,UltimateBeneficialOwner,P-00837,1
CP-04438,TransactedWith,CP-04455,104438
CP-04438,UltimateBeneficialOwner,P-00838,1
CP-04439,TransactedWith,CP-04456,104439
CP-04439,UltimateBeneficialOwner,P-00839,1
CP-04440,TransactedWith,CP-04457,104440
CP-04440,UltimateBeneficialOwner,P-00840,1
CP-04441,TransactedWith,CP-04458,104441
CP-04441,UltimateBeneficialOwner,P-00841,1
CP-04442,TransactedWith,CP-04459,104442
CP-04442,UltimateBeneficialOwner,P-00842,1
CP-04443,TransactedWith,CP-04460,104443
CP-04443,UltimateBeneficialOwner,P-00843,1
CP-04444,TransactedWith,CP-04461,104444
CP-04444,UltimateBeneficialOwner,P-00844,1
CP-04445,TransactedWith,CP-04462,104445
CP-04445,UltimateBeneficialOwner,P-00845,1
CP-04446,TransactedWith,CP-04463,104446
CP-04446,UltimateBeneficialOwner,P-00846,1
CP-04447,TransactedWith,CP-04464,104447
CP-04447,UltimateBeneficialOwner,P-00847,1
CP-04448,TransactedWith,CP-04465,104448
CP-04448,UltimateBeneficialOwner,P-00848,1
CP-04449,TransactedWith,CP-04466,104449
CP-04449,UltimateBeneficialOwner,P-00849,1
CP-04450,TransactedWith,CP-04467,104450
CP-04450,UltimateBeneficialOwner,P-00850,1
CP-04451,TransactedWith,CP-04468,104451
CP-04451,UltimateBeneficialOwner,P-00851,1
CP-04452,TransactedWith,CP-04469,104452
CP-04452,UltimateBeneficialOwner,P-00852,1
CP-04453,TransactedWith,CP-04470,104453
CP-04453,UltimateBeneficialOwner,P-00853,1
CP-04454,TransactedWith,CP-04471,104454
CP-04454,UltimateBeneficialOwner,P-00854,1
CP-04455,TransactedWith,CP-04472,104455
CP-04455,UltimateBeneficialOwner,P-00855,1
CP-04456,TransactedWith,CP-04473,104456
CP-04456,UltimateBeneficialOwner,P-00856,1
CP-04457,TransactedWith,CP-04474,104457
CP-04457,UltimateBeneficialOwner,P-00857,1
CP-04458,TransactedWith,CP-04475,104458
CP-04458,UltimateBeneficialOwner,P-00858,1
CP-04459,TransactedWith,CP-04476,104459
CP-04459,UltimateBeneficialOwner,P-00859,1
CP-04460,TransactedWith,CP-04477,104460
CP-04460,UltimateBeneficialOwner,P-00860,1
CP-04461,TransactedWith,CP-04478,104461
CP-04461,UltimateBeneficialOwner,P-00861,1
CP-04462,TransactedWith,CP-04479,104462
CP-04462,UltimateBeneficialOwner,P-00862,1
CP-04463,TransactedWith,CP-04480,104463
CP-04463,UltimateBeneficialOwner,P-00863,1
CP-04464,TransactedWith,CP-04481,104464
CP-04464,UltimateBeneficialOwner,P-00864,1
CP-04465,TransactedWith,CP-04482,104465
CP-04465,UltimateBeneficialOwner,P-00865,1
CP-04466,TransactedWith,CP-04483,104466
CP-04466,UltimateBeneficialOwner,P-00866,1
CP-04467,TransactedWith,CP-04484,104467
CP-04467,UltimateBeneficialOwner,P-00867,1
CP-04468,TransactedWith,CP-04485,104468
CP-04468,UltimateBeneficialOwner,P-00868,1
CP-04469,TransactedWith,CP-04486,104469
CP-04469,UltimateBeneficialOwner,P-00869,1
CP-04470,TransactedWith,CP-04487,104470
CP-04470,UltimateBeneficialOwner,P-00870,1
CP-04471,TransactedWith,CP-04488,104471
CP-04471,UltimateBeneficialOwner,P-00871,1
CP-04472,TransactedWith,CP-04489,104472
CP-04472,UltimateBeneficialOwner,P-00872,1
CP-04473,TransactedWith,CP-04490,104473
CP-04473,UltimateBeneficialOwner,P-00873,1
CP-04474,TransactedWith,CP-04491,104474
CP-04474,UltimateBeneficialOwner,P-00874,1
CP-04475,TransactedWith,CP-04492,104475
CP-04475,UltimateBeneficialOwner,P-00875,1
CP-04476,TransactedWith,CP-04493,104476
CP-04476,UltimateBeneficialOwner,P-00876,1
CP-04477,TransactedWith,CP-04494,104477
CP-04477,UltimateBeneficialOwner,P-00877,1
CP-04478,TransactedWith,CP-04495,104478
CP-04478,UltimateBeneficialOwner,P-00878,1
CP-04479,TransactedWith,CP-04496,104479
CP-04479,UltimateBeneficialOwner,P-00879,1
CP-04480,TransactedWith,CP-04497,104480
CP-04480,UltimateBeneficialOwner,P-00880,1
CP-04481,TransactedWith,CP-04498,104481
CP-04481,UltimateBeneficialOwner,P-00881,1
CP-04482,TransactedWith,CP-04499,104482
CP-04482,UltimateBeneficialOwner,P-00882,1
CP-04483,TransactedWith,CP-04500,104483
CP-04483,UltimateBeneficialOwner,P-00883,1
CP-04484,TransactedWith,CP-04501,104484
CP-04484,UltimateBeneficialOwner,P-00884,1
CP-04485,TransactedWith,CP-04502,104485
CP-04485,UltimateBeneficialOwner,P-00885,1
CP-04486,TransactedWith,CP-04503,104486
CP-04486,UltimateBeneficialOwner,P-00886,1
CP-04487,TransactedWith,CP-04504,104487
CP-04487,UltimateBeneficialOwner,P-00887,1
CP-04488,TransactedWith,CP-04505,104488
CP-04488,UltimateBeneficialOwner,P-00888,1
CP-04489,TransactedWith,CP-04506,104489
CP-04489,UltimateBeneficialOwner,P-00889,1
CP-04490,TransactedWith,CP-04507,104490
CP-04490,UltimateBeneficialOwner,P-00890,1
CP-04491,TransactedWith,CP-04508,104491
CP-04491,UltimateBeneficialOwner,P-00891,1
CP-04492,TransactedWith,CP-04509,104492
CP-04492,UltimateBeneficialOwner,P-00892,1
CP-04493,TransactedWith,CP-04510,104493
CP-04493,UltimateBeneficialOwner,P-00893,1
CP-04494,TransactedWith,CP-04511,104494
CP-04494,UltimateBeneficialOwner,P-00894,1
CP-04495,TransactedWith,CP-04512,104495
CP-04495,UltimateBeneficialOwner,P-00895,1
CP-04496,TransactedWith,CP-04513,104496
CP-04496,UltimateBeneficialOwner,P-00896,1
CP-04497,TransactedWith,CP-04514,104497
CP-04497,UltimateBeneficialOwner,P-00897,1
CP-04498,TransactedWith,CP-04515,104498
CP-04498,UltimateBeneficialOwner,P-00898,1
CP-04499,TransactedWith,CP-04516,104499
CP-04499,UltimateBeneficialOwner,P-00899,1
CP-04500,TransactedWith,CP-04517,104500
CP-04500,UltimateBeneficialOwner,P-00900,1
CP-04501,TransactedWith,CP-04518,104501
CP-04501,UltimateBeneficialOwner,P-00901,1
CP-04502,TransactedWith,CP-04519,104502
CP-04502,UltimateBeneficialOwner,P-00902,1
CP-04503,TransactedWith,CP-04520,104503
CP-04503,UltimateBeneficialOwner,P-00903,1
CP-04504,TransactedWith,CP-04521,104504
CP-04504,UltimateBeneficialOwner,P-00904,1
CP-04505,TransactedWith,CP-04522,104505
CP-04505,UltimateBeneficialOwner,P-00905,1
CP-04506,TransactedWith,CP-04523,104506
CP-04506,UltimateBeneficialOwner,P-00906,1
CP-04507,TransactedWith,CP-04524,104507
CP-04507,UltimateBeneficialOwner,P-00907,1
CP-04508,TransactedWith,CP-04525,104508
CP-04508,UltimateBeneficialOwner,P-00908,1
CP-04509,TransactedWith,CP-04526,104509
CP-04509,UltimateBeneficialOwner,P-00909,1
CP-04510,TransactedWith,CP-04527,104510
CP-04510,UltimateBeneficialOwner,P-00910,1
CP-04511,TransactedWith,CP-04528,104511
CP-04511,UltimateBeneficialOwner,P-00911,1
CP-04512,TransactedWith,CP-04529,104512
CP-04512,UltimateBeneficialOwner,P-00912,1
CP-04513,TransactedWith,CP-04530,104513
CP-04513,UltimateBeneficialOwner,P-00913,1
CP-04514,TransactedWith,CP-04531,104514
CP-04514,UltimateBeneficialOwner,P-00914,1
CP-04515,TransactedWith,CP-04532,104515
CP-04515,UltimateBeneficialOwner,P-00915,1
CP-04516,TransactedWith,CP-04533,104516
CP-04516,UltimateBeneficialOwner,P-00916,1
CP-04517,TransactedWith,CP-04534,104517
CP-04517,UltimateBeneficialOwner,P-00917,1
CP-04518,TransactedWith,CP-04535,104518
CP-04518,UltimateBeneficialOwner,P-00918,1
CP-04519,TransactedWith,CP-04536,104519
CP-04519,UltimateBeneficialOwner,P-00919,1
CP-04520,TransactedWith,CP-04537,104520
CP-04520,UltimateBeneficialOwner,P-00920,1
CP-04521,TransactedWith,CP-04538,104521
CP-04521,UltimateBeneficialOwner,P-00921,1
CP-04522,TransactedWith,CP-04539,104522
CP-04522,UltimateBeneficialOwner,P-00922,1
CP-04523,TransactedWith,CP-04540,104523
CP-04523,UltimateBeneficialOwner,P-00923,1
CP-04524,TransactedWith,CP-04541,104524
CP-04524,UltimateBeneficialOwner,P-00924,1
CP-04525,TransactedWith,CP-04542,104525
CP-04525,UltimateBeneficialOwner,P-00925,1
CP-04526,TransactedWith,CP-04543,104526
CP-04526,UltimateBeneficialOwner,P-00926,1
CP-04527,TransactedWith,CP-04544,104527
CP-04527,UltimateBeneficialOwner,P-00927,1
CP-04528,TransactedWith,CP-04545,104528
CP-04528,UltimateBeneficialOwner,P-00928,1
CP-04529,TransactedWith,CP-04546,104529
CP-04529,UltimateBeneficialOwner,P-00929,1
CP-04530,TransactedWith,CP-04547,104530
CP-04530,UltimateBeneficialOwner,P-00930,1
CP-04531,TransactedWith,CP-04548,104531
CP-04531,UltimateBeneficialOwner,P-00931,1
CP-04532,TransactedWith,CP-04549,104532
CP-04532,UltimateBeneficialOwner,P-00932,1
CP-04533,TransactedWith,CP-04550,104533
CP-04533,UltimateBeneficialOwner,P-00933,1
CP-04534,TransactedWith,CP-04551,104534
CP-04534,UltimateBeneficialOwner,P-00934,1
CP-04535,TransactedWith,CP-04552,104535
CP-04535,UltimateBeneficialOwner,P-00935,1
CP-04536,TransactedWith,CP-04553,104536
CP-04536,UltimateBeneficialOwner,P-00936,1
CP-04537,TransactedWith,CP-04554,104537
CP-04537,UltimateBeneficialOwner,P-00937,1
CP-04538,TransactedWith,CP-04555,104538
CP-04538,UltimateBeneficialOwner,P-00938,1
CP-04539,TransactedWith,CP-04556,104539
CP-04539,UltimateBeneficialOwner,P-00939,1
CP-04540,TransactedWith,CP-04557,104540
CP-04540,UltimateBeneficialOwner,P-00940,1
CP-04541,TransactedWith,CP-04558,104541
CP-04541,UltimateBeneficialOwner,P-00941,1
CP-04542,TransactedWith,CP-04559,104542
CP-04542,UltimateBeneficialOwner,P-00942,1
CP-04543,TransactedWith,CP-04560,104543
CP-04543,UltimateBeneficialOwner,P-00943,1
CP-04544,TransactedWith,CP-04561,104544
CP-04544,UltimateBeneficialOwner,P-00944,1
CP-04545,TransactedWith,CP-04562,104545
CP-04545,UltimateBeneficialOwner,P-00945,1
CP-04546,TransactedWith,CP-04563,104546
CP-04546,UltimateBeneficialOwner,P-00946,1
CP-04547,TransactedWith,CP-04564,104547
CP-04547,UltimateBeneficialOwner,P-00947,1
CP-04548,TransactedWith,CP-04565,104548
CP-04548,UltimateBeneficialOwner,P-00948,1
CP-04549,TransactedWith,CP-04566,104549
CP-04549,UltimateBeneficialOwner,P-00949,1
CP-04550,TransactedWith,CP-04567,104550
CP-04550,UltimateBeneficialOwner,P-00950,1
CP-04551,TransactedWith,CP-04568,104551
CP-04551,UltimateBeneficialOwner,P-00951,1
CP-04552,TransactedWith,CP-04569,104552
CP-04552,UltimateBeneficialOwner,P-00952,1
CP-04553,TransactedWith,CP-04570,104553
CP-04553,UltimateBeneficialOwner,P-00953,1
CP-04554,TransactedWith,CP-04571,104554
CP-04554,UltimateBeneficialOwner,P-00954,1
CP-04555,TransactedWith,CP-04572,104555
CP-04555,UltimateBeneficialOwner,P-00955,1
CP-04556,TransactedWith,CP-04573,104556
CP-04556,UltimateBeneficialOwner,P-00956,1
CP-04557,TransactedWith,CP-04574,104557
CP-04557,UltimateBeneficialOwner,P-00957,1
CP-04558,TransactedWith,CP-04575,104558
CP-04558,UltimateBeneficialOwner,P-00958,1
CP-04559,TransactedWith,CP-04576,104559
CP-04559,UltimateBeneficialOwner,P-00959,1
CP-04560,TransactedWith,CP-04577,104560
CP-04560,UltimateBeneficialOwner,P-00960,1
CP-04561,TransactedWith,CP-04578,104561
CP-04561,UltimateBeneficialOwner,P-00961,1
CP-04562,TransactedWith,CP-04579,104562
CP-04562,UltimateBeneficialOwner,P-00962,1
CP-04563,TransactedWith,CP-04580,104563
CP-04563,UltimateBeneficialOwner,P-00963,1
CP-04564,TransactedWith,CP-04581,104564
CP-04564,UltimateBeneficialOwner,P-00964,1
CP-04565,TransactedWith,CP-04582,104565
CP-04565,UltimateBeneficialOwner,P-00965,1
CP-04566,TransactedWith,CP-04583,104566
CP-04566,UltimateBeneficialOwner,P-00966,1
CP-04567,TransactedWith,CP-04584,104567
CP-04567,UltimateBeneficialOwner,P-00967,1
CP-04568,TransactedWith,CP-04585,104568
CP-04568,UltimateBeneficialOwner,P-00968,1
CP-04569,TransactedWith,CP-04586,104569
CP-04569,UltimateBeneficialOwner,P-00969,1
CP-04570,TransactedWith,CP-04587,104570
CP-04570,UltimateBeneficialOwner,P-00970,1
CP-04571,TransactedWith,CP-04588,104571
CP-04571,UltimateBeneficialOwner,P-00971,1
CP-04572,TransactedWith,CP-04589,104572
CP-04572,UltimateBeneficialOwner,P-00972,1
CP-04573,TransactedWith,CP-04590,104573
CP-04573,UltimateBeneficialOwner,P-00973,1
CP-04574,TransactedWith,CP-04591,104574
CP-04574,UltimateBeneficialOwner,P-00974,1
CP-04575,TransactedWith,CP-04592,104575
CP-04575,UltimateBeneficialOwner,P-00975,1
CP-04576,TransactedWith,CP-04593,104576
CP-04576,UltimateBeneficialOwner,P-00976,1
CP-04577,TransactedWith,CP-04594,104577
CP-04577,UltimateBeneficialOwner,P-00977,1
CP-04578,TransactedWith,CP-04595,104578
CP-04578,UltimateBeneficialOwner,P-00978,1
CP-04579,TransactedWith,CP-04596,104579
CP-04579,UltimateBeneficialOwner,P-00979,1
CP-04580,TransactedWith,CP-04597,104580
CP-04580,UltimateBeneficialOwner,P-00980,1
CP-04581,TransactedWith,CP-04598,104581
CP-04581,UltimateBeneficialOwner,P-00981,1
CP-04582,TransactedWith,CP-04599,104582
CP-04582,UltimateBeneficialOwner,P-00982,1
CP-04583,TransactedWith,CP-04600,104583
CP-04583,UltimateBeneficialOwner,P-00983,1
CP-04584,TransactedWith,CP-04601,104584
CP-04584,UltimateBeneficialOwner,P-00984,1
CP-04585,TransactedWith,CP-04602,104585
CP-04585,UltimateBeneficialOwner,P-00985,1
CP-04586,TransactedWith,CP-04603,104586
CP-04586,UltimateBeneficialOwner,P-00986,1
CP-04587,TransactedWith,CP-04604,104587
CP-04587,UltimateBeneficialOwner,P-00987,1
CP-04588,TransactedWith,CP-04605,104588
CP-04588,UltimateBeneficialOwner,P-00988,1
CP-04589,TransactedWith,CP-04606,104589
CP-04589,UltimateBeneficialOwner,P-00989,1
CP-04590,TransactedWith,CP-04607,104590
CP-04590,UltimateBeneficialOwner,P-00990,1
CP-04591,TransactedWith,CP-04608,104591
CP-04591,UltimateBeneficialOwner,P-00991,1
CP-04592,TransactedWith,CP-04609,104592
CP-04592,UltimateBeneficialOwner,P-00992,1
CP-04593,TransactedWith,CP-04610,104593
CP-04593,UltimateBeneficialOwner,P-00993,1
CP-04594,TransactedWith,CP-04611,104594
CP-04594,UltimateBeneficialOwner,P-00994,1
CP-04595,TransactedWith,CP-04612,104595
CP-04595,UltimateBeneficialOwner,P-00995,1
CP-04596,TransactedWith,CP-04613,104596
CP-04596,UltimateBeneficialOwner,P-00996,1
CP-04597,TransactedWith,CP-04614,104597
CP-04597,UltimateBeneficialOwner,P-00997,1
CP-04598,TransactedWith,CP-04615,104598
CP-04598,UltimateBeneficialOwner,P-00998,1
CP-04599,TransactedWith,CP-04616,104599
CP-04599,UltimateBeneficialOwner,P-00999,1
CP-04600,TransactedWith,CP-04617,104600
CP-04600,UltimateBeneficialOwner,P-01000,1
CP-04601,TransactedWith,CP-04618,104601
CP-04601,UltimateBeneficialOwner,P-01001,1
CP-04602,TransactedWith,CP-04619,104602
CP-04602,UltimateBeneficialOwner,P-01002,1
CP-04603,TransactedWith,CP-04620,104603
CP-04603,UltimateBeneficialOwner,P-01003,1
CP-04604,TransactedWith,CP-04621,104604
CP-04604,UltimateBeneficialOwner,P-01004,1
CP-04605,TransactedWith,CP-04622,104605
CP-04605,UltimateBeneficialOwner,P-01005,1
CP-04606,TransactedWith,CP-04623,104606
CP-04606,UltimateBeneficialOwner,P-01006,1
CP-04607,TransactedWith,CP-04624,104607
CP-04607,UltimateBeneficialOwner,P-01007,1
CP-04608,TransactedWith,CP-04625,104608
CP-04608,UltimateBeneficialOwner,P-01008,1
CP-04609,TransactedWith,CP-04626,104609
CP-04609,UltimateBeneficialOwner,P-01009,1
CP-04610,TransactedWith,CP-04627,104610
CP-04610,UltimateBeneficialOwner,P-01010,1
CP-04611,TransactedWith,CP-04628,104611
CP-04611,UltimateBeneficialOwner,P-01011,1
CP-04612,TransactedWith,CP-04629,104612
CP-04612,UltimateBeneficialOwner,P-01012,1
CP-04613,TransactedWith,CP-04630,104613
CP-04613,UltimateBeneficialOwner,P-01013,1
CP-04614,TransactedWith,CP-04631,104614
CP-04614,UltimateBeneficialOwner,P-01014,1
CP-04615,TransactedWith,CP-04632,104615
CP-04615,UltimateBeneficialOwner,P-01015,1
CP-04616,TransactedWith,CP-04633,104616
CP-04616,UltimateBeneficialOwner,P-01016,1
CP-04617,TransactedWith,CP-04634,104617
CP-04617,UltimateBeneficialOwner,P-01017,1
CP-04618,TransactedWith,CP-04635,104618
CP-04618,UltimateBeneficialOwner,P-01018,1
CP-04619,TransactedWith,CP-04636,104619
CP-04619,UltimateBeneficialOwner,P-01019,1
CP-04620,TransactedWith,CP-04637,104620
CP-04620,UltimateBeneficialOwner,P-01020,1
CP-04621,TransactedWith,CP-04638,104621
CP-04621,UltimateBeneficialOwner,P-01021,1
CP-04622,TransactedWith,CP-04639,104622
CP-04622,UltimateBeneficialOwner,P-01022,1
CP-04623,TransactedWith,CP-04640,104623
CP-04623,UltimateBeneficialOwner,P-01023,1
CP-04624,TransactedWith,CP-04641,104624
CP-04624,UltimateBeneficialOwner,P-01024,1
CP-04625,TransactedWith,CP-04642,104625
CP-04625,UltimateBeneficialOwner,P-01025,1
CP-04626,TransactedWith,CP-04643,104626
CP-04626,UltimateBeneficialOwner,P-01026,1
CP-04627,TransactedWith,CP-04644,104627
CP-04627,UltimateBeneficialOwner,P-01027,1
CP-04628,TransactedWith,CP-04645,104628
CP-04628,UltimateBeneficialOwner,P-01028,1
CP-04629,TransactedWith,CP-04646,104629
CP-04629,UltimateBeneficialOwner,P-01029,1
CP-04630,TransactedWith,CP-04647,104630
CP-04630,UltimateBeneficialOwner,P-01030,1
CP-04631,TransactedWith,CP-04648,104631
CP-04631,UltimateBeneficialOwner,P-01031,1
CP-04632,TransactedWith,CP-04649,104632
CP-04632,UltimateBeneficialOwner,P-01032,1
CP-04633,TransactedWith,CP-04650,104633
CP-04633,UltimateBeneficialOwner,P-01033,1
CP-04634,TransactedWith,CP-04651,104634
CP-04634,UltimateBeneficialOwner,P-01034,1
CP-04635,TransactedWith,CP-04652,104635
CP-04635,UltimateBeneficialOwner,P-01035,1
CP-04636,TransactedWith,CP-04653,104636
CP-04636,UltimateBeneficialOwner,P-01036,1
CP-04637,TransactedWith,CP-04654,104637
CP-04637,UltimateBeneficialOwner,P-01037,1
CP-04638,TransactedWith,CP-04655,104638
CP-04638,UltimateBeneficialOwner,P-01038,1
CP-04639,TransactedWith,CP-04656,104639
CP-04639,UltimateBeneficialOwner,P-01039,1
CP-04640,TransactedWith,CP-04657,104640
CP-04640,UltimateBeneficialOwner,P-01040,1
CP-04641,TransactedWith,CP-04658,104641
CP-04641,UltimateBeneficialOwner,P-01041,1
CP-04642,TransactedWith,CP-04659,104642
CP-04642,UltimateBeneficialOwner,P-01042,1
CP-04643,TransactedWith,CP-04660,104643
CP-04643,UltimateBeneficialOwner,P-01043,1
CP-04644,TransactedWith,CP-04661,104644
CP-04644,UltimateBeneficialOwner,P-01044,1
CP-04645,TransactedWith,CP-04662,104645
CP-04645,UltimateBeneficialOwner,P-01045,1
CP-04646,TransactedWith,CP-04663,104646
CP-04646,UltimateBeneficialOwner,P-01046,1
CP-04647,TransactedWith,CP-04664,104647
CP-04647,UltimateBeneficialOwner,P-01047,1
CP-04648,TransactedWith,CP-04665,104648
CP-04648,UltimateBeneficialOwner,P-01048,1
CP-04649,TransactedWith,CP-04666,104649
CP-04649,UltimateBeneficialOwner,P-01049,1
CP-04650,TransactedWith,CP-04667,104650
CP-04650,UltimateBeneficialOwner,P-01050,1
CP-04651,TransactedWith,CP-04668,104651
CP-04651,UltimateBeneficialOwner,P-01051,1
CP-04652,TransactedWith,CP-04669,104652
CP-04652,UltimateBeneficialOwner,P-01052,1
CP-04653,TransactedWith,CP-04670,104653
CP-04653,UltimateBeneficialOwner,P-01053,1
CP-04654,TransactedWith,CP-04671,104654
CP-04654,UltimateBeneficialOwner,P-01054,1
CP-04655,TransactedWith,CP-04672,104655
CP-04655,UltimateBeneficialOwner,P-01055,1
CP-04656,TransactedWith,CP-04673,104656
CP-04656,UltimateBeneficialOwner,P-01056,1
CP-04657,TransactedWith,CP-04674,104657
CP-04657,UltimateBeneficialOwner,P-01057,1
CP-04658,TransactedWith,CP-04675,104658
CP-04658,UltimateBeneficialOwner,P-01058,1
CP-04659,TransactedWith,CP-04676,104659
CP-04659,UltimateBeneficialOwner,P-01059,1
CP-04660,TransactedWith,CP-04677,104660
CP-04660,UltimateBeneficialOwner,P-01060,1
CP-04661,TransactedWith,CP-04678,104661
CP-04661,UltimateBeneficialOwner,P-01061,1
CP-04662,TransactedWith,CP-04679,104662
CP-04662,UltimateBeneficialOwner,P-01062,1
CP-04663,TransactedWith,CP-04680,104663
CP-04663,UltimateBeneficialOwner,P-01063,1
CP-04664,TransactedWith,CP-04681,104664
CP-04664,UltimateBeneficialOwner,P-01064,1
CP-04665,TransactedWith,CP-04682,104665
CP-04665,UltimateBeneficialOwner,P-01065,1
CP-04666,TransactedWith,CP-04683,104666
CP-04666,UltimateBeneficialOwner,P-01066,1
CP-04667,TransactedWith,CP-04684,104667
CP-04667,UltimateBeneficialOwner,P-01067,1
CP-04668,TransactedWith,CP-04685,104668
CP-04668,UltimateBeneficialOwner,P-01068,1
CP-04669,TransactedWith,CP-04686,104669
CP-04669,UltimateBeneficialOwner,P-01069,1
CP-04670,TransactedWith,CP-04687,104670
CP-04670,UltimateBeneficialOwner,P-01070,1
CP-04671,TransactedWith,CP-04688,104671
CP-04671,UltimateBeneficialOwner,P-01071,1
CP-04672,TransactedWith,CP-04689,104672
CP-04672,UltimateBeneficialOwner,P-01072,1
CP-04673,TransactedWith,CP-04690,104673
CP-04673,UltimateBeneficialOwner,P-01073,1
CP-04674,TransactedWith,CP-04691,104674
CP-04674,UltimateBeneficialOwner,P-01074,1
CP-04675,TransactedWith,CP-04692,104675
CP-04675,UltimateBeneficialOwner,P-01075,1
CP-04676,TransactedWith,CP-04693,104676
CP-04676,UltimateBeneficialOwner,P-01076,1
CP-04677,TransactedWith,CP-04694,104677
CP-04677,UltimateBeneficialOwner,P-01077,1
CP-04678,TransactedWith,CP-04695,104678
CP-04678,UltimateBeneficialOwner,P-01078,1
CP-04679,TransactedWith,CP-04696,104679
CP-04679,UltimateBeneficialOwner,P-01079,1
CP-04680,TransactedWith,CP-04697,104680
CP-04680,UltimateBeneficialOwner,P-01080,1
CP-04681,TransactedWith,CP-04698,104681
CP-04681,UltimateBeneficialOwner,P-01081,1
CP-04682,TransactedWith,CP-04699,104682
CP-04682,UltimateBeneficialOwner,P-01082,1
CP-04683,TransactedWith,CP-04700,104683
CP-04683,UltimateBeneficialOwner,P-01083,1
CP-04684,TransactedWith,CP-04701,104684
CP-04684,UltimateBeneficialOwner,P-01084,1
CP-04685,TransactedWith,CP-04702,104685
CP-04685,UltimateBeneficialOwner,P-01085,1
CP-04686,TransactedWith,CP-04703,104686
CP-04686,UltimateBeneficialOwner,P-01086,1
CP-04687,TransactedWith,CP-04704,104687
CP-04687,UltimateBeneficialOwner,P-01087,1
CP-04688,TransactedWith,CP-04705,104688
CP-04688,UltimateBeneficialOwner,P-01088,1
CP-04689,TransactedWith,CP-04706,104689
CP-04689,UltimateBeneficialOwner,P-01089,1
CP-04690,TransactedWith,CP-04707,104690
CP-04690,UltimateBeneficialOwner,P-01090,1
CP-04691,TransactedWith,CP-04708,104691
CP-04691,UltimateBeneficialOwner,P-01091,1
CP-04692,TransactedWith,CP-04709,104692
CP-04692,UltimateBeneficialOwner,P-01092,1
CP-04693,TransactedWith,CP-04710,104693
CP-04693,UltimateBeneficialOwner,P-01093,1
CP-04694,TransactedWith,CP-04711,104694
CP-04694,UltimateBeneficialOwner,P-01094,1
CP-04695,TransactedWith,CP-04712,104695
CP-04695,UltimateBeneficialOwner,P-01095,1
CP-04696,TransactedWith,CP-04713,104696
CP-04696,UltimateBeneficialOwner,P-01096,1
CP-04697,TransactedWith,CP-04714,104697
CP-04697,UltimateBeneficialOwner,P-01097,1
CP-04698,TransactedWith,CP-04715,104698
CP-04698,UltimateBeneficialOwner,P-01098,1
CP-04699,TransactedWith,CP-04716,104699
CP-04699,UltimateBeneficialOwner,P-01099,1
CP-04700,TransactedWith,CP-04717,104700
CP-04700,UltimateBeneficialOwner,P-01100,1
CP-04701,TransactedWith,CP-04718,104701
CP-04701,UltimateBeneficialOwner,P-01101,1
CP-04702,TransactedWith,CP-04719,104702
CP-04702,UltimateBeneficialOwner,P-01102,1
CP-04703,TransactedWith,CP-04720,104703
CP-04703,UltimateBeneficialOwner,P-01103,1
CP-04704,TransactedWith,CP-04721,104704
CP-04704,UltimateBeneficialOwner,P-01104,1
CP-04705,TransactedWith,CP-04722,104705
CP-04705,UltimateBeneficialOwner,P-01105,1
CP-04706,TransactedWith,CP-04723,104706
CP-04706,UltimateBeneficialOwner,P-01106,1
CP-04707,TransactedWith,CP-04724,104707
CP-04707,UltimateBeneficialOwner,P-01107,1
CP-04708,TransactedWith,CP-04725,104708
CP-04708,UltimateBeneficialOwner,P-01108,1
CP-04709,TransactedWith,CP-04726,104709
CP-04709,UltimateBeneficialOwner,P-01109,1
CP-04710,TransactedWith,CP-04727,104710
CP-04710,UltimateBeneficialOwner,P-01110,1
CP-04711,TransactedWith,CP-04728,104711
CP-04711,UltimateBeneficialOwner,P-01111,1
CP-04712,TransactedWith,CP-04729,104712
CP-04712,UltimateBeneficialOwner,P-01112,1
CP-04713,TransactedWith,CP-04730,104713
CP-04713,UltimateBeneficialOwner,P-01113,1
CP-04714,TransactedWith,CP-04731,104714
CP-04714,UltimateBeneficialOwner,P-01114,1
CP-04715,TransactedWith,CP-04732,104715
CP-04715,UltimateBeneficialOwner,P-01115,1
CP-04716,TransactedWith,CP-04733,104716
CP-04716,UltimateBeneficialOwner,P-01116,1
CP-04717,TransactedWith,CP-04734,104717
CP-04717,UltimateBeneficialOwner,P-01117,1
CP-04718,TransactedWith,CP-04735,104718
CP-04718,UltimateBeneficialOwner,P-01118,1
CP-04719,TransactedWith,CP-04736,104719
CP-04719,UltimateBeneficialOwner,P-01119,1
CP-04720,TransactedWith,CP-04737,104720
CP-04720,UltimateBeneficialOwner,P-01120,1
CP-04721,TransactedWith,CP-04738,104721
CP-04721,UltimateBeneficialOwner,P-01121,1
CP-04722,TransactedWith,CP-04739,104722
CP-04722,UltimateBeneficialOwner,P-01122,1
CP-04723,TransactedWith,CP-04740,104723
CP-04723,UltimateBeneficialOwner,P-01123,1
CP-04724,TransactedWith,CP-04741,104724
CP-04724,UltimateBeneficialOwner,P-01124,1
CP-04725,TransactedWith,CP-04742,104725
CP-04725,UltimateBeneficialOwner,P-01125,1
CP-04726,TransactedWith,CP-04743,104726
CP-04726,UltimateBeneficialOwner,P-01126,1
CP-04727,TransactedWith,CP-04744,104727
CP-04727,UltimateBeneficialOwner,P-01127,1
CP-04728,TransactedWith,CP-04745,104728
CP-04728,UltimateBeneficialOwner,P-01128,1
CP-04729,TransactedWith,CP-04746,104729
CP-04729,UltimateBeneficialOwner,P-01129,1
CP-04730,TransactedWith,CP-04747,104730
CP-04730,UltimateBeneficialOwner,P-01130,1
CP-04731,TransactedWith,CP-04748,104731
CP-04731,UltimateBeneficialOwner,P-01131,1
CP-04732,TransactedWith,CP-04749,104732
CP-04732,UltimateBeneficialOwner,P-01132,1
CP-04733,TransactedWith,CP-04750,104733
CP-04733,UltimateBeneficialOwner,P-01133,1
CP-04734,TransactedWith,CP-04751,104734
CP-04734,UltimateBeneficialOwner,P-01134,1
CP-04735,TransactedWith,CP-04752,104735
CP-04735,UltimateBeneficialOwner,P-01135,1
CP-04736,TransactedWith,CP-04753,104736
CP-04736,UltimateBeneficialOwner,P-01136,1
CP-04737,TransactedWith,CP-04754,104737
CP-04737,UltimateBeneficialOwner,P-01137,1
CP-04738,TransactedWith,CP-04755,104738
CP-04738,UltimateBeneficialOwner,P-01138,1
CP-04739,TransactedWith,CP-04756,104739
CP-04739,UltimateBeneficialOwner,P-01139,1
CP-04740,TransactedWith,CP-04757,104740
CP-04740,UltimateBeneficialOwner,P-01140,1
CP-04741,TransactedWith,CP-04758,104741
CP-04741,UltimateBeneficialOwner,P-01141,1
CP-04742,TransactedWith,CP-04759,104742
CP-04742,UltimateBeneficialOwner,P-01142,1
CP-04743,TransactedWith,CP-04760,104743
CP-04743,UltimateBeneficialOwner,P-01143,1
CP-04744,TransactedWith,CP-04761,104744
CP-04744,UltimateBeneficialOwner,P-01144,1
CP-04745,TransactedWith,CP-04762,104745
CP-04745,UltimateBeneficialOwner,P-01145,1
CP-04746,TransactedWith,CP-04763,104746
CP-04746,UltimateBeneficialOwner,P-01146,1
CP-04747,TransactedWith,CP-04764,104747
CP-04747,UltimateBeneficialOwner,P-01147,1
CP-04748,TransactedWith,CP-04765,104748
CP-04748,UltimateBeneficialOwner,P-01148,1
CP-04749,TransactedWith,CP-04766,104749
CP-04749,UltimateBeneficialOwner,P-01149,1
CP-04750,TransactedWith,CP-04767,104750
CP-04750,UltimateBeneficialOwner,P-01150,1
CP-04751,TransactedWith,CP-04768,104751
CP-04751,UltimateBeneficialOwner,P-01151,1
CP-04752,TransactedWith,CP-04769,104752
CP-04752,UltimateBeneficialOwner,P-01152,1
CP-04753,TransactedWith,CP-04770,104753
CP-04753,UltimateBeneficialOwner,P-01153,1
CP-04754,TransactedWith,CP-04771,104754
CP-04754,UltimateBeneficialOwner,P-01154,1
CP-04755,TransactedWith,CP-04772,104755
CP-04755,UltimateBeneficialOwner,P-01155,1
CP-04756,TransactedWith,CP-04773,104756
CP-04756,UltimateBeneficialOwner,P-01156,1
CP-04757,TransactedWith,CP-04774,104757
CP-04757,UltimateBeneficialOwner,P-01157,1
CP-04758,TransactedWith,CP-04775,104758
CP-04758,UltimateBeneficialOwner,P-01158,1
CP-04759,TransactedWith,CP-04776,104759
CP-04759,UltimateBeneficialOwner,P-01159,1
CP-04760,TransactedWith,CP-04777,104760
CP-04760,UltimateBeneficialOwner,P-01160,1
CP-04761,TransactedWith,CP-04778,104761
CP-04761,UltimateBeneficialOwner,P-01161,1
CP-04762,TransactedWith,CP-04779,104762
CP-04762,UltimateBeneficialOwner,P-01162,1
CP-04763,TransactedWith,CP-04780,104763
CP-04763,UltimateBeneficialOwner,P-01163,1
CP-04764,TransactedWith,CP-04781,104764
CP-04764,UltimateBeneficialOwner,P-01164,1
CP-04765,TransactedWith,CP-04782,104765
CP-04765,UltimateBeneficialOwner,P-01165,1
CP-04766,TransactedWith,CP-04783,104766
CP-04766,UltimateBeneficialOwner,P-01166,1
CP-04767,TransactedWith,CP-04784,104767
CP-04767,UltimateBeneficialOwner,P-01167,1
CP-04768,TransactedWith,CP-04785,104768
CP-04768,UltimateBeneficialOwner,P-01168,1
CP-04769,TransactedWith,CP-04786,104769
CP-04769,UltimateBeneficialOwner,P-01169,1
CP-04770,TransactedWith,CP-04787,104770
CP-04770,UltimateBeneficialOwner,P-01170,1
CP-04771,TransactedWith,CP-04788,104771
CP-04771,UltimateBeneficialOwner,P-01171,1
CP-04772,TransactedWith,CP-04789,104772
CP-04772,UltimateBeneficialOwner,P-01172,1
CP-04773,TransactedWith,CP-04790,104773
CP-04773,UltimateBeneficialOwner,P-01173,1
CP-04774,TransactedWith,CP-04791,104774
CP-04774,UltimateBeneficialOwner,P-01174,1
CP-04775,TransactedWith,CP-04792,104775
CP-04775,UltimateBeneficialOwner,P-01175,1
CP-04776,TransactedWith,CP-04793,104776
CP-04776,UltimateBeneficialOwner,P-01176,1
CP-04777,TransactedWith,CP-04794,104777
CP-04777,UltimateBeneficialOwner,P-01177,1
CP-04778,TransactedWith,CP-04795,104778
CP-04778,UltimateBeneficialOwner,P-01178,1
CP-04779,TransactedWith,CP-04796,104779
CP-04779,UltimateBeneficialOwner,P-01179,1
CP-04780,TransactedWith,CP-04797,104780
CP-04780,UltimateBeneficialOwner,P-01180,1
CP-04781,TransactedWith,CP-04798,104781
CP-04781,UltimateBeneficialOwner,P-01181,1
CP-04782,TransactedWith,CP-04799,104782
CP-04782,UltimateBeneficialOwner,P-01182,1
CP-04783,TransactedWith,CP-04800,104783
CP-04783,UltimateBeneficialOwner,P-01183,1
CP-04784,TransactedWith,CP-04801,104784
CP-04784,UltimateBeneficialOwner,P-01184,1
CP-04785,TransactedWith,CP-04802,104785
CP-04785,UltimateBeneficialOwner,P-01185,1
CP-04786,TransactedWith,CP-04803,104786
CP-04786,UltimateBeneficialOwner,P-01186,1
CP-04787,TransactedWith,CP-04804,104787
CP-04787,UltimateBeneficialOwner,P-01187,1
CP-04788,TransactedWith,CP-04805,104788
CP-04788,UltimateBeneficialOwner,P-01188,1
CP-04789,TransactedWith,CP-04806,104789
CP-04789,UltimateBeneficialOwner,P-01189,1
CP-04790,TransactedWith,CP-04807,104790
CP-04790,UltimateBeneficialOwner,P-01190,1
CP-04791,TransactedWith,CP-04808,104791
CP-04791,UltimateBeneficialOwner,P-01191,1
CP-04792,TransactedWith,CP-04809,104792
CP-04792,UltimateBeneficialOwner,P-01192,1
CP-04793,TransactedWith,CP-04810,104793
CP-04793,UltimateBeneficialOwner,P-01193,1
CP-04794,TransactedWith,CP-04811,104794
CP-04794,UltimateBeneficialOwner,P-01194,1
CP-04795,TransactedWith,CP-04812,104795
CP-04795,UltimateBeneficialOwner,P-01195,1
CP-04796,TransactedWith,CP-04813,104796
CP-04796,UltimateBeneficialOwner,P-01196,1
CP-04797,TransactedWith,CP-04814,104797
CP-04797,UltimateBeneficialOwner,P-01197,1
CP-04798,TransactedWith,CP-04815,104798
CP-04798,UltimateBeneficialOwner,P-01198,1
CP-04799,TransactedWith,CP-04816,104799
CP-04799,UltimateBeneficialOwner,P-01199,1
CP-04800,TransactedWith,CP-04817,104800
CP-04800,UltimateBeneficialOwner,P-01200,1
CP-04801,TransactedWith,CP-04818,104801
CP-04801,UltimateBeneficialOwner,P-00001,1
CP-04802,TransactedWith,CP-04819,104802
CP-04802,UltimateBeneficialOwner,P-00002,1
CP-04803,TransactedWith,CP-04820,104803
CP-04803,UltimateBeneficialOwner,P-00003,1
CP-04804,TransactedWith,CP-04821,104804
CP-04804,UltimateBeneficialOwner,P-00004,1
CP-04805,TransactedWith,CP-04822,104805
CP-04805,UltimateBeneficialOwner,P-00005,1
CP-04806,TransactedWith,CP-04823,104806
CP-04806,UltimateBeneficialOwner,P-00006,1
CP-04807,TransactedWith,CP-04824,104807
CP-04807,UltimateBeneficialOwner,P-00007,1
CP-04808,TransactedWith,CP-04825,104808
CP-04808,UltimateBeneficialOwner,P-00008,1
CP-04809,TransactedWith,CP-04826,104809
CP-04809,UltimateBeneficialOwner,P-00009,1
CP-04810,TransactedWith,CP-04827,104810
CP-04810,UltimateBeneficialOwner,P-00010,1
CP-04811,TransactedWith,CP-04828,104811
CP-04811,UltimateBeneficialOwner,P-00011,1
CP-04812,TransactedWith,CP-04829,104812
CP-04812,UltimateBeneficialOwner,P-00012,1
CP-04813,TransactedWith,CP-04830,104813
CP-04813,UltimateBeneficialOwner,P-00013,1
CP-04814,TransactedWith,CP-04831,104814
CP-04814,UltimateBeneficialOwner,P-00014,1
CP-04815,TransactedWith,CP-04832,104815
CP-04815,UltimateBeneficialOwner,P-00015,1
CP-04816,TransactedWith,CP-04833,104816
CP-04816,UltimateBeneficialOwner,P-00016,1
CP-04817,TransactedWith,CP-04834,104817
CP-04817,UltimateBeneficialOwner,P-00017,1
CP-04818,TransactedWith,CP-04835,104818
CP-04818,UltimateBeneficialOwner,P-00018,1
CP-04819,TransactedWith,CP-04836,104819
CP-04819,UltimateBeneficialOwner,P-00019,1
CP-04820,TransactedWith,CP-04837,104820
CP-04820,UltimateBeneficialOwner,P-00020,1
CP-04821,TransactedWith,CP-04838,104821
CP-04821,UltimateBeneficialOwner,P-00021,1
CP-04822,TransactedWith,CP-04839,104822
CP-04822,UltimateBeneficialOwner,P-00022,1
CP-04823,TransactedWith,CP-04840,104823
CP-04823,UltimateBeneficialOwner,P-00023,1
CP-04824,TransactedWith,CP-04841,104824
CP-04824,UltimateBeneficialOwner,P-00024,1
CP-04825,TransactedWith,CP-04842,104825
CP-04825,UltimateBeneficialOwner,P-00025,1
CP-04826,TransactedWith,CP-04843,104826
CP-04826,UltimateBeneficialOwner,P-00026,1
CP-04827,TransactedWith,CP-04844,104827
CP-04827,UltimateBeneficialOwner,P-00027,1
CP-04828,TransactedWith,CP-04845,104828
CP-04828,UltimateBeneficialOwner,P-00028,1
CP-04829,TransactedWith,CP-04846,104829
CP-04829,UltimateBeneficialOwner,P-00029,1
CP-04830,TransactedWith,CP-04847,104830
CP-04830,UltimateBeneficialOwner,P-00030,1
CP-04831,TransactedWith,CP-04848,104831
CP-04831,UltimateBeneficialOwner,P-00031,1
CP-04832,TransactedWith,CP-04849,104832
CP-04832,UltimateBeneficialOwner,P-00032,1
CP-04833,TransactedWith,CP-04850,104833
CP-04833,UltimateBeneficialOwner,P-00033,1
CP-04834,TransactedWith,CP-04851,104834
CP-04834,UltimateBeneficialOwner,P-00034,1
CP-04835,TransactedWith,CP-04852,104835
CP-04835,UltimateBeneficialOwner,P-00035,1
CP-04836,TransactedWith,CP-04853,104836
CP-04836,UltimateBeneficialOwner,P-00036,1
CP-04837,TransactedWith,CP-04854,104837
CP-04837,UltimateBeneficialOwner,P-00037,1
CP-04838,TransactedWith,CP-04855,104838
CP-04838,UltimateBeneficialOwner,P-00038,1
CP-04839,TransactedWith,CP-04856,104839
CP-04839,UltimateBeneficialOwner,P-00039,1
CP-04840,TransactedWith,CP-04857,104840
CP-04840,UltimateBeneficialOwner,P-00040,1
CP-04841,TransactedWith,CP-04858,104841
CP-04841,UltimateBeneficialOwner,P-00041,1
CP-04842,TransactedWith,CP-04859,104842
CP-04842,UltimateBeneficialOwner,P-00042,1
CP-04843,TransactedWith,CP-04860,104843
CP-04843,UltimateBeneficialOwner,P-00043,1
CP-04844,TransactedWith,CP-04861,104844
CP-04844,UltimateBeneficialOwner,P-00044,1
CP-04845,TransactedWith,CP-04862,104845
CP-04845,UltimateBeneficialOwner,P-00045,1
CP-04846,TransactedWith,CP-04863,104846
CP-04846,UltimateBeneficialOwner,P-00046,1
CP-04847,TransactedWith,CP-04864,104847
CP-04847,UltimateBeneficialOwner,P-00047,1
CP-04848,TransactedWith,CP-04865,104848
CP-04848,UltimateBeneficialOwner,P-00048,1
CP-04849,TransactedWith,CP-04866,104849
CP-04849,UltimateBeneficialOwner,P-00049,1
CP-04850,TransactedWith,CP-04867,104850
CP-04850,UltimateBeneficialOwner,P-00050,1
CP-04851,TransactedWith,CP-04868,104851
CP-04851,UltimateBeneficialOwner,P-00051,1
CP-04852,TransactedWith,CP-04869,104852
CP-04852,UltimateBeneficialOwner,P-00052,1
CP-04853,TransactedWith,CP-04870,104853
CP-04853,UltimateBeneficialOwner,P-00053,1
CP-04854,TransactedWith,CP-04871,104854
CP-04854,UltimateBeneficialOwner,P-00054,1
CP-04855,TransactedWith,CP-04872,104855
CP-04855,UltimateBeneficialOwner,P-00055,1
CP-04856,TransactedWith,CP-04873,104856
CP-04856,UltimateBeneficialOwner,P-00056,1
CP-04857,TransactedWith,CP-04874,104857
CP-04857,UltimateBeneficialOwner,P-00057,1
CP-04858,TransactedWith,CP-04875,104858
CP-04858,UltimateBeneficialOwner,P-00058,1
CP-04859,TransactedWith,CP-04876,104859
CP-04859,UltimateBeneficialOwner,P-00059,1
CP-04860,TransactedWith,CP-04877,104860
CP-04860,UltimateBeneficialOwner,P-00060,1
CP-04861,TransactedWith,CP-04878,104861
CP-04861,UltimateBeneficialOwner,P-00061,1
CP-04862,TransactedWith,CP-04879,104862
CP-04862,UltimateBeneficialOwner,P-00062,1
CP-04863,TransactedWith,CP-04880,104863
CP-04863,UltimateBeneficialOwner,P-00063,1
CP-04864,TransactedWith,CP-04881,104864
CP-04864,UltimateBeneficialOwner,P-00064,1
CP-04865,TransactedWith,CP-04882,104865
CP-04865,UltimateBeneficialOwner,P-00065,1
CP-04866,TransactedWith,CP-04883,104866
CP-04866,UltimateBeneficialOwner,P-00066,1
CP-04867,TransactedWith,CP-04884,104867
CP-04867,UltimateBeneficialOwner,P-00067,1
CP-04868,TransactedWith,CP-04885,104868
CP-04868,UltimateBeneficialOwner,P-00068,1
CP-04869,TransactedWith,CP-04886,104869
CP-04869,UltimateBeneficialOwner,P-00069,1
CP-04870,TransactedWith,CP-04887,104870
CP-04870,UltimateBeneficialOwner,P-00070,1
CP-04871,TransactedWith,CP-04888,104871
CP-04871,UltimateBeneficialOwner,P-00071,1
CP-04872,TransactedWith,CP-04889,104872
CP-04872,UltimateBeneficialOwner,P-00072,1
CP-04873,TransactedWith,CP-04890,104873
CP-04873,UltimateBeneficialOwner,P-00073,1
CP-04874,TransactedWith,CP-04891,104874
CP-04874,UltimateBeneficialOwner,P-00074,1
CP-04875,TransactedWith,CP-04892,104875
CP-04875,UltimateBeneficialOwner,P-00075,1
CP-04876,TransactedWith,CP-04893,104876
CP-04876,UltimateBeneficialOwner,P-00076,1
CP-04877,TransactedWith,CP-04894,104877
CP-04877,UltimateBeneficialOwner,P-00077,1
CP-04878,TransactedWith,CP-04895,104878
CP-04878,UltimateBeneficialOwner,P-00078,1
CP-04879,TransactedWith,CP-04896,104879
CP-04879,UltimateBeneficialOwner,P-00079,1
CP-04880,TransactedWith,CP-04897,104880
CP-04880,UltimateBeneficialOwner,P-00080,1
CP-04881,TransactedWith,CP-04898,104881
CP-04881,UltimateBeneficialOwner,P-00081,1
CP-04882,TransactedWith,CP-04899,104882
CP-04882,UltimateBeneficialOwner,P-00082,1
CP-04883,TransactedWith,CP-04900,104883
CP-04883,UltimateBeneficialOwner,P-00083,1
CP-04884,TransactedWith,CP-04901,104884
CP-04884,UltimateBeneficialOwner,P-00084,1
CP-04885,TransactedWith,CP-04902,104885
CP-04885,UltimateBeneficialOwner,P-00085,1
CP-04886,TransactedWith,CP-04903,104886
CP-04886,UltimateBeneficialOwner,P-00086,1
CP-04887,TransactedWith,CP-04904,104887
CP-04887,UltimateBeneficialOwner,P-00087,1
CP-04888,TransactedWith,CP-04905,104888
CP-04888,UltimateBeneficialOwner,P-00088,1
CP-04889,TransactedWith,CP-04906,104889
CP-04889,UltimateBeneficialOwner,P-00089,1
CP-04890,TransactedWith,CP-04907,104890
CP-04890,UltimateBeneficialOwner,P-00090,1
CP-04891,TransactedWith,CP-04908,104891
CP-04891,UltimateBeneficialOwner,P-00091,1
CP-04892,TransactedWith,CP-04909,104892
CP-04892,UltimateBeneficialOwner,P-00092,1
CP-04893,TransactedWith,CP-04910,104893
CP-04893,UltimateBeneficialOwner,P-00093,1
CP-04894,TransactedWith,CP-04911,104894
CP-04894,UltimateBeneficialOwner,P-00094,1
CP-04895,TransactedWith,CP-04912,104895
CP-04895,UltimateBeneficialOwner,P-00095,1
CP-04896,TransactedWith,CP-04913,104896
CP-04896,UltimateBeneficialOwner,P-00096,1
CP-04897,TransactedWith,CP-04914,104897
CP-04897,UltimateBeneficialOwner,P-00097,1
CP-04898,TransactedWith,CP-04915,104898
CP-04898,UltimateBeneficialOwner,P-00098,1
CP-04899,TransactedWith,CP-04916,104899
CP-04899,UltimateBeneficialOwner,P-00099,1
CP-04900,TransactedWith,CP-04917,104900
CP-04900,UltimateBeneficialOwner,P-00100,1
CP-04901,TransactedWith,CP-04918,104901
CP-04901,UltimateBeneficialOwner,P-00101,1
CP-04902,TransactedWith,CP-04919,104902
CP-04902,UltimateBeneficialOwner,P-00102,1
CP-04903,TransactedWith,CP-04920,104903
CP-04903,UltimateBeneficialOwner,P-00103,1
CP-04904,TransactedWith,CP-04921,104904
CP-04904,UltimateBeneficialOwner,P-00104,1
CP-04905,TransactedWith,CP-04922,104905
CP-04905,UltimateBeneficialOwner,P-00105,1
CP-04906,TransactedWith,CP-04923,104906
CP-04906,UltimateBeneficialOwner,P-00106,1
CP-04907,TransactedWith,CP-04924,104907
CP-04907,UltimateBeneficialOwner,P-00107,1
CP-04908,TransactedWith,CP-04925,104908
CP-04908,UltimateBeneficialOwner,P-00108,1
CP-04909,TransactedWith,CP-04926,104909
CP-04909,UltimateBeneficialOwner,P-00109,1
CP-04910,TransactedWith,CP-04927,104910
CP-04910,UltimateBeneficialOwner,P-00110,1
CP-04911,TransactedWith,CP-04928,104911
CP-04911,UltimateBeneficialOwner,P-00111,1
CP-04912,TransactedWith,CP-04929,104912
CP-04912,UltimateBeneficialOwner,P-00112,1
CP-04913,TransactedWith,CP-04930,104913
CP-04913,UltimateBeneficialOwner,P-00113,1
CP-04914,TransactedWith,CP-04931,104914
CP-04914,UltimateBeneficialOwner,P-00114,1
CP-04915,TransactedWith,CP-04932,104915
CP-04915,UltimateBeneficialOwner,P-00115,1
CP-04916,TransactedWith,CP-04933,104916
CP-04916,UltimateBeneficialOwner,P-00116,1
CP-04917,TransactedWith,CP-04934,104917
CP-04917,UltimateBeneficialOwner,P-00117,1
CP-04918,TransactedWith,CP-04935,104918
CP-04918,UltimateBeneficialOwner,P-00118,1
CP-04919,TransactedWith,CP-04936,104919
CP-04919,UltimateBeneficialOwner,P-00119,1
CP-04920,TransactedWith,CP-04937,104920
CP-04920,UltimateBeneficialOwner,P-00120,1
CP-04921,TransactedWith,CP-04938,104921
CP-04921,UltimateBeneficialOwner,P-00121,1
CP-04922,TransactedWith,CP-04939,104922
CP-04922,UltimateBeneficialOwner,P-00122,1
CP-04923,TransactedWith,CP-04940,104923
CP-04923,UltimateBeneficialOwner,P-00123,1
CP-04924,TransactedWith,CP-04941,104924
CP-04924,UltimateBeneficialOwner,P-00124,1
CP-04925,TransactedWith,CP-04942,104925
CP-04925,UltimateBeneficialOwner,P-00125,1
CP-04926,TransactedWith,CP-04943,104926
CP-04926,UltimateBeneficialOwner,P-00126,1
CP-04927,TransactedWith,CP-04944,104927
CP-04927,UltimateBeneficialOwner,P-00127,1
CP-04928,TransactedWith,CP-04945,104928
CP-04928,UltimateBeneficialOwner,P-00128,1
CP-04929,TransactedWith,CP-04946,104929
CP-04929,UltimateBeneficialOwner,P-00129,1
CP-04930,TransactedWith,CP-04947,104930
CP-04930,UltimateBeneficialOwner,P-00130,1
CP-04931,TransactedWith,CP-04948,104931
CP-04931,UltimateBeneficialOwner,P-00131,1
CP-04932,TransactedWith,CP-04949,104932
CP-04932,UltimateBeneficialOwner,P-00132,1
CP-04933,TransactedWith,CP-04950,104933
CP-04933,UltimateBeneficialOwner,P-00133,1
CP-04934,TransactedWith,CP-04951,104934
CP-04934,UltimateBeneficialOwner,P-00134,1
CP-04935,TransactedWith,CP-04952,104935
CP-04935,UltimateBeneficialOwner,P-00135,1
CP-04936,TransactedWith,CP-04953,104936
CP-04936,UltimateBeneficialOwner,P-00136,1
CP-04937,TransactedWith,CP-04954,104937
CP-04937,UltimateBeneficialOwner,P-00137,1
CP-04938,TransactedWith,CP-04955,104938
CP-04938,UltimateBeneficialOwner,P-00138,1
CP-04939,TransactedWith,CP-04956,104939
CP-04939,UltimateBeneficialOwner,P-00139,1
CP-04940,TransactedWith,CP-04957,104940
CP-04940,UltimateBeneficialOwner,P-00140,1
CP-04941,TransactedWith,CP-04958,104941
CP-04941,UltimateBeneficialOwner,P-00141,1
CP-04942,TransactedWith,CP-04959,104942
CP-04942,UltimateBeneficialOwner,P-00142,1
CP-04943,TransactedWith,CP-04960,104943
CP-04943,UltimateBeneficialOwner,P-00143,1
CP-04944,TransactedWith,CP-04961,104944
CP-04944,UltimateBeneficialOwner,P-00144,1
CP-04945,TransactedWith,CP-04962,104945
CP-04945,UltimateBeneficialOwner,P-00145,1
CP-04946,TransactedWith,CP-04963,104946
CP-04946,UltimateBeneficialOwner,P-00146,1
CP-04947,TransactedWith,CP-04964,104947
CP-04947,UltimateBeneficialOwner,P-00147,1
CP-04948,TransactedWith,CP-04965,104948
CP-04948,UltimateBeneficialOwner,P-00148,1
CP-04949,TransactedWith,CP-04966,104949
CP-04949,UltimateBeneficialOwner,P-00149,1
CP-04950,TransactedWith,CP-04967,104950
CP-04950,UltimateBeneficialOwner,P-00150,1
CP-04951,TransactedWith,CP-04968,104951
CP-04951,UltimateBeneficialOwner,P-00151,1
CP-04952,TransactedWith,CP-04969,104952
CP-04952,UltimateBeneficialOwner,P-00152,1
CP-04953,TransactedWith,CP-04970,104953
CP-04953,UltimateBeneficialOwner,P-00153,1
CP-04954,TransactedWith,CP-04971,104954
CP-04954,UltimateBeneficialOwner,P-00154,1
CP-04955,TransactedWith,CP-04972,104955
CP-04955,UltimateBeneficialOwner,P-00155,1
CP-04956,TransactedWith,CP-04973,104956
CP-04956,UltimateBeneficialOwner,P-00156,1
CP-04957,TransactedWith,CP-04974,104957
CP-04957,UltimateBeneficialOwner,P-00157,1
CP-04958,TransactedWith,CP-04975,104958
CP-04958,UltimateBeneficialOwner,P-00158,1
CP-04959,TransactedWith,CP-04976,104959
CP-04959,UltimateBeneficialOwner,P-00159,1
CP-04960,TransactedWith,CP-04977,104960
CP-04960,UltimateBeneficialOwner,P-00160,1
CP-04961,TransactedWith,CP-04978,104961
CP-04961,UltimateBeneficialOwner,P-00161,1
CP-04962,TransactedWith,CP-04979,104962
CP-04962,UltimateBeneficialOwner,P-00162,1
CP-04963,TransactedWith,CP-04980,104963
CP-04963,UltimateBeneficialOwner,P-00163,1
CP-04964,TransactedWith,CP-04981,104964
CP-04964,UltimateBeneficialOwner,P-00164,1
CP-04965,TransactedWith,CP-04982,104965
CP-04965,UltimateBeneficialOwner,P-00165,1
CP-04966,TransactedWith,CP-04983,104966
CP-04966,UltimateBeneficialOwner,P-00166,1
CP-04967,TransactedWith,CP-04984,104967
CP-04967,UltimateBeneficialOwner,P-00167,1
CP-04968,TransactedWith,CP-04985,104968
CP-04968,UltimateBeneficialOwner,P-00168,1
CP-04969,TransactedWith,CP-04986,104969
CP-04969,UltimateBeneficialOwner,P-00169,1
CP-04970,TransactedWith,CP-04987,104970
CP-04970,UltimateBeneficialOwner,P-00170,1
CP-04971,TransactedWith,CP-04988,104971
CP-04971,UltimateBeneficialOwner,P-00171,1
CP-04972,TransactedWith,CP-04989,104972
CP-04972,UltimateBeneficialOwner,P-00172,1
CP-04973,TransactedWith,CP-04990,104973
CP-04973,UltimateBeneficialOwner,P-00173,1
CP-04974,TransactedWith,CP-04991,104974
CP-04974,UltimateBeneficialOwner,P-00174,1
CP-04975,TransactedWith,CP-04992,104975
CP-04975,UltimateBeneficialOwner,P-00175,1
CP-04976,TransactedWith,CP-04993,104976
CP-04976,UltimateBeneficialOwner,P-00176,1
CP-04977,TransactedWith,CP-04994,104977
CP-04977,UltimateBeneficialOwner,P-00177,1
CP-04978,TransactedWith,CP-04995,104978
CP-04978,UltimateBeneficialOwner,P-00178,1
CP-04979,TransactedWith,CP-04996,104979
CP-04979,UltimateBeneficialOwner,P-00179,1
CP-04980,TransactedWith,CP-04997,104980
CP-04980,UltimateBeneficialOwner,P-00180,1
CP-04981,TransactedWith,CP-04998,104981
CP-04981,UltimateBeneficialOwner,P-00181,1
CP-04982,TransactedWith,CP-04999,104982
CP-04982,UltimateBeneficialOwner,P-00182,1
CP-04983,TransactedWith,CP-05000,104983
CP-04983,UltimateBeneficialOwner,P-00183,1
CP-04984,TransactedWith,CP-00001,104984
CP-04984,UltimateBeneficialOwner,P-00184,1
CP-04985,TransactedWith,CP-00002,104985
CP-04985,UltimateBeneficialOwner,P-00185,1
CP-04985,SanctionsHit,SDN-04985,active
CP-04986,TransactedWith,CP-00003,104986
CP-04986,UltimateBeneficialOwner,P-00186,1
CP-04987,TransactedWith,CP-00004,104987
CP-04987,UltimateBeneficialOwner,P-00187,1
CP-04988,TransactedWith,CP-00005,104988
CP-04988,UltimateBeneficialOwner,P-00188,1
CP-04989,TransactedWith,CP-00006,104989
CP-04989,UltimateBeneficialOwner,P-00189,1
CP-04990,TransactedWith,CP-00007,104990
CP-04990,UltimateBeneficialOwner,P-00190,1
CP-04991,TransactedWith,CP-00008,104991
CP-04991,UltimateBeneficialOwner,P-00191,1
CP-04992,TransactedWith,CP-00009,104992
CP-04992,UltimateBeneficialOwner,P-00192,1
CP-04993,TransactedWith,CP-00010,104993
CP-04993,UltimateBeneficialOwner,P-00193,1
CP-04994,TransactedWith,CP-00011,104994
CP-04994,UltimateBeneficialOwner,P-00194,1
CP-04995,TransactedWith,CP-00012,104995
CP-04995,UltimateBeneficialOwner,P-00195,1
CP-04996,TransactedWith,CP-00013,104996
CP-04996,UltimateBeneficialOwner,P-00196,1
CP-04997,TransactedWith,CP-00014,104997
CP-04997,UltimateBeneficialOwner,P-00197,1
CP-04998,TransactedWith,CP-00015,104998
CP-04998,UltimateBeneficialOwner,P-00198,1
CP-04999,TransactedWith,CP-00016,104999
CP-04999,UltimateBeneficialOwner,P-00199,1
CP-05000,TransactedWith,CP-00017,105000
CP-05000,UltimateBeneficialOwner,P-00200,1
